{
  "analysis_center": "CODE",
  "n_temporal_points": 20,
  "lambda_range_km": [
    4093.474036180421,
    5123.418545130515
  ],
  "orbital_velocity_range_ms": [
    29283.640642175455,
    30276.663880199874
  ],
  "lambda_vs_orbital_velocity": {
    "correlation": -0.010064516347661846,
    "p_value": 0.9664089835697014,
    "significant": false
  },
  "lambda_vs_velocity_squared": {
    "correlation": -0.008390763217270239,
    "p_value": 0.9719929433051846,
    "significant": false
  },
  "lambda_vs_orbital_phase": {
    "correlation": -0.018282611830048277,
    "p_value": 0.9390184063418032,
    "significant": false
  },
  "annual_sinusoidal_fit": {
    "r_squared": 0.014770498238412255,
    "amplitude": -51.47031086661135,
    "phase": 3.001039587899106,
    "offset": 4532.841846872646,
    "significant_fit": false
  },
  "smoking_gun_verdict": {
    "evidence_count": 0,
    "evidence_threshold": 2,
    "tep_proven": false,
    "confidence_level": "LOW",
    "evidence_tests": []
  }
}