{
  "analysis_center": "CODE",
  "timestamp": "2025-09-15T09:26:01.574287",
  "real_signal": {
    "lambda_km": 3495.641443017727,
    "r_squared": 0.9212147493516285
  },
  "null_tests": {
    "distance": {
      "lambda_mean": 8219.046842412798,
      "lambda_std": 9079.521541522892,
      "r_squared_mean": 0.024616461848990294,
      "r_squared_std": 0.0405278579432098,
      "r_squared_values": [
        0.0008527461446069529,
        0.021481243742737632,
        0.047888952427486364,
        0.09344345377938146,
        0.005424967650314749,
        0.02402540485725091,
        0.0015380069737268576,
        0.00079860213300742,
        -3.1701699043651388e-09,
        -1.220271661495076e-09,
        0.006355695551722551,
        0.003719842880587465,
        0.000650779767889631,
        0.006578624792049403,
        0.005007434973037572,
        -1.6536771951791707e-11,
        0.0008153301006024183,
        0.0015581156834364451,
        0.0041260914190933695,
        0.03165535568520006,
        -2.4800961284654477e-10,
        0.04060545976679453,
        0.024230008481333387,
        0.017120685772135102,
        0.07336660754645119,
        0.02321353576621854,
        0.030367527609575395,
        0.13144171225686796,
        -4.843074830063188e-10,
        -1.7509083072297926e-09,
        -2.063931248130757e-10,
        0.1675174935022551,
        0.028971445766262205,
        -5.926573010128777e-09,
        -3.4021772066239464e-09,
        0.009002020587050574,
        0.006794337730424704,
        -5.287241755524974e-10,
        0.07734260454318398,
        0.07538689156966216,
        -6.590465950750968e-10,
        3.1724300098900926e-05,
        0.037867767426419174,
        0.003655085940681868,
        -7.885510022731523e-10,
        0.13427592709639136,
        0.0007267880790908787,
        -0.0003513541232333939,
        0.0077288721929745785,
        0.056547552978527316,
        0.020564339048284253,
        0.19604652971528302,
        0.026457678539851925,
        0.010859008060530195,
        5.8856851853250625e-05,
        0.01948427274154818,
        0.00472005207948778,
        0.0010351589597891175,
        0.0021841043190792275,
        0.04663250230566296,
        -9.608151829709755e-09,
        0.009750174943918832,
        0.029825302311085045,
        -8.880296498148255e-10,
        -4.3157921680858635e-10,
        0.0002094046752709744,
        0.0012948481081938024,
        -0.00048824541761782747,
        -4.567297651192348e-09,
        1.2479101539342174e-05,
        0.011813868258455429,
        0.010836431888061604,
        -2.2082422557190284e-09,
        2.1153003803120463e-05,
        0.02732786433556378,
        0.1009398566172528,
        -4.665099417877627e-10,
        0.006918236226338359,
        0.03760733838784458,
        0.1815930993454412,
        0.06405522629321037,
        0.01613279353017205,
        0.02084636745459645,
        0.0009252748824881696,
        0.027229003451209155,
        0.011345565446261974,
        0.006384514496088012,
        0.10724475487122465,
        0.007849546297364118,
        0.005912568611795677,
        0.04582437424392882,
        0.012027920362599587,
        -2.8175646260564235e-09,
        0.030974327653485845,
        0.0018988159826538453,
        0.10276950487283565,
        0.0017281300042355507,
        0.013758121251933098,
        8.299782554965773e-05,
        0.03718875899862295
      ],
      "n_iterations": 100
    },
    "phase": {
      "lambda_mean": 7120.152805312425,
      "lambda_std": 8672.468879293681,
      "r_squared_mean": 0.027956185528394198,
      "r_squared_std": 0.04031348447840696,
      "r_squared_values": [
        8.177569459622003e-05,
        0.0009014051618242425,
        0.009166497716347144,
        0.001986100121170953,
        0.08739910355820091,
        0.007368140874418394,
        0.0036405007130169142,
        0.013782769677971651,
        0.15148049236280647,
        0.015216087544740353,
        0.027549273286592735,
        0.015085182641664918,
        0.01950581452837319,
        -2.7003921321266944e-09,
        0.02138562197421623,
        0.06480647956767316,
        -4.989424429169276e-10,
        -0.0008113861292975422,
        -1.4987213692307932e-09,
        0.000416489198499681,
        0.04178488130376279,
        -5.733207242286653e-10,
        -4.849232126957759e-10,
        -4.4061465587219573e-10,
        0.02414367549240426,
        0.012897649777962594,
        -8.244032123627676e-10,
        0.0012278075186386017,
        0.00021856479855453248,
        0.012211518174137792,
        0.06491228954518713,
        0.0140157102252354,
        0.01754089042778706,
        0.002343807038563739,
        -5.254425783363104e-10,
        0.00011009590356425569,
        0.09797261339444396,
        0.041003651503765615,
        0.13602043386088547,
        -8.111238347652261e-10,
        -2.2141621869309347e-11,
        0.03893963141346879,
        0.03636040699568732,
        0.0007133535990967443,
        0.0003460401915231781,
        0.039109979147809004,
        0.12044775442696176,
        -1.7372359106815338e-09,
        0.0012912112851410917,
        0.015284142562468794,
        0.06758970959241051,
        3.1227296513614e-05,
        0.03687714925082741,
        0.07328912179881841,
        0.0008230916104937647,
        0.09865193909677406,
        -6.96291024837592e-10,
        0.001360865089759744,
        -3.859514929871466e-10,
        0.06603435519946887,
        0.004243540765032083,
        0.07218125025413047,
        -1.0850200737877458e-08,
        -3.5619818206100717e-10,
        0.057252695331837744,
        -3.3963321044439e-10,
        0.006389534339759972,
        0.08788243961841502,
        0.003110917991569595,
        0.010305504547517552,
        0.00024794697674335175,
        -2.720593528238169e-09,
        0.06061840909613969,
        0.05751399787527267,
        0.028010445667777994,
        0.01116641537081653,
        0.03427203207077689,
        0.004156306814695809,
        0.04664232052787909,
        0.0012329004324179715,
        0.0033994180121227346,
        0.0884216593219117,
        -0.0006163677976005477,
        0.06797732487705221,
        0.028648484996833368,
        0.03042728770227765,
        0.23659427711011372,
        -2.0196866401533953e-10,
        0.03731890991612774,
        -2.2168822333412663e-10,
        0.03589399725198561,
        -6.279403663711491e-10,
        0.07252425097957127,
        0.0048507604729499665,
        0.03894920625543197,
        0.000879692233514362,
        0.05577738757113215,
        -2.752471583988836e-10,
        0.10683171806405667,
        -1.0308012221571516e-09
      ],
      "n_iterations": 100
    },
    "station": {
      "lambda_mean": 4072.289669677935,
      "lambda_std": 7000.290098152624,
      "r_squared_mean": 0.02985242993246056,
      "r_squared_std": 0.04189892968818702,