{
  "centers": [
    "esa_final",
    "igs_combined",
    "code"
  ],
  "n_centers": 3,
  "lambda_values": [
    3329.7779158686863,
    3763.5788875960698,
    4548.5899795452915
  ],
  "lambda_mean": 3880.648927670016,
  "lambda_std": 504.4169950567307,
  "lambda_cv": 0.12998264065066772,
  "r2_values": [
    0.9701459935123947,
    0.965707216649083,
    0.9204857128576933
  ],
  "r2_mean": 0.9521129743397237,
  "r2_std": 0.022437148313308574,
  "consistency_passed": true,
  "center_data": {
    "esa_final": {
      "lambda": 3329.7779158686863,
      "r_squared": 0.9701459935123947,
      "n_pairs": 10809084
    },
    "igs_combined": {
      "lambda": 3763.5788875960698,
      "r_squared": 0.965707216649083,
      "n_pairs": 12879379
    },
    "code": {
      "lambda": 4548.5899795452915,
      "r_squared": 0.9204857128576933,
      "n_pairs": 39068753
    }
  }
}