{
  "test_name": "real_data_zero_lag_leakage_test",
  "analysis_center": "code",
  "files_processed": 25,
  "total_pairs": 2388,
  "fit_results": {
    "cos_phase_csd": {
      "amplitude": 1.0490253513830183,
      "correlation_length": 1546.5792432170606,
      "offset": -0.03415053080215703,
      "r_squared": 0.0256897356953254,
      "n_points": 2388
    },
    "imaginary_coherency": {
      "amplitude": 5.460953339618052e-14,
      "correlation_length": 19999.99974456477,
      "offset": 0.6278063459230501,
      "r_squared": -5.329070518200751e-15,
      "n_points": 2388
    },
    "pli": {
      "amplitude": 0.20220426722921214,
      "correlation_length": 2201.438066997094,
      "offset": 0.4674003628088579,
      "r_squared": 0.0050530765826399815,
      "n_points": 2388
    },
    "wpli": {
      "amplitude": 0.16123006424557823,
      "correlation_length": 19999.999999999996,
      "offset": 0.6356230906066834,
      "r_squared": 0.0035349253798190317,
      "n_points": 2388
    }
  },
  "zero_lag_analysis": {
    "zero_lag_leakage_detected": false,
    "evidence_summary": [],
    "recommendations": [
      "No significant zero-lag leakage detected in real TEP data",
      "cos(phase(CSD)) R\u00b2=0.026 validated against common-mode artifacts",
      "Distance-decay pattern likely represents genuine field-structured coupling",
      "TEP signal authentication confirmed through zero-lag robust validation"
    ],
    "metric_comparison": {
      "imaginary_coherency": {
        "r_squared": -5.329070518200751e-15,
        "correlation_length": 19999.99974456477,
        "valid_fit": false
      },
      "pli": {
        "r_squared": 0.0050530765826399815,
        "correlation_length": 2201.438066997094,
        "valid_fit": true
      },
      "wpli": {
        "r_squared": 0.0035349253798190317,
        "correlation_length": 19999.999999999996,
        "valid_fit": true
      }
    },
    "summary_statistics": {
      "cos_phase_r2": 0.0256897356953254,
      "cos_phase_lambda": 1546.5792432170606,
      "max_robust_r2": 0.0050530765826399815,
      "robust_metrics_count": 2,
      "leakage_ratio": 5.083979091784077
    }
  },
  "timestamp": "2025-09-25T01:03:59.351081"
}