{
  "success": true,
  "analysis_center": "merged",
  "analysis_type": "hilbert_instantaneous_frequency",
  "bands": {
    "solar_rotation_27d": {
      "target_period_days": 27.27,
      "mean_instantaneous_period_days": 25.945353579398695,
      "std_instantaneous_period_days": 2.295173223265412,
      "amplitude_threshold": 0.0016148072952696737,
      "event_locked_effect": -0.3240781517647818,
      "permutation_p_value": 0.46238716148445336,
      "rel_bandwidth": 0.25
    },
    "lunar_month_29d": {
      "target_period_days": 29.53,
      "mean_instantaneous_period_days": 27.90608228940035,
      "std_instantaneous_period_days": 2.4539693096495205,
      "amplitude_threshold": 0.001419222441059971,
      "event_locked_effect": -0.3545577208803328,
      "permutation_p_value": 0.3345,
      "rel_bandwidth": 0.25
    },
    "dominant_112d": {
      "target_period_days": 112.0,
      "mean_instantaneous_period_days": 117.77999262902486,
      "std_instantaneous_period_days": 15.603299000551013,
      "amplitude_threshold": 0.001451662172744882,
      "event_locked_effect": NaN,
      "permutation_p_value": 1.0,
      "rel_bandwidth": 0.15
    },
    "js_beat_19d": {
      "target_period_days": 19.86,
      "mean_instantaneous_period_days": 19.728630025662543,
      "std_instantaneous_period_days": 2.050632148384645,
      "amplitude_threshold": 0.0015235141357297568,
      "event_locked_effect": 0.067062754666567,
      "permutation_p_value": 0.09542943244600703,
      "rel_bandwidth": 0.25
    }
  },
  "plot_path": "/Users/matthewsmawfield/www/TEP-GNSS/results/figures/step_10_hilbert_if_merged.png"
}