{
  "code": {
    "DJF": {
      "peak_hour": 15.559666666666669,
      "peak_value": 0.9980106621568596,
      "day_mean": -0.002781577977410938,
      "night_mean": 0.011808920521071523,
      "day_night_ratio": -0.23554887785446302,
      "cv": 38.37653624186267,
      "sample_count": "392426"
    },
    "MAM": {
      "peak_hour": 21.386266666666668,
      "peak_value": 0.753178703776515,
      "day_mean": 0.007752756733375356,
      "night_mean": -0.001489440532978887,
      "day_night_ratio": -5.205146873416833,
      "cv": 46.590583658558586,
      "sample_count": "398981"
    },
    "JJA": {
      "peak_hour": 16.288733333333333,
      "peak_value": 0.6136990199142872,
      "day_mean": 0.003885504076754043,
      "night_mean": 0.007597941125381891,
      "day_night_ratio": 0.5113890740445489,
      "cv": 21.574541835993106,
      "sample_count": "400710"
    },
    "SON": {
      "peak_hour": 4.238666666666666,
      "peak_value": 0.9966798522351568,
      "day_mean": 0.006322507407724033,
      "night_mean": 0.0022762091511154066,
      "day_night_ratio": 2.777647829341968,
      "cv": 36.783712511653476,
      "sample_count": "395048"
    }
  },
  "igs_combined": {
    "DJF": {
      "peak_hour": 17.077666666666666,
      "peak_value": 0.9998608615496188,
      "day_mean": 0.012516206919160807,
      "night_mean": 0.003641847234740085,
      "day_night_ratio": 3.4367742830525607,
      "cv": 22.664182582645488,
      "sample_count": "357903"
    },
    "MAM": {
      "peak_hour": 9.077666666666667,
      "peak_value": 0.9884493644547834,
      "day_mean": 0.008737261689404035,
      "night_mean": 0.003439170052217589,
      "day_night_ratio": 2.540514588329303,
      "cv": 31.434283982017636,
      "sample_count": "361836"
    },
    "JJA": {
      "peak_hour": 13.789333333333332,
      "peak_value": 0.9980367202049424,
      "day_mean": 0.002723392023498419,
      "night_mean": 0.0045225264167179586,
      "day_night_ratio": 0.6021837735278087,
      "cv": 50.32069172738729,
      "sample_count": "353970"
    },
    "SON": {
      "peak_hour": 7.8458,
      "peak_value": 0.9999475091273188,
      "day_mean": 0.016543383751718904,
      "night_mean": 0.012419372689964608,
      "day_night_ratio": 1.3320627510507577,
      "cv": 12.91448187609401,
      "sample_count": "357903"
    }
  },
  "esa_final": {
    "DJF": {
      "peak_hour": 9.6796,
      "peak_value": 0.9999044846153315,
      "day_mean": -0.0032216605749979515,
      "night_mean": 0.008079520976414685,
      "day_night_ratio": -0.39874400777007135,
      "cv": 81.02018999469799,
      "sample_count": "381501"
    },
    "MAM": {
      "peak_hour": 12.289133333333334,
      "peak_value": 0.999802418814396,
      "day_mean": 0.016431558049439878,
      "night_mean": 0.016698113862596932,
      "day_night_ratio": 0.9840367711377195,
      "cv": 11.93516730801612,
      "sample_count": "393737"
    },
    "JJA": {
      "peak_hour": 18.1506,
      "peak_value": 0.998451954774938,
      "day_mean": 0.006141333598522146,
      "night_mean": 0.004881250017815083,
      "day_night_ratio": 1.2581477236585177,
      "cv": 26.762178952012434,
      "sample_count": "393718"
    },
    "SON": {
      "peak_hour": 4.746200000000002,
      "peak_value": 0.7579265368345264,
      "day_mean": 0.0016092718710046827,
      "night_mean": 0.0027364882553338548,
      "day_night_ratio": 0.588079217174769,
      "cv": 45.06144990527965,
      "sample_count": "388493"
    }
  }
}