{
  "analysis_center": "ESA_FINAL",
  "timestamp": "2025-09-22T09:30:43.941730",
  "real_signal": {
    "lambda_km": 3329.7779129995965,
    "r_squared": 0.9701459935123946
  },
  "null_tests": {
    "distance": {
      "lambda_mean": 5000.77739869871,
      "lambda_std": 7702.623503596269,
      "r_squared_mean": 0.03386474883237936,
      "r_squared_std": 0.05718524638440116,
      "r_squared_values": [
        0.024151064646848353,
        0.061696366732227226,
        0.2785413755248016,
        -1.2911871571930078e-10,
        0.1289192205640175,
        0.003988022978054784,
        0.030665793009949982,
        0.035068342491989424,
        0.037432255159219885,
        0.03934615578334255,
        -4.293130295707215e-10,
        -4.2257594083272565e-05,
        0.06622375382203594,
        0.0016651898983790492,
        0.042899284536153104,
        0.0035522043770871425,
        0.013015056735542485,
        0.1410207324517625,
        -7.505662757978371e-11,
        0.014638820857393542,
        0.05223361967277196,
        -4.539930653635338e-10,
        -1.5281178544768181e-09,
        0.02503925559832798,
        0.005864348182285317,
        -3.078459709371373e-10,
        0.011482399022207823,
        -3.019547722971083e-09,
        0.11242633516822254,
        0.014997666784732022,
        -7.0041750177551876e-12,
        0.0018531924169404856,
        0.018753137926613594,
        -3.400602244241213e-09,
        -4.578315504488728e-11,
        -4.563127653511856e-11,
        0.014047023984973261,
        0.005035954382136554,
        0.0026563656629083887,
        0.25602782180398487,
        0.029419753367887158,
        0.009604386238395102,
        0.00032199436891044986,
        0.005818200030616727,
        0.01290619989608044,
        0.03672954063099687,
        0.008082403143389927,
        0.0007112417113539493,
        0.06213594166316161,
        0.0030198520414127517,
        0.02504965897020206,
        0.0051308625889937565,
        0.03325129520553416,
        0.12491352063057015,
        -1.4416956517493418e-10,
        0.17344113142812134,
        0.01345939364192894,
        -1.9101031867307938e-10,
        0.002210011782564414,
        -2.2292412360513936e-10,
        -5.861366947357283e-10,
        0.005672434509873092,
        0.005422727933269922,
        -1.2868377474717363e-09,
        0.04741291313816065,
        -2.5471826869960523e-09,
        0.004345430922321314,
        -3.1974289882441553e-10,
        -1.9705104215006486e-10,
        0.01823636563300246,
        0.03163478695666855,
        0.0036103309244562842,
        0.16647847456561582,
        -7.255618328372293e-11,
        0.0020723651773553176,
        0.011097659395608361,
        0.01499639155582111,
        0.14006103753720378,
        0.05024613178441373,
        -2.4632971218352395e-09,
        0.006041069570020485,
        -1.5816192799888995e-10,
        -1.6073142816708241e-10,
        0.011624233123130434,
        0.01591148386056207,
        0.12703323753092366,
        0.012728999527843454,
        0.15077164296521195,
        -2.574942481459175e-10,
        -3.727684827481426e-12,
        0.003442273384615002,
        0.12490852858470103,
        -3.03543279400742e-09,
        0.02272059027006401,
        0.12620750928248448,
        0.03631953407424093,
        0.21517820303454793,
        0.04289665957071909,
        -3.3644576014069116e-10,
        -7.092859632962245e-11
      ],
      "n_iterations": 100
    },
    "phase": {
      "lambda_mean": 7910.30735248452,
      "lambda_std": 8457.586193996738,
      "r_squared_mean": 0.030006647209519524,
      "r_squared_std": 0.044825526752220776,
      "r_squared_values": [
        0.0017738151908279765,
        -6.0158653614195146e-09,
        -1.0412648521196388e-10,
        0.01724538663713715,
        0.0012683646466757903,
        0.029416966048243398,
        0.06990097296506415,
        0.0318191039971939,
        0.0192100594847594,
        0.09874967657931633,
        0.00527669513859319,
        0.14452609198719846,
        0.024347986554037693,
        0.014558277477671244,
        -1.3013325972366374e-09,
        0.052679751695941746,
        0.002393024855111059,
        0.0024923961890174207,
        -4.6487258487104555e-12,
        0.13160670757797654,
        0.019238988399085777,
        -4.02269995092297e-10,
        0.00567956565543537,
        -2.433369727938839e-09,
        0.012322546149997504,
        0.11398702613042999,
        0.07658927677088345,
        0.09095809415500578,
        -6.700595633901685e-11,
        0.001986478546860626,
        -4.713585077809057e-11,
        0.0020035286013824205,
        -5.799184910060262e-09,
        0.02123484723220892,
        0.05977359227081458,
        0.0038405870994607794,
        -9.476242013306546e-11,
        0.0063765069189343215,
        0.06480884411793053,
        0.005422396937961982,
        0.0025576473900378316,
        -6.144757591641792e-09,
        0.010881794040197734,
        -1.9890717961601467e-09,
        -1.9500570047625843e-09,
        0.03260245906779902,
        0.12029437398768339,
        0.013137740464224668,
        0.06630964728575361,
        0.02447816667164271,
        0.1728078163519009,
        0.08715547579942651,
        -1.4620729071879168e-09,
        3.0435117404303824e-05,
        0.06157388233281713,
        0.19796461653840103,
        0.004883624535342412,
        0.0002609378372301352,
        0.0008566714661927266,
        0.0001509352393930241,
        0.037302606856474685,
        -1.9466295242409615e-10,
        -3.7283398590659544e-10,
        0.0708839956760019,
        -3.0079505553004537e-09,
        0.024967730254847997,
        0.03293693406493092,
        0.010336855194509886,
        -8.201692658360571e-10,
        0.05015764192212269,
        -2.8209798941247755e-09,
        0.16871031535675218,
        0.13812382530994682,
        -8.923239924740756e-11,
        -6.881137881720178e-10,
        0.01921406669617931,
        -5.888892755545605e-05,
        0.0001464325740103689,
        0.0560085480477146,
        0.053087091831422684,
        0.09145723152599483,
        0.002879059856755739,
        0.001458832859698278,
        0.08899916492526294,
        -2.8630520176875507e-10,
        0.021168817907249227,
        -2.3360540168937405e-09,
        0.011671336390539966,
        -7.65843610750494e-10,
        0.031212638848103214,
        -5.457947871434499e-09,
        0.0041930335589795975,
        0.01021485330545635,
        0.0009756531247550049,
        0.007039647845088037,
        0.02522585211391537,
        0.10636916968933385,
        1.7052057602384707e-05,
        -5.079012765918378e-10,
        0.008531487112910852
      ],
      "n_iterations": 100
    },
    "station": {
      "lambda_mean": 7578.937087869958,
      "lambda_std": 8789.79296779635,
      "r_squared_mean": 0.05053293406352232,
      "r_squared_std": 0.06845491232044344,