{
  "analysis_center": "CODE",
  "timestamp": "2025-09-21T06:56:52.222367",
  "real_signal": {
    "lambda_km": 4548.589996454075,
    "r_squared": 0.9204857128576932
  },
  "null_tests": {
    "distance": {
      "lambda_mean": 5844.391475499916,
      "lambda_std": 8093.4983287230125,
      "r_squared_mean": 0.03414447133247407,
      "r_squared_std": 0.04503677000415073,
      "r_squared_values": [
        0.02467121715405718,
        0.003755051424628175,
        0.010042605681172656,
        0.006775422343828774,
        0.05723587522783047,
        0.027746358098471702,
        0.0019218933528298843,
        0.018665824175885137,
        0.0512944916688014,
        0.042782727096422835,
        -3.2226199486729e-10,
        0.060637333399144566,
        0.062119386239294805,
        0.03234006670009815,
        0.12821217192143464,
        -3.0098434855574396e-10,
        0.056089969104962334,
        -0.00031435853354255805,
        0.025600412167704367,
        -6.664659935040618e-10,
        -4.953724097589429e-10,
        0.03550756086637763,
        -3.1499349795183207e-09,
        0.03094967889603295,
        0.01020072153443441,
        0.0973344113386777,
        0.0030067277607140896,
        0.00215773365596994,
        0.054729975594347335,
        0.03130494370077885,
        0.0005141329582769583,
        0.01584696731024826,
        0.020492801944765993,
        0.0005455447271618397,
        0.025828484533362173,
        7.381217512314464e-06,
        0.016208098971174034,
        9.3563437771782e-05,
        0.1331154885791771,
        0.005848393361326254,
        0.051891450982940235,
        -1.7793535533883187e-09,
        0.02416892999597753,
        0.0004122412609945947,
        0.1556787823976804,
        0.003683008067246085,
        0.22981728634605558,
        0.018752591363264348,
        -5.7349240911719335e-09,
        0.01724125560188794,
        0.04360840576701175,
        0.02394114054181451,
        0.07704354905771371,
        0.02065205934593506,
        0.005684293430561094,
        -1.3396017628508616e-10,
        0.02386786819635167,
        0.0668268293946831,
        0.020021590839289227,
        -6.109638128748429e-09,
        0.0642152621087515,
        -3.760719291534542e-09,
        0.08678953739683104,
        0.1480695371255637,
        0.1407400954949204,
        -2.667286391755397e-10,
        0.03856136089899043,
        0.050789741318428394,
        0.012038209860520954,
        0.053372799830990636,
        0.07471474464950567,
        0.005627064843637175,
        -1.2296674789524786e-10,
        0.03895778174850617,
        0.015121462874969849,
        -2.6775213157748112e-09,
        0.16108278335739523,
        0.023431805348625212,
        0.023611221414957195,
        0.0003159417988364277,
        0.05460922439443594,
        0.004065750940084545,
        8.390180165895877e-05,
        -3.2319746878783917e-10,
        -1.1405099087369308e-09,
        -4.343669868234201e-10,
        -1.307073560496974e-09,
        0.14633732821073664,
        0.0039322989526564545,
        0.031005406784610168,
        0.06680073768605621,
        0.08860009585886064,
        0.061298777127352766,
        0.11716566370985904,
        0.021139414684010926,
        0.0053841639843462685,
        -4.948873089105632e-09,
        2.4714273085701954e-05,
        -1.6626218179993657e-09,
        -9.484302232465325e-11
      ],
      "n_iterations": 100
    },
    "phase": {
      "lambda_mean": 4580.261001477418,
      "lambda_std": 7280.93130716194,
      "r_squared_mean": 0.028605178960164252,
      "r_squared_std": 0.04299225334141656,
      "r_squared_values": [
        0.015630059906501237,
        0.11261168327379034,
        -2.2460300286297752e-10,
        -1.536426541548508e-10,
        0.011127650905129571,
        0.11336297836126497,
        0.0805009891197136,
        -9.3542040779937e-10,
        -3.344061250132313e-09,
        0.009471222761075038,
        0.08917097542141861,
        0.10809054354697101,
        -2.6819777753761542e-05,
        0.17950253804579397,
        0.0015670717550713142,
        0.0512966811694171,
        0.010548279073512301,
        0.006180899157203323,
        0.03249622729184132,
        0.020170167773176595,
        0.0662522054499054,
        -3.821245098123427e-09,
        0.012940637660930232,
        0.01359930328193626,
        -5.43741851544155e-09,
        0.0016347879686189337,
        0.05007596239014278,
        -2.0046431181697244e-10,
        0.012923471860508906,
        -5.61560353773416e-10,
        0.02439308143922525,
        0.04808082725832108,
        -5.540559122607647e-10,
        0.033442739486068906,
        0.017847377944447684,
        0.00013678767048674878,
        0.002327771612675944,
        -1.1481424573966947e-05,
        -2.4307555968050565e-10,
        0.02949925596072034,
        0.021894363304995612,
        0.13719866810170356,
        0.007743709266159082,
        0.05377842552225642,
        -9.586889060386738e-10,
        0.006625653770284123,
        -2.1530621729937138e-10,
        0.0638262287086323,
        0.04121610468370984,
        -3.4161595774406806e-09,
        -3.416267269074069e-10,
        0.010490183603957148,
        0.001181699190437313,
        0.04845836932946168,
        -7.536991031287243e-10,
        -5.163371952221496e-10,
        0.06665159501411266,
        -6.867380223818387e-06,
        -0.00013563445974473787,
        0.01591134547424089,
        0.023857242781482713,
        0.034438946993133546,
        0.027012763195146006,
        0.03137775227475359,
        -6.771903038327309e-10,
        0.0074335553236211105,
        0.18570714869951888,
        -8.883753732646937e-10,
        0.06397964315133753,
        -5.311462381030196e-10,
        0.0043988586114240835,
        0.039242455878045535,
        0.031471066880107035,
        -1.5593810687164478e-09,
        0.0006205794052673852,
        0.0047263190045281345,
        0.03199216747821554,
        0.007994193407161565,
        -3.3635072504978325e-10,
        -5.6985527407960035e-11,
        0.0011344736168913405,
        0.01721351413898331,
        0.00677012712582592,
        0.04044744672660683,
        8.65634242064317e-09,
        0.13622809640492273,
        0.000896391805181751,
        0.07715387847937005,
        0.0035449662234876556,
        0.011208299533777777,
        0.011681436656759137,
        -3.841749141031414e-11,
        -8.131917361708929e-10,
        0.03492205279387406,
        0.19914299453803508,
        -3.9148462249727345e-10,
        0.031859390286542166,
        -2.7302464733480747e-09,
        0.048381100771009766,
        0.11600333440168353
      ],
      "n_iterations": 100
    }
  },
  "validation_assessment": {
    "distance": {
      "p_value": 0.009900990099009901,
      "z_score": 19.68039096594918,
      "significant": true,
      "n_permutations": 100,
      "interpretation": "Real signal significantly different from null (p = 0.0099)"
    },
    "phase": {
      "p_value": 0.009900990099009901,
      "z_score": 20.745145103579308,
      "significant": true,
      "n_permutations": 100,
      "interpretation": "Real signal significantly different from null (p = 0.0099)"
    }
  }
}