{
  "step": 7,
  "version": "streamlined",
  "timestamp": "2025-09-21T04:30:12.229342",
  "analyses_removed": [
    "anisotropy_analysis (redundant with Step 5)",
    "azimuth_permutation_test (redundant with Step 5)",
    "frequency_universality (not core)",
    "station_density (not core)"
  ],
  "analyses_kept": [
    "elevation_dependence (FIXED coordinate mapping)",
    "circular_statistics (unique statistical approach)",
    "model_comparison (statistical validation)"
  ],
  "results": {
    "elevation_dependence": {
      "code": {
        "total_pairs": 39068753,
        "pairs_with_elevation": 39068753,
        "elevation_coverage_percent": 100.0,
        "quintile_analysis": {
          "quintile_1": {
            "elevation_range_m": [
              -80.775,
              79.1
            ],
            "lambda_km": 2904.401382046686,
            "lambda_error_km": 533.6873667636447,
            "amplitude": 0.14017055445966486,
            "offset": -0.010338199307847275,
            "r_squared": 0.7597966906458977,
            "n_pairs": 7810123,
            "n_bins": 36
          },
          "quintile_2": {
            "elevation_range_m": [
              79.1,
              163.507
            ],
            "lambda_km": 2648.8151662249134,
            "lambda_error_km": 616.5317288409082,
            "amplitude": 0.10644235296728759,
            "offset": -0.008166571135909595,
            "r_squared": 0.7097712484516789,
            "n_pairs": 7816719,
            "n_bins": 38
          },
          "quintile_3": {
            "elevation_range_m": [
              163.507,
              378.7
            ],
            "lambda_km": 2994.433990548464,
            "lambda_error_km": 794.8423391703922,
            "amplitude": 0.09973005735710766,
            "offset": -0.008722538342808882,
            "r_squared": 0.7064292199789617,
            "n_pairs": 7813895,
            "n_bins": 33
          },
          "quintile_4": {
            "elevation_range_m": [
              378.7,
              713.0
            ],
            "lambda_km": 3579.954006162702,
            "lambda_error_km": 1109.3794833365282,
            "amplitude": 0.09638411074172964,
            "offset": -0.008935441289678894,
            "r_squared": 0.6532663593647323,
            "n_pairs": 7813818,
            "n_bins": 35
          },
          "quintile_5": {
            "elevation_range_m": [
              713.0,
              3688.35
            ],
            "lambda_km": 3838.1059283207455,
            "lambda_error_km": 1013.4128601639893,
            "amplitude": 0.15407186858864397,
            "offset": -0.015303740299599926,
            "r_squared": 0.6770264003524291,
            "n_pairs": 7814198,
            "n_bins": 38
          }
        },
        "elevation_range_m": [
          -80.775,
          3688.35
        ],
        "coordinate_mapping_fixed": true
      },
      "igs_combined": {
        "total_pairs": 12841178,
        "pairs_with_elevation": 12841178,
        "elevation_coverage_percent": 100.0,
        "quintile_analysis": {
          "quintile_1": {
            "elevation_range_m": [
              -71.62299999999999,
              72.7
            ],
            "lambda_km": 2209.0706906922665,
            "lambda_error_km": 328.80312888231714,
            "amplitude": 0.25779720351677243,
            "offset": -0.006218644277702285,
            "r_squared": 0.8195613854500594,
            "n_pairs": 2567929,
            "n_bins": 33
          },
          "quintile_2": {
            "elevation_range_m": [
              72.7,
              149.8025
            ],
            "lambda_km": 2324.4061615434657,
            "lambda_error_km": 383.42052854223755,
            "amplitude": 0.1938943835774472,
            "offset": 3.920660167968581e-05,
            "r_squared": 0.8071807961070785,
            "n_pairs": 2568185,
            "n_bins": 35
          },
          "quintile_3": {
            "elevation_range_m": [
              149.8025,
              371.7
            ],
            "lambda_km": 2510.54332277711,
            "lambda_error_km": 540.141507180898,
            "amplitude": 0.17680066347633036,
            "offset": -0.001430475806806681,
            "r_squared": 0.7305429628343438,
            "n_pairs": 2567957,
            "n_bins": 32
          },
          "quintile_4": {
            "elevation_range_m": [
              371.7,
              751.9
            ],
            "lambda_km": 3350.4741988203277,
            "lambda_error_km": 927.7611082578092,
            "amplitude": 0.17108435106576123,
            "offset": -0.007155969261231264,
            "r_squared": 0.6513051441413079,
            "n_pairs": 2568652,
            "n_bins": 34
          },
          "quintile_5": {
            "elevation_range_m": [
              751.9,
              3688.35
            ],
            "lambda_km": 3196.1244151776414,
            "lambda_error_km": 649.8370651917932,
            "amplitude": 0.24865580833510137,
            "offset": -0.012887222436774369,
            "r_squared": 0.7373594104848507,
            "n_pairs": 2568455,
            "n_bins": 36
          }
        },
        "elevation_range_m": [
          -71.62299999999999,
          3688.35
        ],
        "coordinate_mapping_fixed": true
      },
      "esa_final": {
        "total_pairs": 10809084,
        "pairs_with_elevation": 10809084,
        "elevation_coverage_percent": 100.0,
        "quintile_analysis": {
          "quintile_1": {
            "elevation_range_m": [
              -71.62299999999999,
              78.52499999999999
            ],
            "lambda_km": 2114.3481954420954,
            "lambda_error_km": 341.404843053671,
            "amplitude": 0.35394814901800864,
            "offset": -0.009716966854883824,
            "r_squared": 0.8180520997555918,
            "n_pairs": 2161760,
            "n_bins": 29
          },
          "quintile_2": {
            "elevation_range_m": [
              78.52499999999999,
              166.057
            ],
            "lambda_km": 1721.5517823322411,
            "lambda_error_km": 263.03788851123676,
            "amplitude": 0.3881463470638937,
            "offset": -0.00663707479944429,
            "r_squared": 0.8224132204358771,
            "n_pairs": 2161494,
            "n_bins": 32
          },
          "quintile_3": {
            "elevation_range_m": [
              166.057,
              378.8575
            ],
            "lambda_km": 2738.6837408226197,
            "lambda_error_km": 609.4510034425786,
            "amplitude": 0.22761188865473203,
            "offset": -0.011449929746077916,
            "r_squared": 0.7417261591497049,
            "n_pairs": 2161812,
            "n_bins": 30
          },
          "quintile_4": {
            "elevation_range_m": [
              378.8575,
              753.7
            ],
            "lambda_km": 3610.9065344395726,
            "lambda_error_km": 862.6289799545905,
            "amplitude": 0.20237130585582558,
            "offset": -0.017420946288864335,
            "r_squared": 0.7684386571510877,
            "n_pairs": 2161742,
            "n_bins": 29
          },
          "quintile_5": {
            "elevation_range_m": [
              753.7,
              3688.35
            ],
            "lambda_km": 3169.5904791862595,
            "lambda_error_km": 587.4167603087928,
            "amplitude": 0.24487974233083773,
            "offset": -0.012328767210425738,
            "r_squared": 0.7994776506422412,
            "n_pairs": 2162276,
            "n_bins": 32
          }
        },
        "elevation_range_m": [
          -71.62299999999999,
          3688.35
        ],
        "coordinate_mapping_fixed": true
      }
    }
  }
}