{
  "analysis_center": "IGS_COMBINED",
  "timestamp": "2025-09-15T11:43:21.557883",
  "real_signal": {
    "lambda_km": 3398.9336332651596,
    "r_squared": 0.9608789770252778
  },
  "null_tests": {
    "distance": {
      "lambda_mean": 5553.814779225666,
      "lambda_std": 7666.070917740651,
      "r_squared_mean": 0.0369009881299954,
      "r_squared_std": 0.04898012599910044,
      "r_squared_values": [
        0.020428014942628803,
        -4.852265256261035e-10,
        0.01818164129504307,
        0.02584935748973305,
        0.016657936932431006,
        0.0046288214774069525,
        -2.6947311049241307e-10,
        -4.006086573582479e-10,
        0.17825002583058558,
        0.05127938083955785,
        0.13513365180089032,
        0.07840756610235033,
        0.08258626147800097,
        0.020228906987552753,
        -6.330257667030992e-05,
        0.07346646924266886,
        0.049880042437632,
        0.15117191334409752,
        0.10880013933171617,
        0.1544751165254714,
        0.02702674916024639,
        0.1714114088891956,
        0.07405588269458607,
        0.08205021112549482,
        0.06315018491056701,
        0.01983693174955914,
        0.020213749581206142,
        0.18879529059872635,
        0.0007915136122529365,
        0.0045358876248809965,
        0.006257137597271867,
        0.017644273817006728,
        -9.532752365259967e-11,
        -7.790590395018171e-11,
        0.007034307359106373,
        0.03306205695038522,
        0.005497379179871031,
        0.1705075723694205,
        0.00042957864257997525,
        0.0003312169312386093,
        0.016584421472216726,
        0.09166338970681576,
        0.1749429555285813,
        0.02488939859637107,
        -1.0238238923321319e-08,
        0.05569963994763949,
        -2.7036022309800956e-09,
        0.03755939840018474,
        0.01202466408821301,
        0.010667349144144689,
        0.009559846198772926,
        -8.954024410812167e-09,
        0.021828872524785936,
        0.10548743920284298,
        0.07029917438011224,
        0.01169008395507376,
        2.2801036988817636e-05,
        -4.669631348264147e-10,
        0.009271855964250175,
        0.026017061770494676,
        0.008912967441296438,
        -1.6717600637150554e-09,
        0.028198372493825175,
        -8.054401590129601e-11,
        0.01792924717148603,
        -5.072542386130863e-11,
        0.041500229244148534,
        -2.3224688838752172e-10,
        0.0021103037496658095,
        0.12143428013147983,
        0.017128869362947552,
        0.020905866373747806,
        0.1023207361688383,
        0.09303499740581411,
        0.0007945331217628082,
        -7.315050787326527e-10,
        0.0028570273851245,
        0.0036152320622726553,
        -1.5584733503715142e-10,
        0.031813205403693146,
        -1.3445908830789222e-09,
        0.0028881831111250422,
        0.007674152495882658,
        0.035409602858368916,
        0.010295587940591822,
        0.03137153007496296,
        -1.5388972318675087e-09,
        5.7777981306572634e-05,
        0.09052641162571196,
        0.07648782889572692,
        -1.8967876158626495e-09,
        -1.1275846922842447e-10,
        0.02242912640596373,
        0.0042761583111251555,
        0.04769643668659285,
        0.0749771163308881,
        -4.5442494212011297e-10,
        -1.7272472341289813e-10,
        -0.00018641773430783104,
        0.05343785444150029
      ],
      "n_iterations": 100
    },
    "phase": {
      "lambda_mean": 8184.260108316058,
      "lambda_std": 9156.140833834052,
      "r_squared_mean": 0.024736697163010978,
      "r_squared_std": 0.03592034987694306,
      "r_squared_values": [
        0.1403811569497191,
        0.007038889840429885,
        7.762591828452958e-05,
        0.004570920289182601,
        0.02437747684242164,
        0.0053363461489508435,
        0.04081433860445094,
        0.06594332800458613,
        0.0744836997963324,
        -6.153344500603453e-11,
        0.02817095117285162,
        0.017290842536764273,
        0.08422595419700007,
        0.004935169569406206,
        -6.214051495589956e-11,
        0.013055977790269346,
        -2.64928368132189e-09,
        0.012644043813283545,
        0.00046987940177867227,
        0.016040196766069603,
        0.0549133786803081,
        0.06117734861272739,
        0.003937207268786325,
        0.0007584593964854447,
        0.04112757585649818,
        0.0007909895615628715,
        0.1301202878480665,
        0.0833097782999841,
        0.00011013571738072159,
        0.039591225817473874,
        0.03365569208239261,
        -1.387745474090707e-10,
        0.08268205299124887,
        0.03722824913845235,
        0.0049750229420415515,
        -1.1049428039200393e-10,
        4.7102209666194383e-05,
        -1.0934600136902617e-05,
        0.03938046433829989,
        0.00026479412529800683,
        9.603312253414487e-06,
        0.08232106858701083,
        0.0013315453606228544,
        6.356586947919851e-05,
        0.0002615161991421644,
        0.00464440161531221,
        0.004029573107563356,
        -3.6355807253585226e-11,
        0.021146380770269202,
        0.04093511339142086,
        0.02013876439094675,
        0.0020374909689895304,
        0.004896430258258255,
        0.002165365723309831,
        -4.5117820590689917e-10,
        0.0012165939282864358,
        -1.7201506885555773e-10,
        0.018781504495650747,
        0.005369301909353141,
        0.0045522625947223005,
        0.01653258133041735,
        -6.394229590256373e-10,
        0.026137909989531694,
        0.013001457013804396,
        -2.0446480064606476e-09,
        0.04578090697789183,
        0.002878577942227012,
        0.003186545100663074,
        0.033356949911580225,
        -4.2663206301085665e-11,
        0.0042895323246384676,
        0.10160931360376724,
        0.1039764031380439,
        3.734362271157199e-05,
        0.0017943843634230516,
        0.005739069170337285,
        0.03445585466390555,
        0.02436551151349986,
        -1.7251458039879708e-09,
        0.13982860967658994,
        0.013923840973651846,
        0.022777439818815748,
        -1.7459127477081893e-09,
        -6.354849979572919e-11,
        0.03908781595198918,
        -6.684786058031023e-11,
        0.07334312100223872,
        -3.7512881689849564e-11,
        -9.43114919493837e-10,
        0.17715179533821745,
        -1.1230527618977248e-10,
        0.0030701807432412798,
        0.0620392466778813,
        0.02479691878397683,
        0.005781127241147432,
        0.020523709596461548,
        0.04195337685521272,
        0.04214244871274242,
        -1.7906232052666837e-10,
        0.022291645133540428
      ],
      "n_iterations": 100
    },
    "station": {
      "lambda_mean": 5765.598547213364,
      "lambda_std": 7854.6886553499035,
      "r_squared_mean": 0.02169170159118206,
      "r_squared_std": 0.03638456877026919,