{
  "centers": [
    "esa_final",
    "igs_combined",
    "code"
  ],
  "n_centers": 3,
  "lambda_values": [
    3329.7779184790375,
    3768.172073941676,
    4512.971113519128
  ],
  "lambda_mean": 3870.3070353132807,
  "lambda_std": 488.40570358946394,
  "lambda_cv": 0.12619301237167352,
  "r2_values": [
    0.9701459935123948,
    0.9658709167990968,
    0.9206739351418147
  ],
  "r2_mean": 0.9522302818177687,
  "r2_std": 0.022381857710742612,
  "consistency_passed": "True",
  "center_data": {
    "esa_final": {
      "lambda": 3329.7779184790375,
      "r_squared": 0.9701459935123948,
      "n_pairs": 10809084
    },
    "igs_combined": {
      "lambda": 3768.172073941676,
      "r_squared": 0.9658709167990968,
      "n_pairs": 12841178
    },
    "code": {
      "lambda": 4512.971113519128,
      "r_squared": 0.9206739351418147,
      "n_pairs": 38624256
    }
  }
}