{
  "analysis_center": "ESA_FINAL",
  "timestamp": "2025-09-15T11:43:14.390786",
  "real_signal": {
    "lambda_km": 3532.9054310075985,
    "r_squared": 0.9736038222951905
  },
  "null_tests": {
    "distance": {
      "lambda_mean": 7243.184367034447,
      "lambda_std": 8756.025310414023,
      "r_squared_mean": 0.03300301477844574,
      "r_squared_std": 0.050227265612970404,
      "r_squared_values": [
        0.013736645783438806,
        -1.0110958736930797e-09,
        -2.1185320164818222e-10,
        0.015858508259981585,
        0.07510698701338137,
        0.025883002970386926,
        -2.939246623867575e-10,
        0.00025245044578603437,
        0.0015186265438712487,
        0.0016588240939704457,
        0.013116847960075062,
        0.03170955757949645,
        -3.9724179501376966e-10,
        0.038836918689080346,
        0.007055066813079658,
        -1.9494694747379526e-10,
        0.04274188939627965,
        0.047728971263580444,
        -0.00022549826154927288,
        0.024378460093314125,
        0.1243916261924235,
        0.0007668619963088208,
        -3.4332294784888973e-09,
        0.06531138403113768,
        -1.0858922649958913e-09,
        0.057573632431204724,
        0.1390814544847392,
        0.10650206546658247,
        0.024893342494073267,
        0.01836170096380485,
        0.0006085276282442598,
        0.0022352359215411788,
        0.0025550740919552117,
        -2.556501677020151e-10,
        0.0001036085810719456,
        0.023210861083020173,
        -9.23416010323308e-10,
        0.01906997373970165,
        0.048109307544183855,
        0.05331373275621032,
        0.0024003924082348638,
        0.019264510017721448,
        0.0011060690953434982,
        0.02509645692977225,
        0.010185619588266248,
        0.004425161543040845,
        -1.7993939671612225e-10,
        -4.382938456615193e-10,
        0.00027418368323772757,
        0.035451368516272175,
        0.1432041944390835,
        -5.070681652341591e-10,
        0.012105857410147358,
        0.0640179518061692,
        0.00985719208860325,
        0.08624975626510978,
        -9.856830907040148e-10,
        0.09312183793705042,
        0.004835504215465969,
        0.07758666798507696,
        0.042274721309049745,
        0.03911745702785718,
        0.00018508610771261758,
        0.09259149069155792,
        -5.205060826796171e-10,
        0.0014771245395480692,
        -6.524651929851188e-10,
        -3.139786208805617e-10,
        0.08343469891878075,
        0.02055049841550982,
        0.00011627330695440641,
        0.02150113224084893,
        0.014740645461227775,
        0.27133703146768906,
        0.01915332782634771,
        0.02029316584479124,
        0.03644864463479036,
        0.060937690197639505,
        0.20543519735101323,
        0.05199561057624691,
        -4.599010061667741e-11,
        -9.685252599922478e-10,
        0.00741685982234519,
        0.008811582528469364,
        0.06595546294799925,
        0.0028475063505338793,
        0.03230807328529872,
        0.00010976549001606717,
        -2.1389134907678908e-10,
        0.04946432850461724,
        0.22801138707897262,
        0.0001568061055216008,
        -5.111889134212788e-09,
        0.08833177656696589,
        0.02591485169086749,
        -4.1721381904835653e-10,
        0.15262101458622912,
        0.025861502010558368,
        0.008153067066999253,
        0.00811934407533832
      ],
      "n_iterations": 100
    },
    "phase": {
      "lambda_mean": 5426.533520763931,
      "lambda_std": 7852.929403234081,
      "r_squared_mean": 0.026637246111020724,
      "r_squared_std": 0.039013798010767896,
      "r_squared_values": [
        0.007735938634367057,
        0.001323975922798315,
        0.002922409249269675,
        0.04045481699790521,
        0.03508278142025367,
        0.0010536123614288684,
        0.14120706219065238,
        0.03512445232627481,
        0.025189482174997835,
        0.033750137844874684,
        0.00035336813882169693,
        -4.86353401996098e-10,
        0.04354373179644533,
        0.07744081412472226,
        0.0006461936508849186,
        0.005794078583692519,
        0.045103329458561325,
        0.0018701559564333614,
        0.018461536762543918,
        -6.982319167292417e-10,
        0.030389059747253477,
        0.16917869763893778,
        -3.6039105033580654e-10,
        0.0241213466698893,
        0.1862088756138296,
        -0.00041401950430630663,
        0.05452832983948608,
        -1.949287398161914e-09,
        0.07832296515218984,
        -2.7339639441237296e-09,
        0.010018161861300445,
        0.08425077404890768,
        0.00559995206877284,
        0.05147285559960524,
        0.02882772889186702,
        -7.335332341540379e-11,
        0.049532561571946965,
        0.0009496293152787549,
        0.016026517160473763,
        0.02759742799297893,
        0.016177532722931987,
        0.08584712324562149,
        0.010414051143864289,
        0.00022881604733449024,
        0.08632244650323717,
        0.009095383547030877,
        -5.968971983350002e-10,
        -6.584523148944754e-09,
        -5.283726789429011e-10,
        -1.409790062467664e-10,
        0.023770193532805628,
        0.007250154653047236,
        0.0031429872189441266,
        -1.2202883148404453e-10,
        0.020640229068227933,
        0.043564147730084324,
        0.00013807678218691333,
        0.009573530958616239,
        -1.1835039614993548e-09,
        0.020975801024625373,
        0.024603776560426005,
        0.0009500118669704127,
        0.010696481158159132,
        -4.286309085443918e-09,
        0.04605142085149683,
        0.06926318277600174,
        -7.578182525946886e-11,
        0.006352369008657099,
        0.09835927273870004,
        -3.6001424064124876e-11,
        -2.0815882351143955e-10,
        -3.6220959565014255e-10,
        0.006446393984409271,
        0.03346716581880771,
        0.013337360997503045,
        0.006068024659694915,
        0.00016416147569053852,
        -1.5238632578018496e-10,
        0.02403561453284775,
        0.0019799642976445764,
        0.05590794958634704,
        -9.19364140372636e-10,
        0.003893533440037622,
        0.0005275303016898381,
        0.02219854798450771,
        0.03217697718963031,
        -8.714837740342318e-10,
        0.1734542323768321,
        -1.4931917924343452e-09,
        0.028586770209099832,
        0.05759317807775588,
        0.058972097060187245,
        -1.6162491345284025e-09,
        0.03567005492362507,
        0.006549611134473277,
        0.00015373981408040027,
        0.025922960859488753,
        0.02340911447181604,
        0.1261239267245845,
        -3.741968068737833e-09
      ],
      "n_iterations": 100
    },
    "station": {
      "lambda_mean": 5062.533585895907,
      "lambda_std": 7122.485041877968,
      "r_squared_mean": 0.11484351027349853,
      "r_squared_std": 0.08449328649738065,