{
  "success": true,
  "analysis_center": "igs_combined",
  "analysis_type": "hilbert_instantaneous_frequency",
  "bands": {
    "solar_rotation_27d": {
      "target_period_days": 27.27,
      "mean_instantaneous_period_days": 26.832672186878295,
      "std_instantaneous_period_days": 2.582188328392172,
      "amplitude_threshold": 0.003985921772492489,
      "event_locked_effect": 0.45432810538570234,
      "permutation_p_value": 0.0085,
      "rel_bandwidth": 0.25
    },
    "lunar_month_29d": {
      "target_period_days": 29.53,
      "mean_instantaneous_period_days": 29.053222872998163,
      "std_instantaneous_period_days": 2.830181812778229,
      "amplitude_threshold": 0.004001705259635385,
      "event_locked_effect": -0.7573947631919936,
      "permutation_p_value": 0.7505,
      "rel_bandwidth": 0.25
    },
    "dominant_112d": {
      "target_period_days": 112.0,
      "mean_instantaneous_period_days": 117.91513867695166,
      "std_instantaneous_period_days": 7.107077739335511,
      "amplitude_threshold": 0.00393438144113967,
      "event_locked_effect": -1.7091861770262335,
      "permutation_p_value": 0.226124460874923,
      "rel_bandwidth": 0.15
    },
    "js_beat_19d": {
      "target_period_days": 19.86,
      "mean_instantaneous_period_days": 19.599580485300198,
      "std_instantaneous_period_days": 2.4143929384858116,
      "amplitude_threshold": 0.004211728331033961,
      "event_locked_effect": -0.03934686245277344,
      "permutation_p_value": 0.08717688798783578,
      "rel_bandwidth": 0.25
    }
  },
  "plot_path": "/Users/matthewsmawfield/www/TEP-GNSS/results/figures/step_10_hilbert_if_igs_combined.png"
}