{
  "analysis_center": "IGS_COMBINED",
  "timestamp": "2025-09-14T23:52:50.334441",
  "method": {
    "type": "phase_alignment_index",
    "formula": "cos(phase(CSD))"
  },
  "data_summary": {
    "total_pairs": 14244831,
    "files_processed": 965,
    "files_total": 965,
    "bins_used": 28,
    "distance_range_km": [
      70.44840781162318,
      12135.341492745252
    ],
    "coherence_range": [
      -0.10636625963577825,
      0.37061178727185046
    ],
    "mean_coherence": 0.12445367967861312
  },
  "model_comparison": {
    "models_tested": [
      "Exponential",
      "Gaussian",
      "Power Law",
      "Mat\u00e9rn (\u03bd=1.5)"
    ],
    "best_model_aic": "Gaussian",
    "model_results": [
      {
        "name": "Exponential",
        "aic": -103.08202150797771,
        "bic": -99.0854079774521,
        "r_squared": -0.3818389776278204,
        "delta_aic": 13.027024777748238
      },
      {
        "name": "Gaussian",
        "aic": -116.10904628572595,
        "bic": -112.11243275520035,
        "r_squared": 0.1322361646048794,
        "delta_aic": 0.0
      },
      {
        "name": "Power Law",
        "aic": -82.55675121652712,
        "bic": -78.56013768600151,
        "r_squared": -1.8761729455010032,
        "delta_aic": 33.552295069198834
      },
      {
        "name": "Mat\u00e9rn (\u03bd=1.5)",
        "aic": -111.76903278964978,
        "bic": -107.77241925912418,
        "r_squared": -0.013251839148254785,
        "delta_aic": 4.340013496076168
      }
    ]
  },
  "exponential_fit": {
    "model": "C(r) = A * exp(-r/lambda) + C0",
    "amplitude": 0.350589571247461,
    "amplitude_error": 0.017442681979405128,
    "lambda_km": 3398.9336332651596,
    "lambda_error": 339.6496540457016,
    "offset": -0.034470001752266874,
    "offset_error": 0.007048339167247578,
    "r_squared": 0.9608789770252778,
    "n_bins": 28
  },
  "jackknife_analysis": {
    "enabled": true,
    "lambda_mean": 3416.0305264761832,
    "lambda_std": 92.99351544814442,
    "n_samples": 20,
    "lambda_values": [
      3398.734043744745,
      3350.823342415569,
      3413.788295170238,
      3370.7763378667096,
      3384.9332612388084,
      3555.377476516429,
      3347.15754585681,
      3348.690976443128,
      3358.8995295412774,
      3342.1978963400115,
      3450.933131624636,
      3428.90645226687,
      3444.2554665828493,
      3303.4065097725697,
      3396.5558155925705,
      3299.2759068169876,
      3600.8923606602307,
      3602.999588992639,
      3347.15754585681,
      3574.8490462237764
    ]
  },
  "anisotropy_analysis": {
    "sector_results": {
      "N": {
        "lambda_km": 1989.0503849373547,
        "amplitude": 0.6096478206591324,
        "n_pairs": 12633,
        "n_bins": 8
      },
      "NE": {
        "lambda_km": 1611.4526955459453,
        "amplitude": 0.6578007671988452,
        "n_pairs": 14542,
        "n_bins": 7
      },
      "E": {
        "lambda_km": 310.17629270649036,
        "amplitude": 1.0460813578725285,
        "n_pairs": 8852,
        "n_bins": 7
      },
      "SE": {
        "lambda_km": 19999.99999999909,
        "amplitude": 0.6506246170407333,
        "n_pairs": 7695,
        "n_bins": 7
      },
      "S": {
        "lambda_km": 1889.9185242635822,
        "amplitude": 0.6455676560554829,
        "n_pairs": 7069,
        "n_bins": 7
      },
      "SW": {
        "lambda_km": 19999.99999810658,
        "amplitude": 0.6456322523248553,
        "n_pairs": 8223,
        "n_bins": 7
      },
      "W": {
        "lambda_km": 3662.4271956400767,
        "amplitude": 0.3218978450949245,
        "n_pairs": 8030,
        "n_bins": 7
      },
      "NW": {
        "lambda_km": 19999.999999988973,
        "amplitude": 0.49396968045230166,
        "n_pairs": 14534,
        "n_bins": 7
      }
    },
    "lambda_mean": 8682.87813639851,
    "lambda_std": 8806.925496587082,
    "coefficient_of_variation": 1.0142864333968442,
    "anisotropy_category": "extreme",
    "n_sectors": 8,
    "interpretation": "Extreme anisotropy (systematic artifact likely)",
    "tep_assessment": "Investigate alignment with Earth motion vectors",
    "earth_motion_analysis": {
      "rotation_analysis": {
        "ew_lambda_mean": 1986.3017441732836,
        "ns_lambda_mean": 1939.4844546004683,
        "ew_ns_ratio": 1.024139038321119,
        "rotation_aligned": false,
        "interpretation": "E-W/N-S ratio = 1.02 (minimal rotation effect)"
      },
      "dipole_analysis": {
        "strongest_direction": "SE",
        "strongest_lambda": 19999.99999999909,
        "weakest_direction": "E",
        "weakest_lambda": 310.17629270649036,
        "dipole_ratio": 64.47946045613625,
        "dipole_strength": 2.267660952737908
      },
      "sector_lambda_values": {
        "N": 1989.0503849373547,
        "NE": 1611.4526955459453,
        "E": 310.17629270649036,
        "SE": 19999.99999999909,
        "S": 1889.9185242635822,
        "SW": 19999.99999810658,
        "W": 3662.4271956400767,
        "NW": 19999.999999988973
      },
      "assessment": {
        "rotation_signature": false,
        "dipole_strength": 2.267660952737908,
        "earth_motion_consistency": "Moderate"
      }
    }
  },
  "temporal_propagation_analysis": {
    "analysis_type": "Complete Earth Motion Temporal Propagation Analysis",
    "regional_signatures": {
      "Asia": {
        "mean_correlation": 0.013308448861249529,
        "std_correlation": 0.71461250631683,
        "weighted_correlation": 0.11314480642459473,
        "correlation_strength": 0.47632661249874614,
        "n_pairs": 19938,
        "utc_offset": 8,
        "longitude_center": 98.04759988594435,
        "latitude_center": 3.341413417642874
      },
      "Europe": {
        "mean_correlation": 0.022026099494949172,
        "std_correlation": 0.71833456664538,
        "weighted_correlation": 0.12386109274004192,
        "correlation_strength": 0.4858597869920381,
        "n_pairs": 38684,
        "utc_offset": 1,
        "longitude_center": 13.915543997219503,
        "latitude_center": 13.729418830880862
      },
      "Americas": {
        "mean_correlation": 0.018056412149473074,
        "std_correlation": 0.7310505383059909,
        "weighted_correlation": 0.07678223226147232,
        "correlation_strength": 0.4840128942324447,
        "n_pairs": 22956,
        "utc_offset": -6,
        "longitude_center": -70.5198395682644,
        "latitude_center": 21.221035613801064
      }
    },
    "rotation_propagation": {
      "region_sequence": [
        "Asia",
        "Europe",
        "Americas"
      ],
      "correlation_by_region": [
        0.11314480642459473,
        0.12386109274004192,
        0.07678223226147232
      ],
      "utc_offsets": [
        8,
        1,
        -6
      ],
      "longitude_centers": [
        98.04759988594435,
        13.915543997219503,
        -70.5198395682644
      ],
      "correlation_gradient": [
        0.010716286315447188,
        -0.018181287081561207,
        -0.0470788604785696
      ],
      "gradient_strength": 0.023594769875765368,
      "longitude_correlation": 0.7374959053051894,
      "rotation_signature_detected": false,
      "interpretation": "No clear rotation propagation pattern",
      "tep_assessment": "Spatial correlations without clear temporal propagation"
    },
    "orbital_analysis": {
      "implemented": false,
      "note": "Requires multi-month time-series data for seasonal variation detection",
      "framework_ready": true,
      "expected_signature": "365-day modulation in correlation patterns as Earth orbits through field"
    },
    "galactic_motion_analysis": {
      "implemented": false,
      "note": "Requires multi-year data for galactic motion signature detection",
      "framework_ready": true,
      "expected_signature": "Secular drift in correlation patterns aligned with solar system motion (~220 km/s toward Cygnus)",