{
  "analysis_center": "IGS_COMBINED",
  "timestamp": "2025-09-21T08:29:05.966847",
  "real_signal": {
    "lambda_km": 3768.172094585321,
    "r_squared": 0.9658709167990942
  },
  "null_tests": {
    "distance": {
      "lambda_mean": 6963.592701921772,
      "lambda_std": 8467.170950816539,
      "r_squared_mean": 0.03446068007668711,
      "r_squared_std": 0.04334028881293243,
      "r_squared_values": [
        -2.5985047447107945e-09,
        0.03091636159171096,
        0.17135556782237737,
        -2.0052759452937607e-10,
        0.0723491084924448,
        0.01656023317421207,
        0.01104578254798605,
        0.017039648122337825,
        2.3305180008037496e-10,
        0.01618385678479195,
        0.0056225453033019734,
        -1.603055466148362e-10,
        0.022196901967569294,
        -4.182523216655909e-10,
        0.002276123789661466,
        -6.601830193631031e-11,
        0.02994681804395849,
        0.029259361603122258,
        -1.0853915544117854e-09,
        0.023941124935980773,
        0.15998711781599273,
        0.00774778667492293,
        0.021706418373453107,
        0.016175353601234455,
        0.007021420408158785,
        -1.2913359270783076e-10,
        -7.378953004177902e-10,
        0.023289938147980083,
        -4.4083647843251583e-10,
        0.02361521932045152,
        0.008946235243452505,
        0.023924979360533283,
        0.09774012622421613,
        0.00015589162879536822,
        0.009636347188191952,
        0.0015787798913781126,
        0.13157342646599135,
        0.049546279353095746,
        0.019389513152847537,
        0.018432245185440732,
        0.03107258072336805,
        0.1023872692707426,
        0.03283760296441751,
        0.1357510512222171,
        -1.3313528057778967e-10,
        0.028912645669139092,
        0.10216442371980583,
        -2.509345842227617e-09,
        0.010880640414025589,
        -1.172562047457859e-10,
        0.07911079403320265,
        0.07099057388020702,
        0.03947930184031179,
        0.0919268844710166,
        0.021434608236651553,
        0.01657285717829793,
        0.014551478686068098,
        0.00010008553229690076,
        0.03650915630639584,
        0.08590973954961834,
        0.015399698668120076,
        0.006255119452092783,
        0.0892052144713198,
        0.17973712970325562,
        0.008284845515510786,
        0.02925607055647006,
        0.003869425697615392,
        0.09646548414238876,
        0.02361928898554766,
        0.03977639864604976,
        0.050495730060639565,
        0.006536994364987336,
        0.04473460361666015,
        0.06161840885218284,
        0.027819772845006918,
        0.11005547319964482,
        0.0857951868437663,
        0.00889201274361262,
        -2.7362556664911608e-11,
        0.005735220277669151,
        0.03554803171698351,
        0.022665178082666104,
        -3.6708480699587653e-10,
        0.02601468198564827,
        0.0076232049901323595,
        0.01254511087562482,
        0.004230109942537585,
        0.17431979304845568,
        0.11745984302998658,
        0.02276468794642228,
        0.03616794484397279,
        0.0013173238595558523,
        0.01858412123495712,
        0.03226022984042587,
        -1.6708538996823563e-09,
        -0.0001329608278393124,
        1.4085799193708226e-10,
        -6.230334026469109e-10,
        0.010288611474771447,
        0.0611078219795228
      ],
      "n_iterations": 100
    },
    "phase": {
      "lambda_mean": 7225.747218600297,
      "lambda_std": 8733.047423222159,
      "r_squared_mean": 0.03261856446007728,
      "r_squared_std": 0.04793458685956548,
      "r_squared_values": [
        -8.282488028754642e-10,
        0.030346091666735076,
        -2.5344253362646896e-09,
        0.015362016645701249,
        0.007508747323416665,
        0.06749529348580141,
        0.006212808561902539,
        -4.950306831119633e-11,
        0.04400283276377304,
        0.030497812985128436,
        -8.481038094032556e-11,
        0.00047506275473085946,
        0.022462660734195228,
        0.036881864440444945,
        0.0036343987329315874,
        -2.9657276634509344e-10,
        0.006838528903852503,
        0.07363868275782592,
        -8.468733036481879e-05,
        0.10181267984523057,
        0.19964152078710007,
        -5.042095629903542e-10,
        -1.6351187070995366e-10,
        0.0021538747200732233,
        0.008298713074912256,
        -2.519721098437344e-09,
        0.024003744260762017,
        0.07393197148979025,
        0.15852658498118344,
        8.006586072173416e-05,
        -2.999138715154004e-10,
        0.026472146566976718,
        0.019489045938422156,
        0.030645537012878754,
        0.00015305273641663675,
        0.05981739505674133,
        0.041633656185048995,
        0.08822783429309933,
        -2.446070013206736e-10,
        0.06912094573329342,
        -2.6567723576675917e-09,
        0.0038516301086036764,
        0.0016795699397060826,
        0.03799109294403746,
        0.019369823955785903,
        0.06775832520539882,
        0.010503715954087833,
        0.03893989719608171,
        0.008996817207135521,
        0.04567999366634312,
        0.04954381201304636,
        0.04013910806299792,
        0.002045584671281575,
        0.018879854395625673,
        0.01150992317276922,
        0.02164600723184862,
        0.02127162637609925,
        0.011629995673136384,
        0.033583315214752774,
        -4.035800582613547e-10,
        0.09022290776765662,
        0.03934047877108615,
        -1.1516201325889597e-09,
        -5.723092974907473e-05,
        0.00016188425511265425,
        0.016796229820817854,
        0.009089929676635244,
        0.10959738162826083,
        0.060459330356016916,
        0.008717526325358826,
        0.0057531527112227865,
        0.23828493386630833,
        0.04313966034117467,
        5.216583855327528e-05,
        0.24785478283848972,
        0.0040841867676086885,
        0.010028565526742694,
        0.04971905165315815,
        0.06291820777800461,
        -2.583868674577161e-10,
        0.0014065959655774618,
        0.006672887136845773,
        0.07462645158220238,
        0.008754491047560986,
        -1.1013376877144765e-09,
        0.11298341116299793,
        0.008330968081714185,
        -1.198579013816925e-10,
        -4.506115480751305e-10,
        0.11822265441304736,
        0.01001889097439923,
        2.246361946300901e-05,
        0.036412550425812706,
        -3.1092484142902777e-10,
        0.029869809337730646,
        -2.0030841429985458e-09,
        5.1668170743535136e-05,
        0.04723184220053489,
        0.11083255676380777,
        0.005955100157066462
      ],
      "n_iterations": 100
    }
  },
  "validation_assessment": {
    "distance": {
      "p_value": 0.009900990099009901,
      "z_score": 21.490632901469752,
      "significant": true,
      "n_permutations": 100,
      "interpretation": "Real signal significantly different from null (p = 0.0099)"
    },
    "phase": {
      "p_value": 0.009900990099009901,
      "z_score": 19.469289577339577,
      "significant": true,
      "n_permutations": 100,
      "interpretation": "Real signal significantly different from null (p = 0.0099)"
    }
  }
}