{
  "centers": [
    "esa_final",
    "igs_combined",
    "code"
  ],
  "n_centers": 3,
  "lambda_values": [
    3329.7779129995965,
    3768.172094585321,
    4548.589996454075
  ],
  "lambda_mean": 3882.1800013463308,
  "lambda_std": 504.0661833507461,
  "lambda_cv": 0.1298410128267976,
  "r2_values": [
    0.9701459935123946,
    0.9658709167990942,
    0.9204857128576932
  ],
  "r2_mean": 0.952167541056394,
  "r2_std": 0.022470317439311587,
  "consistency_passed": "True",
  "center_data": {
    "esa_final": {
      "lambda": 3329.7779129995965,
      "r_squared": 0.9701459935123946,
      "n_pairs": 10809084
    },
    "igs_combined": {
      "lambda": 3768.172094585321,
      "r_squared": 0.9658709167990942,
      "n_pairs": 12841178
    },
    "code": {
      "lambda": 4548.589996454075,
      "r_squared": 0.9204857128576932,
      "n_pairs": 39068753
    }
  }
}