[06:03:42] [INFO] 
[06:03:42] [INFO] ================================================================================
[06:03:42] [INFO] TEP GNSS Analysis Package v0.15 (Jaipur) - STEP 3.6: Multi-Band Frequency Validation
[06:03:42] [INFO] ================================================================================
[06:03:42] [INFO] 
[06:03:42] [INFO] MULTI-BAND FREQUENCY SPECTRUM ANALYSIS
[06:03:42] [INFO] Analyzing 14 frequency bands:
[06:03:42] [INFO]   tep_band: 10-500 µHz (TEP Band (10-500 µHz))
[06:03:42] [INFO]   tidal_diurnal: 10-20 µHz (Diurnal Tides (10-20 µHz))
[06:03:42] [INFO]   tidal_semidiurnal: 20-30 µHz (Semidiurnal Tides (20-30 µHz))
[06:03:42] [INFO]   post_tidal_30_40: 30-40 µHz (Post-Tidal 30-40 µHz)
[06:03:42] [INFO]   post_tidal_40_50: 40-50 µHz (Post-Tidal 40-50 µHz)
[06:03:42] [INFO]   post_tidal_50_75: 50-75 µHz (Post-Tidal 50-75 µHz)
[06:03:42] [INFO]   post_tidal_75_100: 75-100 µHz (Post-Tidal 75-100 µHz)
[06:03:42] [INFO]   intermediate_100_200: 100-200 µHz (Intermediate 100-200 µHz)
[06:03:42] [INFO]   intermediate_200_350: 200-350 µHz (Intermediate 200-350 µHz)
[06:03:42] [INFO]   intermediate_350_500: 350-500 µHz (Intermediate 350-500 µHz)
[06:03:42] [INFO]   transition_500_750: 500-750 µHz (Transition 500-750 µHz)
[06:03:42] [INFO]   transition_750_1000: 750-1000 µHz (Transition 750-1000 µHz)
[06:03:42] [INFO]   control_1000_1500: 1000-1500 µHz (Control 1000-1500 µHz)
[06:03:42] [INFO]   control_2000_3000: 2000-3000 µHz (Control 2000-3000 µHz)
[06:03:42] [INFO] ================================================================================
[06:03:42] [INFO] 
[06:03:42] [INFO] Processing analysis centers: CODE, IGS_COMBINED, ESA_FINAL
[06:03:42] [INFO] 
================================================================================
[06:03:42] [INFO] 
[06:03:42] [INFO] ================================================================================
[06:03:42] [INFO] Processing CODE
[06:03:42] [INFO] ================================================================================
[06:03:42] [INFO] 
[06:03:42] [SUCCESS] Starting multi-band frequency analysis for CODE
[06:03:42] [INFO] Analyzing 14 frequency bands:
[06:03:42] [INFO]   tep_band: 10-500 µHz (TEP Band (10-500 µHz))
[06:03:42] [INFO]   tidal_diurnal: 10-20 µHz (Diurnal Tides (10-20 µHz))
[06:03:42] [INFO]   tidal_semidiurnal: 20-30 µHz (Semidiurnal Tides (20-30 µHz))
[06:03:42] [INFO]   post_tidal_30_40: 30-40 µHz (Post-Tidal 30-40 µHz)
[06:03:42] [INFO]   post_tidal_40_50: 40-50 µHz (Post-Tidal 40-50 µHz)
[06:03:42] [INFO]   post_tidal_50_75: 50-75 µHz (Post-Tidal 50-75 µHz)
[06:03:42] [INFO]   post_tidal_75_100: 75-100 µHz (Post-Tidal 75-100 µHz)
[06:03:42] [INFO]   intermediate_100_200: 100-200 µHz (Intermediate 100-200 µHz)
[06:03:42] [INFO]   intermediate_200_350: 200-350 µHz (Intermediate 200-350 µHz)
[06:03:42] [INFO]   intermediate_350_500: 350-500 µHz (Intermediate 350-500 µHz)
[06:03:42] [INFO]   transition_500_750: 500-750 µHz (Transition 500-750 µHz)
[06:03:42] [INFO]   transition_750_1000: 750-1000 µHz (Transition 750-1000 µHz)
[06:03:42] [INFO]   control_1000_1500: 1000-1500 µHz (Control 1000-1500 µHz)
[06:03:42] [INFO]   control_2000_3000: 2000-3000 µHz (Control 2000-3000 µHz)
[06:03:42] [SUCCESS] Found 912 CLK files
[06:03:42] [PROCESS] Building distance cache for station pairs...
[06:03:42] [INFO] Distance cache: 1,000/293,761 pairs
[06:03:43] [INFO] Distance cache: 2,000/293,761 pairs
[06:03:43] [INFO] Distance cache: 3,000/293,761 pairs
[06:03:44] [INFO] Distance cache: 4,000/293,761 pairs
[06:03:44] [INFO] Distance cache: 5,000/293,761 pairs
[06:03:45] [INFO] Distance cache: 6,000/293,761 pairs
[06:03:45] [INFO] Distance cache: 7,000/293,761 pairs
[06:03:46] [INFO] Distance cache: 8,000/293,761 pairs
[06:03:46] [INFO] Distance cache: 9,000/293,761 pairs
[06:03:47] [INFO] Distance cache: 10,000/293,761 pairs
[06:03:47] [INFO] Distance cache: 11,000/293,761 pairs
[06:03:48] [INFO] Distance cache: 12,000/293,761 pairs
[06:03:48] [INFO] Distance cache: 13,000/293,761 pairs
[06:03:49] [INFO] Distance cache: 14,000/293,761 pairs
[06:03:49] [INFO] Distance cache: 15,000/293,761 pairs
[06:03:50] [INFO] Distance cache: 16,000/293,761 pairs
[06:03:50] [INFO] Distance cache: 17,000/293,761 pairs
[06:03:51] [INFO] Distance cache: 18,000/293,761 pairs
[06:03:51] [INFO] Distance cache: 19,000/293,761 pairs
[06:03:52] [INFO] Distance cache: 20,000/293,761 pairs
[06:03:52] [INFO] Distance cache: 21,000/293,761 pairs
[06:03:53] [INFO] Distance cache: 22,000/293,761 pairs
[06:03:53] [INFO] Distance cache: 23,000/293,761 pairs
[06:03:54] [INFO] Distance cache: 24,000/293,761 pairs
[06:03:54] [INFO] Distance cache: 25,000/293,761 pairs
[06:03:55] [INFO] Distance cache: 26,000/293,761 pairs
[06:03:55] [INFO] Distance cache: 27,000/293,761 pairs
[06:03:56] [INFO] Distance cache: 28,000/293,761 pairs
[06:03:56] [INFO] Distance cache: 29,000/293,761 pairs
[06:03:57] [INFO] Distance cache: 30,000/293,761 pairs
[06:03:57] [INFO] Distance cache: 31,000/293,761 pairs
[06:03:58] [INFO] Distance cache: 32,000/293,761 pairs
[06:03:58] [INFO] Distance cache: 33,000/293,761 pairs
[06:03:59] [INFO] Distance cache: 34,000/293,761 pairs
[06:03:59] [INFO] Distance cache: 35,000/293,761 pairs
[06:04:00] [INFO] Distance cache: 36,000/293,761 pairs
[06:04:00] [INFO] Distance cache: 37,000/293,761 pairs
[06:04:01] [INFO] Distance cache: 38,000/293,761 pairs
[06:04:01] [INFO] Distance cache: 39,000/293,761 pairs
[06:04:02] [INFO] Distance cache: 40,000/293,761 pairs
[06:04:02] [INFO] Distance cache: 41,000/293,761 pairs
[06:04:03] [INFO] Distance cache: 42,000/293,761 pairs
[06:04:03] [INFO] Distance cache: 43,000/293,761 pairs
[06:04:04] [INFO] Distance cache: 44,000/293,761 pairs
[06:04:04] [INFO] Distance cache: 45,000/293,761 pairs
[06:04:05] [INFO] Distance cache: 46,000/293,761 pairs
[06:04:05] [INFO] Distance cache: 47,000/293,761 pairs
[06:04:06] [INFO] Distance cache: 48,000/293,761 pairs
[06:04:06] [INFO] Distance cache: 49,000/293,761 pairs
[06:04:07] [INFO] Distance cache: 50,000/293,761 pairs
[06:04:07] [INFO] Distance cache: 51,000/293,761 pairs
[06:04:08] [INFO] Distance cache: 52,000/293,761 pairs
[06:04:08] [INFO] Distance cache: 53,000/293,761 pairs
[06:04:09] [INFO] Distance cache: 54,000/293,761 pairs
[06:04:09] [INFO] Distance cache: 55,000/293,761 pairs
[06:04:10] [INFO] Distance cache: 56,000/293,761 pairs
[06:04:10] [INFO] Distance cache: 57,000/293,761 pairs
[06:04:11] [INFO] Distance cache: 58,000/293,761 pairs
[06:04:11] [INFO] Distance cache: 59,000/293,761 pairs
[06:04:12] [INFO] Distance cache: 60,000/293,761 pairs
[06:04:12] [INFO] Distance cache: 61,000/293,761 pairs
[06:04:13] [INFO] Distance cache: 62,000/293,761 pairs
[06:04:13] [INFO] Distance cache: 63,000/293,761 pairs
[06:04:14] [INFO] Distance cache: 64,000/293,761 pairs
[06:04:14] [INFO] Distance cache: 65,000/293,761 pairs
[06:04:15] [INFO] Distance cache: 66,000/293,761 pairs
[06:04:15] [INFO] Distance cache: 67,000/293,761 pairs
[06:04:16] [INFO] Distance cache: 68,000/293,761 pairs
[06:04:16] [INFO] Distance cache: 69,000/293,761 pairs
[06:04:17] [INFO] Distance cache: 70,000/293,761 pairs
[06:04:17] [INFO] Distance cache: 71,000/293,761 pairs
[06:04:18] [INFO] Distance cache: 72,000/293,761 pairs
[06:04:18] [INFO] Distance cache: 73,000/293,761 pairs
[06:04:19] [INFO] Distance cache: 74,000/293,761 pairs
[06:04:19] [INFO] Distance cache: 75,000/293,761 pairs
[06:04:20] [INFO] Distance cache: 76,000/293,761 pairs
[06:04:20] [INFO] Distance cache: 77,000/293,761 pairs
[06:04:21] [INFO] Distance cache: 78,000/293,761 pairs
[06:04:21] [INFO] Distance cache: 79,000/293,761 pairs
[06:04:22] [INFO] Distance cache: 80,000/293,761 pairs
[06:04:22] [INFO] Distance cache: 81,000/293,761 pairs
[06:04:23] [INFO] Distance cache: 82,000/293,761 pairs
[06:04:23] [INFO] Distance cache: 83,000/293,761 pairs
[06:04:24] [INFO] Distance cache: 84,000/293,761 pairs
[06:04:24] [INFO] Distance cache: 85,000/293,761 pairs
[06:04:25] [INFO] Distance cache: 86,000/293,761 pairs
[06:04:25] [INFO] Distance cache: 87,000/293,761 pairs
[06:04:26] [INFO] Distance cache: 88,000/293,761 pairs
[06:04:26] [INFO] Distance cache: 89,000/293,761 pairs
[06:04:27] [INFO] Distance cache: 90,000/293,761 pairs
[06:04:27] [INFO] Distance cache: 91,000/293,761 pairs
[06:04:28] [INFO] Distance cache: 92,000/293,761 pairs
[06:04:28] [INFO] Distance cache: 93,000/293,761 pairs
[06:04:29] [INFO] Distance cache: 94,000/293,761 pairs
[06:04:29] [INFO] Distance cache: 95,000/293,761 pairs
[06:04:30] [INFO] Distance cache: 96,000/293,761 pairs
[06:04:30] [INFO] Distance cache: 97,000/293,761 pairs
[06:04:31] [INFO] Distance cache: 98,000/293,761 pairs
[06:04:31] [INFO] Distance cache: 99,000/293,761 pairs
[06:04:32] [INFO] Distance cache: 100,000/293,761 pairs
[06:04:32] [INFO] Distance cache: 101,000/293,761 pairs
[06:04:33] [INFO] Distance cache: 102,000/293,761 pairs
[06:04:33] [INFO] Distance cache: 103,000/293,761 pairs
[06:04:34] [INFO] Distance cache: 104,000/293,761 pairs
[06:04:34] [INFO] Distance cache: 105,000/293,761 pairs
[06:04:35] [INFO] Distance cache: 106,000/293,761 pairs
[06:04:35] [INFO] Distance cache: 107,000/293,761 pairs
[06:04:36] [INFO] Distance cache: 108,000/293,761 pairs
[06:04:36] [INFO] Distance cache: 109,000/293,761 pairs
[06:04:37] [INFO] Distance cache: 110,000/293,761 pairs
[06:04:37] [INFO] Distance cache: 111,000/293,761 pairs
[06:04:38] [INFO] Distance cache: 112,000/293,761 pairs
[06:04:38] [INFO] Distance cache: 113,000/293,761 pairs
[06:04:39] [INFO] Distance cache: 114,000/293,761 pairs
[06:04:39] [INFO] Distance cache: 115,000/293,761 pairs
[06:04:40] [INFO] Distance cache: 116,000/293,761 pairs
[06:04:40] [INFO] Distance cache: 117,000/293,761 pairs
[06:04:41] [INFO] Distance cache: 118,000/293,761 pairs
[06:04:41] [INFO] Distance cache: 119,000/293,761 pairs
[06:04:42] [INFO] Distance cache: 120,000/293,761 pairs
[06:04:42] [INFO] Distance cache: 121,000/293,761 pairs
[06:04:43] [INFO] Distance cache: 122,000/293,761 pairs
[06:04:43] [INFO] Distance cache: 123,000/293,761 pairs
[06:04:44] [INFO] Distance cache: 124,000/293,761 pairs
[06:04:44] [INFO] Distance cache: 125,000/293,761 pairs
[06:04:45] [INFO] Distance cache: 126,000/293,761 pairs
[06:04:45] [INFO] Distance cache: 127,000/293,761 pairs
[06:04:46] [INFO] Distance cache: 128,000/293,761 pairs
[06:04:46] [INFO] Distance cache: 129,000/293,761 pairs
[06:04:47] [INFO] Distance cache: 130,000/293,761 pairs
[06:04:47] [INFO] Distance cache: 131,000/293,761 pairs
[06:04:48] [INFO] Distance cache: 132,000/293,761 pairs
[06:04:48] [INFO] Distance cache: 133,000/293,761 pairs
[06:04:49] [INFO] Distance cache: 134,000/293,761 pairs
[06:04:49] [INFO] Distance cache: 135,000/293,761 pairs
[06:04:50] [INFO] Distance cache: 136,000/293,761 pairs
[06:04:50] [INFO] Distance cache: 137,000/293,761 pairs
[06:04:51] [INFO] Distance cache: 138,000/293,761 pairs
[06:04:51] [INFO] Distance cache: 139,000/293,761 pairs
[06:04:52] [INFO] Distance cache: 140,000/293,761 pairs
[06:04:52] [INFO] Distance cache: 141,000/293,761 pairs
[06:04:53] [INFO] Distance cache: 142,000/293,761 pairs
[06:04:53] [INFO] Distance cache: 143,000/293,761 pairs
[06:04:54] [INFO] Distance cache: 144,000/293,761 pairs
[06:04:54] [INFO] Distance cache: 145,000/293,761 pairs
[06:04:55] [INFO] Distance cache: 146,000/293,761 pairs
[06:04:55] [INFO] Distance cache: 147,000/293,761 pairs
[06:04:56] [INFO] Distance cache: 148,000/293,761 pairs
[06:04:56] [INFO] Distance cache: 149,000/293,761 pairs
[06:04:57] [INFO] Distance cache: 150,000/293,761 pairs
[06:04:57] [INFO] Distance cache: 151,000/293,761 pairs
[06:04:58] [INFO] Distance cache: 152,000/293,761 pairs
[06:04:58] [INFO] Distance cache: 153,000/293,761 pairs
[06:04:59] [INFO] Distance cache: 154,000/293,761 pairs
[06:04:59] [INFO] Distance cache: 155,000/293,761 pairs
[06:05:00] [INFO] Distance cache: 156,000/293,761 pairs
[06:05:00] [INFO] Distance cache: 157,000/293,761 pairs
[06:05:01] [INFO] Distance cache: 158,000/293,761 pairs
[06:05:01] [INFO] Distance cache: 159,000/293,761 pairs
[06:05:02] [INFO] Distance cache: 160,000/293,761 pairs
[06:05:02] [INFO] Distance cache: 161,000/293,761 pairs
[06:05:03] [INFO] Distance cache: 162,000/293,761 pairs
[06:05:03] [INFO] Distance cache: 163,000/293,761 pairs
[06:05:04] [INFO] Distance cache: 164,000/293,761 pairs
[06:05:04] [INFO] Distance cache: 165,000/293,761 pairs
[06:05:05] [INFO] Distance cache: 166,000/293,761 pairs
[06:05:05] [INFO] Distance cache: 167,000/293,761 pairs
[06:05:06] [INFO] Distance cache: 168,000/293,761 pairs
[06:05:06] [INFO] Distance cache: 169,000/293,761 pairs
[06:05:07] [INFO] Distance cache: 170,000/293,761 pairs
[06:05:07] [INFO] Distance cache: 171,000/293,761 pairs
[06:05:08] [INFO] Distance cache: 172,000/293,761 pairs
[06:05:08] [INFO] Distance cache: 173,000/293,761 pairs
[06:05:09] [INFO] Distance cache: 174,000/293,761 pairs
[06:05:09] [INFO] Distance cache: 175,000/293,761 pairs
[06:05:10] [INFO] Distance cache: 176,000/293,761 pairs
[06:05:10] [INFO] Distance cache: 177,000/293,761 pairs
[06:05:11] [INFO] Distance cache: 178,000/293,761 pairs
[06:05:11] [INFO] Distance cache: 179,000/293,761 pairs
[06:05:12] [INFO] Distance cache: 180,000/293,761 pairs
[06:05:12] [INFO] Distance cache: 181,000/293,761 pairs
[06:05:13] [INFO] Distance cache: 182,000/293,761 pairs
[06:05:13] [INFO] Distance cache: 183,000/293,761 pairs
[06:05:14] [INFO] Distance cache: 184,000/293,761 pairs
[06:05:14] [INFO] Distance cache: 185,000/293,761 pairs
[06:05:15] [INFO] Distance cache: 186,000/293,761 pairs
[06:05:15] [INFO] Distance cache: 187,000/293,761 pairs
[06:05:15] [INFO] Distance cache: 188,000/293,761 pairs
[06:05:16] [INFO] Distance cache: 189,000/293,761 pairs
[06:05:16] [INFO] Distance cache: 190,000/293,761 pairs
[06:05:17] [INFO] Distance cache: 191,000/293,761 pairs
[06:05:17] [INFO] Distance cache: 192,000/293,761 pairs
[06:05:18] [INFO] Distance cache: 193,000/293,761 pairs
[06:05:18] [INFO] Distance cache: 194,000/293,761 pairs
[06:05:19] [INFO] Distance cache: 195,000/293,761 pairs
[06:05:19] [INFO] Distance cache: 196,000/293,761 pairs
[06:05:20] [INFO] Distance cache: 197,000/293,761 pairs
[06:05:20] [INFO] Distance cache: 198,000/293,761 pairs
[06:05:21] [INFO] Distance cache: 199,000/293,761 pairs
[06:05:21] [INFO] Distance cache: 200,000/293,761 pairs
[06:05:22] [INFO] Distance cache: 201,000/293,761 pairs
[06:05:22] [INFO] Distance cache: 202,000/293,761 pairs
[06:05:23] [INFO] Distance cache: 203,000/293,761 pairs
[06:05:23] [INFO] Distance cache: 204,000/293,761 pairs
[06:05:24] [INFO] Distance cache: 205,000/293,761 pairs
[06:05:24] [INFO] Distance cache: 206,000/293,761 pairs
[06:05:25] [INFO] Distance cache: 207,000/293,761 pairs
[06:05:25] [INFO] Distance cache: 208,000/293,761 pairs
[06:05:26] [INFO] Distance cache: 209,000/293,761 pairs
[06:05:26] [INFO] Distance cache: 210,000/293,761 pairs
[06:05:27] [INFO] Distance cache: 211,000/293,761 pairs
[06:05:27] [INFO] Distance cache: 212,000/293,761 pairs
[06:05:28] [INFO] Distance cache: 213,000/293,761 pairs
[06:05:28] [INFO] Distance cache: 214,000/293,761 pairs
[06:05:29] [INFO] Distance cache: 215,000/293,761 pairs
[06:05:29] [INFO] Distance cache: 216,000/293,761 pairs
[06:05:30] [INFO] Distance cache: 217,000/293,761 pairs
[06:05:30] [INFO] Distance cache: 218,000/293,761 pairs
[06:05:31] [INFO] Distance cache: 219,000/293,761 pairs
[06:05:31] [INFO] Distance cache: 220,000/293,761 pairs
[06:05:32] [INFO] Distance cache: 221,000/293,761 pairs
[06:05:32] [INFO] Distance cache: 222,000/293,761 pairs
[06:05:33] [INFO] Distance cache: 223,000/293,761 pairs
[06:05:33] [INFO] Distance cache: 224,000/293,761 pairs
[06:05:34] [INFO] Distance cache: 225,000/293,761 pairs
[06:05:34] [INFO] Distance cache: 226,000/293,761 pairs
[06:05:35] [INFO] Distance cache: 227,000/293,761 pairs
[06:05:35] [INFO] Distance cache: 228,000/293,761 pairs
[06:05:36] [INFO] Distance cache: 229,000/293,761 pairs
[06:05:36] [INFO] Distance cache: 230,000/293,761 pairs
[06:05:37] [INFO] Distance cache: 231,000/293,761 pairs
[06:05:37] [INFO] Distance cache: 232,000/293,761 pairs
[06:05:38] [INFO] Distance cache: 233,000/293,761 pairs
[06:05:38] [INFO] Distance cache: 234,000/293,761 pairs
[06:05:39] [INFO] Distance cache: 235,000/293,761 pairs
[06:05:39] [INFO] Distance cache: 236,000/293,761 pairs
[06:05:40] [INFO] Distance cache: 237,000/293,761 pairs
[06:05:40] [INFO] Distance cache: 238,000/293,761 pairs
[06:05:41] [INFO] Distance cache: 239,000/293,761 pairs
[06:05:41] [INFO] Distance cache: 240,000/293,761 pairs
[06:05:42] [INFO] Distance cache: 241,000/293,761 pairs
[06:05:42] [INFO] Distance cache: 242,000/293,761 pairs
[06:05:43] [INFO] Distance cache: 243,000/293,761 pairs
[06:05:43] [INFO] Distance cache: 244,000/293,761 pairs
[06:05:44] [INFO] Distance cache: 245,000/293,761 pairs
[06:05:44] [INFO] Distance cache: 246,000/293,761 pairs
[06:05:45] [INFO] Distance cache: 247,000/293,761 pairs
[06:05:45] [INFO] Distance cache: 248,000/293,761 pairs
[06:05:46] [INFO] Distance cache: 249,000/293,761 pairs
[06:05:46] [INFO] Distance cache: 250,000/293,761 pairs
[06:05:47] [INFO] Distance cache: 251,000/293,761 pairs
[06:05:47] [INFO] Distance cache: 252,000/293,761 pairs
[06:05:48] [INFO] Distance cache: 253,000/293,761 pairs
[06:05:48] [INFO] Distance cache: 254,000/293,761 pairs
[06:05:49] [INFO] Distance cache: 255,000/293,761 pairs
[06:05:49] [INFO] Distance cache: 256,000/293,761 pairs
[06:05:50] [INFO] Distance cache: 257,000/293,761 pairs
[06:05:50] [INFO] Distance cache: 258,000/293,761 pairs
[06:05:51] [INFO] Distance cache: 259,000/293,761 pairs
[06:05:51] [INFO] Distance cache: 260,000/293,761 pairs
[06:05:52] [INFO] Distance cache: 261,000/293,761 pairs
[06:05:52] [INFO] Distance cache: 262,000/293,761 pairs
[06:05:53] [INFO] Distance cache: 263,000/293,761 pairs
[06:05:53] [INFO] Distance cache: 264,000/293,761 pairs
[06:05:54] [INFO] Distance cache: 265,000/293,761 pairs
[06:05:54] [INFO] Distance cache: 266,000/293,761 pairs
[06:05:55] [INFO] Distance cache: 267,000/293,761 pairs
[06:05:55] [INFO] Distance cache: 268,000/293,761 pairs
[06:05:56] [INFO] Distance cache: 269,000/293,761 pairs
[06:05:56] [INFO] Distance cache: 270,000/293,761 pairs
[06:05:57] [INFO] Distance cache: 271,000/293,761 pairs
[06:05:57] [INFO] Distance cache: 272,000/293,761 pairs
[06:05:58] [INFO] Distance cache: 273,000/293,761 pairs
[06:05:58] [INFO] Distance cache: 274,000/293,761 pairs
[06:05:59] [INFO] Distance cache: 275,000/293,761 pairs
[06:05:59] [INFO] Distance cache: 276,000/293,761 pairs
[06:06:00] [INFO] Distance cache: 277,000/293,761 pairs
[06:06:00] [INFO] Distance cache: 278,000/293,761 pairs
[06:06:01] [INFO] Distance cache: 279,000/293,761 pairs
[06:06:01] [INFO] Distance cache: 280,000/293,761 pairs
[06:06:02] [INFO] Distance cache: 281,000/293,761 pairs
[06:06:02] [INFO] Distance cache: 282,000/293,761 pairs
[06:06:03] [INFO] Distance cache: 283,000/293,761 pairs
[06:06:03] [INFO] Distance cache: 284,000/293,761 pairs
[06:06:04] [INFO] Distance cache: 285,000/293,761 pairs
[06:06:04] [INFO] Distance cache: 286,000/293,761 pairs
[06:06:05] [INFO] Distance cache: 287,000/293,761 pairs
[06:06:05] [INFO] Distance cache: 288,000/293,761 pairs
[06:06:06] [INFO] Distance cache: 289,000/293,761 pairs
[06:06:06] [INFO] Distance cache: 290,000/293,761 pairs
[06:06:07] [INFO] Distance cache: 291,000/293,761 pairs
[06:06:07] [INFO] Distance cache: 292,000/293,761 pairs
[06:06:08] [INFO] Distance cache: 293,000/293,761 pairs
[06:06:08] [SUCCESS] Distance cache built: 293,761 station pairs
[06:06:08] [SUCCESS] Using 96 parallel workers
[06:06:08] [INFO] Streaming files to: /mnt/data/results/tmp/streaming
[06:06:08] [PROCESS] Starting optimized parallel processing...
[06:06:08] [PROCESS] Initializing persistent worker pool with 96 workers...
[06:06:08] [PROCESS] Processing batch 1: 28 files (Memory: 2.3%)
[06:07:50] [INFO] File 1/912: COD0OPSFIN_20230130000_01D_30S_CLK.CLK.gz → 518,457 pairs | Total: 518,457 pairs
[06:07:53] [INFO] File 2/912: COD0OPSFIN_20230060000_01D_30S_CLK.CLK.gz → 538,401 pairs | Total: 1,056,858 pairs
[06:07:56] [INFO] File 3/912: COD0OPSFIN_20230050000_01D_30S_CLK.CLK.gz → 551,999 pairs | Total: 1,608,857 pairs
[06:07:59] [INFO] File 4/912: COD0OPSFIN_20230140000_01D_30S_CLK.CLK.gz → 554,646 pairs | Total: 2,163,503 pairs
[06:08:01] [INFO] File 5/912: COD0OPSFIN_20230090000_01D_30S_CLK.CLK.gz → 548,821 pairs | Total: 2,712,324 pairs
[06:08:04] [INFO] File 6/912: COD0OPSFIN_20230040000_01D_30S_CLK.CLK.gz → 553,478 pairs | Total: 3,265,802 pairs
[06:08:07] [INFO] File 7/912: COD0OPSFIN_20230030000_01D_30S_CLK.CLK.gz → 557,571 pairs | Total: 3,823,373 pairs
[06:08:10] [INFO] File 8/912: COD0OPSFIN_20230270000_01D_30S_CLK.CLK.gz → 564,605 pairs | Total: 4,387,978 pairs
[06:08:13] [INFO] File 9/912: COD0OPSFIN_20230020000_01D_30S_CLK.CLK.gz → 558,748 pairs | Total: 4,946,726 pairs
[06:08:16] [INFO] File 10/912: COD0OPSFIN_20230070000_01D_30S_CLK.CLK.gz → 570,243 pairs | Total: 5,516,969 pairs
[06:08:19] [INFO] File 11/912: COD0OPSFIN_20230210000_01D_30S_CLK.CLK.gz → 561,388 pairs | Total: 6,078,357 pairs
[06:08:21] [INFO] File 12/912: COD0OPSFIN_20230010000_01D_30S_CLK.CLK.gz → 561,986 pairs | Total: 6,640,343 pairs
[06:08:24] [INFO] File 13/912: COD0OPSFIN_20230220000_01D_30S_CLK.CLK.gz → 566,990 pairs | Total: 7,207,333 pairs
[06:08:27] [INFO] File 14/912: COD0OPSFIN_20230100000_01D_30S_CLK.CLK.gz → 574,696 pairs | Total: 7,782,029 pairs
[06:08:30] [INFO] File 15/912: COD0OPSFIN_20230200000_01D_30S_CLK.CLK.gz → 564,042 pairs | Total: 8,346,071 pairs
[06:08:33] [INFO] File 16/912: COD0OPSFIN_20230150000_01D_30S_CLK.CLK.gz → 574,392 pairs | Total: 8,920,463 pairs
[06:08:36] [INFO] File 17/912: COD0OPSFIN_20230080000_01D_30S_CLK.CLK.gz → 570,831 pairs | Total: 9,491,294 pairs
[06:08:39] [INFO] File 18/912: COD0OPSFIN_20230280000_01D_30S_CLK.CLK.gz → 570,241 pairs | Total: 10,061,535 pairs
[06:08:42] [INFO] File 19/912: COD0OPSFIN_20230240000_01D_30S_CLK.CLK.gz → 572,912 pairs | Total: 10,634,447 pairs
[06:08:45] [INFO] File 20/912: COD0OPSFIN_20230230000_01D_30S_CLK.CLK.gz → 556,991 pairs | Total: 11,191,438 pairs
[06:08:48] [INFO] File 21/912: COD0OPSFIN_20230260000_01D_30S_CLK.CLK.gz → 571,402 pairs | Total: 11,762,840 pairs
[06:08:51] [INFO] File 22/912: COD0OPSFIN_20230250000_01D_30S_CLK.CLK.gz → 581,853 pairs | Total: 12,344,693 pairs
[06:08:54] [INFO] File 23/912: COD0OPSFIN_20230110000_01D_30S_CLK.CLK.gz → 578,270 pairs | Total: 12,922,963 pairs
[06:08:57] [INFO] File 24/912: COD0OPSFIN_20230170000_01D_30S_CLK.CLK.gz → 580,935 pairs | Total: 13,503,898 pairs
[06:09:00] [INFO] File 25/912: COD0OPSFIN_20230120000_01D_30S_CLK.CLK.gz → 573,508 pairs | Total: 14,077,406 pairs
[06:09:03] [INFO] File 26/912: COD0OPSFIN_20230160000_01D_30S_CLK.CLK.gz → 576,465 pairs | Total: 14,653,871 pairs
[06:09:06] [INFO] File 27/912: COD0OPSFIN_20230180000_01D_30S_CLK.CLK.gz → 586,361 pairs | Total: 15,240,232 pairs
[06:09:09] [INFO] File 28/912: COD0OPSFIN_20230190000_01D_30S_CLK.CLK.gz → 584,853 pairs | Total: 15,825,085 pairs
[06:09:10] [INFO] Batch 1 complete. Memory: 13.3% → 13.3%
[06:09:10] [PROCESS] Processing batch 2: 28 files (Memory: 13.3%)
[06:10:55] [INFO] File 29/912: COD0OPSFIN_20230560000_01D_30S_CLK.CLK.gz → 553,489 pairs | Total: 16,378,574 pairs
[06:10:58] [INFO] File 30/912: COD0OPSFIN_20230320000_01D_30S_CLK.CLK.gz → 556,415 pairs | Total: 16,934,989 pairs
[06:11:01] [INFO] File 31/912: COD0OPSFIN_20230350000_01D_30S_CLK.CLK.gz → 562,277 pairs | Total: 17,497,266 pairs
[06:11:04] [INFO] File 32/912: COD0OPSFIN_20230330000_01D_30S_CLK.CLK.gz → 560,804 pairs | Total: 18,058,070 pairs
[06:11:07] [INFO] File 33/912: COD0OPSFIN_20230340000_01D_30S_CLK.CLK.gz → 561,683 pairs | Total: 18,619,753 pairs
[06:11:09] [INFO] File 34/912: COD0OPSFIN_20230550000_01D_30S_CLK.CLK.gz → 557,274 pairs | Total: 19,177,027 pairs
[06:11:12] [INFO] File 35/912: COD0OPSFIN_20230400000_01D_30S_CLK.CLK.gz → 560,513 pairs | Total: 19,737,540 pairs
[06:11:15] [INFO] File 36/912: COD0OPSFIN_20230410000_01D_30S_CLK.CLK.gz → 565,446 pairs | Total: 20,302,986 pairs
[06:11:18] [INFO] File 37/912: COD0OPSFIN_20230360000_01D_30S_CLK.CLK.gz → 575,296 pairs | Total: 20,878,282 pairs
[06:11:21] [INFO] File 38/912: COD0OPSFIN_20230290000_01D_30S_CLK.CLK.gz → 589,662 pairs | Total: 21,467,944 pairs
[06:11:24] [INFO] File 39/912: COD0OPSFIN_20230480000_01D_30S_CLK.CLK.gz → 563,755 pairs | Total: 22,031,699 pairs
[06:11:27] [INFO] File 40/912: COD0OPSFIN_20230370000_01D_30S_CLK.CLK.gz → 571,414 pairs | Total: 22,603,113 pairs
[06:11:30] [INFO] File 41/912: COD0OPSFIN_20230310000_01D_30S_CLK.CLK.gz → 583,059 pairs | Total: 23,186,172 pairs
[06:11:33] [INFO] File 42/912: COD0OPSFIN_20230440000_01D_30S_CLK.CLK.gz → 574,384 pairs | Total: 23,760,556 pairs
[06:11:36] [INFO] File 43/912: COD0OPSFIN_20230540000_01D_30S_CLK.CLK.gz → 585,157 pairs | Total: 24,345,713 pairs
[06:11:39] [INFO] File 44/912: COD0OPSFIN_20230510000_01D_30S_CLK.CLK.gz → 590,576 pairs | Total: 24,936,289 pairs
[06:11:42] [INFO] File 45/912: COD0OPSFIN_20230490000_01D_30S_CLK.CLK.gz → 580,968 pairs | Total: 25,517,257 pairs
[06:11:45] [INFO] File 46/912: COD0OPSFIN_20230300000_01D_30S_CLK.CLK.gz → 592,979 pairs | Total: 26,110,236 pairs
[06:11:48] [INFO] File 47/912: COD0OPSFIN_20230420000_01D_30S_CLK.CLK.gz → 583,649 pairs | Total: 26,693,885 pairs
[06:11:51] [INFO] File 48/912: COD0OPSFIN_20230380000_01D_30S_CLK.CLK.gz → 576,524 pairs | Total: 27,270,409 pairs
[06:11:54] [INFO] File 49/912: COD0OPSFIN_20230500000_01D_30S_CLK.CLK.gz → 593,573 pairs | Total: 27,863,982 pairs
[06:11:57] [INFO] File 50/912: COD0OPSFIN_20230460000_01D_30S_CLK.CLK.gz → 593,874 pairs | Total: 28,457,856 pairs
[06:12:00] [INFO] File 51/912: COD0OPSFIN_20230430000_01D_30S_CLK.CLK.gz → 591,480 pairs | Total: 29,049,336 pairs
[06:12:03] [INFO] File 52/912: COD0OPSFIN_20230530000_01D_30S_CLK.CLK.gz → 586,615 pairs | Total: 29,635,951 pairs
[06:12:06] [INFO] File 53/912: COD0OPSFIN_20230470000_01D_30S_CLK.CLK.gz → 599,051 pairs | Total: 30,235,002 pairs
[06:12:09] [INFO] File 54/912: COD0OPSFIN_20230390000_01D_30S_CLK.CLK.gz → 601,733 pairs | Total: 30,836,735 pairs
[06:12:12] [INFO] File 55/912: COD0OPSFIN_20230520000_01D_30S_CLK.CLK.gz → 601,439 pairs | Total: 31,438,174 pairs
[06:12:15] [INFO] File 56/912: COD0OPSFIN_20230450000_01D_30S_CLK.CLK.gz → 610,004 pairs | Total: 32,048,178 pairs
[06:12:16] [INFO] Batch 2 complete. Memory: 17.9% → 18.0%
[06:12:16] [PROCESS] Processing batch 3: 28 files (Memory: 18.0%)
[06:13:59] [INFO] File 57/912: COD0OPSFIN_20230830000_01D_30S_CLK.CLK.gz → 532,694 pairs | Total: 32,580,872 pairs
[06:14:04] [INFO] File 58/912: COD0OPSFIN_20230750000_01D_30S_CLK.CLK.gz → 558,451 pairs | Total: 33,139,323 pairs
[06:14:07] [INFO] File 59/912: COD0OPSFIN_20230840000_01D_30S_CLK.CLK.gz → 554,948 pairs | Total: 33,694,271 pairs
[06:14:09] [INFO] File 60/912: COD0OPSFIN_20230820000_01D_30S_CLK.CLK.gz → 561,693 pairs | Total: 34,255,964 pairs
[06:14:12] [INFO] File 61/912: COD0OPSFIN_20230620000_01D_30S_CLK.CLK.gz → 568,743 pairs | Total: 34,824,707 pairs
[06:14:15] [INFO] File 62/912: COD0OPSFIN_20230630000_01D_30S_CLK.CLK.gz → 573,509 pairs | Total: 35,398,216 pairs
[06:14:18] [INFO] File 63/912: COD0OPSFIN_20230760000_01D_30S_CLK.CLK.gz → 576,172 pairs | Total: 35,974,388 pairs
[06:14:21] [INFO] File 64/912: COD0OPSFIN_20230740000_01D_30S_CLK.CLK.gz → 574,990 pairs | Total: 36,549,378 pairs
[06:14:24] [INFO] File 65/912: COD0OPSFIN_20230770000_01D_30S_CLK.CLK.gz → 569,056 pairs | Total: 37,118,434 pairs
[06:14:26] [INFO] File 66/912: COD0OPSFIN_20230650000_01D_30S_CLK.CLK.gz → 580,939 pairs | Total: 37,699,373 pairs
[06:14:29] [INFO] File 67/912: COD0OPSFIN_20230680000_01D_30S_CLK.CLK.gz → 576,763 pairs | Total: 38,276,136 pairs
[06:14:32] [INFO] File 68/912: COD0OPSFIN_20230600000_01D_30S_CLK.CLK.gz → 580,665 pairs | Total: 38,856,801 pairs
[06:14:35] [INFO] File 69/912: COD0OPSFIN_20230610000_01D_30S_CLK.CLK.gz → 567,877 pairs | Total: 39,424,678 pairs
[06:14:38] [INFO] File 70/912: COD0OPSFIN_20230730000_01D_30S_CLK.CLK.gz → 590,858 pairs | Total: 40,015,536 pairs
[06:14:41] [INFO] File 71/912: COD0OPSFIN_20230640000_01D_30S_CLK.CLK.gz → 579,172 pairs | Total: 40,594,708 pairs
[06:14:44] [INFO] File 72/912: COD0OPSFIN_20230810000_01D_30S_CLK.CLK.gz → 589,919 pairs | Total: 41,184,627 pairs
[06:14:47] [INFO] File 73/912: COD0OPSFIN_20230590000_01D_30S_CLK.CLK.gz → 582,133 pairs | Total: 41,766,760 pairs
[06:14:50] [INFO] File 74/912: COD0OPSFIN_20230580000_01D_30S_CLK.CLK.gz → 580,019 pairs | Total: 42,346,779 pairs
[06:14:53] [INFO] File 75/912: COD0OPSFIN_20230790000_01D_30S_CLK.CLK.gz → 595,996 pairs | Total: 42,942,775 pairs
[06:14:56] [INFO] File 76/912: COD0OPSFIN_20230710000_01D_30S_CLK.CLK.gz → 597,819 pairs | Total: 43,540,594 pairs
[06:14:59] [INFO] File 77/912: COD0OPSFIN_20230670000_01D_30S_CLK.CLK.gz → 581,558 pairs | Total: 44,122,152 pairs
[06:15:03] [INFO] File 78/912: COD0OPSFIN_20230660000_01D_30S_CLK.CLK.gz → 586,350 pairs | Total: 44,708,502 pairs
[06:15:05] [INFO] File 79/912: COD0OPSFIN_20230690000_01D_30S_CLK.CLK.gz → 566,105 pairs | Total: 45,274,607 pairs
[06:15:08] [INFO] File 80/912: COD0OPSFIN_20230780000_01D_30S_CLK.CLK.gz → 598,722 pairs | Total: 45,873,329 pairs
[06:15:12] [INFO] File 81/912: COD0OPSFIN_20230700000_01D_30S_CLK.CLK.gz → 589,065 pairs | Total: 46,462,394 pairs
[06:15:15] [INFO] File 82/912: COD0OPSFIN_20230800000_01D_30S_CLK.CLK.gz → 592,965 pairs | Total: 47,055,359 pairs
[06:15:18] [INFO] File 83/912: COD0OPSFIN_20230570000_01D_30S_CLK.CLK.gz → 598,114 pairs | Total: 47,653,473 pairs
[06:15:21] [INFO] File 84/912: COD0OPSFIN_20230720000_01D_30S_CLK.CLK.gz → 592,375 pairs | Total: 48,245,848 pairs
[06:15:21] [INFO] Batch 3 complete. Memory: 22.5% → 22.5%
[06:15:21] [PROCESS] Processing batch 4: 28 files (Memory: 22.5%)
[06:17:08] [INFO] File 85/912: COD0OPSFIN_20230890000_01D_30S_CLK.CLK.gz → 548,242 pairs | Total: 48,794,090 pairs
[06:17:11] [INFO] File 86/912: COD0OPSFIN_20230960000_01D_30S_CLK.CLK.gz → 545,582 pairs | Total: 49,339,672 pairs
[06:17:14] [INFO] File 87/912: COD0OPSFIN_20230900000_01D_30S_CLK.CLK.gz → 569,068 pairs | Total: 49,908,740 pairs
[06:17:17] [INFO] File 88/912: COD0OPSFIN_20230980000_01D_30S_CLK.CLK.gz → 580,670 pairs | Total: 50,489,410 pairs
[06:17:20] [INFO] File 89/912: COD0OPSFIN_20231000000_01D_30S_CLK.CLK.gz → 585,444 pairs | Total: 51,074,854 pairs
[06:17:22] [INFO] File 90/912: COD0OPSFIN_20230970000_01D_30S_CLK.CLK.gz → 569,642 pairs | Total: 51,644,496 pairs
[06:17:25] [INFO] File 91/912: COD0OPSFIN_20230990000_01D_30S_CLK.CLK.gz → 594,483 pairs | Total: 52,238,979 pairs
[06:17:28] [INFO] File 92/912: COD0OPSFIN_20230910000_01D_30S_CLK.CLK.gz → 565,518 pairs | Total: 52,804,497 pairs
[06:17:31] [INFO] File 93/912: COD0OPSFIN_20230940000_01D_30S_CLK.CLK.gz → 577,359 pairs | Total: 53,381,856 pairs
[06:17:34] [INFO] File 94/912: COD0OPSFIN_20230850000_01D_30S_CLK.CLK.gz → 581,855 pairs | Total: 53,963,711 pairs
[06:17:37] [INFO] File 95/912: COD0OPSFIN_20230950000_01D_30S_CLK.CLK.gz → 561,381 pairs | Total: 54,525,092 pairs
[06:17:40] [INFO] File 96/912: COD0OPSFIN_20231090000_01D_30S_CLK.CLK.gz → 596,017 pairs | Total: 55,121,109 pairs
[06:17:43] [INFO] File 97/912: COD0OPSFIN_20230880000_01D_30S_CLK.CLK.gz → 590,556 pairs | Total: 55,711,665 pairs
[06:17:46] [INFO] File 98/912: COD0OPSFIN_20230930000_01D_30S_CLK.CLK.gz → 580,662 pairs | Total: 56,292,327 pairs
[06:17:49] [INFO] File 99/912: COD0OPSFIN_20230870000_01D_30S_CLK.CLK.gz → 589,948 pairs | Total: 56,882,275 pairs
[06:17:52] [INFO] File 100/912: COD0OPSFIN_20230920000_01D_30S_CLK.CLK.gz → 577,368 pairs | Total: 57,459,643 pairs
[06:17:55] [INFO] File 101/912: COD0OPSFIN_20231040000_01D_30S_CLK.CLK.gz → 595,082 pairs | Total: 58,054,725 pairs
[06:17:58] [INFO] File 102/912: COD0OPSFIN_20231110000_01D_30S_CLK.CLK.gz → 589,358 pairs | Total: 58,644,083 pairs
[06:18:01] [INFO] File 103/912: COD0OPSFIN_20231050000_01D_30S_CLK.CLK.gz → 600,555 pairs | Total: 59,244,638 pairs
[06:18:04] [INFO] File 104/912: COD0OPSFIN_20231070000_01D_30S_CLK.CLK.gz → 599,938 pairs | Total: 59,844,576 pairs
[06:18:07] [INFO] File 105/912: COD0OPSFIN_20231020000_01D_30S_CLK.CLK.gz → 597,502 pairs | Total: 60,442,078 pairs
[06:18:11] [INFO] File 106/912: COD0OPSFIN_20231010000_01D_30S_CLK.CLK.gz → 592,632 pairs | Total: 61,034,710 pairs
[06:18:14] [INFO] File 107/912: COD0OPSFIN_20230860000_01D_30S_CLK.CLK.gz → 596,318 pairs | Total: 61,631,028 pairs
[06:18:17] [INFO] File 108/912: COD0OPSFIN_20231120000_01D_30S_CLK.CLK.gz → 608,790 pairs | Total: 62,239,818 pairs
[06:18:20] [INFO] File 109/912: COD0OPSFIN_20231030000_01D_30S_CLK.CLK.gz → 617,066 pairs | Total: 62,856,884 pairs
[06:18:23] [INFO] File 110/912: COD0OPSFIN_20231100000_01D_30S_CLK.CLK.gz → 605,422 pairs | Total: 63,462,306 pairs
[06:18:27] [INFO] File 111/912: COD0OPSFIN_20231060000_01D_30S_CLK.CLK.gz → 612,775 pairs | Total: 64,075,081 pairs
[06:18:30] [INFO] File 112/912: COD0OPSFIN_20231080000_01D_30S_CLK.CLK.gz → 609,706 pairs | Total: 64,684,787 pairs
[06:18:30] [INFO] Batch 4 complete. Memory: 24.9% → 24.9%
[06:18:30] [PROCESS] Processing batch 5: 28 files (Memory: 24.9%)
[06:20:21] [INFO] File 113/912: COD0OPSFIN_20231260000_01D_30S_CLK.CLK.gz → 581,538 pairs | Total: 65,266,325 pairs
[06:20:24] [INFO] File 114/912: COD0OPSFIN_20231180000_01D_30S_CLK.CLK.gz → 584,246 pairs | Total: 65,850,571 pairs
[06:20:27] [INFO] File 115/912: COD0OPSFIN_20231140000_01D_30S_CLK.CLK.gz → 593,876 pairs | Total: 66,444,447 pairs
[06:20:30] [INFO] File 116/912: COD0OPSFIN_20231130000_01D_30S_CLK.CLK.gz → 585,752 pairs | Total: 67,030,199 pairs
[06:20:33] [INFO] File 117/912: COD0OPSFIN_20231250000_01D_30S_CLK.CLK.gz → 596,000 pairs | Total: 67,626,199 pairs
[06:20:36] [INFO] File 118/912: COD0OPSFIN_20231370000_01D_30S_CLK.CLK.gz → 593,885 pairs | Total: 68,220,084 pairs
[06:20:39] [INFO] File 119/912: COD0OPSFIN_20231200000_01D_30S_CLK.CLK.gz → 608,786 pairs | Total: 68,828,870 pairs
[06:20:42] [INFO] File 120/912: COD0OPSFIN_20231400000_01D_30S_CLK.CLK.gz → 598,424 pairs | Total: 69,427,294 pairs
[06:20:45] [INFO] File 121/912: COD0OPSFIN_20231210000_01D_30S_CLK.CLK.gz → 600,863 pairs | Total: 70,028,157 pairs
[06:20:48] [INFO] File 122/912: COD0OPSFIN_20231170000_01D_30S_CLK.CLK.gz → 595,998 pairs | Total: 70,624,155 pairs
[06:20:51] [INFO] File 123/912: COD0OPSFIN_20231230000_01D_30S_CLK.CLK.gz → 604,816 pairs | Total: 71,228,971 pairs
[06:20:54] [INFO] File 124/912: COD0OPSFIN_20231390000_01D_30S_CLK.CLK.gz → 606,629 pairs | Total: 71,835,600 pairs
[06:20:57] [INFO] File 125/912: COD0OPSFIN_20231330000_01D_30S_CLK.CLK.gz → 601,161 pairs | Total: 72,436,761 pairs
[06:21:00] [INFO] File 126/912: COD0OPSFIN_20231190000_01D_30S_CLK.CLK.gz → 608,181 pairs | Total: 73,044,942 pairs
[06:21:04] [INFO] File 127/912: COD0OPSFIN_20231220000_01D_30S_CLK.CLK.gz → 610,312 pairs | Total: 73,655,254 pairs
[06:21:07] [INFO] File 128/912: COD0OPSFIN_20231240000_01D_30S_CLK.CLK.gz → 603,293 pairs | Total: 74,258,547 pairs
[06:21:10] [INFO] File 129/912: COD0OPSFIN_20231270000_01D_30S_CLK.CLK.gz → 605,425 pairs | Total: 74,863,972 pairs
[06:21:13] [INFO] File 130/912: COD0OPSFIN_20231380000_01D_30S_CLK.CLK.gz → 611,541 pairs | Total: 75,475,513 pairs
[06:21:16] [INFO] File 131/912: COD0OPSFIN_20231320000_01D_30S_CLK.CLK.gz → 597,778 pairs | Total: 76,073,291 pairs
[06:21:19] [INFO] File 132/912: COD0OPSFIN_20231340000_01D_30S_CLK.CLK.gz → 609,698 pairs | Total: 76,682,989 pairs
[06:21:22] [INFO] File 133/912: COD0OPSFIN_20231310000_01D_30S_CLK.CLK.gz → 610,622 pairs | Total: 77,293,611 pairs
[06:21:26] [INFO] File 134/912: COD0OPSFIN_20231280000_01D_30S_CLK.CLK.gz → 615,524 pairs | Total: 77,909,135 pairs
[06:21:29] [INFO] File 135/912: COD0OPSFIN_20231300000_01D_30S_CLK.CLK.gz → 621,080 pairs | Total: 78,530,215 pairs
[06:21:32] [INFO] File 136/912: COD0OPSFIN_20231360000_01D_30S_CLK.CLK.gz → 615,243 pairs | Total: 79,145,458 pairs
[06:21:36] [INFO] File 137/912: COD0OPSFIN_20231160000_01D_30S_CLK.CLK.gz → 620,469 pairs | Total: 79,765,927 pairs
[06:21:38] [INFO] File 138/912: COD0OPSFIN_20231150000_01D_30S_CLK.CLK.gz → 613,994 pairs | Total: 80,379,921 pairs
[06:21:42] [INFO] File 139/912: COD0OPSFIN_20231290000_01D_30S_CLK.CLK.gz → 624,193 pairs | Total: 81,004,114 pairs
[06:21:45] [INFO] File 140/912: COD0OPSFIN_20231350000_01D_30S_CLK.CLK.gz → 624,476 pairs | Total: 81,628,590 pairs
[06:21:46] [INFO] Batch 5 complete. Memory: 25.7% → 25.7%
[06:21:46] [PROCESS] Processing batch 6: 28 files (Memory: 25.7%)
[06:23:36] [INFO] File 141/912: COD0OPSFIN_20231480000_01D_30S_CLK.CLK.gz → 583,958 pairs | Total: 82,212,548 pairs
[06:23:39] [INFO] File 142/912: COD0OPSFIN_20231460000_01D_30S_CLK.CLK.gz → 589,050 pairs | Total: 82,801,598 pairs
[06:23:42] [INFO] File 143/912: COD0OPSFIN_20231470000_01D_30S_CLK.CLK.gz → 586,661 pairs | Total: 83,388,259 pairs
[06:23:44] [INFO] File 144/912: COD0OPSFIN_20231600000_01D_30S_CLK.CLK.gz → 584,822 pairs | Total: 83,973,081 pairs
[06:23:47] [INFO] File 145/912: COD0OPSFIN_20231670000_01D_30S_CLK.CLK.gz → 580,952 pairs | Total: 84,554,033 pairs
[06:23:50] [INFO] File 146/912: COD0OPSFIN_20231610000_01D_30S_CLK.CLK.gz → 574,098 pairs | Total: 85,128,131 pairs
[06:23:53] [INFO] File 147/912: COD0OPSFIN_20231450000_01D_30S_CLK.CLK.gz → 587,850 pairs | Total: 85,715,981 pairs
[06:23:56] [INFO] File 148/912: COD0OPSFIN_20231420000_01D_30S_CLK.CLK.gz → 591,776 pairs | Total: 86,307,757 pairs
[06:23:59] [INFO] File 149/912: COD0OPSFIN_20231520000_01D_30S_CLK.CLK.gz → 586,660 pairs | Total: 86,894,417 pairs
[06:24:02] [INFO] File 150/912: COD0OPSFIN_20231490000_01D_30S_CLK.CLK.gz → 591,475 pairs | Total: 87,485,892 pairs
[06:24:05] [INFO] File 151/912: COD0OPSFIN_20231510000_01D_30S_CLK.CLK.gz → 591,770 pairs | Total: 88,077,662 pairs
[06:24:08] [INFO] File 152/912: COD0OPSFIN_20231500000_01D_30S_CLK.CLK.gz → 592,666 pairs | Total: 88,670,328 pairs
[06:24:11] [INFO] File 153/912: COD0OPSFIN_20231530000_01D_30S_CLK.CLK.gz → 602,974 pairs | Total: 89,273,302 pairs
[06:24:14] [INFO] File 154/912: COD0OPSFIN_20231440000_01D_30S_CLK.CLK.gz → 588,159 pairs | Total: 89,861,461 pairs
[06:24:17] [INFO] File 155/912: COD0OPSFIN_20231430000_01D_30S_CLK.CLK.gz → 604,809 pairs | Total: 90,466,270 pairs
[06:24:20] [INFO] File 156/912: COD0OPSFIN_20231590000_01D_30S_CLK.CLK.gz → 613,070 pairs | Total: 91,079,340 pairs
[06:24:23] [INFO] File 157/912: COD0OPSFIN_20231620000_01D_30S_CLK.CLK.gz → 595,083 pairs | Total: 91,674,423 pairs
[06:24:26] [INFO] File 158/912: COD0OPSFIN_20231660000_01D_30S_CLK.CLK.gz → 599,932 pairs | Total: 92,274,355 pairs
[06:24:30] [INFO] File 159/912: COD0OPSFIN_20231540000_01D_30S_CLK.CLK.gz → 594,472 pairs | Total: 92,868,827 pairs
[06:24:33] [INFO] File 160/912: COD0OPSFIN_20231560000_01D_30S_CLK.CLK.gz → 603,270 pairs | Total: 93,472,097 pairs
[06:24:36] [INFO] File 161/912: COD0OPSFIN_20231630000_01D_30S_CLK.CLK.gz → 612,768 pairs | Total: 94,084,865 pairs
[06:24:39] [INFO] File 162/912: COD0OPSFIN_20231550000_01D_30S_CLK.CLK.gz → 608,790 pairs | Total: 94,693,655 pairs
[06:24:42] [INFO] File 163/912: COD0OPSFIN_20231580000_01D_30S_CLK.CLK.gz → 606,602 pairs | Total: 95,300,257 pairs
[06:24:45] [INFO] File 164/912: COD0OPSFIN_20231410000_01D_30S_CLK.CLK.gz → 604,512 pairs | Total: 95,904,769 pairs
[06:24:49] [INFO] File 165/912: COD0OPSFIN_20231570000_01D_30S_CLK.CLK.gz → 608,490 pairs | Total: 96,513,259 pairs
[06:24:52] [INFO] File 166/912: COD0OPSFIN_20231640000_01D_30S_CLK.CLK.gz → 612,146 pairs | Total: 97,125,405 pairs
[06:24:55] [INFO] File 167/912: COD0OPSFIN_20231650000_01D_30S_CLK.CLK.gz → 612,159 pairs | Total: 97,737,564 pairs
[06:24:58] [INFO] File 168/912: COD0OPSFIN_20231680000_01D_30S_CLK.CLK.gz → 629,462 pairs | Total: 98,367,026 pairs
[06:24:59] [INFO] Batch 6 complete. Memory: 26.4% → 26.4%
[06:24:59] [PROCESS] Processing batch 7: 28 files (Memory: 26.4%)
[06:26:51] [INFO] File 169/912: COD0OPSFIN_20231950000_01D_30S_CLK.CLK.gz → 577,668 pairs | Total: 98,944,694 pairs
[06:26:54] [INFO] File 170/912: COD0OPSFIN_20231870000_01D_30S_CLK.CLK.gz → 572,322 pairs | Total: 99,517,016 pairs
[06:26:56] [INFO] File 171/912: COD0OPSFIN_20231880000_01D_30S_CLK.CLK.gz → 584,558 pairs | Total: 100,101,574 pairs
[06:26:59] [INFO] File 172/912: COD0OPSFIN_20231820000_01D_30S_CLK.CLK.gz → 581,846 pairs | Total: 100,683,420 pairs
[06:27:02] [INFO] File 173/912: COD0OPSFIN_20231800000_01D_30S_CLK.CLK.gz → 592,979 pairs | Total: 101,276,399 pairs
[06:27:05] [INFO] File 174/912: COD0OPSFIN_20231860000_01D_30S_CLK.CLK.gz → 589,046 pairs | Total: 101,865,445 pairs
[06:27:08] [INFO] File 175/912: COD0OPSFIN_20231810000_01D_30S_CLK.CLK.gz → 588,457 pairs | Total: 102,453,902 pairs
[06:27:11] [INFO] File 176/912: COD0OPSFIN_20231940000_01D_30S_CLK.CLK.gz → 587,566 pairs | Total: 103,041,468 pairs
[06:27:14] [INFO] File 177/912: COD0OPSFIN_20231840000_01D_30S_CLK.CLK.gz → 591,456 pairs | Total: 103,632,924 pairs
[06:27:17] [INFO] File 178/912: COD0OPSFIN_20231890000_01D_30S_CLK.CLK.gz → 601,453 pairs | Total: 104,234,377 pairs
[06:27:20] [INFO] File 179/912: COD0OPSFIN_20231830000_01D_30S_CLK.CLK.gz → 604,192 pairs | Total: 104,838,569 pairs
[06:27:23] [INFO] File 180/912: COD0OPSFIN_20231740000_01D_30S_CLK.CLK.gz → 608,776 pairs | Total: 105,447,345 pairs
[06:27:26] [INFO] File 181/912: COD0OPSFIN_20231900000_01D_30S_CLK.CLK.gz → 613,389 pairs | Total: 106,060,734 pairs
[06:27:29] [INFO] File 182/912: COD0OPSFIN_20231730000_01D_30S_CLK.CLK.gz → 606,035 pairs | Total: 106,666,769 pairs
[06:27:33] [INFO] File 183/912: COD0OPSFIN_20231770000_01D_30S_CLK.CLK.gz → 619,835 pairs | Total: 107,286,604 pairs
[06:27:36] [INFO] File 184/912: COD0OPSFIN_20231920000_01D_30S_CLK.CLK.gz → 601,466 pairs | Total: 107,888,070 pairs
[06:27:39] [INFO] File 185/912: COD0OPSFIN_20231690000_01D_30S_CLK.CLK.gz → 619,863 pairs | Total: 108,507,933 pairs
[06:27:42] [INFO] File 186/912: COD0OPSFIN_20231750000_01D_30S_CLK.CLK.gz → 609,093 pairs | Total: 109,117,026 pairs
[06:27:45] [INFO] File 187/912: COD0OPSFIN_20231910000_01D_30S_CLK.CLK.gz → 612,472 pairs | Total: 109,729,498 pairs
[06:27:48] [INFO] File 188/912: COD0OPSFIN_20231850000_01D_30S_CLK.CLK.gz → 601,168 pairs | Total: 110,330,666 pairs
[06:27:51] [INFO] File 189/912: COD0OPSFIN_20231960000_01D_30S_CLK.CLK.gz → 612,771 pairs | Total: 110,943,437 pairs
[06:27:55] [INFO] File 190/912: COD0OPSFIN_20231780000_01D_30S_CLK.CLK.gz → 617,693 pairs | Total: 111,561,130 pairs
[06:27:58] [INFO] File 191/912: COD0OPSFIN_20231930000_01D_30S_CLK.CLK.gz → 610,025 pairs | Total: 112,171,155 pairs
[06:28:01] [INFO] File 192/912: COD0OPSFIN_20231790000_01D_30S_CLK.CLK.gz → 613,994 pairs | Total: 112,785,149 pairs
[06:28:04] [INFO] File 193/912: COD0OPSFIN_20231710000_01D_30S_CLK.CLK.gz → 614,569 pairs | Total: 113,399,718 pairs
[06:28:08] [INFO] File 194/912: COD0OPSFIN_20231760000_01D_30S_CLK.CLK.gz → 620,475 pairs | Total: 114,020,193 pairs
[06:28:11] [INFO] File 195/912: COD0OPSFIN_20231700000_01D_30S_CLK.CLK.gz → 623,838 pairs | Total: 114,644,031 pairs
[06:28:14] [INFO] File 196/912: COD0OPSFIN_20231720000_01D_30S_CLK.CLK.gz → 621,709 pairs | Total: 115,265,740 pairs
[06:28:15] [INFO] Batch 7 complete. Memory: 27.2% → 27.2%
[06:28:15] [PROCESS] Processing batch 8: 28 files (Memory: 27.2%)
[06:30:06] [INFO] File 197/912: COD0OPSFIN_20232000000_01D_30S_CLK.CLK.gz → 594,186 pairs | Total: 115,859,926 pairs
[06:30:09] [INFO] File 198/912: COD0OPSFIN_20232030000_01D_30S_CLK.CLK.gz → 581,559 pairs | Total: 116,441,485 pairs
[06:30:12] [INFO] File 199/912: COD0OPSFIN_20232240000_01D_30S_CLK.CLK.gz → 588,457 pairs | Total: 117,029,942 pairs
[06:30:15] [INFO] File 200/912: COD0OPSFIN_20232010000_01D_30S_CLK.CLK.gz → 583,925 pairs | Total: 117,613,867 pairs
[06:30:18] [INFO] File 201/912: COD0OPSFIN_20232050000_01D_30S_CLK.CLK.gz → 584,846 pairs | Total: 118,198,713 pairs
[06:30:21] [INFO] File 202/912: COD0OPSFIN_20232160000_01D_30S_CLK.CLK.gz → 585,445 pairs | Total: 118,784,158 pairs
[06:30:24] [INFO] File 203/912: COD0OPSFIN_20232060000_01D_30S_CLK.CLK.gz → 593,873 pairs | Total: 119,378,031 pairs
[06:30:27] [INFO] File 204/912: COD0OPSFIN_20232040000_01D_30S_CLK.CLK.gz → 596,312 pairs | Total: 119,974,343 pairs
[06:30:30] [INFO] File 205/912: COD0OPSFIN_20231990000_01D_30S_CLK.CLK.gz → 606,032 pairs | Total: 120,580,375 pairs
[06:30:33] [INFO] File 206/912: COD0OPSFIN_20232090000_01D_30S_CLK.CLK.gz → 595,698 pairs | Total: 121,176,073 pairs
[06:30:36] [INFO] File 207/912: COD0OPSFIN_20232230000_01D_30S_CLK.CLK.gz → 597,195 pairs | Total: 121,773,268 pairs
[06:30:39] [INFO] File 208/912: COD0OPSFIN_20232220000_01D_30S_CLK.CLK.gz → 604,822 pairs | Total: 122,378,090 pairs
[06:30:42] [INFO] File 209/912: COD0OPSFIN_20232150000_01D_30S_CLK.CLK.gz → 604,470 pairs | Total: 122,982,560 pairs
[06:30:45] [INFO] File 210/912: COD0OPSFIN_20232070000_01D_30S_CLK.CLK.gz → 602,999 pairs | Total: 123,585,559 pairs
[06:30:48] [INFO] File 211/912: COD0OPSFIN_20232140000_01D_30S_CLK.CLK.gz → 596,029 pairs | Total: 124,181,588 pairs
[06:30:51] [INFO] File 212/912: COD0OPSFIN_20232100000_01D_30S_CLK.CLK.gz → 607,875 pairs | Total: 124,789,463 pairs
[06:30:54] [INFO] File 213/912: COD0OPSFIN_20232020000_01D_30S_CLK.CLK.gz → 593,569 pairs | Total: 125,383,032 pairs
[06:30:57] [INFO] File 214/912: COD0OPSFIN_20232170000_01D_30S_CLK.CLK.gz → 606,974 pairs | Total: 125,990,006 pairs
[06:31:00] [INFO] File 215/912: COD0OPSFIN_20232110000_01D_30S_CLK.CLK.gz → 612,758 pairs | Total: 126,602,764 pairs
[06:31:04] [INFO] File 216/912: COD0OPSFIN_20231970000_01D_30S_CLK.CLK.gz → 606,644 pairs | Total: 127,209,408 pairs
[06:31:07] [INFO] File 217/912: COD0OPSFIN_20232080000_01D_30S_CLK.CLK.gz → 611,836 pairs | Total: 127,821,244 pairs
[06:31:10] [INFO] File 218/912: COD0OPSFIN_20231980000_01D_30S_CLK.CLK.gz → 609,405 pairs | Total: 128,430,649 pairs
[06:31:13] [INFO] File 219/912: COD0OPSFIN_20232120000_01D_30S_CLK.CLK.gz → 606,674 pairs | Total: 129,037,323 pairs
[06:31:16] [INFO] File 220/912: COD0OPSFIN_20232180000_01D_30S_CLK.CLK.gz → 624,801 pairs | Total: 129,662,124 pairs
[06:31:20] [INFO] File 221/912: COD0OPSFIN_20232130000_01D_30S_CLK.CLK.gz → 617,085 pairs | Total: 130,279,209 pairs
[06:31:23] [INFO] File 222/912: COD0OPSFIN_20232190000_01D_30S_CLK.CLK.gz → 626,950 pairs | Total: 130,906,159 pairs
[06:31:26] [INFO] File 223/912: COD0OPSFIN_20232210000_01D_30S_CLK.CLK.gz → 623,563 pairs | Total: 131,529,722 pairs
[06:31:30] [INFO] File 224/912: COD0OPSFIN_20232200000_01D_30S_CLK.CLK.gz → 633,196 pairs | Total: 132,162,918 pairs
[06:31:30] [INFO] Batch 8 complete. Memory: 27.5% → 27.5%
[06:31:30] [PROCESS] Processing batch 9: 28 files (Memory: 27.5%)
[06:33:16] [INFO] File 225/912: COD0OPSFIN_20232510000_01D_30S_CLK.CLK.gz → 542,737 pairs | Total: 132,705,655 pairs
[06:33:19] [INFO] File 226/912: COD0OPSFIN_20232500000_01D_30S_CLK.CLK.gz → 564,635 pairs | Total: 133,270,290 pairs
[06:33:22] [INFO] File 227/912: COD0OPSFIN_20232520000_01D_30S_CLK.CLK.gz → 562,859 pairs | Total: 133,833,149 pairs
[06:33:25] [INFO] File 228/912: COD0OPSFIN_20232390000_01D_30S_CLK.CLK.gz → 578,272 pairs | Total: 134,411,421 pairs
[06:33:28] [INFO] File 229/912: COD0OPSFIN_20232440000_01D_30S_CLK.CLK.gz → 584,532 pairs | Total: 134,995,953 pairs
[06:33:30] [INFO] File 230/912: COD0OPSFIN_20232370000_01D_30S_CLK.CLK.gz → 572,012 pairs | Total: 135,567,965 pairs
[06:33:33] [INFO] File 231/912: COD0OPSFIN_20232380000_01D_30S_CLK.CLK.gz → 580,066 pairs | Total: 136,148,031 pairs
[06:33:36] [INFO] File 232/912: COD0OPSFIN_20232480000_01D_30S_CLK.CLK.gz → 582,146 pairs | Total: 136,730,177 pairs
[06:33:39] [INFO] File 233/912: COD0OPSFIN_20232490000_01D_30S_CLK.CLK.gz → 577,667 pairs | Total: 137,307,844 pairs
[06:33:42] [INFO] File 234/912: COD0OPSFIN_20232290000_01D_30S_CLK.CLK.gz → 587,573 pairs | Total: 137,895,417 pairs
[06:33:45] [INFO] File 235/912: COD0OPSFIN_20232450000_01D_30S_CLK.CLK.gz → 586,350 pairs | Total: 138,481,767 pairs
[06:33:48] [INFO] File 236/912: COD0OPSFIN_20232330000_01D_30S_CLK.CLK.gz → 614,297 pairs | Total: 139,096,064 pairs
[06:33:51] [INFO] File 237/912: COD0OPSFIN_20232300000_01D_30S_CLK.CLK.gz → 591,173 pairs | Total: 139,687,237 pairs
[06:33:54] [INFO] File 238/912: COD0OPSFIN_20232350000_01D_30S_CLK.CLK.gz → 592,065 pairs | Total: 140,279,302 pairs
[06:33:57] [INFO] File 239/912: COD0OPSFIN_20232310000_01D_30S_CLK.CLK.gz → 597,516 pairs | Total: 140,876,818 pairs
[06:34:00] [INFO] File 240/912: COD0OPSFIN_20232280000_01D_30S_CLK.CLK.gz → 598,120 pairs | Total: 141,474,938 pairs
[06:34:04] [INFO] File 241/912: COD0OPSFIN_20232360000_01D_30S_CLK.CLK.gz → 599,961 pairs | Total: 142,074,899 pairs
[06:34:07] [INFO] File 242/912: COD0OPSFIN_20232410000_01D_30S_CLK.CLK.gz → 603,592 pairs | Total: 142,678,491 pairs
[06:34:10] [INFO] File 243/912: COD0OPSFIN_20232470000_01D_30S_CLK.CLK.gz → 603,274 pairs | Total: 143,281,765 pairs
[06:34:13] [INFO] File 244/912: COD0OPSFIN_20232340000_01D_30S_CLK.CLK.gz → 606,032 pairs | Total: 143,887,797 pairs
[06:34:16] [INFO] File 245/912: COD0OPSFIN_20232320000_01D_30S_CLK.CLK.gz → 614,614 pairs | Total: 144,502,411 pairs
[06:34:19] [INFO] File 246/912: COD0OPSFIN_20232460000_01D_30S_CLK.CLK.gz → 608,491 pairs | Total: 145,110,902 pairs
[06:34:23] [INFO] File 247/912: COD0OPSFIN_20232270000_01D_30S_CLK.CLK.gz → 599,606 pairs | Total: 145,710,508 pairs
[06:34:26] [INFO] File 248/912: COD0OPSFIN_20232430000_01D_30S_CLK.CLK.gz → 612,757 pairs | Total: 146,323,265 pairs
[06:34:29] [INFO] File 249/912: COD0OPSFIN_20232400000_01D_30S_CLK.CLK.gz → 604,818 pairs | Total: 146,928,083 pairs
[06:34:32] [INFO] File 250/912: COD0OPSFIN_20232420000_01D_30S_CLK.CLK.gz → 610,009 pairs | Total: 147,538,092 pairs
[06:34:35] [INFO] File 251/912: COD0OPSFIN_20232250000_01D_30S_CLK.CLK.gz → 604,210 pairs | Total: 148,142,302 pairs
[06:34:39] [INFO] File 252/912: COD0OPSFIN_20232260000_01D_30S_CLK.CLK.gz → 613,668 pairs | Total: 148,755,970 pairs
[06:34:39] [INFO] Batch 9 complete. Memory: 27.8% → 27.8%
[06:34:39] [PROCESS] Processing batch 10: 28 files (Memory: 27.8%)
[06:36:26] [INFO] File 253/912: COD0OPSFIN_20232580000_01D_30S_CLK.CLK.gz → 555,808 pairs | Total: 149,311,778 pairs
[06:36:29] [INFO] File 254/912: COD0OPSFIN_20232650000_01D_30S_CLK.CLK.gz → 566,695 pairs | Total: 149,878,473 pairs
[06:36:32] [INFO] File 255/912: COD0OPSFIN_20232590000_01D_30S_CLK.CLK.gz → 555,819 pairs | Total: 150,434,292 pairs
[06:36:35] [INFO] File 256/912: COD0OPSFIN_20232570000_01D_30S_CLK.CLK.gz → 563,158 pairs | Total: 150,997,450 pairs
[06:36:37] [INFO] File 257/912: COD0OPSFIN_20232610000_01D_30S_CLK.CLK.gz → 556,982 pairs | Total: 151,554,432 pairs
[06:36:40] [INFO] File 258/912: COD0OPSFIN_20232550000_01D_30S_CLK.CLK.gz → 566,696 pairs | Total: 152,121,128 pairs
[06:36:43] [INFO] File 259/912: COD0OPSFIN_20232600000_01D_30S_CLK.CLK.gz → 566,104 pairs | Total: 152,687,232 pairs
[06:36:46] [INFO] File 260/912: COD0OPSFIN_20232700000_01D_30S_CLK.CLK.gz → 569,963 pairs | Total: 153,257,195 pairs
[06:36:49] [INFO] File 261/912: COD0OPSFIN_20232530000_01D_30S_CLK.CLK.gz → 579,461 pairs | Total: 153,836,656 pairs
[06:36:52] [INFO] File 262/912: COD0OPSFIN_20232670000_01D_30S_CLK.CLK.gz → 578,860 pairs | Total: 154,415,516 pairs
[06:36:55] [INFO] File 263/912: COD0OPSFIN_20232560000_01D_30S_CLK.CLK.gz → 577,076 pairs | Total: 154,992,592 pairs
[06:36:58] [INFO] File 264/912: COD0OPSFIN_20232740000_01D_30S_CLK.CLK.gz → 591,780 pairs | Total: 155,584,372 pairs
[06:37:01] [INFO] File 265/912: COD0OPSFIN_20232790000_01D_30S_CLK.CLK.gz → 583,641 pairs | Total: 156,168,013 pairs
[06:37:04] [INFO] File 266/912: COD0OPSFIN_20232630000_01D_30S_CLK.CLK.gz → 569,647 pairs | Total: 156,737,660 pairs
[06:37:07] [INFO] File 267/912: COD0OPSFIN_20232620000_01D_30S_CLK.CLK.gz → 580,638 pairs | Total: 157,318,298 pairs
[06:37:10] [INFO] File 268/912: COD0OPSFIN_20232710000_01D_30S_CLK.CLK.gz → 578,854 pairs | Total: 157,897,152 pairs
[06:37:13] [INFO] File 269/912: COD0OPSFIN_20232730000_01D_30S_CLK.CLK.gz → 577,384 pairs | Total: 158,474,536 pairs
[06:37:16] [INFO] File 270/912: COD0OPSFIN_20232640000_01D_30S_CLK.CLK.gz → 581,557 pairs | Total: 159,056,093 pairs
[06:37:19] [INFO] File 271/912: COD0OPSFIN_20232760000_01D_30S_CLK.CLK.gz → 597,496 pairs | Total: 159,653,589 pairs
[06:37:22] [INFO] File 272/912: COD0OPSFIN_20232720000_01D_30S_CLK.CLK.gz → 586,048 pairs | Total: 160,239,637 pairs
[06:37:25] [INFO] File 273/912: COD0OPSFIN_20232660000_01D_30S_CLK.CLK.gz → 577,079 pairs | Total: 160,816,716 pairs
[06:37:28] [INFO] File 274/912: COD0OPSFIN_20232750000_01D_30S_CLK.CLK.gz → 591,749 pairs | Total: 161,408,465 pairs
[06:37:31] [INFO] File 275/912: COD0OPSFIN_20232540000_01D_30S_CLK.CLK.gz → 581,259 pairs | Total: 161,989,724 pairs
[06:37:34] [INFO] File 276/912: COD0OPSFIN_20232680000_01D_30S_CLK.CLK.gz → 591,466 pairs | Total: 162,581,190 pairs
[06:37:37] [INFO] File 277/912: COD0OPSFIN_20232690000_01D_30S_CLK.CLK.gz → 589,039 pairs | Total: 163,170,229 pairs
[06:37:40] [INFO] File 278/912: COD0OPSFIN_20232770000_01D_30S_CLK.CLK.gz → 600,554 pairs | Total: 163,770,783 pairs
[06:37:43] [INFO] File 279/912: COD0OPSFIN_20232800000_01D_30S_CLK.CLK.gz → 588,459 pairs | Total: 164,359,242 pairs
[06:37:47] [INFO] File 280/912: COD0OPSFIN_20232780000_01D_30S_CLK.CLK.gz → 600,535 pairs | Total: 164,959,777 pairs
[06:37:47] [INFO] Batch 10 complete. Memory: 27.9% → 27.9%
[06:37:47] [PROCESS] Processing batch 11: 28 files (Memory: 27.9%)
[06:39:38] [INFO] File 281/912: COD0OPSFIN_20232930000_01D_30S_CLK.CLK.gz → 570,539 pairs | Total: 165,530,316 pairs
[06:39:41] [INFO] File 282/912: COD0OPSFIN_20232890000_01D_30S_CLK.CLK.gz → 580,352 pairs | Total: 166,110,668 pairs
[06:39:44] [INFO] File 283/912: COD0OPSFIN_20232880000_01D_30S_CLK.CLK.gz → 593,581 pairs | Total: 166,704,249 pairs
[06:39:47] [INFO] File 284/912: COD0OPSFIN_20232820000_01D_30S_CLK.CLK.gz → 589,664 pairs | Total: 167,293,913 pairs
[06:39:50] [INFO] File 285/912: COD0OPSFIN_20232870000_01D_30S_CLK.CLK.gz → 581,541 pairs | Total: 167,875,454 pairs
[06:39:53] [INFO] File 286/912: COD0OPSFIN_20233000000_01D_30S_CLK.CLK.gz → 577,076 pairs | Total: 168,452,530 pairs
[06:39:56] [INFO] File 287/912: COD0OPSFIN_20232990000_01D_30S_CLK.CLK.gz → 584,255 pairs | Total: 169,036,785 pairs
[06:39:58] [INFO] File 288/912: COD0OPSFIN_20233030000_01D_30S_CLK.CLK.gz → 576,786 pairs | Total: 169,613,571 pairs
[06:40:01] [INFO] File 289/912: COD0OPSFIN_20233050000_01D_30S_CLK.CLK.gz → 589,066 pairs | Total: 170,202,637 pairs
[06:40:04] [INFO] File 290/912: COD0OPSFIN_20233040000_01D_30S_CLK.CLK.gz → 577,677 pairs | Total: 170,780,314 pairs
[06:40:07] [INFO] File 291/912: COD0OPSFIN_20233020000_01D_30S_CLK.CLK.gz → 592,678 pairs | Total: 171,372,992 pairs
[06:40:10] [INFO] File 292/912: COD0OPSFIN_20233080000_01D_30S_CLK.CLK.gz → 597,220 pairs | Total: 171,970,212 pairs
[06:40:13] [INFO] File 293/912: COD0OPSFIN_20233010000_01D_30S_CLK.CLK.gz → 592,083 pairs | Total: 172,562,295 pairs
[06:40:16] [INFO] File 294/912: COD0OPSFIN_20232810000_01D_30S_CLK.CLK.gz → 590,262 pairs | Total: 173,152,557 pairs
[06:40:19] [INFO] File 295/912: COD0OPSFIN_20233070000_01D_30S_CLK.CLK.gz → 574,695 pairs | Total: 173,727,252 pairs
[06:40:22] [INFO] File 296/912: COD0OPSFIN_20232860000_01D_30S_CLK.CLK.gz → 585,152 pairs | Total: 174,312,404 pairs
[06:40:25] [INFO] File 297/912: COD0OPSFIN_20233060000_01D_30S_CLK.CLK.gz → 586,931 pairs | Total: 174,899,335 pairs
[06:40:28] [INFO] File 298/912: COD0OPSFIN_20232830000_01D_30S_CLK.CLK.gz → 601,459 pairs | Total: 175,500,794 pairs
[06:40:32] [INFO] File 299/912: COD0OPSFIN_20232940000_01D_30S_CLK.CLK.gz → 597,510 pairs | Total: 176,098,304 pairs
[06:40:35] [INFO] File 300/912: COD0OPSFIN_20232920000_01D_30S_CLK.CLK.gz → 601,464 pairs | Total: 176,699,768 pairs
[06:40:38] [INFO] File 301/912: COD0OPSFIN_20232970000_01D_30S_CLK.CLK.gz → 599,925 pairs | Total: 177,299,693 pairs
[06:40:41] [INFO] File 302/912: COD0OPSFIN_20232980000_01D_30S_CLK.CLK.gz → 592,366 pairs | Total: 177,892,059 pairs
[06:40:44] [INFO] File 303/912: COD0OPSFIN_20232950000_01D_30S_CLK.CLK.gz → 602,376 pairs | Total: 178,494,435 pairs
[06:40:47] [INFO] File 304/912: COD0OPSFIN_20232910000_01D_30S_CLK.CLK.gz → 594,787 pairs | Total: 179,089,222 pairs
[06:40:50] [INFO] File 305/912: COD0OPSFIN_20232840000_01D_30S_CLK.CLK.gz → 600,252 pairs | Total: 179,689,474 pairs
[06:40:54] [INFO] File 306/912: COD0OPSFIN_20232960000_01D_30S_CLK.CLK.gz → 601,163 pairs | Total: 180,290,637 pairs
[06:40:57] [INFO] File 307/912: COD0OPSFIN_20232850000_01D_30S_CLK.CLK.gz → 601,463 pairs | Total: 180,892,100 pairs
[06:41:00] [INFO] File 308/912: COD0OPSFIN_20232900000_01D_30S_CLK.CLK.gz → 605,401 pairs | Total: 181,497,501 pairs
[06:41:00] [INFO] Batch 11 complete. Memory: 28.4% → 28.4%
[06:41:00] [PROCESS] Processing batch 12: 28 files (Memory: 28.4%)
[06:42:50] [INFO] File 309/912: COD0OPSFIN_20233130000_01D_30S_CLK.CLK.gz → 570,249 pairs | Total: 182,067,750 pairs
[06:42:53] [INFO] File 310/912: COD0OPSFIN_20233140000_01D_30S_CLK.CLK.gz → 562,568 pairs | Total: 182,630,318 pairs
[06:42:55] [INFO] File 311/912: COD0OPSFIN_20233350000_01D_30S_CLK.CLK.gz → 566,049 pairs | Total: 183,196,367 pairs
[06:42:58] [INFO] File 312/912: COD0OPSFIN_20233320000_01D_30S_CLK.CLK.gz → 582,455 pairs | Total: 183,778,822 pairs
[06:43:01] [INFO] File 313/912: COD0OPSFIN_20233190000_01D_30S_CLK.CLK.gz → 572,311 pairs | Total: 184,351,133 pairs
[06:43:04] [INFO] File 314/912: COD0OPSFIN_20233290000_01D_30S_CLK.CLK.gz → 588,763 pairs | Total: 184,939,896 pairs
[06:43:07] [INFO] File 315/912: COD0OPSFIN_20233270000_01D_30S_CLK.CLK.gz → 581,852 pairs | Total: 185,521,748 pairs
[06:43:10] [INFO] File 316/912: COD0OPSFIN_20233170000_01D_30S_CLK.CLK.gz → 586,045 pairs | Total: 186,107,793 pairs
[06:43:13] [INFO] File 317/912: COD0OPSFIN_20233360000_01D_30S_CLK.CLK.gz → 580,015 pairs | Total: 186,687,808 pairs
[06:43:16] [INFO] File 318/912: COD0OPSFIN_20233250000_01D_30S_CLK.CLK.gz → 588,750 pairs | Total: 187,276,558 pairs
[06:43:19] [INFO] File 319/912: COD0OPSFIN_20233090000_01D_30S_CLK.CLK.gz → 593,282 pairs | Total: 187,869,840 pairs
[06:43:22] [INFO] File 320/912: COD0OPSFIN_20233260000_01D_30S_CLK.CLK.gz → 582,749 pairs | Total: 188,452,589 pairs
[06:43:25] [INFO] File 321/912: COD0OPSFIN_20233200000_01D_30S_CLK.CLK.gz → 584,841 pairs | Total: 189,037,430 pairs
[06:43:28] [INFO] File 322/912: COD0OPSFIN_20233100000_01D_30S_CLK.CLK.gz → 589,053 pairs | Total: 189,626,483 pairs
[06:43:31] [INFO] File 323/912: COD0OPSFIN_20233180000_01D_30S_CLK.CLK.gz → 593,274 pairs | Total: 190,219,757 pairs
[06:43:34] [INFO] File 324/912: COD0OPSFIN_20233280000_01D_30S_CLK.CLK.gz → 584,844 pairs | Total: 190,804,601 pairs
[06:43:37] [INFO] File 325/912: COD0OPSFIN_20233120000_01D_30S_CLK.CLK.gz → 589,951 pairs | Total: 191,394,552 pairs
[06:43:40] [INFO] File 326/912: COD0OPSFIN_20233340000_01D_30S_CLK.CLK.gz → 582,425 pairs | Total: 191,976,977 pairs
[06:43:43] [INFO] File 327/912: COD0OPSFIN_20233110000_01D_30S_CLK.CLK.gz → 584,851 pairs | Total: 192,561,828 pairs
[06:43:46] [INFO] File 328/912: COD0OPSFIN_20233150000_01D_30S_CLK.CLK.gz → 589,356 pairs | Total: 193,151,184 pairs
[06:43:49] [INFO] File 329/912: COD0OPSFIN_20233160000_01D_30S_CLK.CLK.gz → 596,002 pairs | Total: 193,747,186 pairs
[06:43:52] [INFO] File 330/912: COD0OPSFIN_20233330000_01D_30S_CLK.CLK.gz → 596,295 pairs | Total: 194,343,481 pairs
[06:43:55] [INFO] File 331/912: COD0OPSFIN_20233310000_01D_30S_CLK.CLK.gz → 595,362 pairs | Total: 194,938,843 pairs
[06:43:59] [INFO] File 332/912: COD0OPSFIN_20233230000_01D_30S_CLK.CLK.gz → 599,945 pairs | Total: 195,538,788 pairs
[06:44:02] [INFO] File 333/912: COD0OPSFIN_20233210000_01D_30S_CLK.CLK.gz → 603,606 pairs | Total: 196,142,394 pairs
[06:44:05] [INFO] File 334/912: COD0OPSFIN_20233220000_01D_30S_CLK.CLK.gz → 601,795 pairs | Total: 196,744,189 pairs
[06:44:08] [INFO] File 335/912: COD0OPSFIN_20233240000_01D_30S_CLK.CLK.gz → 601,465 pairs | Total: 197,345,654 pairs
[06:44:11] [INFO] File 336/912: COD0OPSFIN_20233300000_01D_30S_CLK.CLK.gz → 601,748 pairs | Total: 197,947,402 pairs
[06:44:12] [INFO] Batch 12 complete. Memory: 28.4% → 28.4%
[06:44:12] [PROCESS] Processing batch 13: 28 files (Memory: 28.4%)
[06:45:54] [INFO] File 337/912: COD0OPSFIN_20233640000_01D_30S_CLK.CLK.gz → 532,109 pairs | Total: 198,479,511 pairs
[06:45:57] [INFO] File 338/912: COD0OPSFIN_20233500000_01D_30S_CLK.CLK.gz → 537,844 pairs | Total: 199,017,355 pairs
[06:46:00] [INFO] File 339/912: COD0OPSFIN_20233620000_01D_30S_CLK.CLK.gz → 530,965 pairs | Total: 199,548,320 pairs
[06:46:03] [INFO] File 340/912: COD0OPSFIN_20233430000_01D_30S_CLK.CLK.gz → 554,654 pairs | Total: 200,102,974 pairs
[06:46:05] [INFO] File 341/912: COD0OPSFIN_20233560000_01D_30S_CLK.CLK.gz → 539,570 pairs | Total: 200,642,544 pairs
[06:46:08] [INFO] File 342/912: COD0OPSFIN_20233520000_01D_30S_CLK.CLK.gz → 552,036 pairs | Total: 201,194,580 pairs
[06:46:11] [INFO] File 343/912: COD0OPSFIN_20233580000_01D_30S_CLK.CLK.gz → 542,137 pairs | Total: 201,736,717 pairs
[06:46:13] [INFO] File 344/912: COD0OPSFIN_20233570000_01D_30S_CLK.CLK.gz → 543,612 pairs | Total: 202,280,329 pairs
[06:46:16] [INFO] File 345/912: COD0OPSFIN_20233610000_01D_30S_CLK.CLK.gz → 543,898 pairs | Total: 202,824,227 pairs
[06:46:19] [INFO] File 346/912: COD0OPSFIN_20233510000_01D_30S_CLK.CLK.gz → 557,284 pairs | Total: 203,381,511 pairs
[06:46:22] [INFO] File 347/912: COD0OPSFIN_20233420000_01D_30S_CLK.CLK.gz → 561,672 pairs | Total: 203,943,183 pairs
[06:46:25] [INFO] File 348/912: COD0OPSFIN_20233600000_01D_30S_CLK.CLK.gz → 555,241 pairs | Total: 204,498,424 pairs
[06:46:27] [INFO] File 349/912: COD0OPSFIN_20233630000_01D_30S_CLK.CLK.gz → 536,404 pairs | Total: 205,034,828 pairs
[06:46:30] [INFO] File 350/912: COD0OPSFIN_20233410000_01D_30S_CLK.CLK.gz → 557,018 pairs | Total: 205,591,846 pairs
[06:46:33] [INFO] File 351/912: COD0OPSFIN_20233480000_01D_30S_CLK.CLK.gz → 559,632 pairs | Total: 206,151,478 pairs
[06:46:36] [INFO] File 352/912: COD0OPSFIN_20233530000_01D_30S_CLK.CLK.gz → 557,583 pairs | Total: 206,709,061 pairs
[06:46:39] [INFO] File 353/912: COD0OPSFIN_20233460000_01D_30S_CLK.CLK.gz → 559,936 pairs | Total: 207,268,997 pairs
[06:46:42] [INFO] File 354/912: COD0OPSFIN_20233380000_01D_30S_CLK.CLK.gz → 572,305 pairs | Total: 207,841,302 pairs
[06:46:45] [INFO] File 355/912: COD0OPSFIN_20233550000_01D_30S_CLK.CLK.gz → 566,420 pairs | Total: 208,407,722 pairs
[06:46:48] [INFO] File 356/912: COD0OPSFIN_20233590000_01D_30S_CLK.CLK.gz → 558,754 pairs | Total: 208,966,476 pairs
[06:46:51] [INFO] File 357/912: COD0OPSFIN_20233390000_01D_30S_CLK.CLK.gz → 569,058 pairs | Total: 209,535,534 pairs
[06:46:54] [INFO] File 358/912: COD0OPSFIN_20233440000_01D_30S_CLK.CLK.gz → 570,537 pairs | Total: 210,106,071 pairs
[06:46:56] [INFO] File 359/912: COD0OPSFIN_20233470000_01D_30S_CLK.CLK.gz → 558,455 pairs | Total: 210,664,526 pairs
[06:46:59] [INFO] File 360/912: COD0OPSFIN_20233490000_01D_30S_CLK.CLK.gz → 564,352 pairs | Total: 211,228,878 pairs
[06:47:02] [INFO] File 361/912: COD0OPSFIN_20233400000_01D_30S_CLK.CLK.gz → 571,738 pairs | Total: 211,800,616 pairs
[06:47:06] [INFO] File 362/912: COD0OPSFIN_20233370000_01D_30S_CLK.CLK.gz → 585,155 pairs | Total: 212,385,771 pairs
[06:47:09] [INFO] File 363/912: COD0OPSFIN_20233450000_01D_30S_CLK.CLK.gz → 564,024 pairs | Total: 212,949,795 pairs
[06:47:12] [INFO] File 364/912: COD0OPSFIN_20233540000_01D_30S_CLK.CLK.gz → 580,034 pairs | Total: 213,529,829 pairs
[06:47:12] [INFO] Batch 13 complete. Memory: 28.2% → 28.2%
[06:47:12] [PROCESS] Processing batch 14: 28 files (Memory: 28.2%)
[06:48:53] [INFO] File 365/912: COD0OPSFIN_20233650000_01D_30S_CLK.CLK.gz → 528,394 pairs | Total: 214,058,223 pairs
[06:48:55] [INFO] File 366/912: COD0OPSFIN_20240010000_01D_30S_CLK.CLK.gz → 528,394 pairs | Total: 214,586,617 pairs
[06:48:58] [INFO] File 367/912: COD0OPSFIN_20240020000_01D_30S_CLK.CLK.gz → 520,697 pairs | Total: 215,107,314 pairs
[06:49:01] [INFO] File 368/912: COD0OPSFIN_20240030000_01D_30S_CLK.CLK.gz → 547,375 pairs | Total: 215,654,689 pairs
[06:49:04] [INFO] File 369/912: COD0OPSFIN_20240220000_01D_30S_CLK.CLK.gz → 566,696 pairs | Total: 216,221,385 pairs
[06:49:07] [INFO] File 370/912: COD0OPSFIN_20240200000_01D_30S_CLK.CLK.gz → 551,441 pairs | Total: 216,772,826 pairs
[06:49:09] [INFO] File 371/912: COD0OPSFIN_20240190000_01D_30S_CLK.CLK.gz → 559,337 pairs | Total: 217,332,163 pairs
[06:49:12] [INFO] File 372/912: COD0OPSFIN_20240120000_01D_30S_CLK.CLK.gz → 552,313 pairs | Total: 217,884,476 pairs
[06:49:15] [INFO] File 373/912: COD0OPSFIN_20240050000_01D_30S_CLK.CLK.gz → 543,894 pairs | Total: 218,428,370 pairs
[06:49:18] [INFO] File 374/912: COD0OPSFIN_20240060000_01D_30S_CLK.CLK.gz → 551,446 pairs | Total: 218,979,816 pairs
[06:49:21] [INFO] File 375/912: COD0OPSFIN_20240180000_01D_30S_CLK.CLK.gz → 562,275 pairs | Total: 219,542,091 pairs
[06:49:23] [INFO] File 376/912: COD0OPSFIN_20240100000_01D_30S_CLK.CLK.gz → 565,783 pairs | Total: 220,107,874 pairs
[06:49:26] [INFO] File 377/912: COD0OPSFIN_20240150000_01D_30S_CLK.CLK.gz → 553,479 pairs | Total: 220,661,353 pairs
[06:49:29] [INFO] File 378/912: COD0OPSFIN_20240110000_01D_30S_CLK.CLK.gz → 554,066 pairs | Total: 221,215,419 pairs
[06:49:32] [INFO] File 379/912: COD0OPSFIN_20240080000_01D_30S_CLK.CLK.gz → 564,035 pairs | Total: 221,779,454 pairs
[06:49:35] [INFO] File 380/912: COD0OPSFIN_20240170000_01D_30S_CLK.CLK.gz → 566,677 pairs | Total: 222,346,131 pairs
[06:49:38] [INFO] File 381/912: COD0OPSFIN_20240070000_01D_30S_CLK.CLK.gz → 567,887 pairs | Total: 222,914,018 pairs
[06:49:41] [INFO] File 382/912: COD0OPSFIN_20240210000_01D_30S_CLK.CLK.gz → 578,271 pairs | Total: 223,492,289 pairs
[06:49:44] [INFO] File 383/912: COD0OPSFIN_20240240000_01D_30S_CLK.CLK.gz → 579,770 pairs | Total: 224,072,059 pairs
[06:49:47] [INFO] File 384/912: COD0OPSFIN_20240160000_01D_30S_CLK.CLK.gz → 558,458 pairs | Total: 224,630,517 pairs
[06:49:50] [INFO] File 385/912: COD0OPSFIN_20240130000_01D_30S_CLK.CLK.gz → 551,413 pairs | Total: 225,181,930 pairs
[06:49:53] [INFO] File 386/912: COD0OPSFIN_20240040000_01D_30S_CLK.CLK.gz → 560,229 pairs | Total: 225,742,159 pairs
[06:49:56] [INFO] File 387/912: COD0OPSFIN_20240230000_01D_30S_CLK.CLK.gz → 580,950 pairs | Total: 226,323,109 pairs
[06:49:59] [INFO] File 388/912: COD0OPSFIN_20240140000_01D_30S_CLK.CLK.gz → 577,970 pairs | Total: 226,901,079 pairs
[06:50:02] [INFO] File 389/912: COD0OPSFIN_20240250000_01D_30S_CLK.CLK.gz → 584,849 pairs | Total: 227,485,928 pairs
[06:50:05] [INFO] File 390/912: COD0OPSFIN_20240090000_01D_30S_CLK.CLK.gz → 569,648 pairs | Total: 228,055,576 pairs
[06:50:08] [INFO] File 391/912: COD0OPSFIN_20240270000_01D_30S_CLK.CLK.gz → 581,852 pairs | Total: 228,637,428 pairs
[06:50:11] [INFO] File 392/912: COD0OPSFIN_20240260000_01D_30S_CLK.CLK.gz → 581,561 pairs | Total: 229,218,989 pairs
[06:50:11] [INFO] Batch 14 complete. Memory: 28.5% → 28.5%
[06:50:11] [PROCESS] Processing batch 15: 28 files (Memory: 28.5%)
[06:51:53] [INFO] File 393/912: COD0OPSFIN_20240340000_01D_30S_CLK.CLK.gz → 531,290 pairs | Total: 229,750,279 pairs
[06:51:58] [INFO] File 394/912: COD0OPSFIN_20240400000_01D_30S_CLK.CLK.gz → 551,156 pairs | Total: 230,301,435 pairs
[06:52:00] [INFO] File 395/912: COD0OPSFIN_20240530000_01D_30S_CLK.CLK.gz → 542,144 pairs | Total: 230,843,579 pairs
[06:52:03] [INFO] File 396/912: COD0OPSFIN_20240420000_01D_30S_CLK.CLK.gz → 546,805 pairs | Total: 231,390,384 pairs
[06:52:06] [INFO] File 397/912: COD0OPSFIN_20240490000_01D_30S_CLK.CLK.gz → 566,694 pairs | Total: 231,957,078 pairs
[06:52:09] [INFO] File 398/912: COD0OPSFIN_20240350000_01D_30S_CLK.CLK.gz → 565,514 pairs | Total: 232,522,592 pairs
[06:52:12] [INFO] File 399/912: COD0OPSFIN_20240380000_01D_30S_CLK.CLK.gz → 558,456 pairs | Total: 233,081,048 pairs
[06:52:14] [INFO] File 400/912: COD0OPSFIN_20240550000_01D_30S_CLK.CLK.gz → 557,862 pairs | Total: 233,638,910 pairs
[06:52:17] [INFO] File 401/912: COD0OPSFIN_20240390000_01D_30S_CLK.CLK.gz → 566,395 pairs | Total: 234,205,305 pairs
[06:52:20] [INFO] File 402/912: COD0OPSFIN_20240410000_01D_30S_CLK.CLK.gz → 555,240 pairs | Total: 234,760,545 pairs
[06:52:23] [INFO] File 403/912: COD0OPSFIN_20240450000_01D_30S_CLK.CLK.gz → 559,031 pairs | Total: 235,319,576 pairs
[06:52:26] [INFO] File 404/912: COD0OPSFIN_20240330000_01D_30S_CLK.CLK.gz → 562,266 pairs | Total: 235,881,842 pairs
[06:52:29] [INFO] File 405/912: COD0OPSFIN_20240480000_01D_30S_CLK.CLK.gz → 561,389 pairs | Total: 236,443,231 pairs
[06:52:32] [INFO] File 406/912: COD0OPSFIN_20240430000_01D_30S_CLK.CLK.gz → 561,988 pairs | Total: 237,005,219 pairs
[06:52:34] [INFO] File 407/912: COD0OPSFIN_20240540000_01D_30S_CLK.CLK.gz → 554,363 pairs | Total: 237,559,582 pairs
[06:52:37] [INFO] File 408/912: COD0OPSFIN_20240460000_01D_30S_CLK.CLK.gz → 558,164 pairs | Total: 238,117,746 pairs
[06:52:40] [INFO] File 409/912: COD0OPSFIN_20240520000_01D_30S_CLK.CLK.gz → 568,768 pairs | Total: 238,686,514 pairs
[06:52:43] [INFO] File 410/912: COD0OPSFIN_20240360000_01D_30S_CLK.CLK.gz → 572,897 pairs | Total: 239,259,411 pairs
[06:52:46] [INFO] File 411/912: COD0OPSFIN_20240370000_01D_30S_CLK.CLK.gz → 573,811 pairs | Total: 239,833,222 pairs
[06:52:49] [INFO] File 412/912: COD0OPSFIN_20240280000_01D_30S_CLK.CLK.gz → 597,803 pairs | Total: 240,431,025 pairs
[06:52:52] [INFO] File 413/912: COD0OPSFIN_20240320000_01D_30S_CLK.CLK.gz → 585,746 pairs | Total: 241,016,771 pairs
[06:52:55] [INFO] File 414/912: COD0OPSFIN_20240510000_01D_30S_CLK.CLK.gz → 569,047 pairs | Total: 241,585,818 pairs
[06:52:58] [INFO] File 415/912: COD0OPSFIN_20240440000_01D_30S_CLK.CLK.gz → 577,067 pairs | Total: 242,162,885 pairs
[06:53:01] [INFO] File 416/912: COD0OPSFIN_20240500000_01D_30S_CLK.CLK.gz → 576,183 pairs | Total: 242,739,068 pairs
[06:53:04] [INFO] File 417/912: COD0OPSFIN_20240470000_01D_30S_CLK.CLK.gz → 570,542 pairs | Total: 243,309,610 pairs
[06:53:07] [INFO] File 418/912: COD0OPSFIN_20240300000_01D_30S_CLK.CLK.gz → 587,544 pairs | Total: 243,897,154 pairs
[06:53:11] [INFO] File 419/912: COD0OPSFIN_20240290000_01D_30S_CLK.CLK.gz → 592,090 pairs | Total: 244,489,244 pairs
[06:53:14] [INFO] File 420/912: COD0OPSFIN_20240310000_01D_30S_CLK.CLK.gz → 601,761 pairs | Total: 245,091,005 pairs
[06:53:14] [INFO] Batch 15 complete. Memory: 28.7% → 28.7%
[06:53:14] [PROCESS] Processing batch 16: 28 files (Memory: 28.7%)
[06:54:57] [INFO] File 421/912: COD0OPSFIN_20240820000_01D_30S_CLK.CLK.gz → 518,756 pairs | Total: 245,609,761 pairs
[06:55:00] [INFO] File 422/912: COD0OPSFIN_20240570000_01D_30S_CLK.CLK.gz → 554,934 pairs | Total: 246,164,695 pairs
[06:55:03] [INFO] File 423/912: COD0OPSFIN_20240810000_01D_30S_CLK.CLK.gz → 540,731 pairs | Total: 246,705,426 pairs
[06:55:06] [INFO] File 424/912: COD0OPSFIN_20240710000_01D_30S_CLK.CLK.gz → 559,611 pairs | Total: 247,265,037 pairs
[06:55:09] [INFO] File 425/912: COD0OPSFIN_20240760000_01D_30S_CLK.CLK.gz → 556,999 pairs | Total: 247,822,036 pairs
[06:55:11] [INFO] File 426/912: COD0OPSFIN_20240740000_01D_30S_CLK.CLK.gz → 567,888 pairs | Total: 248,389,924 pairs
[06:55:14] [INFO] File 427/912: COD0OPSFIN_20240800000_01D_30S_CLK.CLK.gz → 559,935 pairs | Total: 248,949,859 pairs
[06:55:17] [INFO] File 428/912: COD0OPSFIN_20240560000_01D_30S_CLK.CLK.gz → 551,445 pairs | Total: 249,501,304 pairs
[06:55:20] [INFO] File 429/912: COD0OPSFIN_20240730000_01D_30S_CLK.CLK.gz → 564,931 pairs | Total: 250,066,235 pairs
[06:55:23] [INFO] File 430/912: COD0OPSFIN_20240830000_01D_30S_CLK.CLK.gz → 545,923 pairs | Total: 250,612,158 pairs
[06:55:26] [INFO] File 431/912: COD0OPSFIN_20240630000_01D_30S_CLK.CLK.gz → 565,218 pairs | Total: 251,177,376 pairs
[06:55:28] [INFO] File 432/912: COD0OPSFIN_20240780000_01D_30S_CLK.CLK.gz → 563,760 pairs | Total: 251,741,136 pairs
[06:55:31] [INFO] File 433/912: COD0OPSFIN_20240690000_01D_30S_CLK.CLK.gz → 567,859 pairs | Total: 252,308,995 pairs
[06:55:34] [INFO] File 434/912: COD0OPSFIN_20240790000_01D_30S_CLK.CLK.gz → 557,583 pairs | Total: 252,866,578 pairs
[06:55:37] [INFO] File 435/912: COD0OPSFIN_20240750000_01D_30S_CLK.CLK.gz → 569,970 pairs | Total: 253,436,548 pairs
[06:55:40] [INFO] File 436/912: COD0OPSFIN_20240620000_01D_30S_CLK.CLK.gz → 576,791 pairs | Total: 254,013,339 pairs
[06:55:43] [INFO] File 437/912: COD0OPSFIN_20240670000_01D_30S_CLK.CLK.gz → 576,771 pairs | Total: 254,590,110 pairs
[06:55:46] [INFO] File 438/912: COD0OPSFIN_20240580000_01D_30S_CLK.CLK.gz → 574,377 pairs | Total: 255,164,487 pairs
[06:55:49] [INFO] File 439/912: COD0OPSFIN_20240700000_01D_30S_CLK.CLK.gz → 573,208 pairs | Total: 255,737,695 pairs
[06:55:52] [INFO] File 440/912: COD0OPSFIN_20240590000_01D_30S_CLK.CLK.gz → 576,158 pairs | Total: 256,313,853 pairs
[06:55:55] [INFO] File 441/912: COD0OPSFIN_20240680000_01D_30S_CLK.CLK.gz → 568,472 pairs | Total: 256,882,325 pairs
[06:55:58] [INFO] File 442/912: COD0OPSFIN_20240610000_01D_30S_CLK.CLK.gz → 575,847 pairs | Total: 257,458,172 pairs
[06:56:01] [INFO] File 443/912: COD0OPSFIN_20240720000_01D_30S_CLK.CLK.gz → 579,451 pairs | Total: 258,037,623 pairs
[06:56:04] [INFO] File 444/912: COD0OPSFIN_20240660000_01D_30S_CLK.CLK.gz → 575,587 pairs | Total: 258,613,210 pairs
[06:56:07] [INFO] File 445/912: COD0OPSFIN_20240770000_01D_30S_CLK.CLK.gz → 579,474 pairs | Total: 259,192,684 pairs
[06:56:10] [INFO] File 446/912: COD0OPSFIN_20240600000_01D_30S_CLK.CLK.gz → 585,751 pairs | Total: 259,778,435 pairs
[06:56:13] [INFO] File 447/912: COD0OPSFIN_20240640000_01D_30S_CLK.CLK.gz → 577,943 pairs | Total: 260,356,378 pairs
[06:56:16] [INFO] File 448/912: COD0OPSFIN_20240650000_01D_30S_CLK.CLK.gz → 582,753 pairs | Total: 260,939,131 pairs
[06:56:17] [INFO] Batch 16 complete. Memory: 28.7% → 28.7%
[06:56:17] [PROCESS] Processing batch 17: 28 files (Memory: 28.7%)
[06:58:00] [INFO] File 449/912: COD0OPSFIN_20241110000_01D_30S_CLK.CLK.gz → 540,433 pairs | Total: 261,479,564 pairs
[06:58:03] [INFO] File 450/912: COD0OPSFIN_20241100000_01D_30S_CLK.CLK.gz → 530,091 pairs | Total: 262,009,655 pairs
[06:58:06] [INFO] File 451/912: COD0OPSFIN_20241030000_01D_30S_CLK.CLK.gz → 553,779 pairs | Total: 262,563,434 pairs
[06:58:09] [INFO] File 452/912: COD0OPSFIN_20241010000_01D_30S_CLK.CLK.gz → 554,934 pairs | Total: 263,118,368 pairs
[06:58:12] [INFO] File 453/912: COD0OPSFIN_20241000000_01D_30S_CLK.CLK.gz → 549,399 pairs | Total: 263,667,767 pairs
[06:58:14] [INFO] File 454/912: COD0OPSFIN_20240900000_01D_30S_CLK.CLK.gz → 560,205 pairs | Total: 264,227,972 pairs
[06:58:17] [INFO] File 455/912: COD0OPSFIN_20240950000_01D_30S_CLK.CLK.gz → 551,447 pairs | Total: 264,779,419 pairs
[06:58:20] [INFO] File 456/912: COD0OPSFIN_20240980000_01D_30S_CLK.CLK.gz → 553,201 pairs | Total: 265,332,620 pairs
[06:58:23] [INFO] File 457/912: COD0OPSFIN_20241060000_01D_30S_CLK.CLK.gz → 555,834 pairs | Total: 265,888,454 pairs
[06:58:25] [INFO] File 458/912: COD0OPSFIN_20240970000_01D_30S_CLK.CLK.gz → 560,519 pairs | Total: 266,448,973 pairs
[06:58:28] [INFO] File 459/912: COD0OPSFIN_20241070000_01D_30S_CLK.CLK.gz → 558,128 pairs | Total: 267,007,101 pairs
[06:58:31] [INFO] File 460/912: COD0OPSFIN_20240990000_01D_30S_CLK.CLK.gz → 558,446 pairs | Total: 267,565,547 pairs
[06:58:34] [INFO] File 461/912: COD0OPSFIN_20240930000_01D_30S_CLK.CLK.gz → 556,098 pairs | Total: 268,121,645 pairs
[06:58:37] [INFO] File 462/912: COD0OPSFIN_20241080000_01D_30S_CLK.CLK.gz → 564,920 pairs | Total: 268,686,565 pairs
[06:58:40] [INFO] File 463/912: COD0OPSFIN_20240920000_01D_30S_CLK.CLK.gz → 560,814 pairs | Total: 269,247,379 pairs
[06:58:43] [INFO] File 464/912: COD0OPSFIN_20241090000_01D_30S_CLK.CLK.gz → 554,384 pairs | Total: 269,801,763 pairs
[06:58:46] [INFO] File 465/912: COD0OPSFIN_20240910000_01D_30S_CLK.CLK.gz → 572,920 pairs | Total: 270,374,683 pairs
[06:58:48] [INFO] File 466/912: COD0OPSFIN_20241020000_01D_30S_CLK.CLK.gz → 559,040 pairs | Total: 270,933,723 pairs
[06:58:51] [INFO] File 467/912: COD0OPSFIN_20240870000_01D_30S_CLK.CLK.gz → 556,713 pairs | Total: 271,490,436 pairs
[06:58:54] [INFO] File 468/912: COD0OPSFIN_20241040000_01D_30S_CLK.CLK.gz → 562,866 pairs | Total: 272,053,302 pairs
[06:58:57] [INFO] File 469/912: COD0OPSFIN_20240940000_01D_30S_CLK.CLK.gz → 561,397 pairs | Total: 272,614,699 pairs
[06:59:00] [INFO] File 470/912: COD0OPSFIN_20240840000_01D_30S_CLK.CLK.gz → 563,720 pairs | Total: 273,178,419 pairs
[06:59:03] [INFO] File 471/912: COD0OPSFIN_20241050000_01D_30S_CLK.CLK.gz → 569,655 pairs | Total: 273,748,074 pairs
[06:59:06] [INFO] File 472/912: COD0OPSFIN_20240890000_01D_30S_CLK.CLK.gz → 558,172 pairs | Total: 274,306,246 pairs
[06:59:09] [INFO] File 473/912: COD0OPSFIN_20240880000_01D_30S_CLK.CLK.gz → 574,946 pairs | Total: 274,881,192 pairs
[06:59:12] [INFO] File 474/912: COD0OPSFIN_20240960000_01D_30S_CLK.CLK.gz → 566,680 pairs | Total: 275,447,872 pairs
[06:59:15] [INFO] File 475/912: COD0OPSFIN_20240860000_01D_30S_CLK.CLK.gz → 580,038 pairs | Total: 276,027,910 pairs
[06:59:18] [INFO] File 476/912: COD0OPSFIN_20240850000_01D_30S_CLK.CLK.gz → 579,466 pairs | Total: 276,607,376 pairs
[06:59:19] [INFO] Batch 17 complete. Memory: 28.6% → 28.6%
[06:59:19] [PROCESS] Processing batch 18: 28 files (Memory: 28.6%)
[07:01:03] [INFO] File 477/912: COD0OPSFIN_20241340000_01D_30S_CLK.CLK.gz → 538,991 pairs | Total: 277,146,367 pairs
[07:01:06] [INFO] File 478/912: COD0OPSFIN_20241320000_01D_30S_CLK.CLK.gz → 541,004 pairs | Total: 277,687,371 pairs
[07:01:08] [INFO] File 479/912: COD0OPSFIN_20241330000_01D_30S_CLK.CLK.gz → 543,033 pairs | Total: 278,230,404 pairs
[07:01:11] [INFO] File 480/912: COD0OPSFIN_20241180000_01D_30S_CLK.CLK.gz → 554,366 pairs | Total: 278,784,770 pairs
[07:01:14] [INFO] File 481/912: COD0OPSFIN_20241300000_01D_30S_CLK.CLK.gz → 549,692 pairs | Total: 279,334,462 pairs
[07:01:16] [INFO] File 482/912: COD0OPSFIN_20241310000_01D_30S_CLK.CLK.gz → 539,567 pairs | Total: 279,874,029 pairs
[07:01:19] [INFO] File 483/912: COD0OPSFIN_20241230000_01D_30S_CLK.CLK.gz → 539,570 pairs | Total: 280,413,599 pairs
[07:01:22] [INFO] File 484/912: COD0OPSFIN_20241380000_01D_30S_CLK.CLK.gz → 547,088 pairs | Total: 280,960,687 pairs
[07:01:25] [INFO] File 485/912: COD0OPSFIN_20241120000_01D_30S_CLK.CLK.gz → 538,980 pairs | Total: 281,499,667 pairs
[07:01:27] [INFO] File 486/912: COD0OPSFIN_20241250000_01D_30S_CLK.CLK.gz → 559,337 pairs | Total: 282,059,004 pairs
[07:01:30] [INFO] File 487/912: COD0OPSFIN_20241170000_01D_30S_CLK.CLK.gz → 534,966 pairs | Total: 282,593,970 pairs
[07:01:33] [INFO] File 488/912: COD0OPSFIN_20241190000_01D_30S_CLK.CLK.gz → 544,202 pairs | Total: 283,138,172 pairs
[07:01:36] [INFO] File 489/912: COD0OPSFIN_20241360000_01D_30S_CLK.CLK.gz → 545,625 pairs | Total: 283,683,797 pairs
[07:01:39] [INFO] File 490/912: COD0OPSFIN_20241130000_01D_30S_CLK.CLK.gz → 553,471 pairs | Total: 284,237,268 pairs
[07:01:41] [INFO] File 491/912: COD0OPSFIN_20241140000_01D_30S_CLK.CLK.gz → 545,357 pairs | Total: 284,782,625 pairs
[07:01:44] [INFO] File 492/912: COD0OPSFIN_20241210000_01D_30S_CLK.CLK.gz → 542,148 pairs | Total: 285,324,773 pairs
[07:01:47] [INFO] File 493/912: COD0OPSFIN_20241280000_01D_30S_CLK.CLK.gz → 560,804 pairs | Total: 285,885,577 pairs
[07:01:50] [INFO] File 494/912: COD0OPSFIN_20241240000_01D_30S_CLK.CLK.gz → 558,165 pairs | Total: 286,443,742 pairs
[07:01:53] [INFO] File 495/912: COD0OPSFIN_20241160000_01D_30S_CLK.CLK.gz → 551,477 pairs | Total: 286,995,219 pairs
[07:01:56] [INFO] File 496/912: COD0OPSFIN_20241260000_01D_30S_CLK.CLK.gz → 554,649 pairs | Total: 287,549,868 pairs
[07:01:59] [INFO] File 497/912: COD0OPSFIN_20241150000_01D_30S_CLK.CLK.gz → 560,514 pairs | Total: 288,110,382 pairs
[07:02:01] [INFO] File 498/912: COD0OPSFIN_20241200000_01D_30S_CLK.CLK.gz → 560,744 pairs | Total: 288,671,126 pairs
[07:02:04] [INFO] File 499/912: COD0OPSFIN_20241370000_01D_30S_CLK.CLK.gz → 545,060 pairs | Total: 289,216,186 pairs
[07:02:07] [INFO] File 500/912: COD0OPSFIN_20241270000_01D_30S_CLK.CLK.gz → 567,882 pairs | Total: 289,784,068 pairs
[07:02:10] [INFO] File 501/912: COD0OPSFIN_20241290000_01D_30S_CLK.CLK.gz → 558,726 pairs | Total: 290,342,794 pairs
[07:02:13] [INFO] File 502/912: COD0OPSFIN_20241220000_01D_30S_CLK.CLK.gz → 562,538 pairs | Total: 290,905,332 pairs
[07:02:16] [INFO] File 503/912: COD0OPSFIN_20241350000_01D_30S_CLK.CLK.gz → 553,200 pairs | Total: 291,458,532 pairs
[07:02:19] [INFO] File 504/912: COD0OPSFIN_20241390000_01D_30S_CLK.CLK.gz → 564,923 pairs | Total: 292,023,455 pairs
[07:02:20] [INFO] Batch 18 complete. Memory: 28.5% → 28.5%
[07:02:20] [PROCESS] Processing batch 19: 28 files (Memory: 28.5%)
[07:04:02] [INFO] File 505/912: COD0OPSFIN_20241530000_01D_30S_CLK.CLK.gz → 530,956 pairs | Total: 292,554,411 pairs
[07:04:05] [INFO] File 506/912: COD0OPSFIN_20241590000_01D_30S_CLK.CLK.gz → 548,826 pairs | Total: 293,103,237 pairs
[07:04:07] [INFO] File 507/912: COD0OPSFIN_20241450000_01D_30S_CLK.CLK.gz → 542,459 pairs | Total: 293,645,696 pairs
[07:04:10] [INFO] File 508/912: COD0OPSFIN_20241540000_01D_30S_CLK.CLK.gz → 535,817 pairs | Total: 294,181,513 pairs
[07:04:12] [INFO] File 509/912: COD0OPSFIN_20241630000_01D_30S_CLK.CLK.gz → 547,923 pairs | Total: 294,729,436 pairs
[07:04:15] [INFO] File 510/912: COD0OPSFIN_20241490000_01D_30S_CLK.CLK.gz → 544,208 pairs | Total: 295,273,644 pairs
[07:04:18] [INFO] File 511/912: COD0OPSFIN_20241610000_01D_30S_CLK.CLK.gz → 538,975 pairs | Total: 295,812,619 pairs
[07:04:21] [INFO] File 512/912: COD0OPSFIN_20241580000_01D_30S_CLK.CLK.gz → 552,897 pairs | Total: 296,365,516 pairs
[07:04:23] [INFO] File 513/912: COD0OPSFIN_20241430000_01D_30S_CLK.CLK.gz → 551,149 pairs | Total: 296,916,665 pairs
[07:04:26] [INFO] File 514/912: COD0OPSFIN_20241550000_01D_30S_CLK.CLK.gz → 539,857 pairs | Total: 297,456,522 pairs
[07:04:29] [INFO] File 515/912: COD0OPSFIN_20241520000_01D_30S_CLK.CLK.gz → 545,638 pairs | Total: 298,002,160 pairs
[07:04:32] [INFO] File 516/912: COD0OPSFIN_20241500000_01D_30S_CLK.CLK.gz → 533,001 pairs | Total: 298,535,161 pairs
[07:04:35] [INFO] File 517/912: COD0OPSFIN_20241620000_01D_30S_CLK.CLK.gz → 539,858 pairs | Total: 299,075,019 pairs
[07:04:37] [INFO] File 518/912: COD0OPSFIN_20241470000_01D_30S_CLK.CLK.gz → 553,794 pairs | Total: 299,628,813 pairs
[07:04:40] [INFO] File 519/912: COD0OPSFIN_20241670000_01D_30S_CLK.CLK.gz → 562,863 pairs | Total: 300,191,676 pairs
[07:04:43] [INFO] File 520/912: COD0OPSFIN_20241570000_01D_30S_CLK.CLK.gz → 543,886 pairs | Total: 300,735,562 pairs
[07:04:46] [INFO] File 521/912: COD0OPSFIN_20241460000_01D_30S_CLK.CLK.gz → 555,545 pairs | Total: 301,291,107 pairs
[07:04:49] [INFO] File 522/912: COD0OPSFIN_20241650000_01D_30S_CLK.CLK.gz → 549,125 pairs | Total: 301,840,232 pairs
[07:04:52] [INFO] File 523/912: COD0OPSFIN_20241480000_01D_30S_CLK.CLK.gz → 548,825 pairs | Total: 302,389,057 pairs
[07:04:54] [INFO] File 524/912: COD0OPSFIN_20241510000_01D_30S_CLK.CLK.gz → 545,624 pairs | Total: 302,934,681 pairs
[07:04:57] [INFO] File 525/912: COD0OPSFIN_20241400000_01D_30S_CLK.CLK.gz → 557,579 pairs | Total: 303,492,260 pairs
[07:05:00] [INFO] File 526/912: COD0OPSFIN_20241440000_01D_30S_CLK.CLK.gz → 554,059 pairs | Total: 304,046,319 pairs
[07:05:03] [INFO] File 527/912: COD0OPSFIN_20241560000_01D_30S_CLK.CLK.gz → 549,994 pairs | Total: 304,596,313 pairs
[07:05:06] [INFO] File 528/912: COD0OPSFIN_20241640000_01D_30S_CLK.CLK.gz → 549,706 pairs | Total: 305,146,019 pairs
[07:05:09] [INFO] File 529/912: COD0OPSFIN_20241660000_01D_30S_CLK.CLK.gz → 563,168 pairs | Total: 305,709,187 pairs
[07:05:12] [INFO] File 530/912: COD0OPSFIN_20241420000_01D_30S_CLK.CLK.gz → 563,433 pairs | Total: 306,272,620 pairs
[07:05:15] [INFO] File 531/912: COD0OPSFIN_20241600000_01D_30S_CLK.CLK.gz → 559,623 pairs | Total: 306,832,243 pairs
[07:05:18] [INFO] File 532/912: COD0OPSFIN_20241410000_01D_30S_CLK.CLK.gz → 560,802 pairs | Total: 307,393,045 pairs
[07:05:18] [INFO] Batch 19 complete. Memory: 28.5% → 28.5%
[07:05:18] [PROCESS] Processing batch 20: 28 files (Memory: 28.5%)
[07:07:02] [INFO] File 533/912: COD0OPSFIN_20241950000_01D_30S_CLK.CLK.gz → 538,997 pairs | Total: 307,932,042 pairs
[07:07:05] [INFO] File 534/912: COD0OPSFIN_20241730000_01D_30S_CLK.CLK.gz → 534,670 pairs | Total: 308,466,712 pairs
[07:07:07] [INFO] File 535/912: COD0OPSFIN_20241910000_01D_30S_CLK.CLK.gz → 539,568 pairs | Total: 309,006,280 pairs
[07:07:11] [INFO] File 536/912: COD0OPSFIN_20241680000_01D_30S_CLK.CLK.gz → 569,655 pairs | Total: 309,575,935 pairs
[07:07:13] [INFO] File 537/912: COD0OPSFIN_20241930000_01D_30S_CLK.CLK.gz → 543,035 pairs | Total: 310,118,970 pairs
[07:07:16] [INFO] File 538/912: COD0OPSFIN_20241810000_01D_30S_CLK.CLK.gz → 546,793 pairs | Total: 310,665,763 pairs
[07:07:19] [INFO] File 539/912: COD0OPSFIN_20241750000_01D_30S_CLK.CLK.gz → 548,511 pairs | Total: 311,214,274 pairs
[07:07:21] [INFO] File 540/912: COD0OPSFIN_20241890000_01D_30S_CLK.CLK.gz → 566,397 pairs | Total: 311,780,671 pairs
[07:07:24] [INFO] File 541/912: COD0OPSFIN_20241770000_01D_30S_CLK.CLK.gz → 549,684 pairs | Total: 312,330,355 pairs
[07:07:27] [INFO] File 542/912: COD0OPSFIN_20241790000_01D_30S_CLK.CLK.gz → 545,365 pairs | Total: 312,875,720 pairs
[07:07:30] [INFO] File 543/912: COD0OPSFIN_20241920000_01D_30S_CLK.CLK.gz → 536,098 pairs | Total: 313,411,818 pairs
[07:07:32] [INFO] File 544/912: COD0OPSFIN_20241710000_01D_30S_CLK.CLK.gz → 547,085 pairs | Total: 313,958,903 pairs
[07:07:35] [INFO] File 545/912: COD0OPSFIN_20241690000_01D_30S_CLK.CLK.gz → 562,274 pairs | Total: 314,521,177 pairs
[07:07:38] [INFO] File 546/912: COD0OPSFIN_20241940000_01D_30S_CLK.CLK.gz → 546,215 pairs | Total: 315,067,392 pairs
[07:07:41] [INFO] File 547/912: COD0OPSFIN_20241740000_01D_30S_CLK.CLK.gz → 547,376 pairs | Total: 315,614,768 pairs
[07:07:44] [INFO] File 548/912: COD0OPSFIN_20241860000_01D_30S_CLK.CLK.gz → 554,077 pairs | Total: 316,168,845 pairs
[07:07:47] [INFO] File 549/912: COD0OPSFIN_20241720000_01D_30S_CLK.CLK.gz → 551,755 pairs | Total: 316,720,600 pairs
[07:07:49] [INFO] File 550/912: COD0OPSFIN_20241800000_01D_30S_CLK.CLK.gz → 549,408 pairs | Total: 317,270,008 pairs
[07:07:52] [INFO] File 551/912: COD0OPSFIN_20241880000_01D_30S_CLK.CLK.gz → 552,912 pairs | Total: 317,822,920 pairs
[07:07:55] [INFO] File 552/912: COD0OPSFIN_20241900000_01D_30S_CLK.CLK.gz → 542,729 pairs | Total: 318,365,649 pairs
[07:07:58] [INFO] File 553/912: COD0OPSFIN_20241760000_01D_30S_CLK.CLK.gz → 544,467 pairs | Total: 318,910,116 pairs
[07:08:01] [INFO] File 554/912: COD0OPSFIN_20241830000_01D_30S_CLK.CLK.gz → 558,749 pairs | Total: 319,468,865 pairs
[07:08:04] [INFO] File 555/912: COD0OPSFIN_20241780000_01D_30S_CLK.CLK.gz → 552,904 pairs | Total: 320,021,769 pairs
[07:08:07] [INFO] File 556/912: COD0OPSFIN_20241850000_01D_30S_CLK.CLK.gz → 560,816 pairs | Total: 320,582,585 pairs
[07:08:10] [INFO] File 557/912: COD0OPSFIN_20241820000_01D_30S_CLK.CLK.gz → 555,238 pairs | Total: 321,137,823 pairs
[07:08:13] [INFO] File 558/912: COD0OPSFIN_20241700000_01D_30S_CLK.CLK.gz → 565,241 pairs | Total: 321,703,064 pairs
[07:08:16] [INFO] File 559/912: COD0OPSFIN_20241870000_01D_30S_CLK.CLK.gz → 552,908 pairs | Total: 322,255,972 pairs
[07:08:18] [INFO] File 560/912: COD0OPSFIN_20241840000_01D_30S_CLK.CLK.gz → 559,624 pairs | Total: 322,815,596 pairs
[07:08:19] [INFO] Batch 20 complete. Memory: 28.6% → 28.6%
[07:08:19] [PROCESS] Processing batch 21: 28 files (Memory: 28.6%)
[07:10:01] [INFO] File 561/912: COD0OPSFIN_20242050000_01D_30S_CLK.CLK.gz → 531,528 pairs | Total: 323,347,124 pairs
[07:10:04] [INFO] File 562/912: COD0OPSFIN_20242000000_01D_30S_CLK.CLK.gz → 538,993 pairs | Total: 323,886,117 pairs
[07:10:06] [INFO] File 563/912: COD0OPSFIN_20242100000_01D_30S_CLK.CLK.gz → 528,399 pairs | Total: 324,414,516 pairs
[07:10:09] [INFO] File 564/912: COD0OPSFIN_20242200000_01D_30S_CLK.CLK.gz → 531,535 pairs | Total: 324,946,051 pairs
[07:10:12] [INFO] File 565/912: COD0OPSFIN_20242080000_01D_30S_CLK.CLK.gz → 550,290 pairs | Total: 325,496,341 pairs
[07:10:14] [INFO] File 566/912: COD0OPSFIN_20242090000_01D_30S_CLK.CLK.gz → 540,720 pairs | Total: 326,037,061 pairs
[07:10:17] [INFO] File 567/912: COD0OPSFIN_20242210000_01D_30S_CLK.CLK.gz → 543,609 pairs | Total: 326,580,670 pairs
[07:10:20] [INFO] File 568/912: COD0OPSFIN_20242170000_01D_30S_CLK.CLK.gz → 528,389 pairs | Total: 327,109,059 pairs
[07:10:22] [INFO] File 569/912: COD0OPSFIN_20242190000_01D_30S_CLK.CLK.gz → 541,013 pairs | Total: 327,650,072 pairs
[07:10:25] [INFO] File 570/912: COD0OPSFIN_20242120000_01D_30S_CLK.CLK.gz → 541,596 pairs | Total: 328,191,668 pairs
[07:10:28] [INFO] File 571/912: COD0OPSFIN_20242130000_01D_30S_CLK.CLK.gz → 542,478 pairs | Total: 328,734,146 pairs
[07:10:31] [INFO] File 572/912: COD0OPSFIN_20242030000_01D_30S_CLK.CLK.gz → 548,812 pairs | Total: 329,282,958 pairs
[07:10:34] [INFO] File 573/912: COD0OPSFIN_20242060000_01D_30S_CLK.CLK.gz → 542,754 pairs | Total: 329,825,712 pairs
[07:10:36] [INFO] File 574/912: COD0OPSFIN_20242020000_01D_30S_CLK.CLK.gz → 555,233 pairs | Total: 330,380,945 pairs
[07:10:39] [INFO] File 575/912: COD0OPSFIN_20242160000_01D_30S_CLK.CLK.gz → 549,998 pairs | Total: 330,930,943 pairs
[07:10:42] [INFO] File 576/912: COD0OPSFIN_20242110000_01D_30S_CLK.CLK.gz → 540,123 pairs | Total: 331,471,066 pairs
[07:10:45] [INFO] File 577/912: COD0OPSFIN_20242230000_01D_30S_CLK.CLK.gz → 554,636 pairs | Total: 332,025,702 pairs
[07:10:48] [INFO] File 578/912: COD0OPSFIN_20242010000_01D_30S_CLK.CLK.gz → 553,790 pairs | Total: 332,579,492 pairs
[07:10:51] [INFO] File 579/912: COD0OPSFIN_20242070000_01D_30S_CLK.CLK.gz → 545,644 pairs | Total: 333,125,136 pairs
[07:10:54] [INFO] File 580/912: COD0OPSFIN_20242220000_01D_30S_CLK.CLK.gz → 558,452 pairs | Total: 333,683,588 pairs
[07:10:56] [INFO] File 581/912: COD0OPSFIN_20241960000_01D_30S_CLK.CLK.gz → 551,160 pairs | Total: 334,234,748 pairs
[07:10:59] [INFO] File 582/912: COD0OPSFIN_20242150000_01D_30S_CLK.CLK.gz → 554,075 pairs | Total: 334,788,823 pairs
[07:11:02] [INFO] File 583/912: COD0OPSFIN_20241980000_01D_30S_CLK.CLK.gz → 547,946 pairs | Total: 335,336,769 pairs
[07:11:05] [INFO] File 584/912: COD0OPSFIN_20242040000_01D_30S_CLK.CLK.gz → 554,357 pairs | Total: 335,891,126 pairs
[07:11:08] [INFO] File 585/912: COD0OPSFIN_20242180000_01D_30S_CLK.CLK.gz → 553,460 pairs | Total: 336,444,586 pairs
[07:11:11] [INFO] File 586/912: COD0OPSFIN_20241970000_01D_30S_CLK.CLK.gz → 559,043 pairs | Total: 337,003,629 pairs
[07:11:14] [INFO] File 587/912: COD0OPSFIN_20241990000_01D_30S_CLK.CLK.gz → 557,562 pairs | Total: 337,561,191 pairs
[07:11:17] [INFO] File 588/912: COD0OPSFIN_20242140000_01D_30S_CLK.CLK.gz → 558,750 pairs | Total: 338,119,941 pairs
[07:11:17] [INFO] Batch 21 complete. Memory: 28.6% → 28.6%
[07:11:17] [PROCESS] Processing batch 22: 28 files (Memory: 28.6%)
[07:12:56] [INFO] File 589/912: COD0OPSFIN_20242450000_01D_30S_CLK.CLK.gz → 518,176 pairs | Total: 338,638,117 pairs
[07:12:59] [INFO] File 590/912: COD0OPSFIN_20242370000_01D_30S_CLK.CLK.gz → 518,457 pairs | Total: 339,156,574 pairs
[07:13:01] [INFO] File 591/912: COD0OPSFIN_20242510000_01D_30S_CLK.CLK.gz → 496,105 pairs | Total: 339,652,679 pairs
[07:13:03] [INFO] File 592/912: COD0OPSFIN_20242410000_01D_30S_CLK.CLK.gz → 517,613 pairs | Total: 340,170,292 pairs
[07:13:06] [INFO] File 593/912: COD0OPSFIN_20242460000_01D_30S_CLK.CLK.gz → 509,465 pairs | Total: 340,679,757 pairs
[07:13:09] [INFO] File 594/912: COD0OPSFIN_20242430000_01D_30S_CLK.CLK.gz → 509,747 pairs | Total: 341,189,504 pairs
[07:13:11] [INFO] File 595/912: COD0OPSFIN_20242340000_01D_30S_CLK.CLK.gz → 508,608 pairs | Total: 341,698,112 pairs
[07:13:14] [INFO] File 596/912: COD0OPSFIN_20242360000_01D_30S_CLK.CLK.gz → 521,005 pairs | Total: 342,219,117 pairs
[07:13:16] [INFO] File 597/912: COD0OPSFIN_20242440000_01D_30S_CLK.CLK.gz → 527,534 pairs | Total: 342,746,651 pairs
[07:13:19] [INFO] File 598/912: COD0OPSFIN_20242300000_01D_30S_CLK.CLK.gz → 521,004 pairs | Total: 343,267,655 pairs
[07:13:22] [INFO] File 599/912: COD0OPSFIN_20242250000_01D_30S_CLK.CLK.gz → 527,816 pairs | Total: 343,795,471 pairs
[07:13:24] [INFO] File 600/912: COD0OPSFIN_20242500000_01D_30S_CLK.CLK.gz → 522,977 pairs | Total: 344,318,448 pairs
[07:13:27] [INFO] File 601/912: COD0OPSFIN_20242390000_01D_30S_CLK.CLK.gz → 526,958 pairs | Total: 344,845,406 pairs
[07:13:30] [INFO] File 602/912: COD0OPSFIN_20242380000_01D_30S_CLK.CLK.gz → 532,961 pairs | Total: 345,378,367 pairs
[07:13:33] [INFO] File 603/912: COD0OPSFIN_20242400000_01D_30S_CLK.CLK.gz → 529,795 pairs | Total: 345,908,162 pairs
[07:13:35] [INFO] File 604/912: COD0OPSFIN_20242350000_01D_30S_CLK.CLK.gz → 517,912 pairs | Total: 346,426,074 pairs
[07:13:38] [INFO] File 605/912: COD0OPSFIN_20242270000_01D_30S_CLK.CLK.gz → 543,855 pairs | Total: 346,969,929 pairs
[07:13:41] [INFO] File 606/912: COD0OPSFIN_20242470000_01D_30S_CLK.CLK.gz → 524,394 pairs | Total: 347,494,323 pairs
[07:13:44] [INFO] File 607/912: COD0OPSFIN_20242280000_01D_30S_CLK.CLK.gz → 551,406 pairs | Total: 348,045,729 pairs
[07:13:47] [INFO] File 608/912: COD0OPSFIN_20242480000_01D_30S_CLK.CLK.gz → 545,916 pairs | Total: 348,591,645 pairs
[07:13:49] [INFO] File 609/912: COD0OPSFIN_20242240000_01D_30S_CLK.CLK.gz → 554,929 pairs | Total: 349,146,574 pairs
[07:13:52] [INFO] File 610/912: COD0OPSFIN_20242490000_01D_30S_CLK.CLK.gz → 551,128 pairs | Total: 349,697,702 pairs
[07:13:55] [INFO] File 611/912: COD0OPSFIN_20242320000_01D_30S_CLK.CLK.gz → 541,305 pairs | Total: 350,239,007 pairs
[07:13:58] [INFO] File 612/912: COD0OPSFIN_20242420000_01D_30S_CLK.CLK.gz → 543,036 pairs | Total: 350,782,043 pairs
[07:14:01] [INFO] File 613/912: COD0OPSFIN_20242330000_01D_30S_CLK.CLK.gz → 540,136 pairs | Total: 351,322,179 pairs
[07:14:04] [INFO] File 614/912: COD0OPSFIN_20242290000_01D_30S_CLK.CLK.gz → 547,994 pairs | Total: 351,870,173 pairs
[07:14:07] [INFO] File 615/912: COD0OPSFIN_20242260000_01D_30S_CLK.CLK.gz → 551,725 pairs | Total: 352,421,898 pairs
[07:14:09] [INFO] File 616/912: COD0OPSFIN_20242310000_01D_30S_CLK.CLK.gz → 547,090 pairs | Total: 352,968,988 pairs
[07:14:10] [INFO] Batch 22 complete. Memory: 29.2% → 29.2%
[07:14:10] [PROCESS] Processing batch 23: 28 files (Memory: 29.2%)
[07:15:48] [INFO] File 617/912: COD0OPSFIN_20242660000_01D_30S_CLK.CLK.gz → 512,829 pairs | Total: 353,481,817 pairs
[07:15:51] [INFO] File 618/912: COD0OPSFIN_20242780000_01D_30S_CLK.CLK.gz → 514,512 pairs | Total: 353,996,329 pairs
[07:15:53] [INFO] File 619/912: COD0OPSFIN_20242730000_01D_30S_CLK.CLK.gz → 520,145 pairs | Total: 354,516,474 pairs
[07:15:56] [INFO] File 620/912: COD0OPSFIN_20242650000_01D_30S_CLK.CLK.gz → 511,989 pairs | Total: 355,028,463 pairs
[07:15:58] [INFO] File 621/912: COD0OPSFIN_20242720000_01D_30S_CLK.CLK.gz → 512,544 pairs | Total: 355,541,007 pairs
[07:16:01] [INFO] File 622/912: COD0OPSFIN_20242560000_01D_30S_CLK.CLK.gz → 509,460 pairs | Total: 356,050,467 pairs
[07:16:03] [INFO] File 623/912: COD0OPSFIN_20242740000_01D_30S_CLK.CLK.gz → 519,590 pairs | Total: 356,570,057 pairs
[07:16:06] [INFO] File 624/912: COD0OPSFIN_20242690000_01D_30S_CLK.CLK.gz → 517,634 pairs | Total: 357,087,691 pairs
[07:16:09] [INFO] File 625/912: COD0OPSFIN_20242710000_01D_30S_CLK.CLK.gz → 513,680 pairs | Total: 357,601,371 pairs
[07:16:11] [INFO] File 626/912: COD0OPSFIN_20242750000_01D_30S_CLK.CLK.gz → 514,511 pairs | Total: 358,115,882 pairs
[07:16:14] [INFO] File 627/912: COD0OPSFIN_20242700000_01D_30S_CLK.CLK.gz → 518,453 pairs | Total: 358,634,335 pairs
[07:16:17] [INFO] File 628/912: COD0OPSFIN_20242670000_01D_30S_CLK.CLK.gz → 518,730 pairs | Total: 359,153,065 pairs
[07:16:19] [INFO] File 629/912: COD0OPSFIN_20242630000_01D_30S_CLK.CLK.gz → 520,736 pairs | Total: 359,673,801 pairs
[07:16:22] [INFO] File 630/912: COD0OPSFIN_20242580000_01D_30S_CLK.CLK.gz → 528,955 pairs | Total: 360,202,756 pairs
[07:16:25] [INFO] File 631/912: COD0OPSFIN_20242620000_01D_30S_CLK.CLK.gz → 526,388 pairs | Total: 360,729,144 pairs
[07:16:27] [INFO] File 632/912: COD0OPSFIN_20242570000_01D_30S_CLK.CLK.gz → 530,395 pairs | Total: 361,259,539 pairs
[07:16:30] [INFO] File 633/912: COD0OPSFIN_20242590000_01D_30S_CLK.CLK.gz → 524,691 pairs | Total: 361,784,230 pairs
[07:16:33] [INFO] File 634/912: COD0OPSFIN_20242760000_01D_30S_CLK.CLK.gz → 527,814 pairs | Total: 362,312,044 pairs
[07:16:36] [INFO] File 635/912: COD0OPSFIN_20242520000_01D_30S_CLK.CLK.gz → 532,381 pairs | Total: 362,844,425 pairs
[07:16:38] [INFO] File 636/912: COD0OPSFIN_20242680000_01D_30S_CLK.CLK.gz → 523,833 pairs | Total: 363,368,258 pairs
[07:16:41] [INFO] File 637/912: COD0OPSFIN_20242610000_01D_30S_CLK.CLK.gz → 528,115 pairs | Total: 363,896,373 pairs
[07:16:44] [INFO] File 638/912: COD0OPSFIN_20242530000_01D_30S_CLK.CLK.gz → 524,950 pairs | Total: 364,421,323 pairs
[07:16:47] [INFO] File 639/912: COD0OPSFIN_20242770000_01D_30S_CLK.CLK.gz → 530,962 pairs | Total: 364,952,285 pairs
[07:16:49] [INFO] File 640/912: COD0OPSFIN_20242600000_01D_30S_CLK.CLK.gz → 532,083 pairs | Total: 365,484,368 pairs
[07:16:52] [INFO] File 641/912: COD0OPSFIN_20242790000_01D_30S_CLK.CLK.gz → 534,968 pairs | Total: 366,019,336 pairs
[07:16:55] [INFO] File 642/912: COD0OPSFIN_20242640000_01D_30S_CLK.CLK.gz → 543,582 pairs | Total: 366,562,918 pairs
[07:16:58] [INFO] File 643/912: COD0OPSFIN_20242550000_01D_30S_CLK.CLK.gz → 528,386 pairs | Total: 367,091,304 pairs
[07:17:01] [INFO] File 644/912: COD0OPSFIN_20242540000_01D_30S_CLK.CLK.gz → 538,994 pairs | Total: 367,630,298 pairs
[07:17:01] [INFO] Batch 23 complete. Memory: 29.6% → 29.6%
[07:17:01] [PROCESS] Processing batch 24: 28 files (Memory: 29.6%)
[07:18:39] [INFO] File 645/912: COD0OPSFIN_20243070000_01D_30S_CLK.CLK.gz → 499,177 pairs | Total: 368,129,475 pairs
[07:18:41] [INFO] File 646/912: COD0OPSFIN_20242840000_01D_30S_CLK.CLK.gz → 501,647 pairs | Total: 368,631,122 pairs
[07:18:44] [INFO] File 647/912: COD0OPSFIN_20242960000_01D_30S_CLK.CLK.gz → 513,948 pairs | Total: 369,145,070 pairs
[07:18:47] [INFO] File 648/912: COD0OPSFIN_20242990000_01D_30S_CLK.CLK.gz → 522,153 pairs | Total: 369,667,223 pairs
[07:18:49] [INFO] File 649/912: COD0OPSFIN_20243040000_01D_30S_CLK.CLK.gz → 513,669 pairs | Total: 370,180,892 pairs
[07:18:52] [INFO] File 650/912: COD0OPSFIN_20242860000_01D_30S_CLK.CLK.gz → 532,392 pairs | Total: 370,713,284 pairs
[07:18:54] [INFO] File 651/912: COD0OPSFIN_20243000000_01D_30S_CLK.CLK.gz → 508,896 pairs | Total: 371,222,180 pairs
[07:18:57] [INFO] File 652/912: COD0OPSFIN_20242800000_01D_30S_CLK.CLK.gz → 528,393 pairs | Total: 371,750,573 pairs
[07:19:00] [INFO] File 653/912: COD0OPSFIN_20242890000_01D_30S_CLK.CLK.gz → 518,470 pairs | Total: 372,269,043 pairs
[07:19:02] [INFO] File 654/912: COD0OPSFIN_20242850000_01D_30S_CLK.CLK.gz → 535,830 pairs | Total: 372,804,873 pairs
[07:19:05] [INFO] File 655/912: COD0OPSFIN_20242950000_01D_30S_CLK.CLK.gz → 514,511 pairs | Total: 373,319,384 pairs
[07:19:08] [INFO] File 656/912: COD0OPSFIN_20242920000_01D_30S_CLK.CLK.gz → 519,026 pairs | Total: 373,838,410 pairs
[07:19:10] [INFO] File 657/912: COD0OPSFIN_20242830000_01D_30S_CLK.CLK.gz → 516,467 pairs | Total: 374,354,877 pairs
[07:19:13] [INFO] File 658/912: COD0OPSFIN_20243020000_01D_30S_CLK.CLK.gz → 526,684 pairs | Total: 374,881,561 pairs
[07:19:16] [INFO] File 659/912: COD0OPSFIN_20242930000_01D_30S_CLK.CLK.gz → 519,576 pairs | Total: 375,401,137 pairs
[07:19:18] [INFO] File 660/912: COD0OPSFIN_20242980000_01D_30S_CLK.CLK.gz → 526,977 pairs | Total: 375,928,114 pairs
[07:19:21] [INFO] File 661/912: COD0OPSFIN_20242870000_01D_30S_CLK.CLK.gz → 536,687 pairs | Total: 376,464,801 pairs
[07:19:24] [INFO] File 662/912: COD0OPSFIN_20243030000_01D_30S_CLK.CLK.gz → 523,575 pairs | Total: 376,988,376 pairs
[07:19:27] [INFO] File 663/912: COD0OPSFIN_20243010000_01D_30S_CLK.CLK.gz → 528,111 pairs | Total: 377,516,487 pairs
[07:19:29] [INFO] File 664/912: COD0OPSFIN_20242910000_01D_30S_CLK.CLK.gz → 524,391 pairs | Total: 378,040,878 pairs
[07:19:32] [INFO] File 665/912: COD0OPSFIN_20243050000_01D_30S_CLK.CLK.gz → 524,408 pairs | Total: 378,565,286 pairs
[07:19:35] [INFO] File 666/912: COD0OPSFIN_20243060000_01D_30S_CLK.CLK.gz → 532,983 pairs | Total: 379,098,269 pairs
[07:19:38] [INFO] File 667/912: COD0OPSFIN_20242970000_01D_30S_CLK.CLK.gz → 534,398 pairs | Total: 379,632,667 pairs
[07:19:41] [INFO] File 668/912: COD0OPSFIN_20242810000_01D_30S_CLK.CLK.gz → 546,194 pairs | Total: 380,178,861 pairs
[07:19:43] [INFO] File 669/912: COD0OPSFIN_20242940000_01D_30S_CLK.CLK.gz → 535,828 pairs | Total: 380,714,689 pairs
[07:19:46] [INFO] File 670/912: COD0OPSFIN_20242900000_01D_30S_CLK.CLK.gz → 530,083 pairs | Total: 381,244,772 pairs
[07:19:49] [INFO] File 671/912: COD0OPSFIN_20242880000_01D_30S_CLK.CLK.gz → 530,968 pairs | Total: 381,775,740 pairs
[07:19:52] [INFO] File 672/912: COD0OPSFIN_20242820000_01D_30S_CLK.CLK.gz → 538,715 pairs | Total: 382,314,455 pairs
[07:19:52] [INFO] Batch 24 complete. Memory: 29.9% → 29.9%
[07:19:52] [PROCESS] Processing batch 25: 28 files (Memory: 29.9%)
[07:21:28] [INFO] File 673/912: COD0OPSFIN_20243280000_01D_30S_CLK.CLK.gz → 492,819 pairs | Total: 382,807,274 pairs
[07:21:30] [INFO] File 674/912: COD0OPSFIN_20243290000_01D_30S_CLK.CLK.gz → 498,897 pairs | Total: 383,306,171 pairs
[07:21:33] [INFO] File 675/912: COD0OPSFIN_20243130000_01D_30S_CLK.CLK.gz → 490,596 pairs | Total: 383,796,767 pairs
[07:21:35] [INFO] File 676/912: COD0OPSFIN_20243300000_01D_30S_CLK.CLK.gz → 503,875 pairs | Total: 384,300,642 pairs
[07:21:38] [INFO] File 677/912: COD0OPSFIN_20243270000_01D_30S_CLK.CLK.gz → 514,502 pairs | Total: 384,815,144 pairs
[07:21:40] [INFO] File 678/912: COD0OPSFIN_20243340000_01D_30S_CLK.CLK.gz → 520,989 pairs | Total: 385,336,133 pairs
[07:21:43] [INFO] File 679/912: COD0OPSFIN_20243260000_01D_30S_CLK.CLK.gz → 511,439 pairs | Total: 385,847,572 pairs
[07:21:46] [INFO] File 680/912: COD0OPSFIN_20243200000_01D_30S_CLK.CLK.gz → 513,385 pairs | Total: 386,360,957 pairs
[07:21:48] [INFO] File 681/912: COD0OPSFIN_20243210000_01D_30S_CLK.CLK.gz → 515,365 pairs | Total: 386,876,322 pairs
[07:21:51] [INFO] File 682/912: COD0OPSFIN_20243110000_01D_30S_CLK.CLK.gz → 527,263 pairs | Total: 387,403,585 pairs
[07:21:53] [INFO] File 683/912: COD0OPSFIN_20243350000_01D_30S_CLK.CLK.gz → 511,135 pairs | Total: 387,914,720 pairs
[07:21:56] [INFO] File 684/912: COD0OPSFIN_20243230000_01D_30S_CLK.CLK.gz → 523,539 pairs | Total: 388,438,259 pairs
[07:21:59] [INFO] File 685/912: COD0OPSFIN_20243190000_01D_30S_CLK.CLK.gz → 520,442 pairs | Total: 388,958,701 pairs
[07:22:02] [INFO] File 686/912: COD0OPSFIN_20243250000_01D_30S_CLK.CLK.gz → 522,693 pairs | Total: 389,481,394 pairs
[07:22:04] [INFO] File 687/912: COD0OPSFIN_20243140000_01D_30S_CLK.CLK.gz → 517,050 pairs | Total: 389,998,444 pairs
[07:22:07] [INFO] File 688/912: COD0OPSFIN_20243150000_01D_30S_CLK.CLK.gz → 524,111 pairs | Total: 390,522,555 pairs
[07:22:10] [INFO] File 689/912: COD0OPSFIN_20243100000_01D_30S_CLK.CLK.gz → 515,361 pairs | Total: 391,037,916 pairs
[07:22:12] [INFO] File 690/912: COD0OPSFIN_20243160000_01D_30S_CLK.CLK.gz → 514,757 pairs | Total: 391,552,673 pairs
[07:22:15] [INFO] File 691/912: COD0OPSFIN_20243240000_01D_30S_CLK.CLK.gz → 514,242 pairs | Total: 392,066,915 pairs
[07:22:18] [INFO] File 692/912: COD0OPSFIN_20243080000_01D_30S_CLK.CLK.gz → 526,379 pairs | Total: 392,593,294 pairs
[07:22:20] [INFO] File 693/912: COD0OPSFIN_20243170000_01D_30S_CLK.CLK.gz → 527,234 pairs | Total: 393,120,528 pairs
[07:22:23] [INFO] File 694/912: COD0OPSFIN_20243120000_01D_30S_CLK.CLK.gz → 519,881 pairs | Total: 393,640,409 pairs
[07:22:26] [INFO] File 695/912: COD0OPSFIN_20243180000_01D_30S_CLK.CLK.gz → 524,949 pairs | Total: 394,165,358 pairs
[07:22:29] [INFO] File 696/912: COD0OPSFIN_20243310000_01D_30S_CLK.CLK.gz → 540,161 pairs | Total: 394,705,519 pairs
[07:22:31] [INFO] File 697/912: COD0OPSFIN_20243220000_01D_30S_CLK.CLK.gz → 524,965 pairs | Total: 395,230,484 pairs
[07:22:34] [INFO] File 698/912: COD0OPSFIN_20243320000_01D_30S_CLK.CLK.gz → 541,289 pairs | Total: 395,771,773 pairs
[07:22:37] [INFO] File 699/912: COD0OPSFIN_20243090000_01D_30S_CLK.CLK.gz → 536,928 pairs | Total: 396,308,701 pairs
[07:22:40] [INFO] File 700/912: COD0OPSFIN_20243330000_01D_30S_CLK.CLK.gz → 538,375 pairs | Total: 396,847,076 pairs
[07:22:40] [INFO] Batch 25 complete. Memory: 29.9% → 29.9%
[07:22:40] [PROCESS] Processing batch 26: 28 files (Memory: 29.9%)
[07:24:14] [INFO] File 701/912: COD0OPSFIN_20243570000_01D_30S_CLK.CLK.gz → 482,378 pairs | Total: 397,329,454 pairs
[07:24:17] [INFO] File 702/912: COD0OPSFIN_20243540000_01D_30S_CLK.CLK.gz → 490,875 pairs | Total: 397,820,329 pairs
[07:24:19] [INFO] File 703/912: COD0OPSFIN_20243450000_01D_30S_CLK.CLK.gz → 495,247 pairs | Total: 398,315,576 pairs
[07:24:21] [INFO] File 704/912: COD0OPSFIN_20243490000_01D_30S_CLK.CLK.gz → 496,379 pairs | Total: 398,811,955 pairs
[07:24:24] [INFO] File 705/912: COD0OPSFIN_20243550000_01D_30S_CLK.CLK.gz → 505,829 pairs | Total: 399,317,784 pairs
[07:24:27] [INFO] File 706/912: COD0OPSFIN_20243480000_01D_30S_CLK.CLK.gz → 501,645 pairs | Total: 399,819,429 pairs
[07:24:29] [INFO] File 707/912: COD0OPSFIN_20243600000_01D_30S_CLK.CLK.gz → 498,603 pairs | Total: 400,318,032 pairs
[07:24:32] [INFO] File 708/912: COD0OPSFIN_20243510000_01D_30S_CLK.CLK.gz → 505,288 pairs | Total: 400,823,320 pairs
[07:24:34] [INFO] File 709/912: COD0OPSFIN_20243530000_01D_30S_CLK.CLK.gz → 500,525 pairs | Total: 401,323,845 pairs
[07:24:37] [INFO] File 710/912: COD0OPSFIN_20243630000_01D_30S_CLK.CLK.gz → 505,543 pairs | Total: 401,829,388 pairs
[07:24:39] [INFO] File 711/912: COD0OPSFIN_20243620000_01D_30S_CLK.CLK.gz → 506,376 pairs | Total: 402,335,764 pairs
[07:24:42] [INFO] File 712/912: COD0OPSFIN_20243470000_01D_30S_CLK.CLK.gz → 498,859 pairs | Total: 402,834,623 pairs
[07:24:44] [INFO] File 713/912: COD0OPSFIN_20243610000_01D_30S_CLK.CLK.gz → 503,319 pairs | Total: 403,337,942 pairs
[07:24:47] [INFO] File 714/912: COD0OPSFIN_20243500000_01D_30S_CLK.CLK.gz → 508,913 pairs | Total: 403,846,855 pairs
[07:24:50] [INFO] File 715/912: COD0OPSFIN_20243440000_01D_30S_CLK.CLK.gz → 506,960 pairs | Total: 404,353,815 pairs
[07:24:52] [INFO] File 716/912: COD0OPSFIN_20243580000_01D_30S_CLK.CLK.gz → 506,663 pairs | Total: 404,860,478 pairs
[07:24:55] [INFO] File 717/912: COD0OPSFIN_20243560000_01D_30S_CLK.CLK.gz → 511,406 pairs | Total: 405,371,884 pairs
[07:24:58] [INFO] File 718/912: COD0OPSFIN_20243520000_01D_30S_CLK.CLK.gz → 508,899 pairs | Total: 405,880,783 pairs
[07:25:00] [INFO] File 719/912: COD0OPSFIN_20243420000_01D_30S_CLK.CLK.gz → 515,371 pairs | Total: 406,396,154 pairs
[07:25:03] [INFO] File 720/912: COD0OPSFIN_20243410000_01D_30S_CLK.CLK.gz → 522,432 pairs | Total: 406,918,586 pairs
[07:25:06] [INFO] File 721/912: COD0OPSFIN_20243590000_01D_30S_CLK.CLK.gz → 519,028 pairs | Total: 407,437,614 pairs
[07:25:08] [INFO] File 722/912: COD0OPSFIN_20243390000_01D_30S_CLK.CLK.gz → 531,237 pairs | Total: 407,968,851 pairs
[07:25:11] [INFO] File 723/912: COD0OPSFIN_20243400000_01D_30S_CLK.CLK.gz → 526,972 pairs | Total: 408,495,823 pairs
[07:25:14] [INFO] File 724/912: COD0OPSFIN_20243430000_01D_30S_CLK.CLK.gz → 523,270 pairs | Total: 409,019,093 pairs
[07:25:17] [INFO] File 725/912: COD0OPSFIN_20243460000_01D_30S_CLK.CLK.gz → 512,546 pairs | Total: 409,531,639 pairs
[07:25:19] [INFO] File 726/912: COD0OPSFIN_20243360000_01D_30S_CLK.CLK.gz → 539,874 pairs | Total: 410,071,513 pairs
[07:25:22] [INFO] File 727/912: COD0OPSFIN_20243370000_01D_30S_CLK.CLK.gz → 531,536 pairs | Total: 410,603,049 pairs
[07:25:25] [INFO] File 728/912: COD0OPSFIN_20243380000_01D_30S_CLK.CLK.gz → 550,574 pairs | Total: 411,153,623 pairs
[07:25:26] [INFO] Batch 26 complete. Memory: 29.9% → 29.9%
[07:25:26] [PROCESS] Processing batch 27: 28 files (Memory: 29.9%)
[07:26:51] [INFO] File 729/912: COD0OPSFIN_20250090000_01D_30S_CLK.CLK.gz → 430,938 pairs | Total: 411,584,561 pairs
[07:26:57] [INFO] File 730/912: COD0OPSFIN_20250100000_01D_30S_CLK.CLK.gz → 466,985 pairs | Total: 412,051,546 pairs
[07:26:59] [INFO] File 731/912: COD0OPSFIN_20250040000_01D_30S_CLK.CLK.gz → 476,958 pairs | Total: 412,528,504 pairs
[07:27:01] [INFO] File 732/912: COD0OPSFIN_20250080000_01D_30S_CLK.CLK.gz → 469,456 pairs | Total: 412,997,960 pairs
[07:27:04] [INFO] File 733/912: COD0OPSFIN_20250190000_01D_30S_CLK.CLK.gz → 490,049 pairs | Total: 413,488,009 pairs
[07:27:06] [INFO] File 734/912: COD0OPSFIN_20250050000_01D_30S_CLK.CLK.gz → 484,293 pairs | Total: 413,972,302 pairs
[07:27:09] [INFO] File 735/912: COD0OPSFIN_20250110000_01D_30S_CLK.CLK.gz → 476,693 pairs | Total: 414,448,995 pairs
[07:27:11] [INFO] File 736/912: COD0OPSFIN_20250140000_01D_30S_CLK.CLK.gz → 494,179 pairs | Total: 414,943,174 pairs
[07:27:14] [INFO] File 737/912: COD0OPSFIN_20250210000_01D_30S_CLK.CLK.gz → 481,853 pairs | Total: 415,425,027 pairs
[07:27:16] [INFO] File 738/912: COD0OPSFIN_20250010000_01D_30S_CLK.CLK.gz → 480,480 pairs | Total: 415,905,507 pairs
[07:27:19] [INFO] File 739/912: COD0OPSFIN_20243660000_01D_30S_CLK.CLK.gz → 496,111 pairs | Total: 416,401,618 pairs
[07:27:21] [INFO] File 740/912: COD0OPSFIN_20250160000_01D_30S_CLK.CLK.gz → 503,317 pairs | Total: 416,904,935 pairs
[07:27:24] [INFO] File 741/912: COD0OPSFIN_20250070000_01D_30S_CLK.CLK.gz → 490,880 pairs | Total: 417,395,815 pairs
[07:27:26] [INFO] File 742/912: COD0OPSFIN_20243650000_01D_30S_CLK.CLK.gz → 510,858 pairs | Total: 417,906,673 pairs
[07:27:29] [INFO] File 743/912: COD0OPSFIN_20250240000_01D_30S_CLK.CLK.gz → 501,641 pairs | Total: 418,408,314 pairs
[07:27:32] [INFO] File 744/912: COD0OPSFIN_20250130000_01D_30S_CLK.CLK.gz → 503,893 pairs | Total: 418,912,207 pairs
[07:27:34] [INFO] File 745/912: COD0OPSFIN_20250220000_01D_30S_CLK.CLK.gz → 508,894 pairs | Total: 419,421,101 pairs
[07:27:37] [INFO] File 746/912: COD0OPSFIN_20250170000_01D_30S_CLK.CLK.gz → 505,256 pairs | Total: 419,926,357 pairs
[07:27:39] [INFO] File 747/912: COD0OPSFIN_20250150000_01D_30S_CLK.CLK.gz → 498,029 pairs | Total: 420,424,386 pairs
[07:27:42] [INFO] File 748/912: COD0OPSFIN_20250060000_01D_30S_CLK.CLK.gz → 506,107 pairs | Total: 420,930,493 pairs
[07:27:45] [INFO] File 749/912: COD0OPSFIN_20250250000_01D_30S_CLK.CLK.gz → 507,222 pairs | Total: 421,437,715 pairs
[07:27:47] [INFO] File 750/912: COD0OPSFIN_20250120000_01D_30S_CLK.CLK.gz → 511,413 pairs | Total: 421,949,128 pairs
[07:27:50] [INFO] File 751/912: COD0OPSFIN_20250200000_01D_30S_CLK.CLK.gz → 501,934 pairs | Total: 422,451,062 pairs
[07:27:53] [INFO] File 752/912: COD0OPSFIN_20250230000_01D_30S_CLK.CLK.gz → 520,169 pairs | Total: 422,971,231 pairs
[07:27:55] [INFO] File 753/912: COD0OPSFIN_20250020000_01D_30S_CLK.CLK.gz → 507,219 pairs | Total: 423,478,450 pairs
[07:27:58] [INFO] File 754/912: COD0OPSFIN_20250180000_01D_30S_CLK.CLK.gz → 513,085 pairs | Total: 423,991,535 pairs
[07:28:01] [INFO] File 755/912: COD0OPSFIN_20243640000_01D_30S_CLK.CLK.gz → 517,874 pairs | Total: 424,509,409 pairs
[07:28:04] [INFO] File 756/912: COD0OPSFIN_20250030000_01D_30S_CLK.CLK.gz → 510,835 pairs | Total: 425,020,244 pairs
[07:28:04] [INFO] Batch 27 complete. Memory: 30.6% → 30.6%
[07:28:04] [PROCESS] Processing batch 28: 28 files (Memory: 30.6%)
[07:29:39] [INFO] File 757/912: COD0OPSFIN_20250330000_01D_30S_CLK.CLK.gz → 506,943 pairs | Total: 425,527,187 pairs
[07:29:42] [INFO] File 758/912: COD0OPSFIN_20250470000_01D_30S_CLK.CLK.gz → 520,158 pairs | Total: 426,047,345 pairs
[07:29:45] [INFO] File 759/912: COD0OPSFIN_20250390000_01D_30S_CLK.CLK.gz → 513,939 pairs | Total: 426,561,284 pairs
[07:29:47] [INFO] File 760/912: COD0OPSFIN_20250410000_01D_30S_CLK.CLK.gz → 516,757 pairs | Total: 427,078,041 pairs
[07:29:50] [INFO] File 761/912: COD0OPSFIN_20250370000_01D_30S_CLK.CLK.gz → 516,772 pairs | Total: 427,594,813 pairs
[07:29:52] [INFO] File 762/912: COD0OPSFIN_20250320000_01D_30S_CLK.CLK.gz → 508,906 pairs | Total: 428,103,719 pairs
[07:29:55] [INFO] File 763/912: COD0OPSFIN_20250530000_01D_30S_CLK.CLK.gz → 505,279 pairs | Total: 428,608,998 pairs
[07:29:58] [INFO] File 764/912: COD0OPSFIN_20250460000_01D_30S_CLK.CLK.gz → 517,873 pairs | Total: 429,126,871 pairs
[07:30:00] [INFO] File 765/912: COD0OPSFIN_20250400000_01D_30S_CLK.CLK.gz → 528,393 pairs | Total: 429,655,264 pairs
[07:30:03] [INFO] File 766/912: COD0OPSFIN_20250260000_01D_30S_CLK.CLK.gz → 524,948 pairs | Total: 430,180,212 pairs
[07:30:06] [INFO] File 767/912: COD0OPSFIN_20250500000_01D_30S_CLK.CLK.gz → 527,262 pairs | Total: 430,707,474 pairs
[07:30:08] [INFO] File 768/912: COD0OPSFIN_20250510000_01D_30S_CLK.CLK.gz → 520,149 pairs | Total: 431,227,623 pairs
[07:30:11] [INFO] File 769/912: COD0OPSFIN_20250520000_01D_30S_CLK.CLK.gz → 524,128 pairs | Total: 431,751,751 pairs
[07:30:14] [INFO] File 770/912: COD0OPSFIN_20250280000_01D_30S_CLK.CLK.gz → 519,314 pairs | Total: 432,271,065 pairs
[07:30:16] [INFO] File 771/912: COD0OPSFIN_20250270000_01D_30S_CLK.CLK.gz → 519,882 pairs | Total: 432,790,947 pairs
[07:30:19] [INFO] File 772/912: COD0OPSFIN_20250300000_01D_30S_CLK.CLK.gz → 514,216 pairs | Total: 433,305,163 pairs
[07:30:22] [INFO] File 773/912: COD0OPSFIN_20250440000_01D_30S_CLK.CLK.gz → 523,568 pairs | Total: 433,828,731 pairs
[07:30:24] [INFO] File 774/912: COD0OPSFIN_20250430000_01D_30S_CLK.CLK.gz → 527,238 pairs | Total: 434,355,969 pairs
[07:30:27] [INFO] File 775/912: COD0OPSFIN_20250290000_01D_30S_CLK.CLK.gz → 520,148 pairs | Total: 434,876,117 pairs
[07:30:30] [INFO] File 776/912: COD0OPSFIN_20250450000_01D_30S_CLK.CLK.gz → 527,819 pairs | Total: 435,403,936 pairs
[07:30:33] [INFO] File 777/912: COD0OPSFIN_20250380000_01D_30S_CLK.CLK.gz → 518,473 pairs | Total: 435,922,409 pairs
[07:30:35] [INFO] File 778/912: COD0OPSFIN_20250480000_01D_30S_CLK.CLK.gz → 524,413 pairs | Total: 436,446,822 pairs
[07:30:38] [INFO] File 779/912: COD0OPSFIN_20250310000_01D_30S_CLK.CLK.gz → 521,573 pairs | Total: 436,968,395 pairs
[07:30:41] [INFO] File 780/912: COD0OPSFIN_20250340000_01D_30S_CLK.CLK.gz → 534,107 pairs | Total: 437,502,502 pairs
[07:30:44] [INFO] File 781/912: COD0OPSFIN_20250490000_01D_30S_CLK.CLK.gz → 530,976 pairs | Total: 438,033,478 pairs
[07:30:46] [INFO] File 782/912: COD0OPSFIN_20250420000_01D_30S_CLK.CLK.gz → 530,662 pairs | Total: 438,564,140 pairs
[07:30:49] [INFO] File 783/912: COD0OPSFIN_20250350000_01D_30S_CLK.CLK.gz → 546,802 pairs | Total: 439,110,942 pairs
[07:30:52] [INFO] File 784/912: COD0OPSFIN_20250360000_01D_30S_CLK.CLK.gz → 545,635 pairs | Total: 439,656,577 pairs
[07:30:53] [INFO] Batch 28 complete. Memory: 31.3% → 31.3%
[07:30:53] [PROCESS] Processing batch 29: 28 files (Memory: 31.3%)
[07:32:30] [INFO] File 785/912: COD0OPSFIN_20250740000_01D_30S_CLK.CLK.gz → 506,112 pairs | Total: 440,162,689 pairs
[07:32:33] [INFO] File 786/912: COD0OPSFIN_20250690000_01D_30S_CLK.CLK.gz → 521,891 pairs | Total: 440,684,580 pairs
[07:32:36] [INFO] File 787/912: COD0OPSFIN_20250760000_01D_30S_CLK.CLK.gz → 512,257 pairs | Total: 441,196,837 pairs
[07:32:38] [INFO] File 788/912: COD0OPSFIN_20250770000_01D_30S_CLK.CLK.gz → 509,746 pairs | Total: 441,706,583 pairs
[07:32:41] [INFO] File 789/912: COD0OPSFIN_20250700000_01D_30S_CLK.CLK.gz → 523,000 pairs | Total: 442,229,583 pairs
[07:32:43] [INFO] File 790/912: COD0OPSFIN_20250780000_01D_30S_CLK.CLK.gz → 510,587 pairs | Total: 442,740,170 pairs
[07:32:46] [INFO] File 791/912: COD0OPSFIN_20250750000_01D_30S_CLK.CLK.gz → 521,283 pairs | Total: 443,261,453 pairs
[07:32:48] [INFO] File 792/912: COD0OPSFIN_20250800000_01D_30S_CLK.CLK.gz → 509,448 pairs | Total: 443,770,901 pairs
[07:32:51] [INFO] File 793/912: COD0OPSFIN_20250810000_01D_30S_CLK.CLK.gz → 520,445 pairs | Total: 444,291,346 pairs
[07:32:54] [INFO] File 794/912: COD0OPSFIN_20250710000_01D_30S_CLK.CLK.gz → 519,313 pairs | Total: 444,810,659 pairs
[07:32:56] [INFO] File 795/912: COD0OPSFIN_20250790000_01D_30S_CLK.CLK.gz → 515,340 pairs | Total: 445,325,999 pairs
[07:32:59] [INFO] File 796/912: COD0OPSFIN_20250670000_01D_30S_CLK.CLK.gz → 520,716 pairs | Total: 445,846,715 pairs
[07:33:02] [INFO] File 797/912: COD0OPSFIN_20250600000_01D_30S_CLK.CLK.gz → 516,773 pairs | Total: 446,363,488 pairs
[07:33:04] [INFO] File 798/912: COD0OPSFIN_20250730000_01D_30S_CLK.CLK.gz → 526,953 pairs | Total: 446,890,441 pairs
[07:33:07] [INFO] File 799/912: COD0OPSFIN_20250680000_01D_30S_CLK.CLK.gz → 528,110 pairs | Total: 447,418,551 pairs
[07:33:10] [INFO] File 800/912: COD0OPSFIN_20250620000_01D_30S_CLK.CLK.gz → 527,263 pairs | Total: 447,945,814 pairs
[07:33:13] [INFO] File 801/912: COD0OPSFIN_20250720000_01D_30S_CLK.CLK.gz → 528,939 pairs | Total: 448,474,753 pairs
[07:33:15] [INFO] File 802/912: COD0OPSFIN_20250560000_01D_30S_CLK.CLK.gz → 530,956 pairs | Total: 449,005,709 pairs
[07:33:18] [INFO] File 803/912: COD0OPSFIN_20250570000_01D_30S_CLK.CLK.gz → 531,536 pairs | Total: 449,537,245 pairs
[07:33:21] [INFO] File 804/912: COD0OPSFIN_20250660000_01D_30S_CLK.CLK.gz → 533,824 pairs | Total: 450,071,069 pairs
[07:33:24] [INFO] File 805/912: COD0OPSFIN_20250610000_01D_30S_CLK.CLK.gz → 530,969 pairs | Total: 450,602,038 pairs
[07:33:26] [INFO] File 806/912: COD0OPSFIN_20250580000_01D_30S_CLK.CLK.gz → 538,718 pairs | Total: 451,140,756 pairs
[07:33:29] [INFO] File 807/912: COD0OPSFIN_20250630000_01D_30S_CLK.CLK.gz → 542,457 pairs | Total: 451,683,213 pairs
[07:33:32] [INFO] File 808/912: COD0OPSFIN_20250640000_01D_30S_CLK.CLK.gz → 535,547 pairs | Total: 452,218,760 pairs
[07:33:35] [INFO] File 809/912: COD0OPSFIN_20250550000_01D_30S_CLK.CLK.gz → 537,848 pairs | Total: 452,756,608 pairs
[07:33:38] [INFO] File 810/912: COD0OPSFIN_20250650000_01D_30S_CLK.CLK.gz → 543,909 pairs | Total: 453,300,517 pairs
[07:33:41] [INFO] File 811/912: COD0OPSFIN_20250540000_01D_30S_CLK.CLK.gz → 529,247 pairs | Total: 453,829,764 pairs
[07:33:43] [INFO] File 812/912: COD0OPSFIN_20250590000_01D_30S_CLK.CLK.gz → 534,964 pairs | Total: 454,364,728 pairs
[07:33:44] [INFO] Batch 29 complete. Memory: 31.0% → 31.0%
[07:33:44] [PROCESS] Processing batch 30: 28 files (Memory: 31.0%)
[07:35:21] [INFO] File 813/912: COD0OPSFIN_20250830000_01D_30S_CLK.CLK.gz → 496,377 pairs | Total: 454,861,105 pairs
[07:35:24] [INFO] File 814/912: COD0OPSFIN_20250870000_01D_30S_CLK.CLK.gz → 502,222 pairs | Total: 455,363,327 pairs
[07:35:26] [INFO] File 815/912: COD0OPSFIN_20250920000_01D_30S_CLK.CLK.gz → 513,935 pairs | Total: 455,877,262 pairs
[07:35:28] [INFO] File 816/912: COD0OPSFIN_20250860000_01D_30S_CLK.CLK.gz → 508,077 pairs | Total: 456,385,339 pairs
[07:35:31] [INFO] File 817/912: COD0OPSFIN_20251020000_01D_30S_CLK.CLK.gz → 501,387 pairs | Total: 456,886,726 pairs
[07:35:34] [INFO] File 818/912: COD0OPSFIN_20251080000_01D_30S_CLK.CLK.gz → 519,881 pairs | Total: 457,406,607 pairs
[07:35:36] [INFO] File 819/912: COD0OPSFIN_20250930000_01D_30S_CLK.CLK.gz → 510,292 pairs | Total: 457,916,899 pairs
[07:35:39] [INFO] File 820/912: COD0OPSFIN_20251010000_01D_30S_CLK.CLK.gz → 509,460 pairs | Total: 458,426,359 pairs
[07:35:41] [INFO] File 821/912: COD0OPSFIN_20251000000_01D_30S_CLK.CLK.gz → 509,143 pairs | Total: 458,935,502 pairs
[07:35:44] [INFO] File 822/912: COD0OPSFIN_20250900000_01D_30S_CLK.CLK.gz → 516,762 pairs | Total: 459,452,264 pairs
[07:35:47] [INFO] File 823/912: COD0OPSFIN_20250840000_01D_30S_CLK.CLK.gz → 515,370 pairs | Total: 459,967,634 pairs
[07:35:49] [INFO] File 824/912: COD0OPSFIN_20250820000_01D_30S_CLK.CLK.gz → 513,430 pairs | Total: 460,481,064 pairs
[07:35:52] [INFO] File 825/912: COD0OPSFIN_20250850000_01D_30S_CLK.CLK.gz → 516,498 pairs | Total: 460,997,562 pairs
[07:35:55] [INFO] File 826/912: COD0OPSFIN_20250880000_01D_30S_CLK.CLK.gz → 520,424 pairs | Total: 461,517,986 pairs
[07:35:57] [INFO] File 827/912: COD0OPSFIN_20251060000_01D_30S_CLK.CLK.gz → 514,231 pairs | Total: 462,032,217 pairs
[07:36:00] [INFO] File 828/912: COD0OPSFIN_20251050000_01D_30S_CLK.CLK.gz → 523,253 pairs | Total: 462,555,470 pairs
[07:36:03] [INFO] File 829/912: COD0OPSFIN_20250910000_01D_30S_CLK.CLK.gz → 524,127 pairs | Total: 463,079,597 pairs
[07:36:05] [INFO] File 830/912: COD0OPSFIN_20250890000_01D_30S_CLK.CLK.gz → 524,130 pairs | Total: 463,603,727 pairs
[07:36:08] [INFO] File 831/912: COD0OPSFIN_20250960000_01D_30S_CLK.CLK.gz → 517,333 pairs | Total: 464,121,060 pairs
[07:36:11] [INFO] File 832/912: COD0OPSFIN_20251040000_01D_30S_CLK.CLK.gz → 519,884 pairs | Total: 464,640,944 pairs
[07:36:13] [INFO] File 833/912: COD0OPSFIN_20250940000_01D_30S_CLK.CLK.gz → 519,592 pairs | Total: 465,160,536 pairs
[07:36:16] [INFO] File 834/912: COD0OPSFIN_20251070000_01D_30S_CLK.CLK.gz → 527,553 pairs | Total: 465,688,089 pairs
[07:36:19] [INFO] File 835/912: COD0OPSFIN_20251090000_01D_30S_CLK.CLK.gz → 520,439 pairs | Total: 466,208,528 pairs
[07:36:22] [INFO] File 836/912: COD0OPSFIN_20251030000_01D_30S_CLK.CLK.gz → 523,566 pairs | Total: 466,732,094 pairs
[07:36:24] [INFO] File 837/912: COD0OPSFIN_20250950000_01D_30S_CLK.CLK.gz → 530,968 pairs | Total: 467,263,062 pairs
[07:36:27] [INFO] File 838/912: COD0OPSFIN_20250980000_01D_30S_CLK.CLK.gz → 528,659 pairs | Total: 467,791,721 pairs
[07:36:30] [INFO] File 839/912: COD0OPSFIN_20250990000_01D_30S_CLK.CLK.gz → 519,030 pairs | Total: 468,310,751 pairs
[07:36:33] [INFO] File 840/912: COD0OPSFIN_20250970000_01D_30S_CLK.CLK.gz → 528,383 pairs | Total: 468,839,134 pairs
[07:36:33] [INFO] Batch 30 complete. Memory: 30.8% → 30.8%
[07:36:33] [PROCESS] Processing batch 31: 28 files (Memory: 30.8%)
[07:38:08] [INFO] File 841/912: COD0OPSFIN_20251220000_01D_30S_CLK.CLK.gz → 511,679 pairs | Total: 469,350,813 pairs
[07:38:11] [INFO] File 842/912: COD0OPSFIN_20251230000_01D_30S_CLK.CLK.gz → 521,282 pairs | Total: 469,872,095 pairs
[07:38:14] [INFO] File 843/912: COD0OPSFIN_20251210000_01D_30S_CLK.CLK.gz → 507,513 pairs | Total: 470,379,608 pairs
[07:38:16] [INFO] File 844/912: COD0OPSFIN_20251100000_01D_30S_CLK.CLK.gz → 524,126 pairs | Total: 470,903,734 pairs
[07:38:19] [INFO] File 845/912: COD0OPSFIN_20251250000_01D_30S_CLK.CLK.gz → 519,552 pairs | Total: 471,423,286 pairs
[07:38:21] [INFO] File 846/912: COD0OPSFIN_20251260000_01D_30S_CLK.CLK.gz → 509,483 pairs | Total: 471,932,769 pairs
[07:38:24] [INFO] File 847/912: COD0OPSFIN_20251110000_01D_30S_CLK.CLK.gz → 511,720 pairs | Total: 472,444,489 pairs
[07:38:26] [INFO] File 848/912: COD0OPSFIN_20251300000_01D_30S_CLK.CLK.gz → 524,696 pairs | Total: 472,969,185 pairs
[07:38:29] [INFO] File 849/912: COD0OPSFIN_20251330000_01D_30S_CLK.CLK.gz → 517,339 pairs | Total: 473,486,524 pairs
[07:38:32] [INFO] File 850/912: COD0OPSFIN_20251310000_01D_30S_CLK.CLK.gz → 527,252 pairs | Total: 474,013,776 pairs
[07:38:34] [INFO] File 851/912: COD0OPSFIN_20251240000_01D_30S_CLK.CLK.gz → 509,182 pairs | Total: 474,522,958 pairs
[07:38:37] [INFO] File 852/912: COD0OPSFIN_20251170000_01D_30S_CLK.CLK.gz → 524,416 pairs | Total: 475,047,374 pairs
[07:38:40] [INFO] File 853/912: COD0OPSFIN_20251180000_01D_30S_CLK.CLK.gz → 522,971 pairs | Total: 475,570,345 pairs
[07:38:42] [INFO] File 854/912: COD0OPSFIN_20251190000_01D_30S_CLK.CLK.gz → 517,938 pairs | Total: 476,088,283 pairs
[07:38:45] [INFO] File 855/912: COD0OPSFIN_20251350000_01D_30S_CLK.CLK.gz → 524,693 pairs | Total: 476,612,976 pairs
[07:38:48] [INFO] File 856/912: COD0OPSFIN_20251320000_01D_30S_CLK.CLK.gz → 519,870 pairs | Total: 477,132,846 pairs
[07:38:50] [INFO] File 857/912: COD0OPSFIN_20251270000_01D_30S_CLK.CLK.gz → 515,364 pairs | Total: 477,648,210 pairs
[07:38:53] [INFO] File 858/912: COD0OPSFIN_20251370000_01D_30S_CLK.CLK.gz → 519,040 pairs | Total: 478,167,250 pairs
[07:38:56] [INFO] File 859/912: COD0OPSFIN_20251160000_01D_30S_CLK.CLK.gz → 527,549 pairs | Total: 478,694,799 pairs
[07:38:59] [INFO] File 860/912: COD0OPSFIN_20251360000_01D_30S_CLK.CLK.gz → 526,108 pairs | Total: 479,220,907 pairs
[07:39:01] [INFO] File 861/912: COD0OPSFIN_20251140000_01D_30S_CLK.CLK.gz → 526,980 pairs | Total: 479,747,887 pairs
[07:39:04] [INFO] File 862/912: COD0OPSFIN_20251340000_01D_30S_CLK.CLK.gz → 522,409 pairs | Total: 480,270,296 pairs
[07:39:07] [INFO] File 863/912: COD0OPSFIN_20251200000_01D_30S_CLK.CLK.gz → 521,278 pairs | Total: 480,791,574 pairs
[07:39:10] [INFO] File 864/912: COD0OPSFIN_20251280000_01D_30S_CLK.CLK.gz → 524,973 pairs | Total: 481,316,547 pairs
[07:39:12] [INFO] File 865/912: COD0OPSFIN_20251150000_01D_30S_CLK.CLK.gz → 531,522 pairs | Total: 481,848,069 pairs
[07:39:15] [INFO] File 866/912: COD0OPSFIN_20251290000_01D_30S_CLK.CLK.gz → 527,527 pairs | Total: 482,375,596 pairs
[07:39:18] [INFO] File 867/912: COD0OPSFIN_20251130000_01D_30S_CLK.CLK.gz → 531,814 pairs | Total: 482,907,410 pairs
[07:39:21] [INFO] File 868/912: COD0OPSFIN_20251120000_01D_30S_CLK.CLK.gz → 531,305 pairs | Total: 483,438,715 pairs
[07:39:21] [INFO] Batch 31 complete. Memory: 30.7% → 30.7%
[07:39:21] [PROCESS] Processing batch 32: 28 files (Memory: 30.7%)
[07:40:55] [INFO] File 869/912: COD0OPSFIN_20251580000_01D_30S_CLK.CLK.gz → 496,654 pairs | Total: 483,935,369 pairs
[07:40:58] [INFO] File 870/912: COD0OPSFIN_20251510000_01D_30S_CLK.CLK.gz → 505,283 pairs | Total: 484,440,652 pairs
[07:41:00] [INFO] File 871/912: COD0OPSFIN_20251650000_01D_30S_CLK.CLK.gz → 481,871 pairs | Total: 484,922,523 pairs
[07:41:03] [INFO] File 872/912: COD0OPSFIN_20251600000_01D_30S_CLK.CLK.gz → 508,074 pairs | Total: 485,430,597 pairs
[07:41:05] [INFO] File 873/912: COD0OPSFIN_20251620000_01D_30S_CLK.CLK.gz → 501,925 pairs | Total: 485,932,522 pairs
[07:41:08] [INFO] File 874/912: COD0OPSFIN_20251640000_01D_30S_CLK.CLK.gz → 501,658 pairs | Total: 486,434,180 pairs
[07:41:10] [INFO] File 875/912: COD0OPSFIN_20251460000_01D_30S_CLK.CLK.gz → 512,265 pairs | Total: 486,946,445 pairs
[07:41:13] [INFO] File 876/912: COD0OPSFIN_20251410000_01D_30S_CLK.CLK.gz → 510,856 pairs | Total: 487,457,301 pairs
[07:41:15] [INFO] File 877/912: COD0OPSFIN_20251590000_01D_30S_CLK.CLK.gz → 516,207 pairs | Total: 487,973,508 pairs
[07:41:18] [INFO] File 878/912: COD0OPSFIN_20251530000_01D_30S_CLK.CLK.gz → 505,254 pairs | Total: 488,478,762 pairs
[07:41:20] [INFO] File 879/912: COD0OPSFIN_20251570000_01D_30S_CLK.CLK.gz → 508,907 pairs | Total: 488,987,669 pairs
[07:41:23] [INFO] File 880/912: COD0OPSFIN_20251430000_01D_30S_CLK.CLK.gz → 511,706 pairs | Total: 489,499,375 pairs
[07:41:26] [INFO] File 881/912: COD0OPSFIN_20251560000_01D_30S_CLK.CLK.gz → 510,625 pairs | Total: 490,010,000 pairs
[07:41:28] [INFO] File 882/912: COD0OPSFIN_20251450000_01D_30S_CLK.CLK.gz → 520,163 pairs | Total: 490,530,163 pairs
[07:41:31] [INFO] File 883/912: COD0OPSFIN_20251420000_01D_30S_CLK.CLK.gz → 506,109 pairs | Total: 491,036,272 pairs
[07:41:34] [INFO] File 884/912: COD0OPSFIN_20251610000_01D_30S_CLK.CLK.gz → 508,069 pairs | Total: 491,544,341 pairs
[07:41:36] [INFO] File 885/912: COD0OPSFIN_20251480000_01D_30S_CLK.CLK.gz → 516,201 pairs | Total: 492,060,542 pairs
[07:41:39] [INFO] File 886/912: COD0OPSFIN_20251630000_01D_30S_CLK.CLK.gz → 512,815 pairs | Total: 492,573,357 pairs
[07:41:42] [INFO] File 887/912: COD0OPSFIN_20251400000_01D_30S_CLK.CLK.gz → 528,961 pairs | Total: 493,102,318 pairs
[07:41:44] [INFO] File 888/912: COD0OPSFIN_20251540000_01D_30S_CLK.CLK.gz → 522,993 pairs | Total: 493,625,311 pairs
[07:41:47] [INFO] File 889/912: COD0OPSFIN_20251470000_01D_30S_CLK.CLK.gz → 517,054 pairs | Total: 494,142,365 pairs
[07:41:50] [INFO] File 890/912: COD0OPSFIN_20251500000_01D_30S_CLK.CLK.gz → 523,843 pairs | Total: 494,666,208 pairs
[07:41:53] [INFO] File 891/912: COD0OPSFIN_20251550000_01D_30S_CLK.CLK.gz → 519,846 pairs | Total: 495,186,054 pairs
[07:41:55] [INFO] File 892/912: COD0OPSFIN_20251440000_01D_30S_CLK.CLK.gz → 523,563 pairs | Total: 495,709,617 pairs
[07:41:58] [INFO] File 893/912: COD0OPSFIN_20251490000_01D_30S_CLK.CLK.gz → 521,597 pairs | Total: 496,231,214 pairs
[07:42:01] [INFO] File 894/912: COD0OPSFIN_20251390000_01D_30S_CLK.CLK.gz → 527,243 pairs | Total: 496,758,457 pairs
[07:42:04] [INFO] File 895/912: COD0OPSFIN_20251520000_01D_30S_CLK.CLK.gz → 522,149 pairs | Total: 497,280,606 pairs
[07:42:06] [INFO] File 896/912: COD0OPSFIN_20251380000_01D_30S_CLK.CLK.gz → 538,425 pairs | Total: 497,819,031 pairs
[07:42:07] [INFO] Batch 32 complete. Memory: 31.1% → 31.1%
[07:42:07] [PROCESS] Processing batch 33: 16 files (Memory: 31.1%)
[07:43:38] [INFO] File 897/912: COD0OPSFIN_20251810000_01D_30S_CLK.CLK.gz → 480,209 pairs | Total: 498,299,240 pairs
[07:43:41] [INFO] File 898/912: COD0OPSFIN_20251770000_01D_30S_CLK.CLK.gz → 487,060 pairs | Total: 498,786,300 pairs
[07:43:43] [INFO] File 899/912: COD0OPSFIN_20251790000_01D_30S_CLK.CLK.gz → 490,340 pairs | Total: 499,276,640 pairs
[07:43:46] [INFO] File 900/912: COD0OPSFIN_20251700000_01D_30S_CLK.CLK.gz → 490,601 pairs | Total: 499,767,241 pairs
[07:43:48] [INFO] File 901/912: COD0OPSFIN_20251660000_01D_30S_CLK.CLK.gz → 498,607 pairs | Total: 500,265,848 pairs
[07:43:50] [INFO] File 902/912: COD0OPSFIN_20251760000_01D_30S_CLK.CLK.gz → 491,410 pairs | Total: 500,757,258 pairs
[07:43:53] [INFO] File 903/912: COD0OPSFIN_20251720000_01D_30S_CLK.CLK.gz → 498,606 pairs | Total: 501,255,864 pairs
[07:43:56] [INFO] File 904/912: COD0OPSFIN_20251690000_01D_30S_CLK.CLK.gz → 497,792 pairs | Total: 501,753,656 pairs
[07:43:58] [INFO] File 905/912: COD0OPSFIN_20251750000_01D_30S_CLK.CLK.gz → 500,527 pairs | Total: 502,254,183 pairs
[07:44:01] [INFO] File 906/912: COD0OPSFIN_20251740000_01D_30S_CLK.CLK.gz → 504,450 pairs | Total: 502,758,633 pairs
[07:44:03] [INFO] File 907/912: COD0OPSFIN_20251780000_01D_30S_CLK.CLK.gz → 509,461 pairs | Total: 503,268,094 pairs
[07:44:06] [INFO] File 908/912: COD0OPSFIN_20251800000_01D_30S_CLK.CLK.gz → 517,052 pairs | Total: 503,785,146 pairs
[07:44:09] [INFO] File 909/912: COD0OPSFIN_20251730000_01D_30S_CLK.CLK.gz → 520,721 pairs | Total: 504,305,867 pairs
[07:44:11] [INFO] File 910/912: COD0OPSFIN_20251680000_01D_30S_CLK.CLK.gz → 508,333 pairs | Total: 504,814,200 pairs
[07:44:14] [INFO] File 911/912: COD0OPSFIN_20251670000_01D_30S_CLK.CLK.gz → 510,891 pairs | Total: 505,325,091 pairs
[07:44:16] [INFO] File 912/912: COD0OPSFIN_20251710000_01D_30S_CLK.CLK.gz → 511,711 pairs | Total: 505,836,802 pairs
[07:44:17] [INFO] Batch 33 complete. Memory: 29.2% → 29.2%
[07:44:17] [SUCCESS] Streaming complete: 505,836,802 total pairs written to disk
[07:44:17] [INFO]   tep_band: 39,088,805 pairs
[07:44:17] [INFO]   tidal_diurnal: 38,737,683 pairs
[07:44:17] [INFO]   tidal_semidiurnal: 38,561,426 pairs
[07:44:17] [INFO]   post_tidal_30_40: 38,520,674 pairs
[07:44:17] [INFO]   post_tidal_40_50: 38,354,274 pairs
[07:44:17] [INFO]   post_tidal_50_75: 39,022,188 pairs
[07:44:17] [INFO]   post_tidal_75_100: 39,018,922 pairs
[07:44:17] [INFO]   intermediate_100_200: 39,088,805 pairs
[07:44:17] [INFO]   intermediate_200_350: 39,088,805 pairs
[07:44:17] [INFO]   intermediate_350_500: 39,088,805 pairs
[07:44:17] [INFO]   transition_500_750: 39,088,805 pairs
[07:44:17] [INFO]   transition_750_1000: 39,088,805 pairs
[07:44:17] [INFO]   control_1000_1500: 39,088,805 pairs
[07:44:17] [SUCCESS] Starting analysis...
[07:44:17] [PROCESS] Starting band analysis...
[07:44:17] [PROCESS] Aggregating binned data for tep_band from streaming file...
[07:44:39] [SUCCESS] tep_band: R² = 0.920 (unweighted: 0.305), λ = 4549 km
[07:44:39] [INFO]   Bins: 28/28, Pairs: 30,039,477/39,088,805
[07:44:39] [DEBUG] Saved diagnostics for code_tep_band: /mnt/data/results/outputs/band_diagnostics
[07:44:39] [PROCESS] Aggregating binned data for tidal_diurnal from streaming file...
[07:45:01] [SUCCESS] tidal_diurnal: R² = 0.881 (unweighted: 0.187), λ = 5912 km
[07:45:01] [INFO]   Bins: 28/28, Pairs: 29,759,048/38,737,683
[07:45:01] [DEBUG] Saved diagnostics for code_tidal_diurnal: /mnt/data/results/outputs/band_diagnostics
[07:45:01] [PROCESS] Aggregating binned data for tidal_semidiurnal from streaming file...
[07:45:22] [SUCCESS] tidal_semidiurnal: R² = 0.930 (unweighted: 0.416), λ = 5690 km
[07:45:22] [INFO]   Bins: 28/28, Pairs: 29,615,859/38,561,426
[07:45:22] [DEBUG] Saved diagnostics for code_tidal_semidiurnal: /mnt/data/results/outputs/band_diagnostics
[07:45:22] [PROCESS] Aggregating binned data for post_tidal_30_40 from streaming file...
[07:45:44] [SUCCESS] post_tidal_30_40: R² = 0.940 (unweighted: 0.504), λ = 2404 km
[07:45:44] [INFO]   Bins: 28/28, Pairs: 29,584,821/38,520,674
[07:45:44] [DEBUG] Saved diagnostics for code_post_tidal_30_40: /mnt/data/results/outputs/band_diagnostics
[07:45:44] [PROCESS] Aggregating binned data for post_tidal_40_50 from streaming file...
[07:46:05] [SUCCESS] post_tidal_40_50: R² = 0.892 (unweighted: 0.280), λ = 1355 km
[07:46:05] [INFO]   Bins: 28/28, Pairs: 29,453,175/38,354,274
[07:46:05] [DEBUG] Saved diagnostics for code_post_tidal_40_50: /mnt/data/results/outputs/band_diagnostics
[07:46:05] [PROCESS] Aggregating binned data for post_tidal_50_75 from streaming file...
[07:46:27] [SUCCESS] post_tidal_50_75: R² = 0.853 (unweighted: 0.039), λ = 1190 km
[07:46:27] [INFO]   Bins: 28/28, Pairs: 29,986,990/39,022,188
[07:46:27] [DEBUG] Saved diagnostics for code_post_tidal_50_75: /mnt/data/results/outputs/band_diagnostics
[07:46:27] [PROCESS] Aggregating binned data for post_tidal_75_100 from streaming file...
[07:46:49] [SUCCESS] post_tidal_75_100: R² = 0.898 (unweighted: 0.312), λ = 1069 km
[07:46:49] [INFO]   Bins: 28/28, Pairs: 29,983,526/39,018,922
[07:46:49] [DEBUG] Saved diagnostics for code_post_tidal_75_100: /mnt/data/results/outputs/band_diagnostics
[07:46:49] [PROCESS] Aggregating binned data for intermediate_100_200 from streaming file...
[07:47:11] [SUCCESS] intermediate_100_200: R² = 0.897 (unweighted: 0.366), λ = 1213 km
[07:47:11] [INFO]   Bins: 28/28, Pairs: 30,039,477/39,088,805
[07:47:11] [DEBUG] Saved diagnostics for code_intermediate_100_200: /mnt/data/results/outputs/band_diagnostics
[07:47:11] [PROCESS] Aggregating binned data for intermediate_200_350 from streaming file...
[07:47:33] [SUCCESS] intermediate_200_350: R² = 0.789 (unweighted: 0.225), λ = 1059 km
[07:47:33] [INFO]   Bins: 28/28, Pairs: 30,039,477/39,088,805
[07:47:33] [DEBUG] Saved diagnostics for code_intermediate_200_350: /mnt/data/results/outputs/band_diagnostics
[07:47:33] [PROCESS] Aggregating binned data for intermediate_350_500 from streaming file...
[07:47:55] [SUCCESS] intermediate_350_500: R² = 0.732 (unweighted: 0.336), λ = 1198 km
[07:47:55] [INFO]   Bins: 28/28, Pairs: 30,039,477/39,088,805
[07:47:55] [DEBUG] Saved diagnostics for code_intermediate_350_500: /mnt/data/results/outputs/band_diagnostics
[07:47:55] [PROCESS] Aggregating binned data for transition_500_750 from streaming file...
[07:48:17] [SUCCESS] transition_500_750: R² = 0.744 (unweighted: 0.245), λ = 1373 km
[07:48:17] [INFO]   Bins: 28/28, Pairs: 30,039,477/39,088,805
[07:48:17] [DEBUG] Saved diagnostics for code_transition_500_750: /mnt/data/results/outputs/band_diagnostics
[07:48:17] [PROCESS] Aggregating binned data for transition_750_1000 from streaming file...
[07:48:39] [SUCCESS] transition_750_1000: R² = 0.754 (unweighted: 0.322), λ = 1433 km
[07:48:39] [INFO]   Bins: 28/28, Pairs: 30,039,477/39,088,805
[07:48:39] [DEBUG] Saved diagnostics for code_transition_750_1000: /mnt/data/results/outputs/band_diagnostics
[07:48:39] [PROCESS] Aggregating binned data for control_1000_1500 from streaming file...
[07:49:01] [SUCCESS] control_1000_1500: R² = 0.729 (unweighted: 0.311), λ = 1607 km
[07:49:01] [INFO]   Bins: 28/28, Pairs: 30,039,477/39,088,805
[07:49:01] [DEBUG] Saved diagnostics for code_control_1000_1500: /mnt/data/results/outputs/band_diagnostics
[07:49:01] [WARNING] No data for band control_2000_3000, skipping analysis
[07:49:01] [SUCCESS] Multi-band analysis complete: /mnt/data/results/outputs/step_3_6_multiband_code.json
[07:49:01] [INFO] Band diagnostics saved to: /mnt/data/results/outputs/band_diagnostics
[07:49:02] [SUCCESS] Saved multi-band results: /mnt/data/results/outputs/step_3_6_multiband_code.json
[07:49:02] [INFO] 
============================================================
[07:49:02] [SUCCESS] CODE MULTI-BAND FREQUENCY VALIDATION RESULTS
[07:49:02] [INFO] ============================================================
[07:49:02] [INFO] DETAILED BAND ANALYSIS:
[07:49:02] [INFO]   TEP Band (10-500 µHz):
[07:49:02] [INFO]      R² = 0.920, λ = 4549 km
[07:49:02] [INFO]   Diurnal Tides (10-20 µHz):
[07:49:02] [INFO]      R² = 0.881, λ = 5912 km
[07:49:02] [INFO]   Semidiurnal Tides (20-30 µHz):
[07:49:02] [INFO]      R² = 0.930, λ = 5690 km
[07:49:02] [INFO]   Post-Tidal 30-40 µHz:
[07:49:02] [INFO]      R² = 0.940, λ = 2404 km
[07:49:02] [INFO]   Post-Tidal 40-50 µHz:
[07:49:02] [INFO]      R² = 0.892, λ = 1355 km
[07:49:02] [INFO]   Post-Tidal 50-75 µHz:
[07:49:02] [INFO]      R² = 0.853, λ = 1190 km
[07:49:02] [INFO]   Post-Tidal 75-100 µHz:
[07:49:02] [INFO]      R² = 0.898, λ = 1069 km
[07:49:02] [INFO]   Intermediate 100-200 µHz:
[07:49:02] [INFO]      R² = 0.897, λ = 1213 km
[07:49:02] [INFO]   Intermediate 200-350 µHz:
[07:49:02] [INFO]      R² = 0.789, λ = 1059 km
[07:49:02] [INFO]   Intermediate 350-500 µHz:
[07:49:02] [INFO]      R² = 0.732, λ = 1198 km
[07:49:02] [INFO]   Transition 500-750 µHz:
[07:49:02] [INFO]      R² = 0.744, λ = 1373 km
[07:49:02] [INFO]   Transition 750-1000 µHz:
[07:49:02] [INFO]      R² = 0.754, λ = 1433 km
[07:49:02] [INFO]   Control 1000-1500 µHz:
[07:49:02] [INFO]      R² = 0.729, λ = 1607 km
[07:49:02] [INFO] 
SPECTRAL ANALYSIS SUMMARY:
[07:49:02] [INFO]   Frequency Response Classification: NONE
[07:49:02] [INFO]   Maximum Correlation: Post-Tidal 30-40 µHz (R²=0.940)
[07:49:02] [INFO]   Minimum Correlation: Control 1000-1500 µHz (R²=0.729)
[07:49:02] [INFO]   Dynamic Range: 1.3x
[07:49:02] [INFO] 
SPECTRAL CHARACTERIZATION:
[07:49:02] [INFO]   Frequency response characteristics: NONE
[07:49:02] [INFO]   Analysis reveals comparable correlation strengths across frequency bands
[07:49:02] [INFO]   Tidal and control bands show similar correlation patterns
[07:49:02] [INFO]   Observational characteristics:
[07:49:02] [INFO]     - Signal distribution spans multiple frequency ranges
[07:49:02] [INFO]     - Tidal band correlations comparable to broader frequency ranges
[07:49:02] [INFO]   Control band characteristics:
[07:49:02] [INFO]     - Moderate correlations observed in high-frequency ranges
[07:49:02] [INFO]     - Correlations exceed statistical noise expectations
[07:49:02] [INFO]   Data characteristics indicate broadband correlation structure
[07:49:02] [INFO]   with gradual frequency-dependent variation
[07:49:02] [INFO] 
ALTERNATIVE EXPLANATION ASSESSMENT:
[07:49:02] [INFO]   Tidal Component Analysis:
[07:49:02] [INFO]     Diurnal Tidal Band (10-20 µHz): R² = 0.881
[07:49:02] [INFO]     TEP Band (10-500 µHz): R² = 0.920
[07:49:02] [INFO]     Absolute Difference: ΔR² = 0.040
[07:49:02] [INFO]     Assessment: Diurnal tidal correlations are statistically comparable to TEP band correlations
[07:49:02] [INFO]     Implication: Diurnal tidal forcing does not preferentially dominate the observed signal
[07:49:02] [INFO]     Semidiurnal Tides (20-30 µHz): R² = 0.930
[07:49:02] [INFO]     TEP Band (10-500 µHz): R² = 0.920
[07:49:02] [INFO]     Difference: ΔR² = 0.010
[07:49:02] [INFO]     Interpretation: Semidiurnal tidal correlations are comparable to TEP band
[07:49:02] [INFO]     Conclusion: Semidiurnal tides do not appear to be the dominant signal source
[07:49:02] [INFO]   Control Band Analysis:
[07:49:02] [INFO] ============================================================
[07:49:02] [INFO] 
================================================================================
[07:49:02] [INFO] 
[07:49:02] [INFO] ================================================================================
[07:49:02] [INFO] Processing IGS_COMBINED
[07:49:02] [INFO] ================================================================================
[07:49:02] [INFO] 
[07:49:02] [SUCCESS] Starting multi-band frequency analysis for IGS_COMBINED
[07:49:02] [INFO] Analyzing 14 frequency bands:
[07:49:02] [INFO]   tep_band: 10-500 µHz (TEP Band (10-500 µHz))
[07:49:02] [INFO]   tidal_diurnal: 10-20 µHz (Diurnal Tides (10-20 µHz))
[07:49:02] [INFO]   tidal_semidiurnal: 20-30 µHz (Semidiurnal Tides (20-30 µHz))
[07:49:02] [INFO]   post_tidal_30_40: 30-40 µHz (Post-Tidal 30-40 µHz)
[07:49:02] [INFO]   post_tidal_40_50: 40-50 µHz (Post-Tidal 40-50 µHz)
[07:49:02] [INFO]   post_tidal_50_75: 50-75 µHz (Post-Tidal 50-75 µHz)
[07:49:02] [INFO]   post_tidal_75_100: 75-100 µHz (Post-Tidal 75-100 µHz)
[07:49:02] [INFO]   intermediate_100_200: 100-200 µHz (Intermediate 100-200 µHz)
[07:49:02] [INFO]   intermediate_200_350: 200-350 µHz (Intermediate 200-350 µHz)
[07:49:02] [INFO]   intermediate_350_500: 350-500 µHz (Intermediate 350-500 µHz)
[07:49:02] [INFO]   transition_500_750: 500-750 µHz (Transition 500-750 µHz)
[07:49:02] [INFO]   transition_750_1000: 750-1000 µHz (Transition 750-1000 µHz)
[07:49:02] [INFO]   control_1000_1500: 1000-1500 µHz (Control 1000-1500 µHz)
[07:49:02] [INFO]   control_2000_3000: 2000-3000 µHz (Control 2000-3000 µHz)
[07:49:02] [SUCCESS] Found 912 CLK files
[07:49:02] [PROCESS] Building distance cache for station pairs...
[07:49:03] [INFO] Distance cache: 1,000/293,761 pairs
[07:49:03] [INFO] Distance cache: 2,000/293,761 pairs
[07:49:04] [INFO] Distance cache: 3,000/293,761 pairs
[07:49:04] [INFO] Distance cache: 4,000/293,761 pairs
[07:49:05] [INFO] Distance cache: 5,000/293,761 pairs
[07:49:05] [INFO] Distance cache: 6,000/293,761 pairs
[07:49:06] [INFO] Distance cache: 7,000/293,761 pairs
[07:49:06] [INFO] Distance cache: 8,000/293,761 pairs
[07:49:07] [INFO] Distance cache: 9,000/293,761 pairs
[07:49:07] [INFO] Distance cache: 10,000/293,761 pairs
[07:49:08] [INFO] Distance cache: 11,000/293,761 pairs
[07:49:08] [INFO] Distance cache: 12,000/293,761 pairs
[07:49:09] [INFO] Distance cache: 13,000/293,761 pairs
[07:49:09] [INFO] Distance cache: 14,000/293,761 pairs
[07:49:10] [INFO] Distance cache: 15,000/293,761 pairs
[07:49:10] [INFO] Distance cache: 16,000/293,761 pairs
[07:49:11] [INFO] Distance cache: 17,000/293,761 pairs
[07:49:11] [INFO] Distance cache: 18,000/293,761 pairs
[07:49:12] [INFO] Distance cache: 19,000/293,761 pairs
[07:49:12] [INFO] Distance cache: 20,000/293,761 pairs
[07:49:13] [INFO] Distance cache: 21,000/293,761 pairs
[07:49:13] [INFO] Distance cache: 22,000/293,761 pairs
[07:49:14] [INFO] Distance cache: 23,000/293,761 pairs
[07:49:14] [INFO] Distance cache: 24,000/293,761 pairs
[07:49:15] [INFO] Distance cache: 25,000/293,761 pairs
[07:49:15] [INFO] Distance cache: 26,000/293,761 pairs
[07:49:16] [INFO] Distance cache: 27,000/293,761 pairs
[07:49:16] [INFO] Distance cache: 28,000/293,761 pairs
[07:49:17] [INFO] Distance cache: 29,000/293,761 pairs
[07:49:17] [INFO] Distance cache: 30,000/293,761 pairs
[07:49:18] [INFO] Distance cache: 31,000/293,761 pairs
[07:49:18] [INFO] Distance cache: 32,000/293,761 pairs
[07:49:19] [INFO] Distance cache: 33,000/293,761 pairs
[07:49:19] [INFO] Distance cache: 34,000/293,761 pairs
[07:49:20] [INFO] Distance cache: 35,000/293,761 pairs
[07:49:20] [INFO] Distance cache: 36,000/293,761 pairs
[07:49:21] [INFO] Distance cache: 37,000/293,761 pairs
[07:49:21] [INFO] Distance cache: 38,000/293,761 pairs
[07:49:22] [INFO] Distance cache: 39,000/293,761 pairs
[07:49:22] [INFO] Distance cache: 40,000/293,761 pairs
[07:49:23] [INFO] Distance cache: 41,000/293,761 pairs
[07:49:23] [INFO] Distance cache: 42,000/293,761 pairs
[07:49:24] [INFO] Distance cache: 43,000/293,761 pairs
[07:49:24] [INFO] Distance cache: 44,000/293,761 pairs
[07:49:25] [INFO] Distance cache: 45,000/293,761 pairs
[07:49:25] [INFO] Distance cache: 46,000/293,761 pairs
[07:49:26] [INFO] Distance cache: 47,000/293,761 pairs
[07:49:26] [INFO] Distance cache: 48,000/293,761 pairs
[07:49:27] [INFO] Distance cache: 49,000/293,761 pairs
[07:49:27] [INFO] Distance cache: 50,000/293,761 pairs
[07:49:28] [INFO] Distance cache: 51,000/293,761 pairs
[07:49:28] [INFO] Distance cache: 52,000/293,761 pairs
[07:49:28] [INFO] Distance cache: 53,000/293,761 pairs
[07:49:29] [INFO] Distance cache: 54,000/293,761 pairs
[07:49:29] [INFO] Distance cache: 55,000/293,761 pairs
[07:49:30] [INFO] Distance cache: 56,000/293,761 pairs
[07:49:30] [INFO] Distance cache: 57,000/293,761 pairs
[07:49:31] [INFO] Distance cache: 58,000/293,761 pairs
[07:49:31] [INFO] Distance cache: 59,000/293,761 pairs
[07:49:32] [INFO] Distance cache: 60,000/293,761 pairs
[07:49:32] [INFO] Distance cache: 61,000/293,761 pairs
[07:49:33] [INFO] Distance cache: 62,000/293,761 pairs
[07:49:33] [INFO] Distance cache: 63,000/293,761 pairs
[07:49:34] [INFO] Distance cache: 64,000/293,761 pairs
[07:49:34] [INFO] Distance cache: 65,000/293,761 pairs
[07:49:35] [INFO] Distance cache: 66,000/293,761 pairs
[07:49:35] [INFO] Distance cache: 67,000/293,761 pairs
[07:49:36] [INFO] Distance cache: 68,000/293,761 pairs
[07:49:36] [INFO] Distance cache: 69,000/293,761 pairs
[07:49:37] [INFO] Distance cache: 70,000/293,761 pairs
[07:49:37] [INFO] Distance cache: 71,000/293,761 pairs
[07:49:38] [INFO] Distance cache: 72,000/293,761 pairs
[07:49:38] [INFO] Distance cache: 73,000/293,761 pairs
[07:49:39] [INFO] Distance cache: 74,000/293,761 pairs
[07:49:39] [INFO] Distance cache: 75,000/293,761 pairs
[07:49:40] [INFO] Distance cache: 76,000/293,761 pairs
[07:49:40] [INFO] Distance cache: 77,000/293,761 pairs
[07:49:41] [INFO] Distance cache: 78,000/293,761 pairs
[07:49:41] [INFO] Distance cache: 79,000/293,761 pairs
[07:49:42] [INFO] Distance cache: 80,000/293,761 pairs
[07:49:42] [INFO] Distance cache: 81,000/293,761 pairs
[07:49:43] [INFO] Distance cache: 82,000/293,761 pairs
[07:49:43] [INFO] Distance cache: 83,000/293,761 pairs
[07:49:44] [INFO] Distance cache: 84,000/293,761 pairs
[07:49:44] [INFO] Distance cache: 85,000/293,761 pairs
[07:49:45] [INFO] Distance cache: 86,000/293,761 pairs
[07:49:45] [INFO] Distance cache: 87,000/293,761 pairs
[07:49:46] [INFO] Distance cache: 88,000/293,761 pairs
[07:49:46] [INFO] Distance cache: 89,000/293,761 pairs
[07:49:47] [INFO] Distance cache: 90,000/293,761 pairs
[07:49:47] [INFO] Distance cache: 91,000/293,761 pairs
[07:49:48] [INFO] Distance cache: 92,000/293,761 pairs
[07:49:48] [INFO] Distance cache: 93,000/293,761 pairs
[07:49:49] [INFO] Distance cache: 94,000/293,761 pairs
[07:49:49] [INFO] Distance cache: 95,000/293,761 pairs
[07:49:50] [INFO] Distance cache: 96,000/293,761 pairs
[07:49:50] [INFO] Distance cache: 97,000/293,761 pairs
[07:49:51] [INFO] Distance cache: 98,000/293,761 pairs
[07:49:51] [INFO] Distance cache: 99,000/293,761 pairs
[07:49:52] [INFO] Distance cache: 100,000/293,761 pairs
[07:49:52] [INFO] Distance cache: 101,000/293,761 pairs
[07:49:53] [INFO] Distance cache: 102,000/293,761 pairs
[07:49:53] [INFO] Distance cache: 103,000/293,761 pairs
[07:49:54] [INFO] Distance cache: 104,000/293,761 pairs
[07:49:54] [INFO] Distance cache: 105,000/293,761 pairs
[07:49:55] [INFO] Distance cache: 106,000/293,761 pairs
[07:49:55] [INFO] Distance cache: 107,000/293,761 pairs
[07:49:56] [INFO] Distance cache: 108,000/293,761 pairs
[07:49:56] [INFO] Distance cache: 109,000/293,761 pairs
[07:49:57] [INFO] Distance cache: 110,000/293,761 pairs
[07:49:57] [INFO] Distance cache: 111,000/293,761 pairs
[07:49:58] [INFO] Distance cache: 112,000/293,761 pairs
[07:49:58] [INFO] Distance cache: 113,000/293,761 pairs
[07:49:59] [INFO] Distance cache: 114,000/293,761 pairs
[07:49:59] [INFO] Distance cache: 115,000/293,761 pairs
[07:50:00] [INFO] Distance cache: 116,000/293,761 pairs
[07:50:00] [INFO] Distance cache: 117,000/293,761 pairs
[07:50:01] [INFO] Distance cache: 118,000/293,761 pairs
[07:50:01] [INFO] Distance cache: 119,000/293,761 pairs
[07:50:02] [INFO] Distance cache: 120,000/293,761 pairs
[07:50:02] [INFO] Distance cache: 121,000/293,761 pairs
[07:50:03] [INFO] Distance cache: 122,000/293,761 pairs
[07:50:03] [INFO] Distance cache: 123,000/293,761 pairs
[07:50:04] [INFO] Distance cache: 124,000/293,761 pairs
[07:50:04] [INFO] Distance cache: 125,000/293,761 pairs
[07:50:05] [INFO] Distance cache: 126,000/293,761 pairs
[07:50:05] [INFO] Distance cache: 127,000/293,761 pairs
[07:50:06] [INFO] Distance cache: 128,000/293,761 pairs
[07:50:06] [INFO] Distance cache: 129,000/293,761 pairs
[07:50:07] [INFO] Distance cache: 130,000/293,761 pairs
[07:50:07] [INFO] Distance cache: 131,000/293,761 pairs
[07:50:08] [INFO] Distance cache: 132,000/293,761 pairs
[07:50:08] [INFO] Distance cache: 133,000/293,761 pairs
[07:50:09] [INFO] Distance cache: 134,000/293,761 pairs
[07:50:09] [INFO] Distance cache: 135,000/293,761 pairs
[07:50:10] [INFO] Distance cache: 136,000/293,761 pairs
[07:50:10] [INFO] Distance cache: 137,000/293,761 pairs
[07:50:11] [INFO] Distance cache: 138,000/293,761 pairs
[07:50:11] [INFO] Distance cache: 139,000/293,761 pairs
[07:50:12] [INFO] Distance cache: 140,000/293,761 pairs
[07:50:12] [INFO] Distance cache: 141,000/293,761 pairs
[07:50:13] [INFO] Distance cache: 142,000/293,761 pairs
[07:50:13] [INFO] Distance cache: 143,000/293,761 pairs
[07:50:14] [INFO] Distance cache: 144,000/293,761 pairs
[07:50:14] [INFO] Distance cache: 145,000/293,761 pairs
[07:50:15] [INFO] Distance cache: 146,000/293,761 pairs
[07:50:15] [INFO] Distance cache: 147,000/293,761 pairs
[07:50:16] [INFO] Distance cache: 148,000/293,761 pairs
[07:50:16] [INFO] Distance cache: 149,000/293,761 pairs
[07:50:17] [INFO] Distance cache: 150,000/293,761 pairs
[07:50:17] [INFO] Distance cache: 151,000/293,761 pairs
[07:50:18] [INFO] Distance cache: 152,000/293,761 pairs
[07:50:18] [INFO] Distance cache: 153,000/293,761 pairs
[07:50:19] [INFO] Distance cache: 154,000/293,761 pairs
[07:50:19] [INFO] Distance cache: 155,000/293,761 pairs
[07:50:20] [INFO] Distance cache: 156,000/293,761 pairs
[07:50:20] [INFO] Distance cache: 157,000/293,761 pairs
[07:50:21] [INFO] Distance cache: 158,000/293,761 pairs
[07:50:21] [INFO] Distance cache: 159,000/293,761 pairs
[07:50:22] [INFO] Distance cache: 160,000/293,761 pairs
[07:50:22] [INFO] Distance cache: 161,000/293,761 pairs
[07:50:23] [INFO] Distance cache: 162,000/293,761 pairs
[07:50:23] [INFO] Distance cache: 163,000/293,761 pairs
[07:50:24] [INFO] Distance cache: 164,000/293,761 pairs
[07:50:24] [INFO] Distance cache: 165,000/293,761 pairs
[07:50:25] [INFO] Distance cache: 166,000/293,761 pairs
[07:50:25] [INFO] Distance cache: 167,000/293,761 pairs
[07:50:26] [INFO] Distance cache: 168,000/293,761 pairs
[07:50:26] [INFO] Distance cache: 169,000/293,761 pairs
[07:50:27] [INFO] Distance cache: 170,000/293,761 pairs
[07:50:27] [INFO] Distance cache: 171,000/293,761 pairs
[07:50:28] [INFO] Distance cache: 172,000/293,761 pairs
[07:50:28] [INFO] Distance cache: 173,000/293,761 pairs
[07:50:28] [INFO] Distance cache: 174,000/293,761 pairs
[07:50:29] [INFO] Distance cache: 175,000/293,761 pairs
[07:50:29] [INFO] Distance cache: 176,000/293,761 pairs
[07:50:30] [INFO] Distance cache: 177,000/293,761 pairs
[07:50:30] [INFO] Distance cache: 178,000/293,761 pairs
[07:50:31] [INFO] Distance cache: 179,000/293,761 pairs
[07:50:31] [INFO] Distance cache: 180,000/293,761 pairs
[07:50:32] [INFO] Distance cache: 181,000/293,761 pairs
[07:50:32] [INFO] Distance cache: 182,000/293,761 pairs
[07:50:33] [INFO] Distance cache: 183,000/293,761 pairs
[07:50:33] [INFO] Distance cache: 184,000/293,761 pairs
[07:50:34] [INFO] Distance cache: 185,000/293,761 pairs
[07:50:34] [INFO] Distance cache: 186,000/293,761 pairs
[07:50:35] [INFO] Distance cache: 187,000/293,761 pairs
[07:50:35] [INFO] Distance cache: 188,000/293,761 pairs
[07:50:36] [INFO] Distance cache: 189,000/293,761 pairs
[07:50:36] [INFO] Distance cache: 190,000/293,761 pairs
[07:50:37] [INFO] Distance cache: 191,000/293,761 pairs
[07:50:37] [INFO] Distance cache: 192,000/293,761 pairs
[07:50:38] [INFO] Distance cache: 193,000/293,761 pairs
[07:50:38] [INFO] Distance cache: 194,000/293,761 pairs
[07:50:39] [INFO] Distance cache: 195,000/293,761 pairs
[07:50:39] [INFO] Distance cache: 196,000/293,761 pairs
[07:50:40] [INFO] Distance cache: 197,000/293,761 pairs
[07:50:40] [INFO] Distance cache: 198,000/293,761 pairs
[07:50:41] [INFO] Distance cache: 199,000/293,761 pairs
[07:50:41] [INFO] Distance cache: 200,000/293,761 pairs
[07:50:42] [INFO] Distance cache: 201,000/293,761 pairs
[07:50:42] [INFO] Distance cache: 202,000/293,761 pairs
[07:50:43] [INFO] Distance cache: 203,000/293,761 pairs
[07:50:43] [INFO] Distance cache: 204,000/293,761 pairs
[07:50:44] [INFO] Distance cache: 205,000/293,761 pairs
[07:50:44] [INFO] Distance cache: 206,000/293,761 pairs
[07:50:45] [INFO] Distance cache: 207,000/293,761 pairs
[07:50:45] [INFO] Distance cache: 208,000/293,761 pairs
[07:50:46] [INFO] Distance cache: 209,000/293,761 pairs
[07:50:46] [INFO] Distance cache: 210,000/293,761 pairs
[07:50:47] [INFO] Distance cache: 211,000/293,761 pairs
[07:50:47] [INFO] Distance cache: 212,000/293,761 pairs
[07:50:48] [INFO] Distance cache: 213,000/293,761 pairs
[07:50:48] [INFO] Distance cache: 214,000/293,761 pairs
[07:50:49] [INFO] Distance cache: 215,000/293,761 pairs
[07:50:49] [INFO] Distance cache: 216,000/293,761 pairs
[07:50:50] [INFO] Distance cache: 217,000/293,761 pairs
[07:50:50] [INFO] Distance cache: 218,000/293,761 pairs
[07:50:51] [INFO] Distance cache: 219,000/293,761 pairs
[07:50:51] [INFO] Distance cache: 220,000/293,761 pairs
[07:50:52] [INFO] Distance cache: 221,000/293,761 pairs
[07:50:52] [INFO] Distance cache: 222,000/293,761 pairs
[07:50:53] [INFO] Distance cache: 223,000/293,761 pairs
[07:50:53] [INFO] Distance cache: 224,000/293,761 pairs
[07:50:54] [INFO] Distance cache: 225,000/293,761 pairs
[07:50:54] [INFO] Distance cache: 226,000/293,761 pairs
[07:50:55] [INFO] Distance cache: 227,000/293,761 pairs
[07:50:55] [INFO] Distance cache: 228,000/293,761 pairs
[07:50:56] [INFO] Distance cache: 229,000/293,761 pairs
[07:50:56] [INFO] Distance cache: 230,000/293,761 pairs
[07:50:57] [INFO] Distance cache: 231,000/293,761 pairs
[07:50:57] [INFO] Distance cache: 232,000/293,761 pairs
[07:50:58] [INFO] Distance cache: 233,000/293,761 pairs
[07:50:58] [INFO] Distance cache: 234,000/293,761 pairs
[07:50:59] [INFO] Distance cache: 235,000/293,761 pairs
[07:50:59] [INFO] Distance cache: 236,000/293,761 pairs
[07:51:00] [INFO] Distance cache: 237,000/293,761 pairs
[07:51:00] [INFO] Distance cache: 238,000/293,761 pairs
[07:51:01] [INFO] Distance cache: 239,000/293,761 pairs
[07:51:01] [INFO] Distance cache: 240,000/293,761 pairs
[07:51:02] [INFO] Distance cache: 241,000/293,761 pairs
[07:51:02] [INFO] Distance cache: 242,000/293,761 pairs
[07:51:03] [INFO] Distance cache: 243,000/293,761 pairs
[07:51:03] [INFO] Distance cache: 244,000/293,761 pairs
[07:51:04] [INFO] Distance cache: 245,000/293,761 pairs
[07:51:04] [INFO] Distance cache: 246,000/293,761 pairs
[07:51:05] [INFO] Distance cache: 247,000/293,761 pairs
[07:51:05] [INFO] Distance cache: 248,000/293,761 pairs
[07:51:06] [INFO] Distance cache: 249,000/293,761 pairs
[07:51:06] [INFO] Distance cache: 250,000/293,761 pairs
[07:51:07] [INFO] Distance cache: 251,000/293,761 pairs
[07:51:07] [INFO] Distance cache: 252,000/293,761 pairs
[07:51:08] [INFO] Distance cache: 253,000/293,761 pairs
[07:51:08] [INFO] Distance cache: 254,000/293,761 pairs
[07:51:09] [INFO] Distance cache: 255,000/293,761 pairs
[07:51:09] [INFO] Distance cache: 256,000/293,761 pairs
[07:51:10] [INFO] Distance cache: 257,000/293,761 pairs
[07:51:10] [INFO] Distance cache: 258,000/293,761 pairs
[07:51:11] [INFO] Distance cache: 259,000/293,761 pairs
[07:51:11] [INFO] Distance cache: 260,000/293,761 pairs
[07:51:12] [INFO] Distance cache: 261,000/293,761 pairs
[07:51:12] [INFO] Distance cache: 262,000/293,761 pairs
[07:51:13] [INFO] Distance cache: 263,000/293,761 pairs
[07:51:13] [INFO] Distance cache: 264,000/293,761 pairs
[07:51:14] [INFO] Distance cache: 265,000/293,761 pairs
[07:51:14] [INFO] Distance cache: 266,000/293,761 pairs
[07:51:15] [INFO] Distance cache: 267,000/293,761 pairs
[07:51:15] [INFO] Distance cache: 268,000/293,761 pairs
[07:51:16] [INFO] Distance cache: 269,000/293,761 pairs
[07:51:16] [INFO] Distance cache: 270,000/293,761 pairs
[07:51:17] [INFO] Distance cache: 271,000/293,761 pairs
[07:51:17] [INFO] Distance cache: 272,000/293,761 pairs
[07:51:18] [INFO] Distance cache: 273,000/293,761 pairs
[07:51:18] [INFO] Distance cache: 274,000/293,761 pairs
[07:51:19] [INFO] Distance cache: 275,000/293,761 pairs
[07:51:19] [INFO] Distance cache: 276,000/293,761 pairs
[07:51:19] [INFO] Distance cache: 277,000/293,761 pairs
[07:51:20] [INFO] Distance cache: 278,000/293,761 pairs
[07:51:20] [INFO] Distance cache: 279,000/293,761 pairs
[07:51:21] [INFO] Distance cache: 280,000/293,761 pairs
[07:51:21] [INFO] Distance cache: 281,000/293,761 pairs
[07:51:22] [INFO] Distance cache: 282,000/293,761 pairs
[07:51:22] [INFO] Distance cache: 283,000/293,761 pairs
[07:51:23] [INFO] Distance cache: 284,000/293,761 pairs
[07:51:23] [INFO] Distance cache: 285,000/293,761 pairs
[07:51:24] [INFO] Distance cache: 286,000/293,761 pairs
[07:51:24] [INFO] Distance cache: 287,000/293,761 pairs
[07:51:25] [INFO] Distance cache: 288,000/293,761 pairs
[07:51:25] [INFO] Distance cache: 289,000/293,761 pairs
[07:51:26] [INFO] Distance cache: 290,000/293,761 pairs
[07:51:26] [INFO] Distance cache: 291,000/293,761 pairs
[07:51:27] [INFO] Distance cache: 292,000/293,761 pairs
[07:51:27] [INFO] Distance cache: 293,000/293,761 pairs
[07:51:28] [SUCCESS] Distance cache built: 293,761 station pairs
[07:51:28] [SUCCESS] Using 96 parallel workers
[07:51:28] [INFO] Streaming files to: /mnt/data/results/tmp/streaming
[07:51:28] [PROCESS] Starting optimized parallel processing...
[07:51:28] [PROCESS] Initializing persistent worker pool with 96 workers...
[07:51:28] [PROCESS] Processing batch 1: 28 files (Memory: 2.9%)
[07:51:35] [INFO] File 1/912: IGS0OPSFIN_20230180000_01D_30S_CLK.CLK.gz → 31,395 pairs | Total: 31,395 pairs
[07:51:42] [INFO] File 2/912: IGS0OPSFIN_20230140000_01D_30S_CLK.CLK.gz → 70,870 pairs | Total: 102,265 pairs
[07:51:43] [INFO] File 3/912: IGS0OPSFIN_20230220000_01D_30S_CLK.CLK.gz → 71,415 pairs | Total: 173,680 pairs
[07:51:43] [INFO] File 4/912: IGS0OPSFIN_20230120000_01D_30S_CLK.CLK.gz → 72,655 pairs | Total: 246,335 pairs
[07:51:44] [INFO] File 5/912: IGS0OPSFIN_20230190000_01D_30S_CLK.CLK.gz → 72,251 pairs | Total: 318,586 pairs
[07:51:44] [INFO] File 6/912: IGS0OPSFIN_20230130000_01D_30S_CLK.CLK.gz → 73,080 pairs | Total: 391,666 pairs
[07:51:45] [INFO] File 7/912: IGS0OPSFIN_20230210000_01D_30S_CLK.CLK.gz → 74,050 pairs | Total: 465,716 pairs
[07:51:45] [INFO] File 8/912: IGS0OPSFIN_20230200000_01D_30S_CLK.CLK.gz → 73,082 pairs | Total: 538,798 pairs
[07:51:45] [INFO] File 9/912: IGS0OPSFIN_20230260000_01D_30S_CLK.CLK.gz → 75,132 pairs | Total: 613,930 pairs
[07:51:46] [INFO] File 10/912: IGS0OPSFIN_20230150000_01D_30S_CLK.CLK.gz → 74,685 pairs | Total: 688,615 pairs
[07:51:46] [INFO] File 11/912: IGS0OPSFIN_20230060000_01D_30S_CLK.CLK.gz → 75,655 pairs | Total: 764,270 pairs
[07:51:46] [INFO] File 12/912: IGS0OPSFIN_20230010000_01D_30S_CLK.CLK.gz → 73,086 pairs | Total: 837,356 pairs
[07:51:47] [INFO] File 13/912: IGS0OPSFIN_20230020000_01D_30S_CLK.CLK.gz → 75,739 pairs | Total: 913,095 pairs
[07:51:47] [INFO] File 14/912: IGS0OPSFIN_20230170000_01D_30S_CLK.CLK.gz → 76,516 pairs | Total: 989,611 pairs
[07:51:48] [INFO] File 15/912: IGS0OPSFIN_20230160000_01D_30S_CLK.CLK.gz → 75,336 pairs | Total: 1,064,947 pairs
[07:51:48] [INFO] File 16/912: IGS0OPSFIN_20230280000_01D_30S_CLK.CLK.gz → 76,716 pairs | Total: 1,141,663 pairs
[07:51:49] [INFO] File 17/912: IGS0OPSFIN_20230230000_01D_30S_CLK.CLK.gz → 76,399 pairs | Total: 1,218,062 pairs
[07:51:49] [INFO] File 18/912: IGS0OPSFIN_20230030000_01D_30S_CLK.CLK.gz → 78,818 pairs | Total: 1,296,880 pairs
[07:51:49] [INFO] File 19/912: IGS0OPSFIN_20230090000_01D_30S_CLK.CLK.gz → 77,161 pairs | Total: 1,374,041 pairs
[07:51:50] [INFO] File 20/912: IGS0OPSFIN_20230240000_01D_30S_CLK.CLK.gz → 78,041 pairs | Total: 1,452,082 pairs
[07:51:50] [INFO] File 21/912: IGS0OPSFIN_20230250000_01D_30S_CLK.CLK.gz → 75,655 pairs | Total: 1,527,737 pairs
[07:51:51] [INFO] File 22/912: IGS0OPSFIN_20230070000_01D_30S_CLK.CLK.gz → 79,588 pairs | Total: 1,607,325 pairs
[07:51:51] [INFO] File 23/912: IGS0OPSFIN_20230270000_01D_30S_CLK.CLK.gz → 75,293 pairs | Total: 1,682,618 pairs
[07:51:51] [INFO] File 24/912: IGS0OPSFIN_20230080000_01D_30S_CLK.CLK.gz → 80,476 pairs | Total: 1,763,094 pairs
[07:51:52] [INFO] File 25/912: IGS0OPSFIN_20230100000_01D_30S_CLK.CLK.gz → 77,392 pairs | Total: 1,840,486 pairs
[07:51:52] [INFO] File 26/912: IGS0OPSFIN_20230040000_01D_30S_CLK.CLK.gz → 80,477 pairs | Total: 1,920,963 pairs
[07:51:53] [INFO] File 27/912: IGS0OPSFIN_20230110000_01D_30S_CLK.CLK.gz → 79,707 pairs | Total: 2,000,670 pairs
[07:51:53] [INFO] File 28/912: IGS0OPSFIN_20230050000_01D_30S_CLK.CLK.gz → 77,393 pairs | Total: 2,078,063 pairs
[07:51:53] [INFO] Batch 1 complete. Memory: 7.8% → 7.8%
[07:51:53] [PROCESS] Processing batch 2: 28 files (Memory: 7.8%)
[07:52:08] [INFO] File 29/912: IGS0OPSFIN_20230300000_01D_30S_CLK.CLK.gz → 70,044 pairs | Total: 2,148,107 pairs
[07:52:08] [INFO] File 30/912: IGS0OPSFIN_20230360000_01D_30S_CLK.CLK.gz → 72,664 pairs | Total: 2,220,771 pairs
[07:52:09] [INFO] File 31/912: IGS0OPSFIN_20230450000_01D_30S_CLK.CLK.gz → 72,582 pairs | Total: 2,293,353 pairs
[07:52:09] [INFO] File 32/912: IGS0OPSFIN_20230370000_01D_30S_CLK.CLK.gz → 76,179 pairs | Total: 2,369,532 pairs
[07:52:10] [INFO] File 33/912: IGS0OPSFIN_20230330000_01D_30S_CLK.CLK.gz → 73,922 pairs | Total: 2,443,454 pairs
[07:52:10] [INFO] File 34/912: IGS0OPSFIN_20230440000_01D_30S_CLK.CLK.gz → 75,928 pairs | Total: 2,519,382 pairs
[07:52:10] [INFO] File 35/912: IGS0OPSFIN_20230320000_01D_30S_CLK.CLK.gz → 76,398 pairs | Total: 2,595,780 pairs
[07:52:11] [INFO] File 36/912: IGS0OPSFIN_20230380000_01D_30S_CLK.CLK.gz → 76,616 pairs | Total: 2,672,396 pairs
[07:52:11] [INFO] File 37/912: IGS0OPSFIN_20230400000_01D_30S_CLK.CLK.gz → 76,225 pairs | Total: 2,748,621 pairs
[07:52:12] [INFO] File 38/912: IGS0OPSFIN_20230310000_01D_30S_CLK.CLK.gz → 76,648 pairs | Total: 2,825,269 pairs
[07:52:12] [INFO] File 39/912: IGS0OPSFIN_20230340000_01D_30S_CLK.CLK.gz → 75,209 pairs | Total: 2,900,478 pairs
[07:52:13] [INFO] File 40/912: IGS0OPSFIN_20230540000_01D_30S_CLK.CLK.gz → 76,554 pairs | Total: 2,977,032 pairs
[07:52:13] [INFO] File 41/912: IGS0OPSFIN_20230290000_01D_30S_CLK.CLK.gz → 77,171 pairs | Total: 3,054,203 pairs
[07:52:14] [INFO] File 42/912: IGS0OPSFIN_20230350000_01D_30S_CLK.CLK.gz → 78,701 pairs | Total: 3,132,904 pairs
[07:52:14] [INFO] File 43/912: IGS0OPSFIN_20230480000_01D_30S_CLK.CLK.gz → 79,702 pairs | Total: 3,212,606 pairs
[07:52:14] [INFO] File 44/912: IGS0OPSFIN_20230460000_01D_30S_CLK.CLK.gz → 78,814 pairs | Total: 3,291,420 pairs
[07:52:15] [INFO] File 45/912: IGS0OPSFIN_20230530000_01D_30S_CLK.CLK.gz → 77,492 pairs | Total: 3,368,912 pairs
[07:52:15] [INFO] File 46/912: IGS0OPSFIN_20230410000_01D_30S_CLK.CLK.gz → 77,940 pairs | Total: 3,446,852 pairs
[07:52:16] [INFO] File 47/912: IGS0OPSFIN_20230470000_01D_30S_CLK.CLK.gz → 80,030 pairs | Total: 3,526,882 pairs
[07:52:16] [INFO] File 48/912: IGS0OPSFIN_20230490000_01D_30S_CLK.CLK.gz → 76,080 pairs | Total: 3,602,962 pairs
[07:52:16] [INFO] File 49/912: IGS0OPSFIN_20230430000_01D_30S_CLK.CLK.gz → 80,235 pairs | Total: 3,683,197 pairs
[07:52:17] [INFO] File 50/912: IGS0OPSFIN_20230420000_01D_30S_CLK.CLK.gz → 81,818 pairs | Total: 3,765,015 pairs
[07:52:17] [INFO] File 51/912: IGS0OPSFIN_20230560000_01D_30S_CLK.CLK.gz → 82,136 pairs | Total: 3,847,151 pairs
[07:52:18] [INFO] File 52/912: IGS0OPSFIN_20230520000_01D_30S_CLK.CLK.gz → 80,939 pairs | Total: 3,928,090 pairs
[07:52:18] [INFO] File 53/912: IGS0OPSFIN_20230390000_01D_30S_CLK.CLK.gz → 82,012 pairs | Total: 4,010,102 pairs
[07:52:19] [INFO] File 54/912: IGS0OPSFIN_20230500000_01D_30S_CLK.CLK.gz → 81,576 pairs | Total: 4,091,678 pairs
[07:52:19] [INFO] File 55/912: IGS0OPSFIN_20230510000_01D_30S_CLK.CLK.gz → 87,185 pairs | Total: 4,178,863 pairs
[07:52:20] [INFO] File 56/912: IGS0OPSFIN_20230550000_01D_30S_CLK.CLK.gz → 84,728 pairs | Total: 4,263,591 pairs
[07:52:20] [INFO] Batch 2 complete. Memory: 11.6% → 11.6%
[07:52:20] [PROCESS] Processing batch 3: 28 files (Memory: 11.6%)
[07:52:27] [INFO] File 57/912: IGS0OPSFIN_20230590000_01D_30S_CLK.CLK.gz → 31,544 pairs | Total: 4,295,135 pairs
[07:52:33] [INFO] File 58/912: IGS0OPSFIN_20230830000_01D_30S_CLK.CLK.gz → 59,835 pairs | Total: 4,354,970 pairs
[07:52:33] [INFO] File 59/912: IGS0OPSFIN_20230680000_01D_30S_CLK.CLK.gz → 67,977 pairs | Total: 4,422,947 pairs
[07:52:35] [INFO] File 60/912: IGS0OPSFIN_20230690000_01D_30S_CLK.CLK.gz → 72,983 pairs | Total: 4,495,930 pairs
[07:52:35] [INFO] File 61/912: IGS0OPSFIN_20230780000_01D_30S_CLK.CLK.gz → 72,537 pairs | Total: 4,568,467 pairs
[07:52:35] [INFO] File 62/912: IGS0OPSFIN_20230810000_01D_30S_CLK.CLK.gz → 71,874 pairs | Total: 4,640,341 pairs
[07:52:36] [INFO] File 63/912: IGS0OPSFIN_20230820000_01D_30S_CLK.CLK.gz → 69,011 pairs | Total: 4,709,352 pairs
[07:52:36] [INFO] File 64/912: IGS0OPSFIN_20230800000_01D_30S_CLK.CLK.gz → 73,409 pairs | Total: 4,782,761 pairs
[07:52:37] [INFO] File 65/912: IGS0OPSFIN_20230840000_01D_30S_CLK.CLK.gz → 69,734 pairs | Total: 4,852,495 pairs
[07:52:37] [INFO] File 66/912: IGS0OPSFIN_20230710000_01D_30S_CLK.CLK.gz → 74,138 pairs | Total: 4,926,633 pairs
[07:52:37] [INFO] File 67/912: IGS0OPSFIN_20230760000_01D_30S_CLK.CLK.gz → 75,110 pairs | Total: 5,001,743 pairs
[07:52:38] [INFO] File 68/912: IGS0OPSFIN_20230700000_01D_30S_CLK.CLK.gz → 75,324 pairs | Total: 5,077,067 pairs
[07:52:38] [INFO] File 69/912: IGS0OPSFIN_20230640000_01D_30S_CLK.CLK.gz → 76,294 pairs | Total: 5,153,361 pairs
[07:52:39] [INFO] File 70/912: IGS0OPSFIN_20230740000_01D_30S_CLK.CLK.gz → 76,093 pairs | Total: 5,229,454 pairs
[07:52:39] [INFO] File 71/912: IGS0OPSFIN_20230770000_01D_30S_CLK.CLK.gz → 75,857 pairs | Total: 5,305,311 pairs
[07:52:39] [INFO] File 72/912: IGS0OPSFIN_20230750000_01D_30S_CLK.CLK.gz → 75,653 pairs | Total: 5,380,964 pairs
[07:52:40] [INFO] File 73/912: IGS0OPSFIN_20230730000_01D_30S_CLK.CLK.gz → 78,683 pairs | Total: 5,459,647 pairs
[07:52:40] [INFO] File 74/912: IGS0OPSFIN_20230650000_01D_30S_CLK.CLK.gz → 78,893 pairs | Total: 5,538,540 pairs
[07:52:41] [INFO] File 75/912: IGS0OPSFIN_20230610000_01D_30S_CLK.CLK.gz → 75,727 pairs | Total: 5,614,267 pairs
[07:52:41] [INFO] File 76/912: IGS0OPSFIN_20230620000_01D_30S_CLK.CLK.gz → 76,650 pairs | Total: 5,690,917 pairs
[07:52:41] [INFO] File 77/912: IGS0OPSFIN_20230790000_01D_30S_CLK.CLK.gz → 78,328 pairs | Total: 5,769,245 pairs
[07:52:42] [INFO] File 78/912: IGS0OPSFIN_20230580000_01D_30S_CLK.CLK.gz → 78,583 pairs | Total: 5,847,828 pairs
[07:52:42] [INFO] File 79/912: IGS0OPSFIN_20230670000_01D_30S_CLK.CLK.gz → 81,457 pairs | Total: 5,929,285 pairs
[07:52:43] [INFO] File 80/912: IGS0OPSFIN_20230720000_01D_30S_CLK.CLK.gz → 80,790 pairs | Total: 6,010,075 pairs
[07:52:43] [INFO] File 81/912: IGS0OPSFIN_20230630000_01D_30S_CLK.CLK.gz → 77,671 pairs | Total: 6,087,746 pairs
[07:52:44] [INFO] File 82/912: IGS0OPSFIN_20230600000_01D_30S_CLK.CLK.gz → 83,024 pairs | Total: 6,170,770 pairs
[07:52:44] [INFO] File 83/912: IGS0OPSFIN_20230570000_01D_30S_CLK.CLK.gz → 82,707 pairs | Total: 6,253,477 pairs
[07:52:45] [INFO] File 84/912: IGS0OPSFIN_20230660000_01D_30S_CLK.CLK.gz → 84,531 pairs | Total: 6,338,008 pairs
[07:52:45] [INFO] Batch 3 complete. Memory: 15.2% → 15.2%
[07:52:45] [PROCESS] Processing batch 4: 28 files (Memory: 15.2%)
[07:52:58] [INFO] File 85/912: IGS0OPSFIN_20231080000_01D_30S_CLK.CLK.gz → 65,754 pairs | Total: 6,403,762 pairs
[07:52:58] [INFO] File 86/912: IGS0OPSFIN_20231100000_01D_30S_CLK.CLK.gz → 66,169 pairs | Total: 6,469,931 pairs
[07:52:59] [INFO] File 87/912: IGS0OPSFIN_20231030000_01D_30S_CLK.CLK.gz → 70,358 pairs | Total: 6,540,289 pairs
[07:52:59] [INFO] File 88/912: IGS0OPSFIN_20230850000_01D_30S_CLK.CLK.gz → 68,388 pairs | Total: 6,608,677 pairs
[07:52:59] [INFO] File 89/912: IGS0OPSFIN_20230880000_01D_30S_CLK.CLK.gz → 68,778 pairs | Total: 6,677,455 pairs
[07:53:00] [INFO] File 90/912: IGS0OPSFIN_20231040000_01D_30S_CLK.CLK.gz → 67,880 pairs | Total: 6,745,335 pairs
[07:53:00] [INFO] File 91/912: IGS0OPSFIN_20230960000_01D_30S_CLK.CLK.gz → 70,348 pairs | Total: 6,815,683 pairs
[07:53:01] [INFO] File 92/912: IGS0OPSFIN_20231090000_01D_30S_CLK.CLK.gz → 72,211 pairs | Total: 6,887,894 pairs
[07:53:01] [INFO] File 93/912: IGS0OPSFIN_20230870000_01D_30S_CLK.CLK.gz → 72,123 pairs | Total: 6,960,017 pairs
[07:53:01] [INFO] File 94/912: IGS0OPSFIN_20230940000_01D_30S_CLK.CLK.gz → 72,019 pairs | Total: 7,032,036 pairs
[07:53:02] [INFO] File 95/912: IGS0OPSFIN_20230860000_01D_30S_CLK.CLK.gz → 71,715 pairs | Total: 7,103,751 pairs
[07:53:02] [INFO] File 96/912: IGS0OPSFIN_20230910000_01D_30S_CLK.CLK.gz → 72,856 pairs | Total: 7,176,607 pairs
[07:53:02] [INFO] File 97/912: IGS0OPSFIN_20230890000_01D_30S_CLK.CLK.gz → 70,160 pairs | Total: 7,246,767 pairs
[07:53:03] [INFO] File 98/912: IGS0OPSFIN_20230920000_01D_30S_CLK.CLK.gz → 74,041 pairs | Total: 7,320,808 pairs
[07:53:03] [INFO] File 99/912: IGS0OPSFIN_20230950000_01D_30S_CLK.CLK.gz → 70,549 pairs | Total: 7,391,357 pairs
[07:53:04] [INFO] File 100/912: IGS0OPSFIN_20231110000_01D_30S_CLK.CLK.gz → 72,964 pairs | Total: 7,464,321 pairs
[07:53:04] [INFO] File 101/912: IGS0OPSFIN_20230900000_01D_30S_CLK.CLK.gz → 73,396 pairs | Total: 7,537,717 pairs
[07:53:04] [INFO] File 102/912: IGS0OPSFIN_20230970000_01D_30S_CLK.CLK.gz → 72,775 pairs | Total: 7,610,492 pairs
[07:53:05] [INFO] File 103/912: IGS0OPSFIN_20230930000_01D_30S_CLK.CLK.gz → 75,115 pairs | Total: 7,685,607 pairs
[07:53:05] [INFO] File 104/912: IGS0OPSFIN_20231010000_01D_30S_CLK.CLK.gz → 75,103 pairs | Total: 7,760,710 pairs
[07:53:06] [INFO] File 105/912: IGS0OPSFIN_20231070000_01D_30S_CLK.CLK.gz → 74,560 pairs | Total: 7,835,270 pairs
[07:53:06] [INFO] File 106/912: IGS0OPSFIN_20230980000_01D_30S_CLK.CLK.gz → 76,405 pairs | Total: 7,911,675 pairs
[07:53:06] [INFO] File 107/912: IGS0OPSFIN_20231020000_01D_30S_CLK.CLK.gz → 76,859 pairs | Total: 7,988,534 pairs
[07:53:07] [INFO] File 108/912: IGS0OPSFIN_20230990000_01D_30S_CLK.CLK.gz → 78,169 pairs | Total: 8,066,703 pairs
[07:53:07] [INFO] File 109/912: IGS0OPSFIN_20231050000_01D_30S_CLK.CLK.gz → 79,043 pairs | Total: 8,145,746 pairs
[07:53:08] [INFO] File 110/912: IGS0OPSFIN_20231060000_01D_30S_CLK.CLK.gz → 81,704 pairs | Total: 8,227,450 pairs
[07:53:08] [INFO] File 111/912: IGS0OPSFIN_20231000000_01D_30S_CLK.CLK.gz → 82,471 pairs | Total: 8,309,921 pairs
[07:53:09] [INFO] File 112/912: IGS0OPSFIN_20231120000_01D_30S_CLK.CLK.gz → 82,595 pairs | Total: 8,392,516 pairs
[07:53:09] [INFO] Batch 4 complete. Memory: 16.7% → 16.7%
[07:53:09] [PROCESS] Processing batch 5: 28 files (Memory: 16.7%)
[07:53:22] [INFO] File 113/912: IGS0OPSFIN_20231170000_01D_30S_CLK.CLK.gz → 71,607 pairs | Total: 8,464,123 pairs
[07:53:23] [INFO] File 114/912: IGS0OPSFIN_20231270000_01D_30S_CLK.CLK.gz → 69,217 pairs | Total: 8,533,340 pairs
[07:53:23] [INFO] File 115/912: IGS0OPSFIN_20231260000_01D_30S_CLK.CLK.gz → 68,910 pairs | Total: 8,602,250 pairs
[07:53:23] [INFO] File 116/912: IGS0OPSFIN_20231250000_01D_30S_CLK.CLK.gz → 71,267 pairs | Total: 8,673,517 pairs
[07:53:24] [INFO] File 117/912: IGS0OPSFIN_20231190000_01D_30S_CLK.CLK.gz → 72,316 pairs | Total: 8,745,833 pairs
[07:53:24] [INFO] File 118/912: IGS0OPSFIN_20231200000_01D_30S_CLK.CLK.gz → 72,763 pairs | Total: 8,818,596 pairs
[07:53:25] [INFO] File 119/912: IGS0OPSFIN_20231280000_01D_30S_CLK.CLK.gz → 75,109 pairs | Total: 8,893,705 pairs
[07:53:25] [INFO] File 120/912: IGS0OPSFIN_20231140000_01D_30S_CLK.CLK.gz → 73,074 pairs | Total: 8,966,779 pairs
[07:53:25] [INFO] File 121/912: IGS0OPSFIN_20231370000_01D_30S_CLK.CLK.gz → 75,542 pairs | Total: 9,042,321 pairs
[07:53:26] [INFO] File 122/912: IGS0OPSFIN_20231160000_01D_30S_CLK.CLK.gz → 75,100 pairs | Total: 9,117,421 pairs
[07:53:26] [INFO] File 123/912: IGS0OPSFIN_20231390000_01D_30S_CLK.CLK.gz → 76,622 pairs | Total: 9,194,043 pairs
[07:53:27] [INFO] File 124/912: IGS0OPSFIN_20231380000_01D_30S_CLK.CLK.gz → 76,091 pairs | Total: 9,270,134 pairs
[07:53:27] [INFO] File 125/912: IGS0OPSFIN_20231180000_01D_30S_CLK.CLK.gz → 75,423 pairs | Total: 9,345,557 pairs
[07:53:27] [INFO] File 126/912: IGS0OPSFIN_20231210000_01D_30S_CLK.CLK.gz → 79,141 pairs | Total: 9,424,698 pairs
[07:53:28] [INFO] File 127/912: IGS0OPSFIN_20231130000_01D_30S_CLK.CLK.gz → 77,180 pairs | Total: 9,501,878 pairs
[07:53:28] [INFO] File 128/912: IGS0OPSFIN_20231290000_01D_30S_CLK.CLK.gz → 76,959 pairs | Total: 9,578,837 pairs
[07:53:29] [INFO] File 129/912: IGS0OPSFIN_20231360000_01D_30S_CLK.CLK.gz → 77,278 pairs | Total: 9,656,115 pairs
[07:53:29] [INFO] File 130/912: IGS0OPSFIN_20231150000_01D_30S_CLK.CLK.gz → 79,595 pairs | Total: 9,735,710 pairs
[07:53:29] [INFO] File 131/912: IGS0OPSFIN_20231400000_01D_30S_CLK.CLK.gz → 81,482 pairs | Total: 9,817,192 pairs
[07:53:30] [INFO] File 132/912: IGS0OPSFIN_20231340000_01D_30S_CLK.CLK.gz → 80,010 pairs | Total: 9,897,202 pairs
[07:53:30] [INFO] File 133/912: IGS0OPSFIN_20231220000_01D_30S_CLK.CLK.gz → 81,123 pairs | Total: 9,978,325 pairs
[07:53:31] [INFO] File 134/912: IGS0OPSFIN_20231320000_01D_30S_CLK.CLK.gz → 81,925 pairs | Total: 10,060,250 pairs
[07:53:31] [INFO] File 135/912: IGS0OPSFIN_20231330000_01D_30S_CLK.CLK.gz → 81,708 pairs | Total: 10,141,958 pairs
[07:53:32] [INFO] File 136/912: IGS0OPSFIN_20231240000_01D_30S_CLK.CLK.gz → 83,515 pairs | Total: 10,225,473 pairs
[07:53:32] [INFO] File 137/912: IGS0OPSFIN_20231310000_01D_30S_CLK.CLK.gz → 83,277 pairs | Total: 10,308,750 pairs
[07:53:33] [INFO] File 138/912: IGS0OPSFIN_20231300000_01D_30S_CLK.CLK.gz → 82,819 pairs | Total: 10,391,569 pairs
[07:53:33] [INFO] File 139/912: IGS0OPSFIN_20231350000_01D_30S_CLK.CLK.gz → 84,045 pairs | Total: 10,475,614 pairs
[07:53:34] [INFO] File 140/912: IGS0OPSFIN_20231230000_01D_30S_CLK.CLK.gz → 84,986 pairs | Total: 10,560,600 pairs
[07:53:34] [INFO] Batch 5 complete. Memory: 16.8% → 16.8%
[07:53:34] [PROCESS] Processing batch 6: 28 files (Memory: 16.8%)
[07:53:46] [INFO] File 141/912: IGS0OPSFIN_20231460000_01D_30S_CLK.CLK.gz → 62,664 pairs | Total: 10,623,264 pairs
[07:53:47] [INFO] File 142/912: IGS0OPSFIN_20231470000_01D_30S_CLK.CLK.gz → 66,045 pairs | Total: 10,689,309 pairs
[07:53:47] [INFO] File 143/912: IGS0OPSFIN_20231500000_01D_30S_CLK.CLK.gz → 65,855 pairs | Total: 10,755,164 pairs
[07:53:48] [INFO] File 144/912: IGS0OPSFIN_20231550000_01D_30S_CLK.CLK.gz → 72,015 pairs | Total: 10,827,179 pairs
[07:53:48] [INFO] File 145/912: IGS0OPSFIN_20231560000_01D_30S_CLK.CLK.gz → 74,348 pairs | Total: 10,901,527 pairs
[07:53:49] [INFO] File 146/912: IGS0OPSFIN_20231540000_01D_30S_CLK.CLK.gz → 75,100 pairs | Total: 10,976,627 pairs
[07:53:49] [INFO] File 147/912: IGS0OPSFIN_20231660000_01D_30S_CLK.CLK.gz → 74,545 pairs | Total: 11,051,172 pairs
[07:53:49] [INFO] File 148/912: IGS0OPSFIN_20231510000_01D_30S_CLK.CLK.gz → 73,820 pairs | Total: 11,124,992 pairs
[07:53:50] [INFO] File 149/912: IGS0OPSFIN_20231670000_01D_30S_CLK.CLK.gz → 75,435 pairs | Total: 11,200,427 pairs
[07:53:50] [INFO] File 150/912: IGS0OPSFIN_20231680000_01D_30S_CLK.CLK.gz → 78,595 pairs | Total: 11,279,022 pairs
[07:53:51] [INFO] File 151/912: IGS0OPSFIN_20231410000_01D_30S_CLK.CLK.gz → 77,278 pairs | Total: 11,356,300 pairs
[07:53:51] [INFO] File 152/912: IGS0OPSFIN_20231650000_01D_30S_CLK.CLK.gz → 77,499 pairs | Total: 11,433,799 pairs
[07:53:51] [INFO] File 153/912: IGS0OPSFIN_20231490000_01D_30S_CLK.CLK.gz → 77,057 pairs | Total: 11,510,856 pairs
[07:53:52] [INFO] File 154/912: IGS0OPSFIN_20231590000_01D_30S_CLK.CLK.gz → 77,391 pairs | Total: 11,588,247 pairs
[07:53:52] [INFO] File 155/912: IGS0OPSFIN_20231520000_01D_30S_CLK.CLK.gz → 78,161 pairs | Total: 11,666,408 pairs
[07:53:53] [INFO] File 156/912: IGS0OPSFIN_20231530000_01D_30S_CLK.CLK.gz → 78,811 pairs | Total: 11,745,219 pairs
[07:53:53] [INFO] File 157/912: IGS0OPSFIN_20231580000_01D_30S_CLK.CLK.gz → 77,168 pairs | Total: 11,822,387 pairs
[07:53:54] [INFO] File 158/912: IGS0OPSFIN_20231610000_01D_30S_CLK.CLK.gz → 76,934 pairs | Total: 11,899,321 pairs
[07:53:54] [INFO] File 159/912: IGS0OPSFIN_20231570000_01D_30S_CLK.CLK.gz → 78,049 pairs | Total: 11,977,370 pairs
[07:53:54] [INFO] File 160/912: IGS0OPSFIN_20231620000_01D_30S_CLK.CLK.gz → 77,597 pairs | Total: 12,054,967 pairs
[07:53:55] [INFO] File 161/912: IGS0OPSFIN_20231480000_01D_30S_CLK.CLK.gz → 79,680 pairs | Total: 12,134,647 pairs
[07:53:55] [INFO] File 162/912: IGS0OPSFIN_20231630000_01D_30S_CLK.CLK.gz → 78,813 pairs | Total: 12,213,460 pairs
[07:53:56] [INFO] File 163/912: IGS0OPSFIN_20231640000_01D_30S_CLK.CLK.gz → 79,821 pairs | Total: 12,293,281 pairs
[07:53:56] [INFO] File 164/912: IGS0OPSFIN_20231600000_01D_30S_CLK.CLK.gz → 79,242 pairs | Total: 12,372,523 pairs
[07:53:56] [INFO] File 165/912: IGS0OPSFIN_20231450000_01D_30S_CLK.CLK.gz → 81,576 pairs | Total: 12,454,099 pairs
[07:53:57] [INFO] File 166/912: IGS0OPSFIN_20231420000_01D_30S_CLK.CLK.gz → 81,922 pairs | Total: 12,536,021 pairs
[07:53:57] [INFO] File 167/912: IGS0OPSFIN_20231440000_01D_30S_CLK.CLK.gz → 82,823 pairs | Total: 12,618,844 pairs
[07:53:58] [INFO] File 168/912: IGS0OPSFIN_20231430000_01D_30S_CLK.CLK.gz → 84,300 pairs | Total: 12,703,144 pairs
[07:53:58] [INFO] Batch 6 complete. Memory: 16.9% → 16.9%
[07:53:58] [PROCESS] Processing batch 7: 28 files (Memory: 16.9%)
[07:54:12] [INFO] File 169/912: IGS0OPSFIN_20231730000_01D_30S_CLK.CLK.gz → 73,402 pairs | Total: 12,776,546 pairs
[07:54:12] [INFO] File 170/912: IGS0OPSFIN_20231830000_01D_30S_CLK.CLK.gz → 72,870 pairs | Total: 12,849,416 pairs
[07:54:13] [INFO] File 171/912: IGS0OPSFIN_20231840000_01D_30S_CLK.CLK.gz → 74,785 pairs | Total: 12,924,201 pairs
[07:54:13] [INFO] File 172/912: IGS0OPSFIN_20231860000_01D_30S_CLK.CLK.gz → 74,573 pairs | Total: 12,998,774 pairs
[07:54:14] [INFO] File 173/912: IGS0OPSFIN_20231940000_01D_30S_CLK.CLK.gz → 74,684 pairs | Total: 13,073,458 pairs
[07:54:14] [INFO] File 174/912: IGS0OPSFIN_20231690000_01D_30S_CLK.CLK.gz → 74,883 pairs | Total: 13,148,341 pairs
[07:54:14] [INFO] File 175/912: IGS0OPSFIN_20231870000_01D_30S_CLK.CLK.gz → 74,252 pairs | Total: 13,222,593 pairs
[07:54:15] [INFO] File 176/912: IGS0OPSFIN_20231820000_01D_30S_CLK.CLK.gz → 75,755 pairs | Total: 13,298,348 pairs
[07:54:15] [INFO] File 177/912: IGS0OPSFIN_20231890000_01D_30S_CLK.CLK.gz → 77,608 pairs | Total: 13,375,956 pairs
[07:54:16] [INFO] File 178/912: IGS0OPSFIN_20231960000_01D_30S_CLK.CLK.gz → 78,158 pairs | Total: 13,454,114 pairs
[07:54:16] [INFO] File 179/912: IGS0OPSFIN_20231850000_01D_30S_CLK.CLK.gz → 77,072 pairs | Total: 13,531,186 pairs
[07:54:16] [INFO] File 180/912: IGS0OPSFIN_20231920000_01D_30S_CLK.CLK.gz → 78,372 pairs | Total: 13,609,558 pairs
[07:54:17] [INFO] File 181/912: IGS0OPSFIN_20231740000_01D_30S_CLK.CLK.gz → 80,361 pairs | Total: 13,689,919 pairs
[07:54:17] [INFO] File 182/912: IGS0OPSFIN_20231750000_01D_30S_CLK.CLK.gz → 78,700 pairs | Total: 13,768,619 pairs
[07:54:18] [INFO] File 183/912: IGS0OPSFIN_20231700000_01D_30S_CLK.CLK.gz → 77,255 pairs | Total: 13,845,874 pairs
[07:54:18] [INFO] File 184/912: IGS0OPSFIN_20231930000_01D_30S_CLK.CLK.gz → 78,700 pairs | Total: 13,924,574 pairs
[07:54:18] [INFO] File 185/912: IGS0OPSFIN_20231900000_01D_30S_CLK.CLK.gz → 79,710 pairs | Total: 14,004,284 pairs
[07:54:19] [INFO] File 186/912: IGS0OPSFIN_20231710000_01D_30S_CLK.CLK.gz → 77,504 pairs | Total: 14,081,788 pairs
[07:54:19] [INFO] File 187/912: IGS0OPSFIN_20231810000_01D_30S_CLK.CLK.gz → 78,925 pairs | Total: 14,160,713 pairs
[07:54:20] [INFO] File 188/912: IGS0OPSFIN_20231760000_01D_30S_CLK.CLK.gz → 80,258 pairs | Total: 14,240,971 pairs
[07:54:20] [INFO] File 189/912: IGS0OPSFIN_20231950000_01D_30S_CLK.CLK.gz → 79,467 pairs | Total: 14,320,438 pairs
[07:54:21] [INFO] File 190/912: IGS0OPSFIN_20231790000_01D_30S_CLK.CLK.gz → 80,255 pairs | Total: 14,400,693 pairs
[07:54:21] [INFO] File 191/912: IGS0OPSFIN_20231800000_01D_30S_CLK.CLK.gz → 77,569 pairs | Total: 14,478,262 pairs
[07:54:21] [INFO] File 192/912: IGS0OPSFIN_20231880000_01D_30S_CLK.CLK.gz → 79,341 pairs | Total: 14,557,603 pairs
[07:54:22] [INFO] File 193/912: IGS0OPSFIN_20231910000_01D_30S_CLK.CLK.gz → 80,903 pairs | Total: 14,638,506 pairs
[07:54:22] [INFO] File 194/912: IGS0OPSFIN_20231780000_01D_30S_CLK.CLK.gz → 78,516 pairs | Total: 14,717,022 pairs
[07:54:23] [INFO] File 195/912: IGS0OPSFIN_20231770000_01D_30S_CLK.CLK.gz → 83,053 pairs | Total: 14,800,075 pairs
[07:54:23] [INFO] File 196/912: IGS0OPSFIN_20231720000_01D_30S_CLK.CLK.gz → 78,927 pairs | Total: 14,879,002 pairs
[07:54:23] [INFO] Batch 7 complete. Memory: 17.0% → 17.0%
[07:54:23] [PROCESS] Processing batch 8: 28 files (Memory: 17.0%)
[07:54:29] [INFO] File 197/912: IGS0OPSFIN_20232040000_01D_30S_CLK.CLK.gz → 30,498 pairs | Total: 14,909,500 pairs
[07:54:37] [INFO] File 198/912: IGS0OPSFIN_20232010000_01D_30S_CLK.CLK.gz → 68,490 pairs | Total: 14,977,990 pairs
[07:54:37] [INFO] File 199/912: IGS0OPSFIN_20232150000_01D_30S_CLK.CLK.gz → 69,820 pairs | Total: 15,047,810 pairs
[07:54:38] [INFO] File 200/912: IGS0OPSFIN_20232020000_01D_30S_CLK.CLK.gz → 72,031 pairs | Total: 15,119,841 pairs
[07:54:38] [INFO] File 201/912: IGS0OPSFIN_20232230000_01D_30S_CLK.CLK.gz → 71,714 pairs | Total: 15,191,555 pairs
[07:54:38] [INFO] File 202/912: IGS0OPSFIN_20232030000_01D_30S_CLK.CLK.gz → 73,301 pairs | Total: 15,264,856 pairs
[07:54:39] [INFO] File 203/912: IGS0OPSFIN_20232160000_01D_30S_CLK.CLK.gz → 72,871 pairs | Total: 15,337,727 pairs
[07:54:39] [INFO] File 204/912: IGS0OPSFIN_20232220000_01D_30S_CLK.CLK.gz → 72,972 pairs | Total: 15,410,699 pairs
[07:54:39] [INFO] File 205/912: IGS0OPSFIN_20232170000_01D_30S_CLK.CLK.gz → 71,924 pairs | Total: 15,482,623 pairs
[07:54:40] [INFO] File 206/912: IGS0OPSFIN_20232070000_01D_30S_CLK.CLK.gz → 75,877 pairs | Total: 15,558,500 pairs
[07:54:40] [INFO] File 207/912: IGS0OPSFIN_20232240000_01D_30S_CLK.CLK.gz → 73,510 pairs | Total: 15,632,010 pairs
[07:54:41] [INFO] File 208/912: IGS0OPSFIN_20232080000_01D_30S_CLK.CLK.gz → 76,854 pairs | Total: 15,708,864 pairs
[07:54:41] [INFO] File 209/912: IGS0OPSFIN_20232090000_01D_30S_CLK.CLK.gz → 76,956 pairs | Total: 15,785,820 pairs
[07:54:41] [INFO] File 210/912: IGS0OPSFIN_20232200000_01D_30S_CLK.CLK.gz → 77,387 pairs | Total: 15,863,207 pairs
[07:54:42] [INFO] File 211/912: IGS0OPSFIN_20232110000_01D_30S_CLK.CLK.gz → 77,066 pairs | Total: 15,940,273 pairs
[07:54:42] [INFO] File 212/912: IGS0OPSFIN_20232180000_01D_30S_CLK.CLK.gz → 76,611 pairs | Total: 16,016,884 pairs
[07:54:43] [INFO] File 213/912: IGS0OPSFIN_20232140000_01D_30S_CLK.CLK.gz → 72,330 pairs | Total: 16,089,214 pairs
[07:54:43] [INFO] File 214/912: IGS0OPSFIN_20231970000_01D_30S_CLK.CLK.gz → 77,497 pairs | Total: 16,166,711 pairs
[07:54:43] [INFO] File 215/912: IGS0OPSFIN_20232120000_01D_30S_CLK.CLK.gz → 77,714 pairs | Total: 16,244,425 pairs
[07:54:44] [INFO] File 216/912: IGS0OPSFIN_20232210000_01D_30S_CLK.CLK.gz → 79,905 pairs | Total: 16,324,330 pairs
[07:54:44] [INFO] File 217/912: IGS0OPSFIN_20232190000_01D_30S_CLK.CLK.gz → 80,138 pairs | Total: 16,404,468 pairs
[07:54:45] [INFO] File 218/912: IGS0OPSFIN_20231990000_01D_30S_CLK.CLK.gz → 80,256 pairs | Total: 16,484,724 pairs
[07:54:45] [INFO] File 219/912: IGS0OPSFIN_20232060000_01D_30S_CLK.CLK.gz → 79,804 pairs | Total: 16,564,528 pairs
[07:54:46] [INFO] File 220/912: IGS0OPSFIN_20232100000_01D_30S_CLK.CLK.gz → 80,027 pairs | Total: 16,644,555 pairs
[07:54:46] [INFO] File 221/912: IGS0OPSFIN_20232050000_01D_30S_CLK.CLK.gz → 79,928 pairs | Total: 16,724,483 pairs
[07:54:47] [INFO] File 222/912: IGS0OPSFIN_20232000000_01D_30S_CLK.CLK.gz → 80,585 pairs | Total: 16,805,068 pairs
[07:54:47] [INFO] File 223/912: IGS0OPSFIN_20232130000_01D_30S_CLK.CLK.gz → 82,038 pairs | Total: 16,887,106 pairs
[07:54:47] [INFO] File 224/912: IGS0OPSFIN_20231980000_01D_30S_CLK.CLK.gz → 79,811 pairs | Total: 16,966,917 pairs
[07:54:48] [INFO] Batch 8 complete. Memory: 17.1% → 17.1%
[07:54:48] [PROCESS] Processing batch 9: 28 files (Memory: 17.1%)
[07:55:02] [INFO] File 225/912: IGS0OPSFIN_20232340000_01D_30S_CLK.CLK.gz → 73,299 pairs | Total: 17,040,216 pairs
[07:55:02] [INFO] File 226/912: IGS0OPSFIN_20232400000_01D_30S_CLK.CLK.gz → 73,289 pairs | Total: 17,113,505 pairs
[07:55:03] [INFO] File 227/912: IGS0OPSFIN_20232410000_01D_30S_CLK.CLK.gz → 73,947 pairs | Total: 17,187,452 pairs
[07:55:03] [INFO] File 228/912: IGS0OPSFIN_20232390000_01D_30S_CLK.CLK.gz → 72,743 pairs | Total: 17,260,195 pairs
[07:55:03] [INFO] File 229/912: IGS0OPSFIN_20232320000_01D_30S_CLK.CLK.gz → 74,238 pairs | Total: 17,334,433 pairs
[07:55:04] [INFO] File 230/912: IGS0OPSFIN_20232310000_01D_30S_CLK.CLK.gz → 74,370 pairs | Total: 17,408,803 pairs
[07:55:04] [INFO] File 231/912: IGS0OPSFIN_20232510000_01D_30S_CLK.CLK.gz → 75,319 pairs | Total: 17,484,122 pairs
[07:55:05] [INFO] File 232/912: IGS0OPSFIN_20232250000_01D_30S_CLK.CLK.gz → 74,898 pairs | Total: 17,559,020 pairs
[07:55:05] [INFO] File 233/912: IGS0OPSFIN_20232430000_01D_30S_CLK.CLK.gz → 74,786 pairs | Total: 17,633,806 pairs
[07:55:05] [INFO] File 234/912: IGS0OPSFIN_20232330000_01D_30S_CLK.CLK.gz → 74,555 pairs | Total: 17,708,361 pairs
[07:55:06] [INFO] File 235/912: IGS0OPSFIN_20232500000_01D_30S_CLK.CLK.gz → 76,851 pairs | Total: 17,785,212 pairs
[07:55:06] [INFO] File 236/912: IGS0OPSFIN_20232270000_01D_30S_CLK.CLK.gz → 74,271 pairs | Total: 17,859,483 pairs
[07:55:07] [INFO] File 237/912: IGS0OPSFIN_20232360000_01D_30S_CLK.CLK.gz → 75,444 pairs | Total: 17,934,927 pairs
[07:55:07] [INFO] File 238/912: IGS0OPSFIN_20232380000_01D_30S_CLK.CLK.gz → 77,717 pairs | Total: 18,012,644 pairs
[07:55:07] [INFO] File 239/912: IGS0OPSFIN_20232300000_01D_30S_CLK.CLK.gz → 76,840 pairs | Total: 18,089,484 pairs
[07:55:08] [INFO] File 240/912: IGS0OPSFIN_20232260000_01D_30S_CLK.CLK.gz → 75,976 pairs | Total: 18,165,460 pairs
[07:55:08] [INFO] File 241/912: IGS0OPSFIN_20232450000_01D_30S_CLK.CLK.gz → 79,034 pairs | Total: 18,244,494 pairs
[07:55:09] [INFO] File 242/912: IGS0OPSFIN_20232520000_01D_30S_CLK.CLK.gz → 77,175 pairs | Total: 18,321,669 pairs
[07:55:09] [INFO] File 243/912: IGS0OPSFIN_20232420000_01D_30S_CLK.CLK.gz → 78,927 pairs | Total: 18,400,596 pairs
[07:55:09] [INFO] File 244/912: IGS0OPSFIN_20232460000_01D_30S_CLK.CLK.gz → 79,146 pairs | Total: 18,479,742 pairs
[07:55:10] [INFO] File 245/912: IGS0OPSFIN_20232470000_01D_30S_CLK.CLK.gz → 77,686 pairs | Total: 18,557,428 pairs
[07:55:10] [INFO] File 246/912: IGS0OPSFIN_20232370000_01D_30S_CLK.CLK.gz → 78,589 pairs | Total: 18,636,017 pairs
[07:55:11] [INFO] File 247/912: IGS0OPSFIN_20232440000_01D_30S_CLK.CLK.gz → 79,922 pairs | Total: 18,715,939 pairs
[07:55:11] [INFO] File 248/912: IGS0OPSFIN_20232350000_01D_30S_CLK.CLK.gz → 79,253 pairs | Total: 18,795,192 pairs
[07:55:12] [INFO] File 249/912: IGS0OPSFIN_20232280000_01D_30S_CLK.CLK.gz → 78,915 pairs | Total: 18,874,107 pairs
[07:55:12] [INFO] File 250/912: IGS0OPSFIN_20232290000_01D_30S_CLK.CLK.gz → 76,837 pairs | Total: 18,950,944 pairs
[07:55:12] [INFO] File 251/912: IGS0OPSFIN_20232490000_01D_30S_CLK.CLK.gz → 78,712 pairs | Total: 19,029,656 pairs
[07:55:13] [INFO] File 252/912: IGS0OPSFIN_20232480000_01D_30S_CLK.CLK.gz → 79,020 pairs | Total: 19,108,676 pairs
[07:55:13] [INFO] Batch 9 complete. Memory: 17.1% → 17.1%
[07:55:13] [PROCESS] Processing batch 10: 28 files (Memory: 17.1%)
[07:55:26] [INFO] File 253/912: IGS0OPSFIN_20232620000_01D_30S_CLK.CLK.gz → 68,915 pairs | Total: 19,177,591 pairs
[07:55:27] [INFO] File 254/912: IGS0OPSFIN_20232580000_01D_30S_CLK.CLK.gz → 71,500 pairs | Total: 19,249,091 pairs
[07:55:27] [INFO] File 255/912: IGS0OPSFIN_20232650000_01D_30S_CLK.CLK.gz → 69,820 pairs | Total: 19,318,911 pairs
[07:55:28] [INFO] File 256/912: IGS0OPSFIN_20232710000_01D_30S_CLK.CLK.gz → 71,815 pairs | Total: 19,390,726 pairs
[07:55:28] [INFO] File 257/912: IGS0OPSFIN_20232690000_01D_30S_CLK.CLK.gz → 74,144 pairs | Total: 19,464,870 pairs
[07:55:28] [INFO] File 258/912: IGS0OPSFIN_20232750000_01D_30S_CLK.CLK.gz → 72,372 pairs | Total: 19,537,242 pairs
[07:55:29] [INFO] File 259/912: IGS0OPSFIN_20232640000_01D_30S_CLK.CLK.gz → 72,879 pairs | Total: 19,610,121 pairs
[07:55:29] [INFO] File 260/912: IGS0OPSFIN_20232800000_01D_30S_CLK.CLK.gz → 73,406 pairs | Total: 19,683,527 pairs
[07:55:29] [INFO] File 261/912: IGS0OPSFIN_20232560000_01D_30S_CLK.CLK.gz → 73,189 pairs | Total: 19,756,716 pairs
[07:55:30] [INFO] File 262/912: IGS0OPSFIN_20232790000_01D_30S_CLK.CLK.gz → 74,054 pairs | Total: 19,830,770 pairs
[07:55:30] [INFO] File 263/912: IGS0OPSFIN_20232780000_01D_30S_CLK.CLK.gz → 74,264 pairs | Total: 19,905,034 pairs
[07:55:31] [INFO] File 264/912: IGS0OPSFIN_20232730000_01D_30S_CLK.CLK.gz → 74,355 pairs | Total: 19,979,389 pairs
[07:55:31] [INFO] File 265/912: IGS0OPSFIN_20232740000_01D_30S_CLK.CLK.gz → 76,085 pairs | Total: 20,055,474 pairs
[07:55:31] [INFO] File 266/912: IGS0OPSFIN_20232770000_01D_30S_CLK.CLK.gz → 75,607 pairs | Total: 20,131,081 pairs
[07:55:32] [INFO] File 267/912: IGS0OPSFIN_20232570000_01D_30S_CLK.CLK.gz → 74,562 pairs | Total: 20,205,643 pairs
[07:55:32] [INFO] File 268/912: IGS0OPSFIN_20232540000_01D_30S_CLK.CLK.gz → 74,772 pairs | Total: 20,280,415 pairs
[07:55:33] [INFO] File 269/912: IGS0OPSFIN_20232590000_01D_30S_CLK.CLK.gz → 75,659 pairs | Total: 20,356,074 pairs
[07:55:33] [INFO] File 270/912: IGS0OPSFIN_20232550000_01D_30S_CLK.CLK.gz → 74,261 pairs | Total: 20,430,335 pairs
[07:55:33] [INFO] File 271/912: IGS0OPSFIN_20232700000_01D_30S_CLK.CLK.gz → 75,870 pairs | Total: 20,506,205 pairs
[07:55:34] [INFO] File 272/912: IGS0OPSFIN_20232630000_01D_30S_CLK.CLK.gz → 76,939 pairs | Total: 20,583,144 pairs
[07:55:34] [INFO] File 273/912: IGS0OPSFIN_20232660000_01D_30S_CLK.CLK.gz → 77,051 pairs | Total: 20,660,195 pairs
[07:55:35] [INFO] File 274/912: IGS0OPSFIN_20232670000_01D_30S_CLK.CLK.gz → 75,430 pairs | Total: 20,735,625 pairs
[07:55:35] [INFO] File 275/912: IGS0OPSFIN_20232530000_01D_30S_CLK.CLK.gz → 77,174 pairs | Total: 20,812,799 pairs
[07:55:35] [INFO] File 276/912: IGS0OPSFIN_20232600000_01D_30S_CLK.CLK.gz → 77,603 pairs | Total: 20,890,402 pairs
[07:55:36] [INFO] File 277/912: IGS0OPSFIN_20232680000_01D_30S_CLK.CLK.gz → 77,390 pairs | Total: 20,967,792 pairs
[07:55:36] [INFO] File 278/912: IGS0OPSFIN_20232610000_01D_30S_CLK.CLK.gz → 77,372 pairs | Total: 21,045,164 pairs
[07:55:37] [INFO] File 279/912: IGS0OPSFIN_20232720000_01D_30S_CLK.CLK.gz → 78,369 pairs | Total: 21,123,533 pairs
[07:55:37] [INFO] File 280/912: IGS0OPSFIN_20232760000_01D_30S_CLK.CLK.gz → 80,005 pairs | Total: 21,203,538 pairs
[07:55:37] [INFO] Batch 10 complete. Memory: 17.1% → 17.1%
[07:55:37] [PROCESS] Processing batch 11: 28 files (Memory: 17.1%)
[07:55:51] [INFO] File 281/912: IGS0OPSFIN_20233060000_01D_30S_CLK.CLK.gz → 67,758 pairs | Total: 21,271,296 pairs
[07:55:51] [INFO] File 282/912: IGS0OPSFIN_20232850000_01D_30S_CLK.CLK.gz → 71,303 pairs | Total: 21,342,599 pairs
[07:55:52] [INFO] File 283/912: IGS0OPSFIN_20232930000_01D_30S_CLK.CLK.gz → 71,808 pairs | Total: 21,414,407 pairs
[07:55:52] [INFO] File 284/912: IGS0OPSFIN_20232890000_01D_30S_CLK.CLK.gz → 73,510 pairs | Total: 21,487,917 pairs
[07:55:53] [INFO] File 285/912: IGS0OPSFIN_20232920000_01D_30S_CLK.CLK.gz → 72,023 pairs | Total: 21,559,940 pairs
[07:55:53] [INFO] File 286/912: IGS0OPSFIN_20232860000_01D_30S_CLK.CLK.gz → 73,383 pairs | Total: 21,633,323 pairs
[07:55:53] [INFO] File 287/912: IGS0OPSFIN_20232870000_01D_30S_CLK.CLK.gz → 74,153 pairs | Total: 21,707,476 pairs
[07:55:54] [INFO] File 288/912: IGS0OPSFIN_20232940000_01D_30S_CLK.CLK.gz → 72,790 pairs | Total: 21,780,266 pairs
[07:55:54] [INFO] File 289/912: IGS0OPSFIN_20233000000_01D_30S_CLK.CLK.gz → 74,571 pairs | Total: 21,854,837 pairs
[07:55:54] [INFO] File 290/912: IGS0OPSFIN_20233050000_01D_30S_CLK.CLK.gz → 74,900 pairs | Total: 21,929,737 pairs
[07:55:55] [INFO] File 291/912: IGS0OPSFIN_20232910000_01D_30S_CLK.CLK.gz → 75,453 pairs | Total: 22,005,190 pairs
[07:55:55] [INFO] File 292/912: IGS0OPSFIN_20233070000_01D_30S_CLK.CLK.gz → 75,336 pairs | Total: 22,080,526 pairs
[07:55:56] [INFO] File 293/912: IGS0OPSFIN_20232900000_01D_30S_CLK.CLK.gz → 75,533 pairs | Total: 22,156,059 pairs
[07:55:56] [INFO] File 294/912: IGS0OPSFIN_20233080000_01D_30S_CLK.CLK.gz → 74,371 pairs | Total: 22,230,430 pairs
[07:55:56] [INFO] File 295/912: IGS0OPSFIN_20232820000_01D_30S_CLK.CLK.gz → 77,485 pairs | Total: 22,307,915 pairs
[07:55:57] [INFO] File 296/912: IGS0OPSFIN_20232840000_01D_30S_CLK.CLK.gz → 75,556 pairs | Total: 22,383,471 pairs
[07:55:57] [INFO] File 297/912: IGS0OPSFIN_20232880000_01D_30S_CLK.CLK.gz → 75,669 pairs | Total: 22,459,140 pairs
[07:55:58] [INFO] File 298/912: IGS0OPSFIN_20233020000_01D_30S_CLK.CLK.gz → 75,332 pairs | Total: 22,534,472 pairs
[07:55:58] [INFO] File 299/912: IGS0OPSFIN_20232810000_01D_30S_CLK.CLK.gz → 75,868 pairs | Total: 22,610,340 pairs
[07:55:59] [INFO] File 300/912: IGS0OPSFIN_20233040000_01D_30S_CLK.CLK.gz → 75,649 pairs | Total: 22,685,989 pairs
[07:55:59] [INFO] File 301/912: IGS0OPSFIN_20232980000_01D_30S_CLK.CLK.gz → 78,174 pairs | Total: 22,764,163 pairs
[07:55:59] [INFO] File 302/912: IGS0OPSFIN_20232970000_01D_30S_CLK.CLK.gz → 77,393 pairs | Total: 22,841,556 pairs
[07:56:00] [INFO] File 303/912: IGS0OPSFIN_20232990000_01D_30S_CLK.CLK.gz → 77,270 pairs | Total: 22,918,826 pairs
[07:56:00] [INFO] File 304/912: IGS0OPSFIN_20232950000_01D_30S_CLK.CLK.gz → 79,139 pairs | Total: 22,997,965 pairs
[07:56:01] [INFO] File 305/912: IGS0OPSFIN_20232960000_01D_30S_CLK.CLK.gz → 78,582 pairs | Total: 23,076,547 pairs
[07:56:01] [INFO] File 306/912: IGS0OPSFIN_20232830000_01D_30S_CLK.CLK.gz → 78,141 pairs | Total: 23,154,688 pairs
[07:56:01] [INFO] File 307/912: IGS0OPSFIN_20233030000_01D_30S_CLK.CLK.gz → 79,683 pairs | Total: 23,234,371 pairs
[07:56:02] [INFO] File 308/912: IGS0OPSFIN_20233010000_01D_30S_CLK.CLK.gz → 81,694 pairs | Total: 23,316,065 pairs
[07:56:02] [INFO] Batch 11 complete. Memory: 17.1% → 17.1%
[07:56:02] [PROCESS] Processing batch 12: 28 files (Memory: 17.1%)
[07:56:17] [INFO] File 309/912: IGS0OPSFIN_20233090000_01D_30S_CLK.CLK.gz → 75,026 pairs | Total: 23,391,091 pairs
[07:56:17] [INFO] File 310/912: IGS0OPSFIN_20233160000_01D_30S_CLK.CLK.gz → 75,143 pairs | Total: 23,466,234 pairs
[07:56:18] [INFO] File 311/912: IGS0OPSFIN_20233190000_01D_30S_CLK.CLK.gz → 75,229 pairs | Total: 23,541,463 pairs
[07:56:18] [INFO] File 312/912: IGS0OPSFIN_20233170000_01D_30S_CLK.CLK.gz → 75,765 pairs | Total: 23,617,228 pairs
[07:56:19] [INFO] File 313/912: IGS0OPSFIN_20233220000_01D_30S_CLK.CLK.gz → 77,154 pairs | Total: 23,694,382 pairs
[07:56:19] [INFO] File 314/912: IGS0OPSFIN_20233100000_01D_30S_CLK.CLK.gz → 75,741 pairs | Total: 23,770,123 pairs
[07:56:19] [INFO] File 315/912: IGS0OPSFIN_20233130000_01D_30S_CLK.CLK.gz → 77,493 pairs | Total: 23,847,616 pairs
[07:56:20] [INFO] File 316/912: IGS0OPSFIN_20233120000_01D_30S_CLK.CLK.gz → 78,488 pairs | Total: 23,926,104 pairs
[07:56:20] [INFO] File 317/912: IGS0OPSFIN_20233140000_01D_30S_CLK.CLK.gz → 77,064 pairs | Total: 24,003,168 pairs
[07:56:20] [INFO] File 318/912: IGS0OPSFIN_20233110000_01D_30S_CLK.CLK.gz → 78,151 pairs | Total: 24,081,319 pairs
[07:56:21] [INFO] File 319/912: IGS0OPSFIN_20233210000_01D_30S_CLK.CLK.gz → 80,904 pairs | Total: 24,162,223 pairs
[07:56:21] [INFO] File 320/912: IGS0OPSFIN_20233200000_01D_30S_CLK.CLK.gz → 80,812 pairs | Total: 24,243,035 pairs
[07:56:22] [INFO] File 321/912: IGS0OPSFIN_20233180000_01D_30S_CLK.CLK.gz → 81,594 pairs | Total: 24,324,629 pairs
[07:56:22] [INFO] File 322/912: IGS0OPSFIN_20233150000_01D_30S_CLK.CLK.gz → 79,907 pairs | Total: 24,404,536 pairs
[07:56:24] [INFO] File 323/912: IGS0OPSFIN_20233260000_01D_30S_CLK.CLK.gz → 113,463 pairs | Total: 24,517,999 pairs
[07:56:25] [INFO] File 324/912: IGS0OPSFIN_20233290000_01D_30S_CLK.CLK.gz → 114,915 pairs | Total: 24,632,914 pairs
[07:56:25] [INFO] File 325/912: IGS0OPSFIN_20233270000_01D_30S_CLK.CLK.gz → 115,707 pairs | Total: 24,748,621 pairs
[07:56:26] [INFO] File 326/912: IGS0OPSFIN_20233280000_01D_30S_CLK.CLK.gz → 120,319 pairs | Total: 24,868,940 pairs
[07:56:27] [INFO] File 327/912: IGS0OPSFIN_20233250000_01D_30S_CLK.CLK.gz → 121,385 pairs | Total: 24,990,325 pairs
[07:56:27] [INFO] File 328/912: IGS0OPSFIN_20233240000_01D_30S_CLK.CLK.gz → 125,801 pairs | Total: 25,116,126 pairs
[07:56:28] [INFO] File 329/912: IGS0OPSFIN_20233320000_01D_30S_CLK.CLK.gz → 125,121 pairs | Total: 25,241,247 pairs
[07:56:29] [INFO] File 330/912: IGS0OPSFIN_20233340000_01D_30S_CLK.CLK.gz → 123,855 pairs | Total: 25,365,102 pairs
[07:56:29] [INFO] File 331/912: IGS0OPSFIN_20233350000_01D_30S_CLK.CLK.gz → 123,336 pairs | Total: 25,488,438 pairs
[07:56:30] [INFO] File 332/912: IGS0OPSFIN_20233310000_01D_30S_CLK.CLK.gz → 125,165 pairs | Total: 25,613,603 pairs
[07:56:31] [INFO] File 333/912: IGS0OPSFIN_20233230000_01D_30S_CLK.CLK.gz → 130,573 pairs | Total: 25,744,176 pairs
[07:56:31] [INFO] File 334/912: IGS0OPSFIN_20233330000_01D_30S_CLK.CLK.gz → 126,295 pairs | Total: 25,870,471 pairs
[07:56:32] [INFO] File 335/912: IGS0OPSFIN_20233300000_01D_30S_CLK.CLK.gz → 128,078 pairs | Total: 25,998,549 pairs
[07:56:33] [INFO] File 336/912: IGS0OPSFIN_20233360000_01D_30S_CLK.CLK.gz → 129,189 pairs | Total: 26,127,738 pairs
[07:56:33] [INFO] Batch 12 complete. Memory: 17.8% → 17.8%
[07:56:33] [PROCESS] Processing batch 13: 28 files (Memory: 17.8%)
[07:56:47] [INFO] File 337/912: IGS0OPSFIN_20233520000_01D_30S_CLK.CLK.gz → 70,337 pairs | Total: 26,198,075 pairs
[07:56:48] [INFO] File 338/912: IGS0OPSFIN_20233510000_01D_30S_CLK.CLK.gz → 76,271 pairs | Total: 26,274,346 pairs
[07:56:56] [INFO] File 339/912: IGS0OPSFIN_20233440000_01D_30S_CLK.CLK.gz → 117,988 pairs | Total: 26,392,334 pairs
[07:56:56] [INFO] File 340/912: IGS0OPSFIN_20233570000_01D_30S_CLK.CLK.gz → 118,403 pairs | Total: 26,510,737 pairs
[07:56:57] [INFO] File 341/912: IGS0OPSFIN_20233560000_01D_30S_CLK.CLK.gz → 118,136 pairs | Total: 26,628,873 pairs
[07:56:57] [INFO] File 342/912: IGS0OPSFIN_20233430000_01D_30S_CLK.CLK.gz → 118,536 pairs | Total: 26,747,409 pairs
[07:56:58] [INFO] File 343/912: IGS0OPSFIN_20233550000_01D_30S_CLK.CLK.gz → 119,059 pairs | Total: 26,866,468 pairs
[07:56:59] [INFO] File 344/912: IGS0OPSFIN_20233470000_01D_30S_CLK.CLK.gz → 118,263 pairs | Total: 26,984,731 pairs
[07:56:59] [INFO] File 345/912: IGS0OPSFIN_20233580000_01D_30S_CLK.CLK.gz → 118,958 pairs | Total: 27,103,689 pairs
[07:57:00] [INFO] File 346/912: IGS0OPSFIN_20233500000_01D_30S_CLK.CLK.gz → 122,199 pairs | Total: 27,225,888 pairs
[07:57:00] [INFO] File 347/912: IGS0OPSFIN_20233640000_01D_30S_CLK.CLK.gz → 123,315 pairs | Total: 27,349,203 pairs
[07:57:01] [INFO] File 348/912: IGS0OPSFIN_20233530000_01D_30S_CLK.CLK.gz → 122,222 pairs | Total: 27,471,425 pairs
[07:57:02] [INFO] File 349/912: IGS0OPSFIN_20233480000_01D_30S_CLK.CLK.gz → 119,743 pairs | Total: 27,591,168 pairs
[07:57:02] [INFO] File 350/912: IGS0OPSFIN_20233620000_01D_30S_CLK.CLK.gz → 120,865 pairs | Total: 27,712,033 pairs
[07:57:03] [INFO] File 351/912: IGS0OPSFIN_20233540000_01D_30S_CLK.CLK.gz → 120,297 pairs | Total: 27,832,330 pairs
[07:57:04] [INFO] File 352/912: IGS0OPSFIN_20233600000_01D_30S_CLK.CLK.gz → 123,327 pairs | Total: 27,955,657 pairs
[07:57:04] [INFO] File 353/912: IGS0OPSFIN_20233460000_01D_30S_CLK.CLK.gz → 123,294 pairs | Total: 28,078,951 pairs
[07:57:05] [INFO] File 354/912: IGS0OPSFIN_20233390000_01D_30S_CLK.CLK.gz → 123,122 pairs | Total: 28,202,073 pairs
[07:57:06] [INFO] File 355/912: IGS0OPSFIN_20233450000_01D_30S_CLK.CLK.gz → 123,016 pairs | Total: 28,325,089 pairs
[07:57:06] [INFO] File 356/912: IGS0OPSFIN_20233490000_01D_30S_CLK.CLK.gz → 125,115 pairs | Total: 28,450,204 pairs
[07:57:07] [INFO] File 357/912: IGS0OPSFIN_20233590000_01D_30S_CLK.CLK.gz → 119,646 pairs | Total: 28,569,850 pairs
[07:57:08] [INFO] File 358/912: IGS0OPSFIN_20233630000_01D_30S_CLK.CLK.gz → 126,311 pairs | Total: 28,696,161 pairs
[07:57:08] [INFO] File 359/912: IGS0OPSFIN_20233610000_01D_30S_CLK.CLK.gz → 124,296 pairs | Total: 28,820,457 pairs
[07:57:09] [INFO] File 360/912: IGS0OPSFIN_20233410000_01D_30S_CLK.CLK.gz → 124,282 pairs | Total: 28,944,739 pairs
[07:57:10] [INFO] File 361/912: IGS0OPSFIN_20233400000_01D_30S_CLK.CLK.gz → 125,219 pairs | Total: 29,069,958 pairs
[07:57:10] [INFO] File 362/912: IGS0OPSFIN_20233420000_01D_30S_CLK.CLK.gz → 126,888 pairs | Total: 29,196,846 pairs
[07:57:11] [INFO] File 363/912: IGS0OPSFIN_20233380000_01D_30S_CLK.CLK.gz → 132,281 pairs | Total: 29,329,127 pairs
[07:57:12] [INFO] File 364/912: IGS0OPSFIN_20233370000_01D_30S_CLK.CLK.gz → 131,267 pairs | Total: 29,460,394 pairs
[07:57:12] [INFO] Batch 13 complete. Memory: 18.7% → 18.7%
[07:57:12] [PROCESS] Processing batch 14: 28 files (Memory: 18.7%)
[07:57:25] [INFO] File 365/912: IGS0OPSFIN_20240120000_01D_30S_CLK.CLK.gz → 67,741 pairs | Total: 29,528,135 pairs
[07:57:26] [INFO] File 366/912: IGS0OPSFIN_20240010000_01D_30S_CLK.CLK.gz → 70,219 pairs | Total: 29,598,354 pairs
[07:57:26] [INFO] File 367/912: IGS0OPSFIN_20240070000_01D_30S_CLK.CLK.gz → 71,285 pairs | Total: 29,669,639 pairs
[07:57:27] [INFO] File 368/912: IGS0OPSFIN_20240130000_01D_30S_CLK.CLK.gz → 72,745 pairs | Total: 29,742,384 pairs
[07:57:27] [INFO] File 369/912: IGS0OPSFIN_20240060000_01D_30S_CLK.CLK.gz → 74,261 pairs | Total: 29,816,645 pairs
[07:57:27] [INFO] File 370/912: IGS0OPSFIN_20240110000_01D_30S_CLK.CLK.gz → 75,871 pairs | Total: 29,892,516 pairs
[07:57:28] [INFO] File 371/912: IGS0OPSFIN_20240150000_01D_30S_CLK.CLK.gz → 76,528 pairs | Total: 29,969,044 pairs
[07:57:28] [INFO] File 372/912: IGS0OPSFIN_20240210000_01D_30S_CLK.CLK.gz → 74,258 pairs | Total: 30,043,302 pairs
[07:57:28] [INFO] File 373/912: IGS0OPSFIN_20240050000_01D_30S_CLK.CLK.gz → 75,660 pairs | Total: 30,118,962 pairs
[07:57:29] [INFO] File 374/912: IGS0OPSFIN_20240030000_01D_30S_CLK.CLK.gz → 76,956 pairs | Total: 30,195,918 pairs
[07:57:29] [INFO] File 375/912: IGS0OPSFIN_20240080000_01D_30S_CLK.CLK.gz → 75,867 pairs | Total: 30,271,785 pairs
[07:57:30] [INFO] File 376/912: IGS0OPSFIN_20240020000_01D_30S_CLK.CLK.gz → 76,293 pairs | Total: 30,348,078 pairs
[07:57:30] [INFO] File 377/912: IGS0OPSFIN_20240040000_01D_30S_CLK.CLK.gz → 75,553 pairs | Total: 30,423,631 pairs
[07:57:30] [INFO] File 378/912: IGS0OPSFIN_20240180000_01D_30S_CLK.CLK.gz → 76,737 pairs | Total: 30,500,368 pairs
[07:57:31] [INFO] File 379/912: IGS0OPSFIN_20240170000_01D_30S_CLK.CLK.gz → 76,752 pairs | Total: 30,577,120 pairs
[07:57:31] [INFO] File 380/912: IGS0OPSFIN_20240090000_01D_30S_CLK.CLK.gz → 78,813 pairs | Total: 30,655,933 pairs
[07:57:32] [INFO] File 381/912: IGS0OPSFIN_20240100000_01D_30S_CLK.CLK.gz → 80,042 pairs | Total: 30,735,975 pairs
[07:57:32] [INFO] File 382/912: IGS0OPSFIN_20240190000_01D_30S_CLK.CLK.gz → 79,145 pairs | Total: 30,815,120 pairs
[07:57:33] [INFO] File 383/912: IGS0OPSFIN_20240140000_01D_30S_CLK.CLK.gz → 77,912 pairs | Total: 30,893,032 pairs
[07:57:33] [INFO] File 384/912: IGS0OPSFIN_20240160000_01D_30S_CLK.CLK.gz → 78,176 pairs | Total: 30,971,208 pairs
[07:57:33] [INFO] File 385/912: IGS0OPSFIN_20240240000_01D_30S_CLK.CLK.gz → 79,904 pairs | Total: 31,051,112 pairs
[07:57:34] [INFO] File 386/912: IGS0OPSFIN_20240270000_01D_30S_CLK.CLK.gz → 78,931 pairs | Total: 31,130,043 pairs
[07:57:34] [INFO] File 387/912: IGS0OPSFIN_20240260000_01D_30S_CLK.CLK.gz → 78,360 pairs | Total: 31,208,403 pairs
[07:57:35] [INFO] File 388/912: IGS0OPSFIN_20240220000_01D_30S_CLK.CLK.gz → 79,468 pairs | Total: 31,287,871 pairs
[07:57:35] [INFO] File 389/912: IGS0OPSFIN_20240200000_01D_30S_CLK.CLK.gz → 78,819 pairs | Total: 31,366,690 pairs
[07:57:36] [INFO] File 390/912: IGS0OPSFIN_20240250000_01D_30S_CLK.CLK.gz → 79,414 pairs | Total: 31,446,104 pairs
[07:57:36] [INFO] File 391/912: IGS0OPSFIN_20240230000_01D_30S_CLK.CLK.gz → 81,231 pairs | Total: 31,527,335 pairs
[07:57:37] [INFO] File 392/912: IGS0OPSFIN_20233650000_01D_30S_CLK.CLK.gz → 125,120 pairs | Total: 31,652,455 pairs
[07:57:37] [INFO] Batch 14 complete. Memory: 18.4% → 18.4%
[07:57:37] [PROCESS] Processing batch 15: 28 files (Memory: 18.4%)
[07:57:51] [INFO] File 393/912: IGS0OPSFIN_20240390000_01D_30S_CLK.CLK.gz → 70,692 pairs | Total: 31,723,147 pairs
[07:57:51] [INFO] File 394/912: IGS0OPSFIN_20240350000_01D_30S_CLK.CLK.gz → 70,433 pairs | Total: 31,793,580 pairs
[07:57:52] [INFO] File 395/912: IGS0OPSFIN_20240340000_01D_30S_CLK.CLK.gz → 70,663 pairs | Total: 31,864,243 pairs
[07:57:52] [INFO] File 396/912: IGS0OPSFIN_20240330000_01D_30S_CLK.CLK.gz → 71,679 pairs | Total: 31,935,922 pairs
[07:57:52] [INFO] File 397/912: IGS0OPSFIN_20240470000_01D_30S_CLK.CLK.gz → 74,046 pairs | Total: 32,009,968 pairs
[07:57:53] [INFO] File 398/912: IGS0OPSFIN_20240450000_01D_30S_CLK.CLK.gz → 75,626 pairs | Total: 32,085,594 pairs
[07:57:53] [INFO] File 399/912: IGS0OPSFIN_20240480000_01D_30S_CLK.CLK.gz → 73,967 pairs | Total: 32,159,561 pairs
[07:57:53] [INFO] File 400/912: IGS0OPSFIN_20240440000_01D_30S_CLK.CLK.gz → 74,709 pairs | Total: 32,234,270 pairs
[07:57:54] [INFO] File 401/912: IGS0OPSFIN_20240520000_01D_30S_CLK.CLK.gz → 75,454 pairs | Total: 32,309,724 pairs
[07:57:54] [INFO] File 402/912: IGS0OPSFIN_20240550000_01D_30S_CLK.CLK.gz → 75,652 pairs | Total: 32,385,376 pairs
[07:57:55] [INFO] File 403/912: IGS0OPSFIN_20240540000_01D_30S_CLK.CLK.gz → 75,548 pairs | Total: 32,460,924 pairs
[07:57:55] [INFO] File 404/912: IGS0OPSFIN_20240280000_01D_30S_CLK.CLK.gz → 78,148 pairs | Total: 32,539,072 pairs
[07:57:55] [INFO] File 405/912: IGS0OPSFIN_20240490000_01D_30S_CLK.CLK.gz → 77,173 pairs | Total: 32,616,245 pairs
[07:57:56] [INFO] File 406/912: IGS0OPSFIN_20240370000_01D_30S_CLK.CLK.gz → 77,051 pairs | Total: 32,693,296 pairs
[07:57:56] [INFO] File 407/912: IGS0OPSFIN_20240460000_01D_30S_CLK.CLK.gz → 78,549 pairs | Total: 32,771,845 pairs
[07:57:57] [INFO] File 408/912: IGS0OPSFIN_20240320000_01D_30S_CLK.CLK.gz → 78,070 pairs | Total: 32,849,915 pairs
[07:57:57] [INFO] File 409/912: IGS0OPSFIN_20240430000_01D_30S_CLK.CLK.gz → 78,592 pairs | Total: 32,928,507 pairs
[07:57:57] [INFO] File 410/912: IGS0OPSFIN_20240510000_01D_30S_CLK.CLK.gz → 78,706 pairs | Total: 33,007,213 pairs
[07:57:58] [INFO] File 411/912: IGS0OPSFIN_20240380000_01D_30S_CLK.CLK.gz → 78,701 pairs | Total: 33,085,914 pairs
[07:57:58] [INFO] File 412/912: IGS0OPSFIN_20240400000_01D_30S_CLK.CLK.gz → 79,614 pairs | Total: 33,165,528 pairs
[07:57:59] [INFO] File 413/912: IGS0OPSFIN_20240360000_01D_30S_CLK.CLK.gz → 78,286 pairs | Total: 33,243,814 pairs
[07:57:59] [INFO] File 414/912: IGS0OPSFIN_20240410000_01D_30S_CLK.CLK.gz → 80,385 pairs | Total: 33,324,199 pairs
[07:58:00] [INFO] File 415/912: IGS0OPSFIN_20240500000_01D_30S_CLK.CLK.gz → 81,041 pairs | Total: 33,405,240 pairs
[07:58:00] [INFO] File 416/912: IGS0OPSFIN_20240530000_01D_30S_CLK.CLK.gz → 79,101 pairs | Total: 33,484,341 pairs
[07:58:01] [INFO] File 417/912: IGS0OPSFIN_20240420000_01D_30S_CLK.CLK.gz → 82,056 pairs | Total: 33,566,397 pairs
[07:58:01] [INFO] File 418/912: IGS0OPSFIN_20240310000_01D_30S_CLK.CLK.gz → 82,691 pairs | Total: 33,649,088 pairs
[07:58:01] [INFO] File 419/912: IGS0OPSFIN_20240300000_01D_30S_CLK.CLK.gz → 82,476 pairs | Total: 33,731,564 pairs
[07:58:02] [INFO] File 420/912: IGS0OPSFIN_20240290000_01D_30S_CLK.CLK.gz → 80,114 pairs | Total: 33,811,678 pairs
[07:58:02] [INFO] Batch 15 complete. Memory: 18.4% → 18.4%
[07:58:02] [PROCESS] Processing batch 16: 28 files (Memory: 18.4%)
[07:58:05] [INFO] File 421/912: IGS0OPSFIN_20240710000_01D_30S_CLK.CLK.gz → 12,694 pairs | Total: 33,824,372 pairs
[07:58:15] [INFO] File 422/912: IGS0OPSFIN_20240830000_01D_30S_CLK.CLK.gz → 66,161 pairs | Total: 33,890,533 pairs
[07:58:15] [INFO] File 423/912: IGS0OPSFIN_20240750000_01D_30S_CLK.CLK.gz → 68,603 pairs | Total: 33,959,136 pairs
[07:58:16] [INFO] File 424/912: IGS0OPSFIN_20240720000_01D_30S_CLK.CLK.gz → 71,919 pairs | Total: 34,031,055 pairs
[07:58:16] [INFO] File 425/912: IGS0OPSFIN_20240730000_01D_30S_CLK.CLK.gz → 72,847 pairs | Total: 34,103,902 pairs
[07:58:17] [INFO] File 426/912: IGS0OPSFIN_20240670000_01D_30S_CLK.CLK.gz → 71,522 pairs | Total: 34,175,424 pairs
[07:58:17] [INFO] File 427/912: IGS0OPSFIN_20240810000_01D_30S_CLK.CLK.gz → 73,722 pairs | Total: 34,249,146 pairs
[07:58:18] [INFO] File 428/912: IGS0OPSFIN_20240780000_01D_30S_CLK.CLK.gz → 74,163 pairs | Total: 34,323,309 pairs
[07:58:18] [INFO] File 429/912: IGS0OPSFIN_20240760000_01D_30S_CLK.CLK.gz → 73,282 pairs | Total: 34,396,591 pairs
[07:58:18] [INFO] File 430/912: IGS0OPSFIN_20240770000_01D_30S_CLK.CLK.gz → 74,366 pairs | Total: 34,470,957 pairs
[07:58:19] [INFO] File 431/912: IGS0OPSFIN_20240650000_01D_30S_CLK.CLK.gz → 73,073 pairs | Total: 34,544,030 pairs
[07:58:19] [INFO] File 432/912: IGS0OPSFIN_20240820000_01D_30S_CLK.CLK.gz → 74,043 pairs | Total: 34,618,073 pairs
[07:58:19] [INFO] File 433/912: IGS0OPSFIN_20240800000_01D_30S_CLK.CLK.gz → 74,146 pairs | Total: 34,692,219 pairs
[07:58:20] [INFO] File 434/912: IGS0OPSFIN_20240790000_01D_30S_CLK.CLK.gz → 75,542 pairs | Total: 34,767,761 pairs
[07:58:20] [INFO] File 435/912: IGS0OPSFIN_20240740000_01D_30S_CLK.CLK.gz → 74,964 pairs | Total: 34,842,725 pairs
[07:58:21] [INFO] File 436/912: IGS0OPSFIN_20240660000_01D_30S_CLK.CLK.gz → 75,211 pairs | Total: 34,917,936 pairs
[07:58:21] [INFO] File 437/912: IGS0OPSFIN_20240610000_01D_30S_CLK.CLK.gz → 76,441 pairs | Total: 34,994,377 pairs
[07:58:21] [INFO] File 438/912: IGS0OPSFIN_20240590000_01D_30S_CLK.CLK.gz → 77,053 pairs | Total: 35,071,430 pairs
[07:58:22] [INFO] File 439/912: IGS0OPSFIN_20240640000_01D_30S_CLK.CLK.gz → 78,373 pairs | Total: 35,149,803 pairs
[07:58:22] [INFO] File 440/912: IGS0OPSFIN_20240630000_01D_30S_CLK.CLK.gz → 76,642 pairs | Total: 35,226,445 pairs
[07:58:23] [INFO] File 441/912: IGS0OPSFIN_20240600000_01D_30S_CLK.CLK.gz → 76,661 pairs | Total: 35,303,106 pairs
[07:58:23] [INFO] File 442/912: IGS0OPSFIN_20240620000_01D_30S_CLK.CLK.gz → 76,311 pairs | Total: 35,379,417 pairs
[07:58:24] [INFO] File 443/912: IGS0OPSFIN_20240690000_01D_30S_CLK.CLK.gz → 79,132 pairs | Total: 35,458,549 pairs
[07:58:24] [INFO] File 444/912: IGS0OPSFIN_20240580000_01D_30S_CLK.CLK.gz → 75,454 pairs | Total: 35,534,003 pairs
[07:58:24] [INFO] File 445/912: IGS0OPSFIN_20240570000_01D_30S_CLK.CLK.gz → 77,725 pairs | Total: 35,611,728 pairs
[07:58:25] [INFO] File 446/912: IGS0OPSFIN_20240680000_01D_30S_CLK.CLK.gz → 79,371 pairs | Total: 35,691,099 pairs
[07:58:25] [INFO] File 447/912: IGS0OPSFIN_20240560000_01D_30S_CLK.CLK.gz → 79,708 pairs | Total: 35,770,807 pairs
[07:58:26] [INFO] File 448/912: IGS0OPSFIN_20240700000_01D_30S_CLK.CLK.gz → 84,080 pairs | Total: 35,854,887 pairs
[07:58:26] [INFO] Batch 16 complete. Memory: 18.3% → 18.3%
[07:58:26] [PROCESS] Processing batch 17: 28 files (Memory: 18.3%)
[07:59:10] [INFO] File 449/912: IGS0OPSFIN_20240980000_01D_30S_CLK.CLK.gz → 230,405 pairs | Total: 36,085,292 pairs
[07:59:11] [INFO] File 450/912: IGS0OPSFIN_20240870000_01D_30S_CLK.CLK.gz → 230,759 pairs | Total: 36,316,051 pairs
[07:59:12] [INFO] File 451/912: IGS0OPSFIN_20241060000_01D_30S_CLK.CLK.gz → 232,056 pairs | Total: 36,548,107 pairs
[07:59:13] [INFO] File 452/912: IGS0OPSFIN_20241090000_01D_30S_CLK.CLK.gz → 237,787 pairs | Total: 36,785,894 pairs
[07:59:14] [INFO] File 453/912: IGS0OPSFIN_20240900000_01D_30S_CLK.CLK.gz → 243,585 pairs | Total: 37,029,479 pairs
[07:59:15] [INFO] File 454/912: IGS0OPSFIN_20240860000_01D_30S_CLK.CLK.gz → 242,418 pairs | Total: 37,271,897 pairs
[07:59:16] [INFO] File 455/912: IGS0OPSFIN_20240990000_01D_30S_CLK.CLK.gz → 236,847 pairs | Total: 37,508,744 pairs
[07:59:18] [INFO] File 456/912: IGS0OPSFIN_20241080000_01D_30S_CLK.CLK.gz → 238,667 pairs | Total: 37,747,411 pairs
[07:59:19] [INFO] File 457/912: IGS0OPSFIN_20241040000_01D_30S_CLK.CLK.gz → 242,803 pairs | Total: 37,990,214 pairs
[07:59:20] [INFO] File 458/912: IGS0OPSFIN_20240920000_01D_30S_CLK.CLK.gz → 242,809 pairs | Total: 38,233,023 pairs
[07:59:21] [INFO] File 459/912: IGS0OPSFIN_20240880000_01D_30S_CLK.CLK.gz → 241,945 pairs | Total: 38,474,968 pairs
[07:59:22] [INFO] File 460/912: IGS0OPSFIN_20240840000_01D_30S_CLK.CLK.gz → 239,649 pairs | Total: 38,714,617 pairs
[07:59:24] [INFO] File 461/912: IGS0OPSFIN_20241050000_01D_30S_CLK.CLK.gz → 246,474 pairs | Total: 38,961,091 pairs
[07:59:25] [INFO] File 462/912: IGS0OPSFIN_20241070000_01D_30S_CLK.CLK.gz → 240,995 pairs | Total: 39,202,086 pairs
[07:59:26] [INFO] File 463/912: IGS0OPSFIN_20240890000_01D_30S_CLK.CLK.gz → 243,555 pairs | Total: 39,445,641 pairs
[07:59:27] [INFO] File 464/912: IGS0OPSFIN_20241000000_01D_30S_CLK.CLK.gz → 249,920 pairs | Total: 39,695,561 pairs
[07:59:29] [INFO] File 465/912: IGS0OPSFIN_20240960000_01D_30S_CLK.CLK.gz → 246,297 pairs | Total: 39,941,858 pairs
[07:59:30] [INFO] File 466/912: IGS0OPSFIN_20240930000_01D_30S_CLK.CLK.gz → 239,500 pairs | Total: 40,181,358 pairs
[07:59:31] [INFO] File 467/912: IGS0OPSFIN_20240950000_01D_30S_CLK.CLK.gz → 248,045 pairs | Total: 40,429,403 pairs
[07:59:32] [INFO] File 468/912: IGS0OPSFIN_20241100000_01D_30S_CLK.CLK.gz → 244,905 pairs | Total: 40,674,308 pairs
[07:59:34] [INFO] File 469/912: IGS0OPSFIN_20240940000_01D_30S_CLK.CLK.gz → 247,758 pairs | Total: 40,922,066 pairs
[07:59:35] [INFO] File 470/912: IGS0OPSFIN_20240970000_01D_30S_CLK.CLK.gz → 242,403 pairs | Total: 41,164,469 pairs
[07:59:36] [INFO] File 471/912: IGS0OPSFIN_20240910000_01D_30S_CLK.CLK.gz → 254,117 pairs | Total: 41,418,586 pairs
[07:59:38] [INFO] File 472/912: IGS0OPSFIN_20241010000_01D_30S_CLK.CLK.gz → 252,131 pairs | Total: 41,670,717 pairs
[07:59:39] [INFO] File 473/912: IGS0OPSFIN_20241110000_01D_30S_CLK.CLK.gz → 245,345 pairs | Total: 41,916,062 pairs
[07:59:40] [INFO] File 474/912: IGS0OPSFIN_20241020000_01D_30S_CLK.CLK.gz → 247,222 pairs | Total: 42,163,284 pairs
[07:59:42] [INFO] File 475/912: IGS0OPSFIN_20241030000_01D_30S_CLK.CLK.gz → 252,888 pairs | Total: 42,416,172 pairs
[07:59:43] [INFO] File 476/912: IGS0OPSFIN_20240850000_01D_30S_CLK.CLK.gz → 254,492 pairs | Total: 42,670,664 pairs
[07:59:43] [INFO] Batch 17 complete. Memory: 23.0% → 23.0%
[07:59:43] [PROCESS] Processing batch 18: 28 files (Memory: 23.0%)
[08:00:22] [INFO] File 477/912: IGS0OPSFIN_20241120000_01D_30S_CLK.CLK.gz → 196,488 pairs | Total: 42,867,152 pairs
[08:00:28] [INFO] File 478/912: IGS0OPSFIN_20241190000_01D_30S_CLK.CLK.gz → 233,433 pairs | Total: 43,100,585 pairs
[08:00:29] [INFO] File 479/912: IGS0OPSFIN_20241170000_01D_30S_CLK.CLK.gz → 230,778 pairs | Total: 43,331,363 pairs
[08:00:30] [INFO] File 480/912: IGS0OPSFIN_20241130000_01D_30S_CLK.CLK.gz → 236,250 pairs | Total: 43,567,613 pairs
[08:00:31] [INFO] File 481/912: IGS0OPSFIN_20241140000_01D_30S_CLK.CLK.gz → 226,477 pairs | Total: 43,794,090 pairs
[08:00:32] [INFO] File 482/912: IGS0OPSFIN_20241350000_01D_30S_CLK.CLK.gz → 238,759 pairs | Total: 44,032,849 pairs
[08:00:34] [INFO] File 483/912: IGS0OPSFIN_20241210000_01D_30S_CLK.CLK.gz → 239,526 pairs | Total: 44,272,375 pairs
[08:00:35] [INFO] File 484/912: IGS0OPSFIN_20241160000_01D_30S_CLK.CLK.gz → 235,830 pairs | Total: 44,508,205 pairs
[08:00:36] [INFO] File 485/912: IGS0OPSFIN_20241360000_01D_30S_CLK.CLK.gz → 241,807 pairs | Total: 44,750,012 pairs
[08:00:37] [INFO] File 486/912: IGS0OPSFIN_20241200000_01D_30S_CLK.CLK.gz → 239,730 pairs | Total: 44,989,742 pairs
[08:00:38] [INFO] File 487/912: IGS0OPSFIN_20241270000_01D_30S_CLK.CLK.gz → 243,122 pairs | Total: 45,232,864 pairs
[08:00:40] [INFO] File 488/912: IGS0OPSFIN_20241380000_01D_30S_CLK.CLK.gz → 240,782 pairs | Total: 45,473,646 pairs
[08:00:41] [INFO] File 489/912: IGS0OPSFIN_20241290000_01D_30S_CLK.CLK.gz → 244,963 pairs | Total: 45,718,609 pairs
[08:00:42] [INFO] File 490/912: IGS0OPSFIN_20241240000_01D_30S_CLK.CLK.gz → 245,131 pairs | Total: 45,963,740 pairs
[08:00:43] [INFO] File 491/912: IGS0OPSFIN_20241220000_01D_30S_CLK.CLK.gz → 246,633 pairs | Total: 46,210,373 pairs
[08:00:45] [INFO] File 492/912: IGS0OPSFIN_20241340000_01D_30S_CLK.CLK.gz → 247,444 pairs | Total: 46,457,817 pairs
[08:00:46] [INFO] File 493/912: IGS0OPSFIN_20241180000_01D_30S_CLK.CLK.gz → 242,274 pairs | Total: 46,700,091 pairs
[08:00:47] [INFO] File 494/912: IGS0OPSFIN_20241370000_01D_30S_CLK.CLK.gz → 245,463 pairs | Total: 46,945,554 pairs
[08:00:48] [INFO] File 495/912: IGS0OPSFIN_20241280000_01D_30S_CLK.CLK.gz → 248,797 pairs | Total: 47,194,351 pairs
[08:00:50] [INFO] File 496/912: IGS0OPSFIN_20241390000_01D_30S_CLK.CLK.gz → 250,403 pairs | Total: 47,444,754 pairs
[08:00:51] [INFO] File 497/912: IGS0OPSFIN_20241320000_01D_30S_CLK.CLK.gz → 245,236 pairs | Total: 47,689,990 pairs
[08:00:52] [INFO] File 498/912: IGS0OPSFIN_20241310000_01D_30S_CLK.CLK.gz → 252,734 pairs | Total: 47,942,724 pairs
[08:00:53] [INFO] File 499/912: IGS0OPSFIN_20241230000_01D_30S_CLK.CLK.gz → 240,684 pairs | Total: 48,183,408 pairs
[08:00:55] [INFO] File 500/912: IGS0OPSFIN_20241300000_01D_30S_CLK.CLK.gz → 248,631 pairs | Total: 48,432,039 pairs
[08:00:56] [INFO] File 501/912: IGS0OPSFIN_20241250000_01D_30S_CLK.CLK.gz → 246,505 pairs | Total: 48,678,544 pairs
[08:00:57] [INFO] File 502/912: IGS0OPSFIN_20241260000_01D_30S_CLK.CLK.gz → 256,503 pairs | Total: 48,935,047 pairs
[08:00:59] [INFO] File 503/912: IGS0OPSFIN_20241330000_01D_30S_CLK.CLK.gz → 253,541 pairs | Total: 49,188,588 pairs
[08:01:00] [INFO] File 504/912: IGS0OPSFIN_20241150000_01D_30S_CLK.CLK.gz → 255,284 pairs | Total: 49,443,872 pairs
[08:01:00] [INFO] Batch 18 complete. Memory: 26.0% → 26.0%
[08:01:00] [PROCESS] Processing batch 19: 28 files (Memory: 26.0%)
[08:01:40] [INFO] File 505/912: IGS0OPSFIN_20241540000_01D_30S_CLK.CLK.gz → 203,477 pairs | Total: 49,647,349 pairs
[08:01:41] [INFO] File 506/912: IGS0OPSFIN_20241620000_01D_30S_CLK.CLK.gz → 207,974 pairs | Total: 49,855,323 pairs
[08:01:43] [INFO] File 507/912: IGS0OPSFIN_20241550000_01D_30S_CLK.CLK.gz → 223,882 pairs | Total: 50,079,205 pairs
[08:01:44] [INFO] File 508/912: IGS0OPSFIN_20241520000_01D_30S_CLK.CLK.gz → 223,077 pairs | Total: 50,302,282 pairs
[08:01:45] [INFO] File 509/912: IGS0OPSFIN_20241530000_01D_30S_CLK.CLK.gz → 221,729 pairs | Total: 50,524,011 pairs
[08:01:46] [INFO] File 510/912: IGS0OPSFIN_20241510000_01D_30S_CLK.CLK.gz → 219,672 pairs | Total: 50,743,683 pairs
[08:01:47] [INFO] File 511/912: IGS0OPSFIN_20241650000_01D_30S_CLK.CLK.gz → 228,844 pairs | Total: 50,972,527 pairs
[08:01:49] [INFO] File 512/912: IGS0OPSFIN_20241500000_01D_30S_CLK.CLK.gz → 227,140 pairs | Total: 51,199,667 pairs
[08:01:50] [INFO] File 513/912: IGS0OPSFIN_20241490000_01D_30S_CLK.CLK.gz → 231,830 pairs | Total: 51,431,497 pairs
[08:01:51] [INFO] File 514/912: IGS0OPSFIN_20241640000_01D_30S_CLK.CLK.gz → 230,342 pairs | Total: 51,661,839 pairs
[08:01:52] [INFO] File 515/912: IGS0OPSFIN_20241460000_01D_30S_CLK.CLK.gz → 226,433 pairs | Total: 51,888,272 pairs
[08:01:53] [INFO] File 516/912: IGS0OPSFIN_20241670000_01D_30S_CLK.CLK.gz → 235,706 pairs | Total: 52,123,978 pairs
[08:01:54] [INFO] File 517/912: IGS0OPSFIN_20241570000_01D_30S_CLK.CLK.gz → 230,728 pairs | Total: 52,354,706 pairs
[08:01:56] [INFO] File 518/912: IGS0OPSFIN_20241420000_01D_30S_CLK.CLK.gz → 235,015 pairs | Total: 52,589,721 pairs
[08:01:57] [INFO] File 519/912: IGS0OPSFIN_20241630000_01D_30S_CLK.CLK.gz → 237,808 pairs | Total: 52,827,529 pairs
[08:01:58] [INFO] File 520/912: IGS0OPSFIN_20241450000_01D_30S_CLK.CLK.gz → 232,792 pairs | Total: 53,060,321 pairs
[08:01:59] [INFO] File 521/912: IGS0OPSFIN_20241560000_01D_30S_CLK.CLK.gz → 242,945 pairs | Total: 53,303,266 pairs
[08:02:00] [INFO] File 522/912: IGS0OPSFIN_20241610000_01D_30S_CLK.CLK.gz → 233,696 pairs | Total: 53,536,962 pairs
[08:02:02] [INFO] File 523/912: IGS0OPSFIN_20241470000_01D_30S_CLK.CLK.gz → 238,573 pairs | Total: 53,775,535 pairs
[08:02:03] [INFO] File 524/912: IGS0OPSFIN_20241480000_01D_30S_CLK.CLK.gz → 236,478 pairs | Total: 54,012,013 pairs
[08:02:04] [INFO] File 525/912: IGS0OPSFIN_20241440000_01D_30S_CLK.CLK.gz → 236,847 pairs | Total: 54,248,860 pairs
[08:02:05] [INFO] File 526/912: IGS0OPSFIN_20241430000_01D_30S_CLK.CLK.gz → 239,101 pairs | Total: 54,487,961 pairs
[08:02:07] [INFO] File 527/912: IGS0OPSFIN_20241600000_01D_30S_CLK.CLK.gz → 245,883 pairs | Total: 54,733,844 pairs
[08:02:08] [INFO] File 528/912: IGS0OPSFIN_20241410000_01D_30S_CLK.CLK.gz → 243,395 pairs | Total: 54,977,239 pairs
[08:02:09] [INFO] File 529/912: IGS0OPSFIN_20241400000_01D_30S_CLK.CLK.gz → 244,415 pairs | Total: 55,221,654 pairs
[08:02:11] [INFO] File 530/912: IGS0OPSFIN_20241590000_01D_30S_CLK.CLK.gz → 249,338 pairs | Total: 55,470,992 pairs
[08:02:12] [INFO] File 531/912: IGS0OPSFIN_20241660000_01D_30S_CLK.CLK.gz → 246,485 pairs | Total: 55,717,477 pairs
[08:02:13] [INFO] File 532/912: IGS0OPSFIN_20241580000_01D_30S_CLK.CLK.gz → 251,733 pairs | Total: 55,969,210 pairs
[08:02:13] [INFO] Batch 19 complete. Memory: 28.5% → 28.5%
[08:02:13] [PROCESS] Processing batch 20: 28 files (Memory: 28.5%)
[08:02:55] [INFO] File 533/912: IGS0OPSFIN_20241840000_01D_30S_CLK.CLK.gz → 212,667 pairs | Total: 56,181,877 pairs
[08:02:56] [INFO] File 534/912: IGS0OPSFIN_20241800000_01D_30S_CLK.CLK.gz → 218,883 pairs | Total: 56,400,760 pairs
[08:02:57] [INFO] File 535/912: IGS0OPSFIN_20241770000_01D_30S_CLK.CLK.gz → 219,229 pairs | Total: 56,619,989 pairs
[08:02:58] [INFO] File 536/912: IGS0OPSFIN_20241790000_01D_30S_CLK.CLK.gz → 218,634 pairs | Total: 56,838,623 pairs
[08:02:59] [INFO] File 537/912: IGS0OPSFIN_20241830000_01D_30S_CLK.CLK.gz → 223,445 pairs | Total: 57,062,068 pairs
[08:03:00] [INFO] File 538/912: IGS0OPSFIN_20241880000_01D_30S_CLK.CLK.gz → 220,732 pairs | Total: 57,282,800 pairs
[08:03:01] [INFO] File 539/912: IGS0OPSFIN_20241820000_01D_30S_CLK.CLK.gz → 224,580 pairs | Total: 57,507,380 pairs
[08:03:02] [INFO] File 540/912: IGS0OPSFIN_20241780000_01D_30S_CLK.CLK.gz → 224,341 pairs | Total: 57,731,721 pairs
[08:03:04] [INFO] File 541/912: IGS0OPSFIN_20241710000_01D_30S_CLK.CLK.gz → 224,157 pairs | Total: 57,955,878 pairs
[08:03:05] [INFO] File 542/912: IGS0OPSFIN_20241850000_01D_30S_CLK.CLK.gz → 231,699 pairs | Total: 58,187,577 pairs
[08:03:06] [INFO] File 543/912: IGS0OPSFIN_20241680000_01D_30S_CLK.CLK.gz → 227,950 pairs | Total: 58,415,527 pairs
[08:03:07] [INFO] File 544/912: IGS0OPSFIN_20241730000_01D_30S_CLK.CLK.gz → 228,335 pairs | Total: 58,643,862 pairs
[08:03:08] [INFO] File 545/912: IGS0OPSFIN_20241720000_01D_30S_CLK.CLK.gz → 228,879 pairs | Total: 58,872,741 pairs
[08:03:09] [INFO] File 546/912: IGS0OPSFIN_20241760000_01D_30S_CLK.CLK.gz → 230,011 pairs | Total: 59,102,752 pairs
[08:03:10] [INFO] File 547/912: IGS0OPSFIN_20241870000_01D_30S_CLK.CLK.gz → 236,662 pairs | Total: 59,339,414 pairs
[08:03:12] [INFO] File 548/912: IGS0OPSFIN_20241810000_01D_30S_CLK.CLK.gz → 235,677 pairs | Total: 59,575,091 pairs
[08:03:13] [INFO] File 549/912: IGS0OPSFIN_20241950000_01D_30S_CLK.CLK.gz → 238,746 pairs | Total: 59,813,837 pairs
[08:03:14] [INFO] File 550/912: IGS0OPSFIN_20241920000_01D_30S_CLK.CLK.gz → 233,497 pairs | Total: 60,047,334 pairs
[08:03:15] [INFO] File 551/912: IGS0OPSFIN_20241740000_01D_30S_CLK.CLK.gz → 236,636 pairs | Total: 60,283,970 pairs
[08:03:17] [INFO] File 552/912: IGS0OPSFIN_20241940000_01D_30S_CLK.CLK.gz → 234,393 pairs | Total: 60,518,363 pairs
[08:03:18] [INFO] File 553/912: IGS0OPSFIN_20241860000_01D_30S_CLK.CLK.gz → 241,224 pairs | Total: 60,759,587 pairs
[08:03:19] [INFO] File 554/912: IGS0OPSFIN_20241900000_01D_30S_CLK.CLK.gz → 246,273 pairs | Total: 61,005,860 pairs
[08:03:20] [INFO] File 555/912: IGS0OPSFIN_20241700000_01D_30S_CLK.CLK.gz → 235,740 pairs | Total: 61,241,600 pairs
[08:03:22] [INFO] File 556/912: IGS0OPSFIN_20241910000_01D_30S_CLK.CLK.gz → 236,206 pairs | Total: 61,477,806 pairs
[08:03:23] [INFO] File 557/912: IGS0OPSFIN_20241930000_01D_30S_CLK.CLK.gz → 245,485 pairs | Total: 61,723,291 pairs
[08:03:24] [INFO] File 558/912: IGS0OPSFIN_20241690000_01D_30S_CLK.CLK.gz → 240,512 pairs | Total: 61,963,803 pairs
[08:03:25] [INFO] File 559/912: IGS0OPSFIN_20241750000_01D_30S_CLK.CLK.gz → 237,586 pairs | Total: 62,201,389 pairs
[08:03:27] [INFO] File 560/912: IGS0OPSFIN_20241890000_01D_30S_CLK.CLK.gz → 249,003 pairs | Total: 62,450,392 pairs
[08:03:27] [INFO] Batch 20 complete. Memory: 29.4% → 29.4%
[08:03:27] [PROCESS] Processing batch 21: 28 files (Memory: 29.4%)
[08:04:08] [INFO] File 561/912: IGS0OPSFIN_20242110000_01D_30S_CLK.CLK.gz → 217,424 pairs | Total: 62,667,816 pairs
[08:04:09] [INFO] File 562/912: IGS0OPSFIN_20242010000_01D_30S_CLK.CLK.gz → 221,807 pairs | Total: 62,889,623 pairs
[08:04:10] [INFO] File 563/912: IGS0OPSFIN_20242000000_01D_30S_CLK.CLK.gz → 224,241 pairs | Total: 63,113,864 pairs
[08:04:11] [INFO] File 564/912: IGS0OPSFIN_20242050000_01D_30S_CLK.CLK.gz → 222,781 pairs | Total: 63,336,645 pairs
[08:04:13] [INFO] File 565/912: IGS0OPSFIN_20242030000_01D_30S_CLK.CLK.gz → 229,261 pairs | Total: 63,565,906 pairs
[08:04:14] [INFO] File 566/912: IGS0OPSFIN_20242040000_01D_30S_CLK.CLK.gz → 234,353 pairs | Total: 63,800,259 pairs
[08:04:15] [INFO] File 567/912: IGS0OPSFIN_20242100000_01D_30S_CLK.CLK.gz → 233,331 pairs | Total: 64,033,590 pairs
[08:04:16] [INFO] File 568/912: IGS0OPSFIN_20242070000_01D_30S_CLK.CLK.gz → 233,227 pairs | Total: 64,266,817 pairs
[08:04:17] [INFO] File 569/912: IGS0OPSFIN_20242120000_01D_30S_CLK.CLK.gz → 234,409 pairs | Total: 64,501,226 pairs
[08:04:18] [INFO] File 570/912: IGS0OPSFIN_20242020000_01D_30S_CLK.CLK.gz → 238,349 pairs | Total: 64,739,575 pairs
[08:04:20] [INFO] File 571/912: IGS0OPSFIN_20242130000_01D_30S_CLK.CLK.gz → 232,222 pairs | Total: 64,971,797 pairs
[08:04:21] [INFO] File 572/912: IGS0OPSFIN_20242160000_01D_30S_CLK.CLK.gz → 238,764 pairs | Total: 65,210,561 pairs
[08:04:22] [INFO] File 573/912: IGS0OPSFIN_20242090000_01D_30S_CLK.CLK.gz → 232,642 pairs | Total: 65,443,203 pairs
[08:04:23] [INFO] File 574/912: IGS0OPSFIN_20242190000_01D_30S_CLK.CLK.gz → 241,437 pairs | Total: 65,684,640 pairs
[08:04:24] [INFO] File 575/912: IGS0OPSFIN_20242080000_01D_30S_CLK.CLK.gz → 237,044 pairs | Total: 65,921,684 pairs
[08:04:25] [INFO] File 576/912: IGS0OPSFIN_20242060000_01D_30S_CLK.CLK.gz → 236,799 pairs | Total: 66,158,483 pairs
[08:04:27] [INFO] File 577/912: IGS0OPSFIN_20241980000_01D_30S_CLK.CLK.gz → 239,863 pairs | Total: 66,398,346 pairs
[08:04:28] [INFO] File 578/912: IGS0OPSFIN_20242210000_01D_30S_CLK.CLK.gz → 240,636 pairs | Total: 66,638,982 pairs
[08:04:29] [INFO] File 579/912: IGS0OPSFIN_20242180000_01D_30S_CLK.CLK.gz → 234,868 pairs | Total: 66,873,850 pairs
[08:04:30] [INFO] File 580/912: IGS0OPSFIN_20242150000_01D_30S_CLK.CLK.gz → 237,313 pairs | Total: 67,111,163 pairs
[08:04:32] [INFO] File 581/912: IGS0OPSFIN_20241970000_01D_30S_CLK.CLK.gz → 245,658 pairs | Total: 67,356,821 pairs
[08:04:33] [INFO] File 582/912: IGS0OPSFIN_20241960000_01D_30S_CLK.CLK.gz → 241,209 pairs | Total: 67,598,030 pairs
[08:04:34] [INFO] File 583/912: IGS0OPSFIN_20242230000_01D_30S_CLK.CLK.gz → 245,529 pairs | Total: 67,843,559 pairs
[08:04:35] [INFO] File 584/912: IGS0OPSFIN_20242140000_01D_30S_CLK.CLK.gz → 237,856 pairs | Total: 68,081,415 pairs
[08:04:37] [INFO] File 585/912: IGS0OPSFIN_20241990000_01D_30S_CLK.CLK.gz → 247,313 pairs | Total: 68,328,728 pairs
[08:04:38] [INFO] File 586/912: IGS0OPSFIN_20242170000_01D_30S_CLK.CLK.gz → 245,324 pairs | Total: 68,574,052 pairs
[08:04:39] [INFO] File 587/912: IGS0OPSFIN_20242200000_01D_30S_CLK.CLK.gz → 245,253 pairs | Total: 68,819,305 pairs
[08:04:41] [INFO] File 588/912: IGS0OPSFIN_20242220000_01D_30S_CLK.CLK.gz → 246,819 pairs | Total: 69,066,124 pairs
[08:04:41] [INFO] Batch 21 complete. Memory: 29.6% → 29.6%
[08:04:41] [PROCESS] Processing batch 22: 28 files (Memory: 29.6%)
[08:05:16] [INFO] File 589/912: IGS0OPSFIN_20242360000_01D_30S_CLK.CLK.gz → 178,992 pairs | Total: 69,245,116 pairs
[08:05:22] [INFO] File 590/912: IGS0OPSFIN_20242300000_01D_30S_CLK.CLK.gz → 210,044 pairs | Total: 69,455,160 pairs
[08:05:24] [INFO] File 591/912: IGS0OPSFIN_20242290000_01D_30S_CLK.CLK.gz → 224,946 pairs | Total: 69,680,106 pairs
[08:05:25] [INFO] File 592/912: IGS0OPSFIN_20242320000_01D_30S_CLK.CLK.gz → 221,795 pairs | Total: 69,901,901 pairs
[08:05:26] [INFO] File 593/912: IGS0OPSFIN_20242340000_01D_30S_CLK.CLK.gz → 226,628 pairs | Total: 70,128,529 pairs
[08:05:27] [INFO] File 594/912: IGS0OPSFIN_20242280000_01D_30S_CLK.CLK.gz → 227,376 pairs | Total: 70,355,905 pairs
[08:05:28] [INFO] File 595/912: IGS0OPSFIN_20242310000_01D_30S_CLK.CLK.gz → 227,353 pairs | Total: 70,583,258 pairs
[08:05:29] [INFO] File 596/912: IGS0OPSFIN_20242350000_01D_30S_CLK.CLK.gz → 229,547 pairs | Total: 70,812,805 pairs
[08:05:30] [INFO] File 597/912: IGS0OPSFIN_20242330000_01D_30S_CLK.CLK.gz → 228,886 pairs | Total: 71,041,691 pairs
[08:05:32] [INFO] File 598/912: IGS0OPSFIN_20242250000_01D_30S_CLK.CLK.gz → 239,873 pairs | Total: 71,281,564 pairs
[08:05:33] [INFO] File 599/912: IGS0OPSFIN_20242370000_01D_30S_CLK.CLK.gz → 244,143 pairs | Total: 71,525,707 pairs
[08:05:34] [INFO] File 600/912: IGS0OPSFIN_20242270000_01D_30S_CLK.CLK.gz → 236,980 pairs | Total: 71,762,687 pairs
[08:05:35] [INFO] File 601/912: IGS0OPSFIN_20242260000_01D_30S_CLK.CLK.gz → 241,252 pairs | Total: 72,003,939 pairs
[08:05:36] [INFO] File 602/912: IGS0OPSFIN_20242240000_01D_30S_CLK.CLK.gz → 245,327 pairs | Total: 72,249,266 pairs
[08:05:38] [INFO] File 603/912: IGS0OPSFIN_20242510000_01D_30S_CLK.CLK.gz → 250,207 pairs | Total: 72,499,473 pairs
[08:05:39] [INFO] File 604/912: IGS0OPSFIN_20242440000_01D_30S_CLK.CLK.gz → 263,262 pairs | Total: 72,762,735 pairs
[08:05:40] [INFO] File 605/912: IGS0OPSFIN_20242390000_01D_30S_CLK.CLK.gz → 259,889 pairs | Total: 73,022,624 pairs
[08:05:42] [INFO] File 606/912: IGS0OPSFIN_20242450000_01D_30S_CLK.CLK.gz → 265,726 pairs | Total: 73,288,350 pairs
[08:05:43] [INFO] File 607/912: IGS0OPSFIN_20242460000_01D_30S_CLK.CLK.gz → 261,850 pairs | Total: 73,550,200 pairs
[08:05:44] [INFO] File 608/912: IGS0OPSFIN_20242500000_01D_30S_CLK.CLK.gz → 268,922 pairs | Total: 73,819,122 pairs
[08:05:46] [INFO] File 609/912: IGS0OPSFIN_20242380000_01D_30S_CLK.CLK.gz → 277,357 pairs | Total: 74,096,479 pairs
[08:05:47] [INFO] File 610/912: IGS0OPSFIN_20242470000_01D_30S_CLK.CLK.gz → 275,552 pairs | Total: 74,372,031 pairs
[08:05:49] [INFO] File 611/912: IGS0OPSFIN_20242480000_01D_30S_CLK.CLK.gz → 268,039 pairs | Total: 74,640,070 pairs
[08:05:50] [INFO] File 612/912: IGS0OPSFIN_20242400000_01D_30S_CLK.CLK.gz → 272,848 pairs | Total: 74,912,918 pairs
[08:05:51] [INFO] File 613/912: IGS0OPSFIN_20242430000_01D_30S_CLK.CLK.gz → 270,838 pairs | Total: 75,183,756 pairs
[08:05:53] [INFO] File 614/912: IGS0OPSFIN_20242420000_01D_30S_CLK.CLK.gz → 275,100 pairs | Total: 75,458,856 pairs
[08:05:54] [INFO] File 615/912: IGS0OPSFIN_20242490000_01D_30S_CLK.CLK.gz → 276,775 pairs | Total: 75,735,631 pairs
[08:05:56] [INFO] File 616/912: IGS0OPSFIN_20242410000_01D_30S_CLK.CLK.gz → 273,675 pairs | Total: 76,009,306 pairs
[08:05:56] [INFO] Batch 22 complete. Memory: 30.1% → 30.1%
[08:05:56] [PROCESS] Processing batch 23: 28 files (Memory: 30.1%)
[08:06:47] [INFO] File 617/912: IGS0OPSFIN_20242650000_01D_30S_CLK.CLK.gz → 263,692 pairs | Total: 76,272,998 pairs
[08:06:48] [INFO] File 618/912: IGS0OPSFIN_20242630000_01D_30S_CLK.CLK.gz → 274,904 pairs | Total: 76,547,902 pairs
[08:06:49] [INFO] File 619/912: IGS0OPSFIN_20242570000_01D_30S_CLK.CLK.gz → 265,086 pairs | Total: 76,812,988 pairs
[08:06:51] [INFO] File 620/912: IGS0OPSFIN_20242520000_01D_30S_CLK.CLK.gz → 271,839 pairs | Total: 77,084,827 pairs
[08:06:52] [INFO] File 621/912: IGS0OPSFIN_20242620000_01D_30S_CLK.CLK.gz → 264,508 pairs | Total: 77,349,335 pairs
[08:06:53] [INFO] File 622/912: IGS0OPSFIN_20242580000_01D_30S_CLK.CLK.gz → 273,045 pairs | Total: 77,622,380 pairs
[08:06:55] [INFO] File 623/912: IGS0OPSFIN_20242560000_01D_30S_CLK.CLK.gz → 262,060 pairs | Total: 77,884,440 pairs
[08:06:56] [INFO] File 624/912: IGS0OPSFIN_20242720000_01D_30S_CLK.CLK.gz → 265,323 pairs | Total: 78,149,763 pairs
[08:06:57] [INFO] File 625/912: IGS0OPSFIN_20242780000_01D_30S_CLK.CLK.gz → 269,494 pairs | Total: 78,419,257 pairs
[08:06:59] [INFO] File 626/912: IGS0OPSFIN_20242610000_01D_30S_CLK.CLK.gz → 279,862 pairs | Total: 78,699,119 pairs
[08:07:00] [INFO] File 627/912: IGS0OPSFIN_20242590000_01D_30S_CLK.CLK.gz → 273,375 pairs | Total: 78,972,494 pairs
[08:07:01] [INFO] File 628/912: IGS0OPSFIN_20242670000_01D_30S_CLK.CLK.gz → 275,820 pairs | Total: 79,248,314 pairs
[08:07:03] [INFO] File 629/912: IGS0OPSFIN_20242600000_01D_30S_CLK.CLK.gz → 266,396 pairs | Total: 79,514,710 pairs
[08:07:04] [INFO] File 630/912: IGS0OPSFIN_20242700000_01D_30S_CLK.CLK.gz → 275,515 pairs | Total: 79,790,225 pairs
[08:07:05] [INFO] File 631/912: IGS0OPSFIN_20242790000_01D_30S_CLK.CLK.gz → 275,172 pairs | Total: 80,065,397 pairs
[08:07:07] [INFO] File 632/912: IGS0OPSFIN_20242640000_01D_30S_CLK.CLK.gz → 279,797 pairs | Total: 80,345,194 pairs
[08:07:08] [INFO] File 633/912: IGS0OPSFIN_20242540000_01D_30S_CLK.CLK.gz → 278,148 pairs | Total: 80,623,342 pairs
[08:07:10] [INFO] File 634/912: IGS0OPSFIN_20242690000_01D_30S_CLK.CLK.gz → 275,477 pairs | Total: 80,898,819 pairs
[08:07:11] [INFO] File 635/912: IGS0OPSFIN_20242550000_01D_30S_CLK.CLK.gz → 275,910 pairs | Total: 81,174,729 pairs
[08:07:13] [INFO] File 636/912: IGS0OPSFIN_20242680000_01D_30S_CLK.CLK.gz → 277,952 pairs | Total: 81,452,681 pairs
[08:07:14] [INFO] File 637/912: IGS0OPSFIN_20242760000_01D_30S_CLK.CLK.gz → 279,558 pairs | Total: 81,732,239 pairs
[08:07:15] [INFO] File 638/912: IGS0OPSFIN_20242710000_01D_30S_CLK.CLK.gz → 278,903 pairs | Total: 82,011,142 pairs
[08:07:17] [INFO] File 639/912: IGS0OPSFIN_20242730000_01D_30S_CLK.CLK.gz → 281,020 pairs | Total: 82,292,162 pairs
[08:07:18] [INFO] File 640/912: IGS0OPSFIN_20242750000_01D_30S_CLK.CLK.gz → 280,150 pairs | Total: 82,572,312 pairs
[08:07:20] [INFO] File 641/912: IGS0OPSFIN_20242530000_01D_30S_CLK.CLK.gz → 287,584 pairs | Total: 82,859,896 pairs
[08:07:21] [INFO] File 642/912: IGS0OPSFIN_20242660000_01D_30S_CLK.CLK.gz → 285,074 pairs | Total: 83,144,970 pairs
[08:07:23] [INFO] File 643/912: IGS0OPSFIN_20242740000_01D_30S_CLK.CLK.gz → 284,688 pairs | Total: 83,429,658 pairs
[08:07:24] [INFO] File 644/912: IGS0OPSFIN_20242770000_01D_30S_CLK.CLK.gz → 288,284 pairs | Total: 83,717,942 pairs
[08:07:24] [INFO] Batch 23 complete. Memory: 31.0% → 31.0%
[08:07:24] [PROCESS] Processing batch 24: 28 files (Memory: 31.0%)
[08:07:48] [INFO] File 645/912: IGS0OPSFIN_20242910000_01D_30S_CLK.CLK.gz → 119,455 pairs | Total: 83,837,397 pairs
[08:08:11] [INFO] File 646/912: IGS0OPSFIN_20242800000_01D_30S_CLK.CLK.gz → 209,742 pairs | Total: 84,047,139 pairs
[08:08:17] [INFO] File 647/912: IGS0OPSFIN_20242810000_01D_30S_CLK.CLK.gz → 273,657 pairs | Total: 84,320,796 pairs
[08:08:18] [INFO] File 648/912: IGS0OPSFIN_20242990000_01D_30S_CLK.CLK.gz → 271,640 pairs | Total: 84,592,436 pairs
[08:08:20] [INFO] File 649/912: IGS0OPSFIN_20242950000_01D_30S_CLK.CLK.gz → 271,530 pairs | Total: 84,863,966 pairs
[08:08:21] [INFO] File 650/912: IGS0OPSFIN_20242920000_01D_30S_CLK.CLK.gz → 281,934 pairs | Total: 85,145,900 pairs
[08:08:22] [INFO] File 651/912: IGS0OPSFIN_20243000000_01D_30S_CLK.CLK.gz → 274,644 pairs | Total: 85,420,544 pairs
[08:08:24] [INFO] File 652/912: IGS0OPSFIN_20242850000_01D_30S_CLK.CLK.gz → 281,993 pairs | Total: 85,702,537 pairs
[08:08:25] [INFO] File 653/912: IGS0OPSFIN_20242930000_01D_30S_CLK.CLK.gz → 280,886 pairs | Total: 85,983,423 pairs
[08:08:27] [INFO] File 654/912: IGS0OPSFIN_20242940000_01D_30S_CLK.CLK.gz → 285,842 pairs | Total: 86,269,265 pairs
[08:08:28] [INFO] File 655/912: IGS0OPSFIN_20242840000_01D_30S_CLK.CLK.gz → 277,608 pairs | Total: 86,546,873 pairs
[08:08:29] [INFO] File 656/912: IGS0OPSFIN_20242870000_01D_30S_CLK.CLK.gz → 291,383 pairs | Total: 86,838,256 pairs
[08:08:31] [INFO] File 657/912: IGS0OPSFIN_20242900000_01D_30S_CLK.CLK.gz → 284,715 pairs | Total: 87,122,971 pairs
[08:08:32] [INFO] File 658/912: IGS0OPSFIN_20242820000_01D_30S_CLK.CLK.gz → 287,240 pairs | Total: 87,410,211 pairs
[08:08:34] [INFO] File 659/912: IGS0OPSFIN_20242960000_01D_30S_CLK.CLK.gz → 287,539 pairs | Total: 87,697,750 pairs
[08:08:35] [INFO] File 660/912: IGS0OPSFIN_20242970000_01D_30S_CLK.CLK.gz → 285,689 pairs | Total: 87,983,439 pairs
[08:08:37] [INFO] File 661/912: IGS0OPSFIN_20242830000_01D_30S_CLK.CLK.gz → 280,329 pairs | Total: 88,263,768 pairs
[08:08:38] [INFO] File 662/912: IGS0OPSFIN_20242890000_01D_30S_CLK.CLK.gz → 285,690 pairs | Total: 88,549,458 pairs
[08:08:40] [INFO] File 663/912: IGS0OPSFIN_20242880000_01D_30S_CLK.CLK.gz → 287,850 pairs | Total: 88,837,308 pairs
[08:08:41] [INFO] File 664/912: IGS0OPSFIN_20243020000_01D_30S_CLK.CLK.gz → 295,608 pairs | Total: 89,132,916 pairs
[08:08:43] [INFO] File 665/912: IGS0OPSFIN_20242860000_01D_30S_CLK.CLK.gz → 295,328 pairs | Total: 89,428,244 pairs
[08:08:44] [INFO] File 666/912: IGS0OPSFIN_20243070000_01D_30S_CLK.CLK.gz → 293,895 pairs | Total: 89,722,139 pairs
[08:08:46] [INFO] File 667/912: IGS0OPSFIN_20243010000_01D_30S_CLK.CLK.gz → 301,358 pairs | Total: 90,023,497 pairs
[08:08:47] [INFO] File 668/912: IGS0OPSFIN_20242980000_01D_30S_CLK.CLK.gz → 297,259 pairs | Total: 90,320,756 pairs
[08:08:49] [INFO] File 669/912: IGS0OPSFIN_20243060000_01D_30S_CLK.CLK.gz → 303,534 pairs | Total: 90,624,290 pairs
[08:08:50] [INFO] File 670/912: IGS0OPSFIN_20243030000_01D_30S_CLK.CLK.gz → 305,667 pairs | Total: 90,929,957 pairs
[08:08:52] [INFO] File 671/912: IGS0OPSFIN_20243040000_01D_30S_CLK.CLK.gz → 306,576 pairs | Total: 91,236,533 pairs
[08:08:53] [INFO] File 672/912: IGS0OPSFIN_20243050000_01D_30S_CLK.CLK.gz → 313,872 pairs | Total: 91,550,405 pairs
[08:08:54] [INFO] Batch 24 complete. Memory: 31.9% → 31.9%
[08:08:54] [PROCESS] Processing batch 25: 28 files (Memory: 31.9%)
[08:09:47] [INFO] File 673/912: IGS0OPSFIN_20243340000_01D_30S_CLK.CLK.gz → 281,290 pairs | Total: 91,831,695 pairs
[08:09:49] [INFO] File 674/912: IGS0OPSFIN_20243200000_01D_30S_CLK.CLK.gz → 291,621 pairs | Total: 92,123,316 pairs
[08:09:50] [INFO] File 675/912: IGS0OPSFIN_20243280000_01D_30S_CLK.CLK.gz → 286,537 pairs | Total: 92,409,853 pairs
[08:09:52] [INFO] File 676/912: IGS0OPSFIN_20243260000_01D_30S_CLK.CLK.gz → 286,345 pairs | Total: 92,696,198 pairs
[08:09:53] [INFO] File 677/912: IGS0OPSFIN_20243290000_01D_30S_CLK.CLK.gz → 290,083 pairs | Total: 92,986,281 pairs
[08:09:54] [INFO] File 678/912: IGS0OPSFIN_20243270000_01D_30S_CLK.CLK.gz → 287,807 pairs | Total: 93,274,088 pairs
[08:09:56] [INFO] File 679/912: IGS0OPSFIN_20243210000_01D_30S_CLK.CLK.gz → 285,129 pairs | Total: 93,559,217 pairs
[08:09:57] [INFO] File 680/912: IGS0OPSFIN_20243150000_01D_30S_CLK.CLK.gz → 287,127 pairs | Total: 93,846,344 pairs
[08:09:59] [INFO] File 681/912: IGS0OPSFIN_20243130000_01D_30S_CLK.CLK.gz → 287,381 pairs | Total: 94,133,725 pairs
[08:10:00] [INFO] File 682/912: IGS0OPSFIN_20243300000_01D_30S_CLK.CLK.gz → 292,819 pairs | Total: 94,426,544 pairs
[08:10:02] [INFO] File 683/912: IGS0OPSFIN_20243160000_01D_30S_CLK.CLK.gz → 292,857 pairs | Total: 94,719,401 pairs
[08:10:03] [INFO] File 684/912: IGS0OPSFIN_20243170000_01D_30S_CLK.CLK.gz → 295,163 pairs | Total: 95,014,564 pairs
[08:10:04] [INFO] File 685/912: IGS0OPSFIN_20243110000_01D_30S_CLK.CLK.gz → 293,306 pairs | Total: 95,307,870 pairs
[08:10:06] [INFO] File 686/912: IGS0OPSFIN_20243180000_01D_30S_CLK.CLK.gz → 292,639 pairs | Total: 95,600,509 pairs
[08:10:07] [INFO] File 687/912: IGS0OPSFIN_20243350000_01D_30S_CLK.CLK.gz → 299,517 pairs | Total: 95,900,026 pairs
[08:10:09] [INFO] File 688/912: IGS0OPSFIN_20243220000_01D_30S_CLK.CLK.gz → 301,879 pairs | Total: 96,201,905 pairs
[08:10:10] [INFO] File 689/912: IGS0OPSFIN_20243310000_01D_30S_CLK.CLK.gz → 298,823 pairs | Total: 96,500,728 pairs
[08:10:12] [INFO] File 690/912: IGS0OPSFIN_20243230000_01D_30S_CLK.CLK.gz → 298,617 pairs | Total: 96,799,345 pairs
[08:10:14] [INFO] File 691/912: IGS0OPSFIN_20243190000_01D_30S_CLK.CLK.gz → 305,286 pairs | Total: 97,104,631 pairs
[08:10:15] [INFO] File 692/912: IGS0OPSFIN_20243090000_01D_30S_CLK.CLK.gz → 311,624 pairs | Total: 97,416,255 pairs
[08:10:17] [INFO] File 693/912: IGS0OPSFIN_20243140000_01D_30S_CLK.CLK.gz → 307,887 pairs | Total: 97,724,142 pairs
[08:10:18] [INFO] File 694/912: IGS0OPSFIN_20243240000_01D_30S_CLK.CLK.gz → 312,301 pairs | Total: 98,036,443 pairs
[08:10:20] [INFO] File 695/912: IGS0OPSFIN_20243330000_01D_30S_CLK.CLK.gz → 313,593 pairs | Total: 98,350,036 pairs
[08:10:21] [INFO] File 696/912: IGS0OPSFIN_20243080000_01D_30S_CLK.CLK.gz → 308,816 pairs | Total: 98,658,852 pairs
[08:10:23] [INFO] File 697/912: IGS0OPSFIN_20243250000_01D_30S_CLK.CLK.gz → 308,312 pairs | Total: 98,967,164 pairs
[08:10:25] [INFO] File 698/912: IGS0OPSFIN_20243320000_01D_30S_CLK.CLK.gz → 313,654 pairs | Total: 99,280,818 pairs
[08:10:26] [INFO] File 699/912: IGS0OPSFIN_20243100000_01D_30S_CLK.CLK.gz → 318,687 pairs | Total: 99,599,505 pairs
[08:10:28] [INFO] File 700/912: IGS0OPSFIN_20243120000_01D_30S_CLK.CLK.gz → 317,098 pairs | Total: 99,916,603 pairs
[08:10:28] [INFO] Batch 25 complete. Memory: 33.3% → 33.3%
[08:10:28] [PROCESS] Processing batch 26: 28 files (Memory: 33.3%)
[08:11:10] [INFO] File 701/912: IGS0OPSFIN_20243440000_01D_30S_CLK.CLK.gz → 217,598 pairs | Total: 100,134,201 pairs
[08:11:11] [INFO] File 702/912: IGS0OPSFIN_20243570000_01D_30S_CLK.CLK.gz → 206,533 pairs | Total: 100,340,734 pairs
[08:11:12] [INFO] File 703/912: IGS0OPSFIN_20243580000_01D_30S_CLK.CLK.gz → 228,144 pairs | Total: 100,568,878 pairs
[08:11:13] [INFO] File 704/912: IGS0OPSFIN_20243500000_01D_30S_CLK.CLK.gz → 229,402 pairs | Total: 100,798,280 pairs
[08:11:15] [INFO] File 705/912: IGS0OPSFIN_20243480000_01D_30S_CLK.CLK.gz → 236,086 pairs | Total: 101,034,366 pairs
[08:11:16] [INFO] File 706/912: IGS0OPSFIN_20243490000_01D_30S_CLK.CLK.gz → 232,101 pairs | Total: 101,266,467 pairs
[08:11:17] [INFO] File 707/912: IGS0OPSFIN_20243560000_01D_30S_CLK.CLK.gz → 234,187 pairs | Total: 101,500,654 pairs
[08:11:18] [INFO] File 708/912: IGS0OPSFIN_20243620000_01D_30S_CLK.CLK.gz → 224,177 pairs | Total: 101,724,831 pairs
[08:11:19] [INFO] File 709/912: IGS0OPSFIN_20243550000_01D_30S_CLK.CLK.gz → 230,526 pairs | Total: 101,955,357 pairs
[08:11:20] [INFO] File 710/912: IGS0OPSFIN_20243430000_01D_30S_CLK.CLK.gz → 235,050 pairs | Total: 102,190,407 pairs
[08:11:21] [INFO] File 711/912: IGS0OPSFIN_20243630000_01D_30S_CLK.CLK.gz → 225,132 pairs | Total: 102,415,539 pairs
[08:11:23] [INFO] File 712/912: IGS0OPSFIN_20243600000_01D_30S_CLK.CLK.gz → 239,155 pairs | Total: 102,654,694 pairs
[08:11:24] [INFO] File 713/912: IGS0OPSFIN_20243520000_01D_30S_CLK.CLK.gz → 237,388 pairs | Total: 102,892,082 pairs
[08:11:25] [INFO] File 714/912: IGS0OPSFIN_20243450000_01D_30S_CLK.CLK.gz → 237,225 pairs | Total: 103,129,307 pairs
[08:11:26] [INFO] File 715/912: IGS0OPSFIN_20243610000_01D_30S_CLK.CLK.gz → 241,005 pairs | Total: 103,370,312 pairs
[08:11:27] [INFO] File 716/912: IGS0OPSFIN_20243410000_01D_30S_CLK.CLK.gz → 238,201 pairs | Total: 103,608,513 pairs
[08:11:29] [INFO] File 717/912: IGS0OPSFIN_20243540000_01D_30S_CLK.CLK.gz → 237,907 pairs | Total: 103,846,420 pairs
[08:11:30] [INFO] File 718/912: IGS0OPSFIN_20243420000_01D_30S_CLK.CLK.gz → 246,291 pairs | Total: 104,092,711 pairs
[08:11:31] [INFO] File 719/912: IGS0OPSFIN_20243590000_01D_30S_CLK.CLK.gz → 244,349 pairs | Total: 104,337,060 pairs
[08:11:32] [INFO] File 720/912: IGS0OPSFIN_20243470000_01D_30S_CLK.CLK.gz → 243,578 pairs | Total: 104,580,638 pairs
[08:11:34] [INFO] File 721/912: IGS0OPSFIN_20243530000_01D_30S_CLK.CLK.gz → 245,895 pairs | Total: 104,826,533 pairs
[08:11:35] [INFO] File 722/912: IGS0OPSFIN_20243510000_01D_30S_CLK.CLK.gz → 249,196 pairs | Total: 105,075,729 pairs
[08:11:36] [INFO] File 723/912: IGS0OPSFIN_20243460000_01D_30S_CLK.CLK.gz → 255,900 pairs | Total: 105,331,629 pairs
[08:11:38] [INFO] File 724/912: IGS0OPSFIN_20243370000_01D_30S_CLK.CLK.gz → 309,102 pairs | Total: 105,640,731 pairs
[08:11:39] [INFO] File 725/912: IGS0OPSFIN_20243380000_01D_30S_CLK.CLK.gz → 305,510 pairs | Total: 105,946,241 pairs
[08:11:41] [INFO] File 726/912: IGS0OPSFIN_20243400000_01D_30S_CLK.CLK.gz → 321,070 pairs | Total: 106,267,311 pairs
[08:11:43] [INFO] File 727/912: IGS0OPSFIN_20243360000_01D_30S_CLK.CLK.gz → 320,847 pairs | Total: 106,588,158 pairs
[08:11:44] [INFO] File 728/912: IGS0OPSFIN_20243390000_01D_30S_CLK.CLK.gz → 326,028 pairs | Total: 106,914,186 pairs
[08:11:45] [INFO] Batch 26 complete. Memory: 33.0% → 33.0%
[08:11:45] [PROCESS] Processing batch 27: 28 files (Memory: 33.0%)
[08:11:59] [INFO] File 729/912: IGS0OPSFIN_20250230000_01D_30S_CLK.CLK.gz → 70,128 pairs | Total: 106,984,314 pairs
[08:12:25] [INFO] File 730/912: IGS0OPSFIN_20250090000_01D_30S_CLK.CLK.gz → 211,201 pairs | Total: 107,195,515 pairs
[08:12:26] [INFO] File 731/912: IGS0OPSFIN_20250210000_01D_30S_CLK.CLK.gz → 218,858 pairs | Total: 107,414,373 pairs
[08:12:27] [INFO] File 732/912: IGS0OPSFIN_20243650000_01D_30S_CLK.CLK.gz → 209,010 pairs | Total: 107,623,383 pairs
[08:12:28] [INFO] File 733/912: IGS0OPSFIN_20250010000_01D_30S_CLK.CLK.gz → 213,885 pairs | Total: 107,837,268 pairs
[08:12:29] [INFO] File 734/912: IGS0OPSFIN_20250240000_01D_30S_CLK.CLK.gz → 204,707 pairs | Total: 108,041,975 pairs
[08:12:30] [INFO] File 735/912: IGS0OPSFIN_20250080000_01D_30S_CLK.CLK.gz → 216,341 pairs | Total: 108,258,316 pairs
[08:12:31] [INFO] File 736/912: IGS0OPSFIN_20250040000_01D_30S_CLK.CLK.gz → 219,878 pairs | Total: 108,478,194 pairs
[08:12:33] [INFO] File 737/912: IGS0OPSFIN_20250100000_01D_30S_CLK.CLK.gz → 223,675 pairs | Total: 108,701,869 pairs
[08:12:34] [INFO] File 738/912: IGS0OPSFIN_20250110000_01D_30S_CLK.CLK.gz → 226,094 pairs | Total: 108,927,963 pairs
[08:12:35] [INFO] File 739/912: IGS0OPSFIN_20243640000_01D_30S_CLK.CLK.gz → 221,289 pairs | Total: 109,149,252 pairs
[08:12:36] [INFO] File 740/912: IGS0OPSFIN_20250200000_01D_30S_CLK.CLK.gz → 231,725 pairs | Total: 109,380,977 pairs
[08:12:37] [INFO] File 741/912: IGS0OPSFIN_20250070000_01D_30S_CLK.CLK.gz → 231,718 pairs | Total: 109,612,695 pairs
[08:12:38] [INFO] File 742/912: IGS0OPSFIN_20250170000_01D_30S_CLK.CLK.gz → 230,025 pairs | Total: 109,842,720 pairs
[08:12:39] [INFO] File 743/912: IGS0OPSFIN_20250120000_01D_30S_CLK.CLK.gz → 236,440 pairs | Total: 110,079,160 pairs
[08:12:41] [INFO] File 744/912: IGS0OPSFIN_20243660000_01D_30S_CLK.CLK.gz → 220,867 pairs | Total: 110,300,027 pairs
[08:12:42] [INFO] File 745/912: IGS0OPSFIN_20250190000_01D_30S_CLK.CLK.gz → 234,211 pairs | Total: 110,534,238 pairs
[08:12:43] [INFO] File 746/912: IGS0OPSFIN_20250250000_01D_30S_CLK.CLK.gz → 233,412 pairs | Total: 110,767,650 pairs
[08:12:44] [INFO] File 747/912: IGS0OPSFIN_20250030000_01D_30S_CLK.CLK.gz → 229,640 pairs | Total: 110,997,290 pairs
[08:12:45] [INFO] File 748/912: IGS0OPSFIN_20250020000_01D_30S_CLK.CLK.gz → 226,658 pairs | Total: 111,223,948 pairs
[08:12:46] [INFO] File 749/912: IGS0OPSFIN_20250220000_01D_30S_CLK.CLK.gz → 233,212 pairs | Total: 111,457,160 pairs
[08:12:48] [INFO] File 750/912: IGS0OPSFIN_20250150000_01D_30S_CLK.CLK.gz → 236,664 pairs | Total: 111,693,824 pairs
[08:12:49] [INFO] File 751/912: IGS0OPSFIN_20250160000_01D_30S_CLK.CLK.gz → 238,943 pairs | Total: 111,932,767 pairs
[08:12:50] [INFO] File 752/912: IGS0OPSFIN_20250050000_01D_30S_CLK.CLK.gz → 241,452 pairs | Total: 112,174,219 pairs
[08:12:51] [INFO] File 753/912: IGS0OPSFIN_20250130000_01D_30S_CLK.CLK.gz → 246,651 pairs | Total: 112,420,870 pairs
[08:12:53] [INFO] File 754/912: IGS0OPSFIN_20250060000_01D_30S_CLK.CLK.gz → 241,453 pairs | Total: 112,662,323 pairs
[08:12:54] [INFO] File 755/912: IGS0OPSFIN_20250140000_01D_30S_CLK.CLK.gz → 240,488 pairs | Total: 112,902,811 pairs
[08:12:55] [INFO] File 756/912: IGS0OPSFIN_20250180000_01D_30S_CLK.CLK.gz → 243,960 pairs | Total: 113,146,771 pairs
[08:12:55] [INFO] Batch 27 complete. Memory: 32.8% → 32.8%
[08:12:55] [PROCESS] Processing batch 28: 28 files (Memory: 32.8%)
[08:13:39] [INFO] File 757/912: IGS0OPSFIN_20250450000_01D_30S_CLK.CLK.gz → 219,846 pairs | Total: 113,366,617 pairs
[08:13:41] [INFO] File 758/912: IGS0OPSFIN_20250280000_01D_30S_CLK.CLK.gz → 231,924 pairs | Total: 113,598,541 pairs
[08:13:43] [INFO] File 759/912: IGS0OPSFIN_20250340000_01D_30S_CLK.CLK.gz → 233,896 pairs | Total: 113,832,437 pairs
[08:13:44] [INFO] File 760/912: IGS0OPSFIN_20250400000_01D_30S_CLK.CLK.gz → 251,003 pairs | Total: 114,083,440 pairs
[08:13:47] [INFO] File 761/912: IGS0OPSFIN_20250500000_01D_30S_CLK.CLK.gz → 252,438 pairs | Total: 114,335,878 pairs
[08:13:48] [INFO] File 762/912: IGS0OPSFIN_20250300000_01D_30S_CLK.CLK.gz → 267,602 pairs | Total: 114,603,480 pairs
[08:13:49] [INFO] File 763/912: IGS0OPSFIN_20250430000_01D_30S_CLK.CLK.gz → 264,709 pairs | Total: 114,868,189 pairs
[08:13:51] [INFO] File 764/912: IGS0OPSFIN_20250360000_01D_30S_CLK.CLK.gz → 269,098 pairs | Total: 115,137,287 pairs
[08:13:52] [INFO] File 765/912: IGS0OPSFIN_20250370000_01D_30S_CLK.CLK.gz → 278,359 pairs | Total: 115,415,646 pairs
[08:13:57] [INFO] File 766/912: IGS0OPSFIN_20250470000_01D_30S_CLK.CLK.gz → 322,466 pairs | Total: 115,738,112 pairs
[08:13:59] [INFO] File 767/912: IGS0OPSFIN_20250320000_01D_30S_CLK.CLK.gz → 318,089 pairs | Total: 116,056,201 pairs
[08:14:00] [INFO] File 768/912: IGS0OPSFIN_20250390000_01D_30S_CLK.CLK.gz → 333,457 pairs | Total: 116,389,658 pairs
[08:14:02] [INFO] File 769/912: IGS0OPSFIN_20250330000_01D_30S_CLK.CLK.gz → 328,949 pairs | Total: 116,718,607 pairs
[08:14:03] [INFO] File 770/912: IGS0OPSFIN_20250410000_01D_30S_CLK.CLK.gz → 327,395 pairs | Total: 117,046,002 pairs
[08:14:05] [INFO] File 771/912: IGS0OPSFIN_20250460000_01D_30S_CLK.CLK.gz → 335,764 pairs | Total: 117,381,766 pairs
[08:14:07] [INFO] File 772/912: IGS0OPSFIN_20250310000_01D_30S_CLK.CLK.gz → 325,610 pairs | Total: 117,707,376 pairs
[08:14:08] [INFO] File 773/912: IGS0OPSFIN_20250380000_01D_30S_CLK.CLK.gz → 326,706 pairs | Total: 118,034,082 pairs
[08:14:10] [INFO] File 774/912: IGS0OPSFIN_20250480000_01D_30S_CLK.CLK.gz → 345,596 pairs | Total: 118,379,678 pairs
[08:14:12] [INFO] File 775/912: IGS0OPSFIN_20250520000_01D_30S_CLK.CLK.gz → 332,246 pairs | Total: 118,711,924 pairs
[08:14:14] [INFO] File 776/912: IGS0OPSFIN_20250260000_01D_30S_CLK.CLK.gz → 334,342 pairs | Total: 119,046,266 pairs
[08:14:15] [INFO] File 777/912: IGS0OPSFIN_20250530000_01D_30S_CLK.CLK.gz → 346,493 pairs | Total: 119,392,759 pairs
[08:14:17] [INFO] File 778/912: IGS0OPSFIN_20250270000_01D_30S_CLK.CLK.gz → 340,781 pairs | Total: 119,733,540 pairs
[08:14:19] [INFO] File 779/912: IGS0OPSFIN_20250420000_01D_30S_CLK.CLK.gz → 353,692 pairs | Total: 120,087,232 pairs
[08:14:21] [INFO] File 780/912: IGS0OPSFIN_20250290000_01D_30S_CLK.CLK.gz → 341,685 pairs | Total: 120,428,917 pairs
[08:14:23] [INFO] File 781/912: IGS0OPSFIN_20250510000_01D_30S_CLK.CLK.gz → 338,033 pairs | Total: 120,766,950 pairs
[08:14:24] [INFO] File 782/912: IGS0OPSFIN_20250440000_01D_30S_CLK.CLK.gz → 357,655 pairs | Total: 121,124,605 pairs
[08:14:26] [INFO] File 783/912: IGS0OPSFIN_20250350000_01D_30S_CLK.CLK.gz → 360,977 pairs | Total: 121,485,582 pairs
[08:14:28] [INFO] File 784/912: IGS0OPSFIN_20250490000_01D_30S_CLK.CLK.gz → 368,764 pairs | Total: 121,854,346 pairs
[08:14:28] [INFO] Batch 28 complete. Memory: 34.2% → 34.2%
[08:14:28] [PROCESS] Processing batch 29: 28 files (Memory: 34.2%)
[08:15:30] [INFO] File 785/912: IGS0OPSFIN_20250570000_01D_30S_CLK.CLK.gz → 324,038 pairs | Total: 122,178,384 pairs
[08:15:31] [INFO] File 786/912: IGS0OPSFIN_20250790000_01D_30S_CLK.CLK.gz → 305,822 pairs | Total: 122,484,206 pairs
[08:15:33] [INFO] File 787/912: IGS0OPSFIN_20250690000_01D_30S_CLK.CLK.gz → 307,990 pairs | Total: 122,792,196 pairs
[08:15:34] [INFO] File 788/912: IGS0OPSFIN_20250590000_01D_30S_CLK.CLK.gz → 311,328 pairs | Total: 123,103,524 pairs
[08:15:36] [INFO] File 789/912: IGS0OPSFIN_20250650000_01D_30S_CLK.CLK.gz → 321,370 pairs | Total: 123,424,894 pairs
[08:15:37] [INFO] File 790/912: IGS0OPSFIN_20250610000_01D_30S_CLK.CLK.gz → 318,238 pairs | Total: 123,743,132 pairs
[08:15:39] [INFO] File 791/912: IGS0OPSFIN_20250800000_01D_30S_CLK.CLK.gz → 325,390 pairs | Total: 124,068,522 pairs
[08:15:41] [INFO] File 792/912: IGS0OPSFIN_20250660000_01D_30S_CLK.CLK.gz → 323,577 pairs | Total: 124,392,099 pairs
[08:15:42] [INFO] File 793/912: IGS0OPSFIN_20250750000_01D_30S_CLK.CLK.gz → 328,242 pairs | Total: 124,720,341 pairs
[08:15:44] [INFO] File 794/912: IGS0OPSFIN_20250710000_01D_30S_CLK.CLK.gz → 317,093 pairs | Total: 125,037,434 pairs
[08:15:45] [INFO] File 795/912: IGS0OPSFIN_20250760000_01D_30S_CLK.CLK.gz → 321,987 pairs | Total: 125,359,421 pairs
[08:15:47] [INFO] File 796/912: IGS0OPSFIN_20250700000_01D_30S_CLK.CLK.gz → 319,800 pairs | Total: 125,679,221 pairs
[08:15:49] [INFO] File 797/912: IGS0OPSFIN_20250810000_01D_30S_CLK.CLK.gz → 322,040 pairs | Total: 126,001,261 pairs
[08:15:50] [INFO] File 798/912: IGS0OPSFIN_20250680000_01D_30S_CLK.CLK.gz → 312,693 pairs | Total: 126,313,954 pairs
[08:15:52] [INFO] File 799/912: IGS0OPSFIN_20250770000_01D_30S_CLK.CLK.gz → 325,093 pairs | Total: 126,639,047 pairs
[08:15:53] [INFO] File 800/912: IGS0OPSFIN_20250600000_01D_30S_CLK.CLK.gz → 322,275 pairs | Total: 126,961,322 pairs
[08:15:55] [INFO] File 801/912: IGS0OPSFIN_20250740000_01D_30S_CLK.CLK.gz → 332,039 pairs | Total: 127,293,361 pairs
[08:15:57] [INFO] File 802/912: IGS0OPSFIN_20250560000_01D_30S_CLK.CLK.gz → 330,090 pairs | Total: 127,623,451 pairs
[08:15:59] [INFO] File 803/912: IGS0OPSFIN_20250540000_01D_30S_CLK.CLK.gz → 344,441 pairs | Total: 127,967,892 pairs
[08:16:00] [INFO] File 804/912: IGS0OPSFIN_20250630000_01D_30S_CLK.CLK.gz → 329,267 pairs | Total: 128,297,159 pairs
[08:16:02] [INFO] File 805/912: IGS0OPSFIN_20250670000_01D_30S_CLK.CLK.gz → 343,012 pairs | Total: 128,640,171 pairs
[08:16:04] [INFO] File 806/912: IGS0OPSFIN_20250780000_01D_30S_CLK.CLK.gz → 324,172 pairs | Total: 128,964,343 pairs
[08:16:05] [INFO] File 807/912: IGS0OPSFIN_20250730000_01D_30S_CLK.CLK.gz → 327,805 pairs | Total: 129,292,148 pairs
[08:16:07] [INFO] File 808/912: IGS0OPSFIN_20250580000_01D_30S_CLK.CLK.gz → 343,078 pairs | Total: 129,635,226 pairs
[08:16:09] [INFO] File 809/912: IGS0OPSFIN_20250550000_01D_30S_CLK.CLK.gz → 341,288 pairs | Total: 129,976,514 pairs
[08:16:11] [INFO] File 810/912: IGS0OPSFIN_20250720000_01D_30S_CLK.CLK.gz → 334,199 pairs | Total: 130,310,713 pairs
[08:16:12] [INFO] File 811/912: IGS0OPSFIN_20250640000_01D_30S_CLK.CLK.gz → 345,404 pairs | Total: 130,656,117 pairs
[08:16:14] [INFO] File 812/912: IGS0OPSFIN_20250620000_01D_30S_CLK.CLK.gz → 350,326 pairs | Total: 131,006,443 pairs
[08:16:14] [INFO] Batch 29 complete. Memory: 35.2% → 35.2%
[08:16:14] [PROCESS] Processing batch 30: 28 files (Memory: 35.2%)
[08:16:41] [INFO] File 813/912: IGS0OPSFIN_20251070000_01D_30S_CLK.CLK.gz → 127,131 pairs | Total: 131,133,574 pairs
[08:17:13] [INFO] File 814/912: IGS0OPSFIN_20251010000_01D_30S_CLK.CLK.gz → 294,564 pairs | Total: 131,428,138 pairs
[08:17:15] [INFO] File 815/912: IGS0OPSFIN_20250940000_01D_30S_CLK.CLK.gz → 314,719 pairs | Total: 131,742,857 pairs
[08:17:17] [INFO] File 816/912: IGS0OPSFIN_20251040000_01D_30S_CLK.CLK.gz → 314,405 pairs | Total: 132,057,262 pairs
[08:17:18] [INFO] File 817/912: IGS0OPSFIN_20251000000_01D_30S_CLK.CLK.gz → 318,014 pairs | Total: 132,375,276 pairs
[08:17:20] [INFO] File 818/912: IGS0OPSFIN_20251030000_01D_30S_CLK.CLK.gz → 317,497 pairs | Total: 132,692,773 pairs
[08:17:21] [INFO] File 819/912: IGS0OPSFIN_20250910000_01D_30S_CLK.CLK.gz → 318,164 pairs | Total: 133,010,937 pairs
[08:17:23] [INFO] File 820/912: IGS0OPSFIN_20250920000_01D_30S_CLK.CLK.gz → 321,339 pairs | Total: 133,332,276 pairs
[08:17:24] [INFO] File 821/912: IGS0OPSFIN_20250860000_01D_30S_CLK.CLK.gz → 322,262 pairs | Total: 133,654,538 pairs
[08:17:26] [INFO] File 822/912: IGS0OPSFIN_20250990000_01D_30S_CLK.CLK.gz → 324,206 pairs | Total: 133,978,744 pairs
[08:17:28] [INFO] File 823/912: IGS0OPSFIN_20250950000_01D_30S_CLK.CLK.gz → 331,435 pairs | Total: 134,310,179 pairs
[08:17:29] [INFO] File 824/912: IGS0OPSFIN_20251050000_01D_30S_CLK.CLK.gz → 327,590 pairs | Total: 134,637,769 pairs
[08:17:31] [INFO] File 825/912: IGS0OPSFIN_20251060000_01D_30S_CLK.CLK.gz → 325,193 pairs | Total: 134,962,962 pairs
[08:17:32] [INFO] File 826/912: IGS0OPSFIN_20251080000_01D_30S_CLK.CLK.gz → 326,020 pairs | Total: 135,288,982 pairs
[08:17:34] [INFO] File 827/912: IGS0OPSFIN_20250980000_01D_30S_CLK.CLK.gz → 311,966 pairs | Total: 135,600,948 pairs
[08:17:36] [INFO] File 828/912: IGS0OPSFIN_20250970000_01D_30S_CLK.CLK.gz → 332,373 pairs | Total: 135,933,321 pairs
[08:17:37] [INFO] File 829/912: IGS0OPSFIN_20250900000_01D_30S_CLK.CLK.gz → 316,183 pairs | Total: 136,249,504 pairs
[08:17:39] [INFO] File 830/912: IGS0OPSFIN_20250960000_01D_30S_CLK.CLK.gz → 332,858 pairs | Total: 136,582,362 pairs
[08:17:41] [INFO] File 831/912: IGS0OPSFIN_20250880000_01D_30S_CLK.CLK.gz → 319,833 pairs | Total: 136,902,195 pairs
[08:17:42] [INFO] File 832/912: IGS0OPSFIN_20250930000_01D_30S_CLK.CLK.gz → 322,841 pairs | Total: 137,225,036 pairs
[08:17:44] [INFO] File 833/912: IGS0OPSFIN_20250870000_01D_30S_CLK.CLK.gz → 330,765 pairs | Total: 137,555,801 pairs
[08:17:46] [INFO] File 834/912: IGS0OPSFIN_20250890000_01D_30S_CLK.CLK.gz → 328,004 pairs | Total: 137,883,805 pairs
[08:17:47] [INFO] File 835/912: IGS0OPSFIN_20250840000_01D_30S_CLK.CLK.gz → 324,538 pairs | Total: 138,208,343 pairs
[08:17:49] [INFO] File 836/912: IGS0OPSFIN_20251020000_01D_30S_CLK.CLK.gz → 326,388 pairs | Total: 138,534,731 pairs
[08:17:51] [INFO] File 837/912: IGS0OPSFIN_20250850000_01D_30S_CLK.CLK.gz → 329,620 pairs | Total: 138,864,351 pairs
[08:17:52] [INFO] File 838/912: IGS0OPSFIN_20250830000_01D_30S_CLK.CLK.gz → 323,358 pairs | Total: 139,187,709 pairs
[08:17:54] [INFO] File 839/912: IGS0OPSFIN_20251090000_01D_30S_CLK.CLK.gz → 342,809 pairs | Total: 139,530,518 pairs
[08:17:56] [INFO] File 840/912: IGS0OPSFIN_20250820000_01D_30S_CLK.CLK.gz → 331,621 pairs | Total: 139,862,139 pairs
[08:17:56] [INFO] Batch 30 complete. Memory: 35.9% → 35.9%
[08:17:56] [PROCESS] Processing batch 31: 28 files (Memory: 35.9%)
[08:18:55] [INFO] File 841/912: IGS0OPSFIN_20251210000_01D_30S_CLK.CLK.gz → 299,850 pairs | Total: 140,161,989 pairs
[08:18:56] [INFO] File 842/912: IGS0OPSFIN_20251190000_01D_30S_CLK.CLK.gz → 304,018 pairs | Total: 140,466,007 pairs
[08:18:58] [INFO] File 843/912: IGS0OPSFIN_20251180000_01D_30S_CLK.CLK.gz → 309,870 pairs | Total: 140,775,877 pairs
[08:18:59] [INFO] File 844/912: IGS0OPSFIN_20251220000_01D_30S_CLK.CLK.gz → 311,726 pairs | Total: 141,087,603 pairs
[08:19:01] [INFO] File 845/912: IGS0OPSFIN_20251100000_01D_30S_CLK.CLK.gz → 332,124 pairs | Total: 141,419,727 pairs
[08:19:03] [INFO] File 846/912: IGS0OPSFIN_20251200000_01D_30S_CLK.CLK.gz → 315,719 pairs | Total: 141,735,446 pairs
[08:19:04] [INFO] File 847/912: IGS0OPSFIN_20251230000_01D_30S_CLK.CLK.gz → 323,580 pairs | Total: 142,059,026 pairs
[08:19:06] [INFO] File 848/912: IGS0OPSFIN_20251110000_01D_30S_CLK.CLK.gz → 334,855 pairs | Total: 142,393,881 pairs
[08:19:07] [INFO] File 849/912: IGS0OPSFIN_20251260000_01D_30S_CLK.CLK.gz → 341,266 pairs | Total: 142,735,147 pairs
[08:19:09] [INFO] File 850/912: IGS0OPSFIN_20251120000_01D_30S_CLK.CLK.gz → 341,956 pairs | Total: 143,077,103 pairs
[08:19:11] [INFO] File 851/912: IGS0OPSFIN_20251150000_01D_30S_CLK.CLK.gz → 336,324 pairs | Total: 143,413,427 pairs
[08:19:13] [INFO] File 852/912: IGS0OPSFIN_20251140000_01D_30S_CLK.CLK.gz → 336,001 pairs | Total: 143,749,428 pairs
[08:19:14] [INFO] File 853/912: IGS0OPSFIN_20251130000_01D_30S_CLK.CLK.gz → 341,815 pairs | Total: 144,091,243 pairs
[08:19:16] [INFO] File 854/912: IGS0OPSFIN_20251250000_01D_30S_CLK.CLK.gz → 346,192 pairs | Total: 144,437,435 pairs
[08:19:18] [INFO] File 855/912: IGS0OPSFIN_20251240000_01D_30S_CLK.CLK.gz → 345,599 pairs | Total: 144,783,034 pairs
[08:19:19] [INFO] File 856/912: IGS0OPSFIN_20251170000_01D_30S_CLK.CLK.gz → 340,977 pairs | Total: 145,124,011 pairs
[08:19:21] [INFO] File 857/912: IGS0OPSFIN_20251310000_01D_30S_CLK.CLK.gz → 352,634 pairs | Total: 145,476,645 pairs
[08:19:23] [INFO] File 858/912: IGS0OPSFIN_20251160000_01D_30S_CLK.CLK.gz → 340,752 pairs | Total: 145,817,397 pairs
[08:19:25] [INFO] File 859/912: IGS0OPSFIN_20251350000_01D_30S_CLK.CLK.gz → 354,770 pairs | Total: 146,172,167 pairs
[08:19:26] [INFO] File 860/912: IGS0OPSFIN_20251370000_01D_30S_CLK.CLK.gz → 357,918 pairs | Total: 146,530,085 pairs
[08:19:28] [INFO] File 861/912: IGS0OPSFIN_20251270000_01D_30S_CLK.CLK.gz → 354,378 pairs | Total: 146,884,463 pairs
[08:19:30] [INFO] File 862/912: IGS0OPSFIN_20251360000_01D_30S_CLK.CLK.gz → 354,363 pairs | Total: 147,238,826 pairs
[08:19:32] [INFO] File 863/912: IGS0OPSFIN_20251330000_01D_30S_CLK.CLK.gz → 362,917 pairs | Total: 147,601,743 pairs
[08:19:34] [INFO] File 864/912: IGS0OPSFIN_20251320000_01D_30S_CLK.CLK.gz → 360,966 pairs | Total: 147,962,709 pairs
[08:19:36] [INFO] File 865/912: IGS0OPSFIN_20251340000_01D_30S_CLK.CLK.gz → 364,186 pairs | Total: 148,326,895 pairs
[08:19:38] [INFO] File 866/912: IGS0OPSFIN_20251290000_01D_30S_CLK.CLK.gz → 365,672 pairs | Total: 148,692,567 pairs
[08:19:39] [INFO] File 867/912: IGS0OPSFIN_20251300000_01D_30S_CLK.CLK.gz → 367,886 pairs | Total: 149,060,453 pairs
[08:19:41] [INFO] File 868/912: IGS0OPSFIN_20251280000_01D_30S_CLK.CLK.gz → 378,087 pairs | Total: 149,438,540 pairs
[08:19:42] [INFO] Batch 31 complete. Memory: 36.8% → 36.8%
[08:19:42] [PROCESS] Processing batch 32: 28 files (Memory: 36.8%)
[08:20:47] [INFO] File 869/912: IGS0OPSFIN_20251420000_01D_30S_CLK.CLK.gz → 327,466 pairs | Total: 149,766,006 pairs
[08:20:48] [INFO] File 870/912: IGS0OPSFIN_20251650000_01D_30S_CLK.CLK.gz → 327,993 pairs | Total: 150,093,999 pairs
[08:20:50] [INFO] File 871/912: IGS0OPSFIN_20251520000_01D_30S_CLK.CLK.gz → 344,469 pairs | Total: 150,438,468 pairs
[08:20:51] [INFO] File 872/912: IGS0OPSFIN_20251640000_01D_30S_CLK.CLK.gz → 332,120 pairs | Total: 150,770,588 pairs
[08:20:53] [INFO] File 873/912: IGS0OPSFIN_20251580000_01D_30S_CLK.CLK.gz → 332,867 pairs | Total: 151,103,455 pairs
[08:20:55] [INFO] File 874/912: IGS0OPSFIN_20251390000_01D_30S_CLK.CLK.gz → 354,412 pairs | Total: 151,457,867 pairs
[08:20:56] [INFO] File 875/912: IGS0OPSFIN_20251430000_01D_30S_CLK.CLK.gz → 338,814 pairs | Total: 151,796,681 pairs
[08:20:58] [INFO] File 876/912: IGS0OPSFIN_20251620000_01D_30S_CLK.CLK.gz → 339,824 pairs | Total: 152,136,505 pairs
[08:21:00] [INFO] File 877/912: IGS0OPSFIN_20251570000_01D_30S_CLK.CLK.gz → 341,692 pairs | Total: 152,478,197 pairs
[08:21:01] [INFO] File 878/912: IGS0OPSFIN_20251450000_01D_30S_CLK.CLK.gz → 343,334 pairs | Total: 152,821,531 pairs
[08:21:03] [INFO] File 879/912: IGS0OPSFIN_20251590000_01D_30S_CLK.CLK.gz → 340,745 pairs | Total: 153,162,276 pairs
[08:21:05] [INFO] File 880/912: IGS0OPSFIN_20251530000_01D_30S_CLK.CLK.gz → 344,363 pairs | Total: 153,506,639 pairs
[08:21:06] [INFO] File 881/912: IGS0OPSFIN_20251610000_01D_30S_CLK.CLK.gz → 356,229 pairs | Total: 153,862,868 pairs
[08:21:08] [INFO] File 882/912: IGS0OPSFIN_20251510000_01D_30S_CLK.CLK.gz → 346,751 pairs | Total: 154,209,619 pairs
[08:21:10] [INFO] File 883/912: IGS0OPSFIN_20251460000_01D_30S_CLK.CLK.gz → 352,308 pairs | Total: 154,561,927 pairs
[08:21:12] [INFO] File 884/912: IGS0OPSFIN_20251600000_01D_30S_CLK.CLK.gz → 359,743 pairs | Total: 154,921,670 pairs
[08:21:13] [INFO] File 885/912: IGS0OPSFIN_20251410000_01D_30S_CLK.CLK.gz → 352,622 pairs | Total: 155,274,292 pairs
[08:21:15] [INFO] File 886/912: IGS0OPSFIN_20251400000_01D_30S_CLK.CLK.gz → 360,741 pairs | Total: 155,635,033 pairs
[08:21:17] [INFO] File 887/912: IGS0OPSFIN_20251540000_01D_30S_CLK.CLK.gz → 362,272 pairs | Total: 155,997,305 pairs
[08:21:19] [INFO] File 888/912: IGS0OPSFIN_20251490000_01D_30S_CLK.CLK.gz → 357,547 pairs | Total: 156,354,852 pairs
[08:21:21] [INFO] File 889/912: IGS0OPSFIN_20251560000_01D_30S_CLK.CLK.gz → 358,344 pairs | Total: 156,713,196 pairs
[08:21:23] [INFO] File 890/912: IGS0OPSFIN_20251550000_01D_30S_CLK.CLK.gz → 356,422 pairs | Total: 157,069,618 pairs
[08:21:24] [INFO] File 891/912: IGS0OPSFIN_20251380000_01D_30S_CLK.CLK.gz → 350,325 pairs | Total: 157,419,943 pairs
[08:21:26] [INFO] File 892/912: IGS0OPSFIN_20251500000_01D_30S_CLK.CLK.gz → 362,782 pairs | Total: 157,782,725 pairs
[08:21:28] [INFO] File 893/912: IGS0OPSFIN_20251440000_01D_30S_CLK.CLK.gz → 361,904 pairs | Total: 158,144,629 pairs
[08:21:30] [INFO] File 894/912: IGS0OPSFIN_20251470000_01D_30S_CLK.CLK.gz → 359,091 pairs | Total: 158,503,720 pairs
[08:21:32] [INFO] File 895/912: IGS0OPSFIN_20251480000_01D_30S_CLK.CLK.gz → 366,693 pairs | Total: 158,870,413 pairs
[08:21:34] [INFO] File 896/912: IGS0OPSFIN_20251630000_01D_30S_CLK.CLK.gz → 362,418 pairs | Total: 159,232,831 pairs
[08:21:34] [INFO] Batch 32 complete. Memory: 37.2% → 37.2%
[08:21:34] [PROCESS] Processing batch 33: 16 files (Memory: 37.2%)
[08:22:21] [INFO] File 897/912: IGS0OPSFIN_20251670000_01D_30S_CLK.CLK.gz → 237,062 pairs | Total: 159,469,893 pairs
[08:22:36] [INFO] File 898/912: IGS0OPSFIN_20251780000_01D_30S_CLK.CLK.gz → 318,194 pairs | Total: 159,788,087 pairs
[08:22:37] [INFO] File 899/912: IGS0OPSFIN_20251790000_01D_30S_CLK.CLK.gz → 326,234 pairs | Total: 160,114,321 pairs
[08:22:39] [INFO] File 900/912: IGS0OPSFIN_20251660000_01D_30S_CLK.CLK.gz → 322,761 pairs | Total: 160,437,082 pairs
[08:22:40] [INFO] File 901/912: IGS0OPSFIN_20251810000_01D_30S_CLK.CLK.gz → 337,300 pairs | Total: 160,774,382 pairs
[08:22:42] [INFO] File 902/912: IGS0OPSFIN_20251700000_01D_30S_CLK.CLK.gz → 338,737 pairs | Total: 161,113,119 pairs
[08:22:44] [INFO] File 903/912: IGS0OPSFIN_20251690000_01D_30S_CLK.CLK.gz → 339,794 pairs | Total: 161,452,913 pairs
[08:22:45] [INFO] File 904/912: IGS0OPSFIN_20251730000_01D_30S_CLK.CLK.gz → 338,188 pairs | Total: 161,791,101 pairs
[08:22:47] [INFO] File 905/912: IGS0OPSFIN_20251800000_01D_30S_CLK.CLK.gz → 334,853 pairs | Total: 162,125,954 pairs
[08:22:49] [INFO] File 906/912: IGS0OPSFIN_20251720000_01D_30S_CLK.CLK.gz → 339,704 pairs | Total: 162,465,658 pairs
[08:22:50] [INFO] File 907/912: IGS0OPSFIN_20251770000_01D_30S_CLK.CLK.gz → 345,371 pairs | Total: 162,811,029 pairs
[08:22:52] [INFO] File 908/912: IGS0OPSFIN_20251750000_01D_30S_CLK.CLK.gz → 355,543 pairs | Total: 163,166,572 pairs
[08:22:54] [INFO] File 909/912: IGS0OPSFIN_20251760000_01D_30S_CLK.CLK.gz → 344,384 pairs | Total: 163,510,956 pairs
[08:22:55] [INFO] File 910/912: IGS0OPSFIN_20251740000_01D_30S_CLK.CLK.gz → 337,817 pairs | Total: 163,848,773 pairs
[08:22:57] [INFO] File 911/912: IGS0OPSFIN_20251710000_01D_30S_CLK.CLK.gz → 345,654 pairs | Total: 164,194,427 pairs
[08:22:59] [INFO] File 912/912: IGS0OPSFIN_20251680000_01D_30S_CLK.CLK.gz → 353,536 pairs | Total: 164,547,963 pairs
[08:22:59] [INFO] Batch 33 complete. Memory: 35.7% → 35.7%
[08:23:00] [SUCCESS] Streaming complete: 164,547,963 total pairs written to disk
[08:23:00] [INFO]   tep_band: 12,882,748 pairs
[08:23:00] [INFO]   tidal_diurnal: 12,436,694 pairs
[08:23:00] [INFO]   tidal_semidiurnal: 12,225,292 pairs
[08:23:00] [INFO]   post_tidal_30_40: 12,146,895 pairs
[08:23:00] [INFO]   post_tidal_40_50: 11,976,359 pairs
[08:23:00] [INFO]   post_tidal_50_75: 12,799,993 pairs
[08:23:00] [INFO]   post_tidal_75_100: 12,784,178 pairs
[08:23:00] [INFO]   intermediate_100_200: 12,882,748 pairs
[08:23:00] [INFO]   intermediate_200_350: 12,882,748 pairs
[08:23:00] [INFO]   intermediate_350_500: 12,882,748 pairs
[08:23:00] [INFO]   transition_500_750: 12,882,748 pairs
[08:23:00] [INFO]   transition_750_1000: 12,882,746 pairs
[08:23:00] [INFO]   control_1000_1500: 12,882,066 pairs
[08:23:00] [SUCCESS] Starting analysis...
[08:23:00] [PROCESS] Starting band analysis...
[08:23:00] [PROCESS] Aggregating binned data for tep_band from streaming file...
[08:23:07] [SUCCESS] tep_band: R² = 0.966 (unweighted: 0.157), λ = 3764 km
[08:23:07] [INFO]   Bins: 28/28, Pairs: 9,579,758/12,882,748
[08:23:07] [DEBUG] Saved diagnostics for igs_combined_tep_band: /mnt/data/results/outputs/band_diagnostics
[08:23:07] [PROCESS] Aggregating binned data for tidal_diurnal from streaming file...
[08:23:14] [SUCCESS] tidal_diurnal: R² = 0.954 (unweighted: -0.012), λ = 3920 km
[08:23:14] [INFO]   Bins: 28/28, Pairs: 9,239,577/12,436,694
[08:23:14] [DEBUG] Saved diagnostics for igs_combined_tidal_diurnal: /mnt/data/results/outputs/band_diagnostics
[08:23:14] [PROCESS] Aggregating binned data for tidal_semidiurnal from streaming file...
[08:23:20] [SUCCESS] tidal_semidiurnal: R² = 0.970 (unweighted: 0.154), λ = 4701 km
[08:23:20] [INFO]   Bins: 28/28, Pairs: 9,079,815/12,225,292
[08:23:20] [DEBUG] Saved diagnostics for igs_combined_tidal_semidiurnal: /mnt/data/results/outputs/band_diagnostics
[08:23:20] [PROCESS] Aggregating binned data for post_tidal_30_40 from streaming file...
[08:23:27] [SUCCESS] post_tidal_30_40: R² = 0.935 (unweighted: 0.214), λ = 2453 km
[08:23:27] [INFO]   Bins: 28/28, Pairs: 9,023,899/12,146,895
[08:23:27] [DEBUG] Saved diagnostics for igs_combined_post_tidal_30_40: /mnt/data/results/outputs/band_diagnostics
[08:23:27] [PROCESS] Aggregating binned data for post_tidal_40_50 from streaming file...
[08:23:33] [SUCCESS] post_tidal_40_50: R² = 0.832 (unweighted: 0.031), λ = 1409 km
[08:23:33] [INFO]   Bins: 28/28, Pairs: 8,897,209/11,976,359
[08:23:33] [DEBUG] Saved diagnostics for igs_combined_post_tidal_40_50: /mnt/data/results/outputs/band_diagnostics
[08:23:33] [PROCESS] Aggregating binned data for post_tidal_50_75 from streaming file...
[08:23:40] [SUCCESS] post_tidal_50_75: R² = 0.826 (unweighted: 0.011), λ = 1192 km
[08:23:40] [INFO]   Bins: 28/28, Pairs: 9,515,859/12,799,993
[08:23:40] [DEBUG] Saved diagnostics for igs_combined_post_tidal_50_75: /mnt/data/results/outputs/band_diagnostics
[08:23:40] [PROCESS] Aggregating binned data for post_tidal_75_100 from streaming file...
[08:23:47] [SUCCESS] post_tidal_75_100: R² = 0.858 (unweighted: 0.129), λ = 1067 km
[08:23:47] [INFO]   Bins: 28/28, Pairs: 9,504,072/12,784,178
[08:23:47] [DEBUG] Saved diagnostics for igs_combined_post_tidal_75_100: /mnt/data/results/outputs/band_diagnostics
[08:23:47] [PROCESS] Aggregating binned data for intermediate_100_200 from streaming file...
[08:23:54] [SUCCESS] intermediate_100_200: R² = 0.864 (unweighted: 0.326), λ = 1260 km
[08:23:54] [INFO]   Bins: 28/28, Pairs: 9,579,758/12,882,748
[08:23:54] [DEBUG] Saved diagnostics for igs_combined_intermediate_100_200: /mnt/data/results/outputs/band_diagnostics
[08:23:54] [PROCESS] Aggregating binned data for intermediate_200_350 from streaming file...
[08:24:01] [SUCCESS] intermediate_200_350: R² = 0.625 (unweighted: 0.142), λ = 1383 km
[08:24:01] [INFO]   Bins: 28/28, Pairs: 9,579,758/12,882,748
[08:24:01] [DEBUG] Saved diagnostics for igs_combined_intermediate_200_350: /mnt/data/results/outputs/band_diagnostics
[08:24:01] [PROCESS] Aggregating binned data for intermediate_350_500 from streaming file...
[08:24:08] [SUCCESS] intermediate_350_500: R² = 0.690 (unweighted: 0.263), λ = 1432 km
[08:24:08] [INFO]   Bins: 28/28, Pairs: 9,579,758/12,882,748
[08:24:08] [DEBUG] Saved diagnostics for igs_combined_intermediate_350_500: /mnt/data/results/outputs/band_diagnostics
[08:24:08] [PROCESS] Aggregating binned data for transition_500_750 from streaming file...
[08:24:14] [SUCCESS] transition_500_750: R² = 0.609 (unweighted: 0.075), λ = 2732 km
[08:24:14] [INFO]   Bins: 28/28, Pairs: 9,579,758/12,882,748
[08:24:14] [DEBUG] Saved diagnostics for igs_combined_transition_500_750: /mnt/data/results/outputs/band_diagnostics
[08:24:14] [PROCESS] Aggregating binned data for transition_750_1000 from streaming file...
[08:24:21] [SUCCESS] transition_750_1000: R² = 0.544 (unweighted: 0.135), λ = 1954 km
[08:24:21] [INFO]   Bins: 28/28, Pairs: 9,579,756/12,882,746
[08:24:21] [DEBUG] Saved diagnostics for igs_combined_transition_750_1000: /mnt/data/results/outputs/band_diagnostics
[08:24:21] [PROCESS] Aggregating binned data for control_1000_1500 from streaming file...
[08:24:28] [SUCCESS] control_1000_1500: R² = 0.613 (unweighted: 0.123), λ = 2386 km
[08:24:28] [INFO]   Bins: 28/28, Pairs: 9,579,183/12,882,066
[08:24:28] [DEBUG] Saved diagnostics for igs_combined_control_1000_1500: /mnt/data/results/outputs/band_diagnostics
[08:24:28] [WARNING] No data for band control_2000_3000, skipping analysis
[08:24:28] [SUCCESS] Multi-band analysis complete: /mnt/data/results/outputs/step_3_6_multiband_igs_combined.json
[08:24:28] [INFO] Band diagnostics saved to: /mnt/data/results/outputs/band_diagnostics
[08:24:29] [SUCCESS] Saved multi-band results: /mnt/data/results/outputs/step_3_6_multiband_igs_combined.json
[08:24:29] [INFO] 
============================================================
[08:24:29] [SUCCESS] IGS_COMBINED MULTI-BAND FREQUENCY VALIDATION RESULTS
[08:24:29] [INFO] ============================================================
[08:24:29] [INFO] DETAILED BAND ANALYSIS:
[08:24:29] [INFO]   TEP Band (10-500 µHz):
[08:24:29] [INFO]      R² = 0.966, λ = 3764 km
[08:24:29] [INFO]   Diurnal Tides (10-20 µHz):
[08:24:29] [INFO]      R² = 0.954, λ = 3920 km
[08:24:29] [INFO]   Semidiurnal Tides (20-30 µHz):
[08:24:29] [INFO]      R² = 0.970, λ = 4701 km
[08:24:29] [INFO]   Post-Tidal 30-40 µHz:
[08:24:29] [INFO]      R² = 0.935, λ = 2453 km
[08:24:29] [INFO]   Post-Tidal 40-50 µHz:
[08:24:29] [INFO]      R² = 0.832, λ = 1409 km
[08:24:29] [INFO]   Post-Tidal 50-75 µHz:
[08:24:29] [INFO]      R² = 0.826, λ = 1192 km
[08:24:29] [INFO]   Post-Tidal 75-100 µHz:
[08:24:29] [INFO]      R² = 0.858, λ = 1067 km
[08:24:29] [INFO]   Intermediate 100-200 µHz:
[08:24:29] [INFO]      R² = 0.864, λ = 1260 km
[08:24:29] [INFO]   Intermediate 200-350 µHz:
[08:24:29] [INFO]      R² = 0.625, λ = 1383 km
[08:24:29] [INFO]   Intermediate 350-500 µHz:
[08:24:29] [INFO]      R² = 0.690, λ = 1432 km
[08:24:29] [INFO]   Transition 500-750 µHz:
[08:24:29] [INFO]      R² = 0.609, λ = 2732 km
[08:24:29] [INFO]   Transition 750-1000 µHz:
[08:24:29] [INFO]      R² = 0.544, λ = 1954 km
[08:24:29] [INFO]   Control 1000-1500 µHz:
[08:24:29] [INFO]      R² = 0.613, λ = 2386 km
[08:24:29] [INFO] 
SPECTRAL ANALYSIS SUMMARY:
[08:24:29] [INFO]   Frequency Response Classification: NONE
[08:24:29] [INFO]   Maximum Correlation: Semidiurnal Tides (20-30 µHz) (R²=0.970)
[08:24:29] [INFO]   Minimum Correlation: Transition 750-1000 µHz (R²=0.544)
[08:24:29] [INFO]   Dynamic Range: 1.8x
[08:24:29] [INFO] 
SPECTRAL CHARACTERIZATION:
[08:24:29] [INFO]   Frequency response characteristics: NONE
[08:24:29] [INFO]   Analysis reveals comparable correlation strengths across frequency bands
[08:24:29] [INFO]   Tidal and control bands show similar correlation patterns
[08:24:29] [INFO]   Observational characteristics:
[08:24:29] [INFO]     - Signal distribution spans multiple frequency ranges
[08:24:29] [INFO]     - Tidal band correlations comparable to broader frequency ranges
[08:24:29] [INFO]   Control band characteristics:
[08:24:29] [INFO]     - Moderate correlations observed in high-frequency ranges
[08:24:29] [INFO]     - Correlations exceed statistical noise expectations
[08:24:29] [INFO]   Data characteristics indicate broadband correlation structure
[08:24:29] [INFO]   with gradual frequency-dependent variation
[08:24:29] [INFO] 
ALTERNATIVE EXPLANATION ASSESSMENT:
[08:24:29] [INFO]   Tidal Component Analysis:
[08:24:29] [INFO]     Diurnal Tidal Band (10-20 µHz): R² = 0.954
[08:24:29] [INFO]     TEP Band (10-500 µHz): R² = 0.966
[08:24:29] [INFO]     Absolute Difference: ΔR² = 0.012
[08:24:29] [INFO]     Assessment: Diurnal tidal correlations are statistically comparable to TEP band correlations
[08:24:29] [INFO]     Implication: Diurnal tidal forcing does not preferentially dominate the observed signal
[08:24:29] [INFO]     Semidiurnal Tides (20-30 µHz): R² = 0.970
[08:24:29] [INFO]     TEP Band (10-500 µHz): R² = 0.966
[08:24:29] [INFO]     Difference: ΔR² = 0.005
[08:24:29] [INFO]     Interpretation: Semidiurnal tidal correlations are comparable to TEP band
[08:24:29] [INFO]     Conclusion: Semidiurnal tides do not appear to be the dominant signal source
[08:24:29] [INFO]   Control Band Analysis:
[08:24:29] [INFO] ============================================================
[08:24:29] [INFO] 
================================================================================
[08:24:29] [INFO] 
[08:24:29] [INFO] ================================================================================
[08:24:29] [INFO] Processing ESA_FINAL
[08:24:29] [INFO] ================================================================================
[08:24:29] [INFO] 
[08:24:29] [SUCCESS] Starting multi-band frequency analysis for ESA_FINAL
[08:24:29] [INFO] Analyzing 14 frequency bands:
[08:24:29] [INFO]   tep_band: 10-500 µHz (TEP Band (10-500 µHz))
[08:24:29] [INFO]   tidal_diurnal: 10-20 µHz (Diurnal Tides (10-20 µHz))
[08:24:29] [INFO]   tidal_semidiurnal: 20-30 µHz (Semidiurnal Tides (20-30 µHz))
[08:24:29] [INFO]   post_tidal_30_40: 30-40 µHz (Post-Tidal 30-40 µHz)
[08:24:29] [INFO]   post_tidal_40_50: 40-50 µHz (Post-Tidal 40-50 µHz)
[08:24:29] [INFO]   post_tidal_50_75: 50-75 µHz (Post-Tidal 50-75 µHz)
[08:24:29] [INFO]   post_tidal_75_100: 75-100 µHz (Post-Tidal 75-100 µHz)
[08:24:29] [INFO]   intermediate_100_200: 100-200 µHz (Intermediate 100-200 µHz)
[08:24:29] [INFO]   intermediate_200_350: 200-350 µHz (Intermediate 200-350 µHz)
[08:24:29] [INFO]   intermediate_350_500: 350-500 µHz (Intermediate 350-500 µHz)
[08:24:29] [INFO]   transition_500_750: 500-750 µHz (Transition 500-750 µHz)
[08:24:29] [INFO]   transition_750_1000: 750-1000 µHz (Transition 750-1000 µHz)
[08:24:29] [INFO]   control_1000_1500: 1000-1500 µHz (Control 1000-1500 µHz)
[08:24:29] [INFO]   control_2000_3000: 2000-3000 µHz (Control 2000-3000 µHz)
[08:24:29] [SUCCESS] Found 912 CLK files
[08:24:29] [PROCESS] Building distance cache for station pairs...
[08:24:29] [INFO] Distance cache: 1,000/293,761 pairs
[08:24:30] [INFO] Distance cache: 2,000/293,761 pairs
[08:24:30] [INFO] Distance cache: 3,000/293,761 pairs
[08:24:31] [INFO] Distance cache: 4,000/293,761 pairs
[08:24:31] [INFO] Distance cache: 5,000/293,761 pairs
[08:24:32] [INFO] Distance cache: 6,000/293,761 pairs
[08:24:32] [INFO] Distance cache: 7,000/293,761 pairs
[08:24:33] [INFO] Distance cache: 8,000/293,761 pairs
[08:24:33] [INFO] Distance cache: 9,000/293,761 pairs
[08:24:34] [INFO] Distance cache: 10,000/293,761 pairs
[08:24:34] [INFO] Distance cache: 11,000/293,761 pairs
[08:24:35] [INFO] Distance cache: 12,000/293,761 pairs
[08:24:35] [INFO] Distance cache: 13,000/293,761 pairs
[08:24:36] [INFO] Distance cache: 14,000/293,761 pairs
[08:24:36] [INFO] Distance cache: 15,000/293,761 pairs
[08:24:37] [INFO] Distance cache: 16,000/293,761 pairs
[08:24:37] [INFO] Distance cache: 17,000/293,761 pairs
[08:24:38] [INFO] Distance cache: 18,000/293,761 pairs
[08:24:38] [INFO] Distance cache: 19,000/293,761 pairs
[08:24:39] [INFO] Distance cache: 20,000/293,761 pairs
[08:24:39] [INFO] Distance cache: 21,000/293,761 pairs
[08:24:40] [INFO] Distance cache: 22,000/293,761 pairs
[08:24:40] [INFO] Distance cache: 23,000/293,761 pairs
[08:24:41] [INFO] Distance cache: 24,000/293,761 pairs
[08:24:41] [INFO] Distance cache: 25,000/293,761 pairs
[08:24:42] [INFO] Distance cache: 26,000/293,761 pairs
[08:24:42] [INFO] Distance cache: 27,000/293,761 pairs
[08:24:43] [INFO] Distance cache: 28,000/293,761 pairs
[08:24:43] [INFO] Distance cache: 29,000/293,761 pairs
[08:24:44] [INFO] Distance cache: 30,000/293,761 pairs
[08:24:44] [INFO] Distance cache: 31,000/293,761 pairs
[08:24:45] [INFO] Distance cache: 32,000/293,761 pairs
[08:24:45] [INFO] Distance cache: 33,000/293,761 pairs
[08:24:46] [INFO] Distance cache: 34,000/293,761 pairs
[08:24:46] [INFO] Distance cache: 35,000/293,761 pairs
[08:24:47] [INFO] Distance cache: 36,000/293,761 pairs
[08:24:47] [INFO] Distance cache: 37,000/293,761 pairs
[08:24:47] [INFO] Distance cache: 38,000/293,761 pairs
[08:24:48] [INFO] Distance cache: 39,000/293,761 pairs
[08:24:48] [INFO] Distance cache: 40,000/293,761 pairs
[08:24:49] [INFO] Distance cache: 41,000/293,761 pairs
[08:24:49] [INFO] Distance cache: 42,000/293,761 pairs
[08:24:50] [INFO] Distance cache: 43,000/293,761 pairs
[08:24:50] [INFO] Distance cache: 44,000/293,761 pairs
[08:24:51] [INFO] Distance cache: 45,000/293,761 pairs
[08:24:51] [INFO] Distance cache: 46,000/293,761 pairs
[08:24:52] [INFO] Distance cache: 47,000/293,761 pairs
[08:24:52] [INFO] Distance cache: 48,000/293,761 pairs
[08:24:53] [INFO] Distance cache: 49,000/293,761 pairs
[08:24:53] [INFO] Distance cache: 50,000/293,761 pairs
[08:24:54] [INFO] Distance cache: 51,000/293,761 pairs
[08:24:54] [INFO] Distance cache: 52,000/293,761 pairs
[08:24:55] [INFO] Distance cache: 53,000/293,761 pairs
[08:24:55] [INFO] Distance cache: 54,000/293,761 pairs
[08:24:56] [INFO] Distance cache: 55,000/293,761 pairs
[08:24:56] [INFO] Distance cache: 56,000/293,761 pairs
[08:24:57] [INFO] Distance cache: 57,000/293,761 pairs
[08:24:57] [INFO] Distance cache: 58,000/293,761 pairs
[08:24:58] [INFO] Distance cache: 59,000/293,761 pairs
[08:24:58] [INFO] Distance cache: 60,000/293,761 pairs
[08:24:59] [INFO] Distance cache: 61,000/293,761 pairs
[08:24:59] [INFO] Distance cache: 62,000/293,761 pairs
[08:25:00] [INFO] Distance cache: 63,000/293,761 pairs
[08:25:00] [INFO] Distance cache: 64,000/293,761 pairs
[08:25:01] [INFO] Distance cache: 65,000/293,761 pairs
[08:25:01] [INFO] Distance cache: 66,000/293,761 pairs
[08:25:02] [INFO] Distance cache: 67,000/293,761 pairs
[08:25:02] [INFO] Distance cache: 68,000/293,761 pairs
[08:25:03] [INFO] Distance cache: 69,000/293,761 pairs
[08:25:03] [INFO] Distance cache: 70,000/293,761 pairs
[08:25:04] [INFO] Distance cache: 71,000/293,761 pairs
[08:25:04] [INFO] Distance cache: 72,000/293,761 pairs
[08:25:05] [INFO] Distance cache: 73,000/293,761 pairs
[08:25:05] [INFO] Distance cache: 74,000/293,761 pairs
[08:25:06] [INFO] Distance cache: 75,000/293,761 pairs
[08:25:06] [INFO] Distance cache: 76,000/293,761 pairs
[08:25:07] [INFO] Distance cache: 77,000/293,761 pairs
[08:25:07] [INFO] Distance cache: 78,000/293,761 pairs
[08:25:08] [INFO] Distance cache: 79,000/293,761 pairs
[08:25:08] [INFO] Distance cache: 80,000/293,761 pairs
[08:25:09] [INFO] Distance cache: 81,000/293,761 pairs
[08:25:09] [INFO] Distance cache: 82,000/293,761 pairs
[08:25:10] [INFO] Distance cache: 83,000/293,761 pairs
[08:25:10] [INFO] Distance cache: 84,000/293,761 pairs
[08:25:11] [INFO] Distance cache: 85,000/293,761 pairs
[08:25:11] [INFO] Distance cache: 86,000/293,761 pairs
[08:25:12] [INFO] Distance cache: 87,000/293,761 pairs
[08:25:12] [INFO] Distance cache: 88,000/293,761 pairs
[08:25:13] [INFO] Distance cache: 89,000/293,761 pairs
[08:25:13] [INFO] Distance cache: 90,000/293,761 pairs
[08:25:14] [INFO] Distance cache: 91,000/293,761 pairs
[08:25:14] [INFO] Distance cache: 92,000/293,761 pairs
[08:25:15] [INFO] Distance cache: 93,000/293,761 pairs
[08:25:15] [INFO] Distance cache: 94,000/293,761 pairs
[08:25:16] [INFO] Distance cache: 95,000/293,761 pairs
[08:25:16] [INFO] Distance cache: 96,000/293,761 pairs
[08:25:17] [INFO] Distance cache: 97,000/293,761 pairs
[08:25:17] [INFO] Distance cache: 98,000/293,761 pairs
[08:25:18] [INFO] Distance cache: 99,000/293,761 pairs
[08:25:18] [INFO] Distance cache: 100,000/293,761 pairs
[08:25:19] [INFO] Distance cache: 101,000/293,761 pairs
[08:25:19] [INFO] Distance cache: 102,000/293,761 pairs
[08:25:20] [INFO] Distance cache: 103,000/293,761 pairs
[08:25:20] [INFO] Distance cache: 104,000/293,761 pairs
[08:25:21] [INFO] Distance cache: 105,000/293,761 pairs
[08:25:21] [INFO] Distance cache: 106,000/293,761 pairs
[08:25:22] [INFO] Distance cache: 107,000/293,761 pairs
[08:25:22] [INFO] Distance cache: 108,000/293,761 pairs
[08:25:23] [INFO] Distance cache: 109,000/293,761 pairs
[08:25:23] [INFO] Distance cache: 110,000/293,761 pairs
[08:25:24] [INFO] Distance cache: 111,000/293,761 pairs
[08:25:24] [INFO] Distance cache: 112,000/293,761 pairs
[08:25:25] [INFO] Distance cache: 113,000/293,761 pairs
[08:25:25] [INFO] Distance cache: 114,000/293,761 pairs
[08:25:26] [INFO] Distance cache: 115,000/293,761 pairs
[08:25:26] [INFO] Distance cache: 116,000/293,761 pairs
[08:25:27] [INFO] Distance cache: 117,000/293,761 pairs
[08:25:27] [INFO] Distance cache: 118,000/293,761 pairs
[08:25:28] [INFO] Distance cache: 119,000/293,761 pairs
[08:25:28] [INFO] Distance cache: 120,000/293,761 pairs
[08:25:29] [INFO] Distance cache: 121,000/293,761 pairs
[08:25:29] [INFO] Distance cache: 122,000/293,761 pairs
[08:25:30] [INFO] Distance cache: 123,000/293,761 pairs
[08:25:30] [INFO] Distance cache: 124,000/293,761 pairs
[08:25:31] [INFO] Distance cache: 125,000/293,761 pairs
[08:25:31] [INFO] Distance cache: 126,000/293,761 pairs
[08:25:32] [INFO] Distance cache: 127,000/293,761 pairs
[08:25:32] [INFO] Distance cache: 128,000/293,761 pairs
[08:25:33] [INFO] Distance cache: 129,000/293,761 pairs
[08:25:33] [INFO] Distance cache: 130,000/293,761 pairs
[08:25:34] [INFO] Distance cache: 131,000/293,761 pairs
[08:25:34] [INFO] Distance cache: 132,000/293,761 pairs
[08:25:35] [INFO] Distance cache: 133,000/293,761 pairs
[08:25:35] [INFO] Distance cache: 134,000/293,761 pairs
[08:25:36] [INFO] Distance cache: 135,000/293,761 pairs
[08:25:36] [INFO] Distance cache: 136,000/293,761 pairs
[08:25:37] [INFO] Distance cache: 137,000/293,761 pairs
[08:25:37] [INFO] Distance cache: 138,000/293,761 pairs
[08:25:38] [INFO] Distance cache: 139,000/293,761 pairs
[08:25:38] [INFO] Distance cache: 140,000/293,761 pairs
[08:25:39] [INFO] Distance cache: 141,000/293,761 pairs
[08:25:39] [INFO] Distance cache: 142,000/293,761 pairs
[08:25:40] [INFO] Distance cache: 143,000/293,761 pairs
[08:25:40] [INFO] Distance cache: 144,000/293,761 pairs
[08:25:41] [INFO] Distance cache: 145,000/293,761 pairs
[08:25:41] [INFO] Distance cache: 146,000/293,761 pairs
[08:25:42] [INFO] Distance cache: 147,000/293,761 pairs
[08:25:42] [INFO] Distance cache: 148,000/293,761 pairs
[08:25:43] [INFO] Distance cache: 149,000/293,761 pairs
[08:25:43] [INFO] Distance cache: 150,000/293,761 pairs
[08:25:44] [INFO] Distance cache: 151,000/293,761 pairs
[08:25:44] [INFO] Distance cache: 152,000/293,761 pairs
[08:25:45] [INFO] Distance cache: 153,000/293,761 pairs
[08:25:45] [INFO] Distance cache: 154,000/293,761 pairs
[08:25:46] [INFO] Distance cache: 155,000/293,761 pairs
[08:25:46] [INFO] Distance cache: 156,000/293,761 pairs
[08:25:47] [INFO] Distance cache: 157,000/293,761 pairs
[08:25:47] [INFO] Distance cache: 158,000/293,761 pairs
[08:25:48] [INFO] Distance cache: 159,000/293,761 pairs
[08:25:48] [INFO] Distance cache: 160,000/293,761 pairs
[08:25:49] [INFO] Distance cache: 161,000/293,761 pairs
[08:25:49] [INFO] Distance cache: 162,000/293,761 pairs
[08:25:50] [INFO] Distance cache: 163,000/293,761 pairs
[08:25:50] [INFO] Distance cache: 164,000/293,761 pairs
[08:25:51] [INFO] Distance cache: 165,000/293,761 pairs
[08:25:51] [INFO] Distance cache: 166,000/293,761 pairs
[08:25:52] [INFO] Distance cache: 167,000/293,761 pairs
[08:25:52] [INFO] Distance cache: 168,000/293,761 pairs
[08:25:53] [INFO] Distance cache: 169,000/293,761 pairs
[08:25:53] [INFO] Distance cache: 170,000/293,761 pairs
[08:25:54] [INFO] Distance cache: 171,000/293,761 pairs
[08:25:54] [INFO] Distance cache: 172,000/293,761 pairs
[08:25:55] [INFO] Distance cache: 173,000/293,761 pairs
[08:25:55] [INFO] Distance cache: 174,000/293,761 pairs
[08:25:56] [INFO] Distance cache: 175,000/293,761 pairs
[08:25:56] [INFO] Distance cache: 176,000/293,761 pairs
[08:25:56] [INFO] Distance cache: 177,000/293,761 pairs
[08:25:57] [INFO] Distance cache: 178,000/293,761 pairs
[08:25:57] [INFO] Distance cache: 179,000/293,761 pairs
[08:25:58] [INFO] Distance cache: 180,000/293,761 pairs
[08:25:58] [INFO] Distance cache: 181,000/293,761 pairs
[08:25:59] [INFO] Distance cache: 182,000/293,761 pairs
[08:25:59] [INFO] Distance cache: 183,000/293,761 pairs
[08:26:00] [INFO] Distance cache: 184,000/293,761 pairs
[08:26:00] [INFO] Distance cache: 185,000/293,761 pairs
[08:26:01] [INFO] Distance cache: 186,000/293,761 pairs
[08:26:01] [INFO] Distance cache: 187,000/293,761 pairs
[08:26:02] [INFO] Distance cache: 188,000/293,761 pairs
[08:26:02] [INFO] Distance cache: 189,000/293,761 pairs
[08:26:03] [INFO] Distance cache: 190,000/293,761 pairs
[08:26:03] [INFO] Distance cache: 191,000/293,761 pairs
[08:26:04] [INFO] Distance cache: 192,000/293,761 pairs
[08:26:04] [INFO] Distance cache: 193,000/293,761 pairs
[08:26:05] [INFO] Distance cache: 194,000/293,761 pairs
[08:26:05] [INFO] Distance cache: 195,000/293,761 pairs
[08:26:06] [INFO] Distance cache: 196,000/293,761 pairs
[08:26:06] [INFO] Distance cache: 197,000/293,761 pairs
[08:26:07] [INFO] Distance cache: 198,000/293,761 pairs
[08:26:07] [INFO] Distance cache: 199,000/293,761 pairs
[08:26:08] [INFO] Distance cache: 200,000/293,761 pairs
[08:26:08] [INFO] Distance cache: 201,000/293,761 pairs
[08:26:09] [INFO] Distance cache: 202,000/293,761 pairs
[08:26:09] [INFO] Distance cache: 203,000/293,761 pairs
[08:26:10] [INFO] Distance cache: 204,000/293,761 pairs
[08:26:10] [INFO] Distance cache: 205,000/293,761 pairs
[08:26:11] [INFO] Distance cache: 206,000/293,761 pairs
[08:26:11] [INFO] Distance cache: 207,000/293,761 pairs
[08:26:12] [INFO] Distance cache: 208,000/293,761 pairs
[08:26:12] [INFO] Distance cache: 209,000/293,761 pairs
[08:26:13] [INFO] Distance cache: 210,000/293,761 pairs
[08:26:13] [INFO] Distance cache: 211,000/293,761 pairs
[08:26:14] [INFO] Distance cache: 212,000/293,761 pairs
[08:26:14] [INFO] Distance cache: 213,000/293,761 pairs
[08:26:15] [INFO] Distance cache: 214,000/293,761 pairs
[08:26:15] [INFO] Distance cache: 215,000/293,761 pairs
[08:26:16] [INFO] Distance cache: 216,000/293,761 pairs
[08:26:16] [INFO] Distance cache: 217,000/293,761 pairs
[08:26:17] [INFO] Distance cache: 218,000/293,761 pairs
[08:26:17] [INFO] Distance cache: 219,000/293,761 pairs
[08:26:18] [INFO] Distance cache: 220,000/293,761 pairs
[08:26:18] [INFO] Distance cache: 221,000/293,761 pairs
[08:26:19] [INFO] Distance cache: 222,000/293,761 pairs
[08:26:19] [INFO] Distance cache: 223,000/293,761 pairs
[08:26:20] [INFO] Distance cache: 224,000/293,761 pairs
[08:26:20] [INFO] Distance cache: 225,000/293,761 pairs
[08:26:21] [INFO] Distance cache: 226,000/293,761 pairs
[08:26:21] [INFO] Distance cache: 227,000/293,761 pairs
[08:26:22] [INFO] Distance cache: 228,000/293,761 pairs
[08:26:22] [INFO] Distance cache: 229,000/293,761 pairs
[08:26:23] [INFO] Distance cache: 230,000/293,761 pairs
[08:26:23] [INFO] Distance cache: 231,000/293,761 pairs
[08:26:24] [INFO] Distance cache: 232,000/293,761 pairs
[08:26:24] [INFO] Distance cache: 233,000/293,761 pairs
[08:26:25] [INFO] Distance cache: 234,000/293,761 pairs
[08:26:25] [INFO] Distance cache: 235,000/293,761 pairs
[08:26:26] [INFO] Distance cache: 236,000/293,761 pairs
[08:26:26] [INFO] Distance cache: 237,000/293,761 pairs
[08:26:27] [INFO] Distance cache: 238,000/293,761 pairs
[08:26:27] [INFO] Distance cache: 239,000/293,761 pairs
[08:26:28] [INFO] Distance cache: 240,000/293,761 pairs
[08:26:28] [INFO] Distance cache: 241,000/293,761 pairs
[08:26:29] [INFO] Distance cache: 242,000/293,761 pairs
[08:26:29] [INFO] Distance cache: 243,000/293,761 pairs
[08:26:30] [INFO] Distance cache: 244,000/293,761 pairs
[08:26:30] [INFO] Distance cache: 245,000/293,761 pairs
[08:26:31] [INFO] Distance cache: 246,000/293,761 pairs
[08:26:31] [INFO] Distance cache: 247,000/293,761 pairs
[08:26:32] [INFO] Distance cache: 248,000/293,761 pairs
[08:26:32] [INFO] Distance cache: 249,000/293,761 pairs
[08:26:33] [INFO] Distance cache: 250,000/293,761 pairs
[08:26:33] [INFO] Distance cache: 251,000/293,761 pairs
[08:26:34] [INFO] Distance cache: 252,000/293,761 pairs
[08:26:34] [INFO] Distance cache: 253,000/293,761 pairs
[08:26:35] [INFO] Distance cache: 254,000/293,761 pairs
[08:26:35] [INFO] Distance cache: 255,000/293,761 pairs
[08:26:36] [INFO] Distance cache: 256,000/293,761 pairs
[08:26:36] [INFO] Distance cache: 257,000/293,761 pairs
[08:26:37] [INFO] Distance cache: 258,000/293,761 pairs
[08:26:37] [INFO] Distance cache: 259,000/293,761 pairs
[08:26:38] [INFO] Distance cache: 260,000/293,761 pairs
[08:26:38] [INFO] Distance cache: 261,000/293,761 pairs
[08:26:39] [INFO] Distance cache: 262,000/293,761 pairs
[08:26:39] [INFO] Distance cache: 263,000/293,761 pairs
[08:26:40] [INFO] Distance cache: 264,000/293,761 pairs
[08:26:40] [INFO] Distance cache: 265,000/293,761 pairs
[08:26:41] [INFO] Distance cache: 266,000/293,761 pairs
[08:26:41] [INFO] Distance cache: 267,000/293,761 pairs
[08:26:42] [INFO] Distance cache: 268,000/293,761 pairs
[08:26:42] [INFO] Distance cache: 269,000/293,761 pairs
[08:26:43] [INFO] Distance cache: 270,000/293,761 pairs
[08:26:43] [INFO] Distance cache: 271,000/293,761 pairs
[08:26:44] [INFO] Distance cache: 272,000/293,761 pairs
[08:26:44] [INFO] Distance cache: 273,000/293,761 pairs
[08:26:45] [INFO] Distance cache: 274,000/293,761 pairs
[08:26:45] [INFO] Distance cache: 275,000/293,761 pairs
[08:26:46] [INFO] Distance cache: 276,000/293,761 pairs
[08:26:46] [INFO] Distance cache: 277,000/293,761 pairs
[08:26:47] [INFO] Distance cache: 278,000/293,761 pairs
[08:26:47] [INFO] Distance cache: 279,000/293,761 pairs
[08:26:48] [INFO] Distance cache: 280,000/293,761 pairs
[08:26:48] [INFO] Distance cache: 281,000/293,761 pairs
[08:26:49] [INFO] Distance cache: 282,000/293,761 pairs
[08:26:49] [INFO] Distance cache: 283,000/293,761 pairs
[08:26:50] [INFO] Distance cache: 284,000/293,761 pairs
[08:26:50] [INFO] Distance cache: 285,000/293,761 pairs
[08:26:51] [INFO] Distance cache: 286,000/293,761 pairs
[08:26:51] [INFO] Distance cache: 287,000/293,761 pairs
[08:26:52] [INFO] Distance cache: 288,000/293,761 pairs
[08:26:52] [INFO] Distance cache: 289,000/293,761 pairs
[08:26:53] [INFO] Distance cache: 290,000/293,761 pairs
[08:26:53] [INFO] Distance cache: 291,000/293,761 pairs
[08:26:54] [INFO] Distance cache: 292,000/293,761 pairs
[08:26:54] [INFO] Distance cache: 293,000/293,761 pairs
[08:26:54] [SUCCESS] Distance cache built: 293,761 station pairs
[08:26:54] [SUCCESS] Using 96 parallel workers
[08:26:54] [INFO] Streaming files to: /mnt/data/results/tmp/streaming
[08:26:54] [PROCESS] Starting optimized parallel processing...
[08:26:54] [PROCESS] Initializing persistent worker pool with 96 workers...
[08:26:54] [PROCESS] Processing batch 1: 28 files (Memory: 3.1%)
[08:27:23] [INFO] File 1/912: ESA0OPSFIN_20230050000_01D_30S_CLK.CLK.gz → 145,265 pairs | Total: 145,265 pairs
[08:27:23] [INFO] File 2/912: ESA0OPSFIN_20230040000_01D_30S_CLK.CLK.gz → 145,125 pairs | Total: 290,390 pairs
[08:27:24] [INFO] File 3/912: ESA0OPSFIN_20230150000_01D_30S_CLK.CLK.gz → 145,275 pairs | Total: 435,665 pairs
[08:27:25] [INFO] File 4/912: ESA0OPSFIN_20230250000_01D_30S_CLK.CLK.gz → 143,338 pairs | Total: 579,003 pairs
[08:27:25] [INFO] File 5/912: ESA0OPSFIN_20230200000_01D_30S_CLK.CLK.gz → 145,122 pairs | Total: 724,125 pairs
[08:27:26] [INFO] File 6/912: ESA0OPSFIN_20230130000_01D_30S_CLK.CLK.gz → 145,126 pairs | Total: 869,251 pairs
[08:27:27] [INFO] File 7/912: ESA0OPSFIN_20230060000_01D_30S_CLK.CLK.gz → 143,338 pairs | Total: 1,012,589 pairs
[08:27:28] [INFO] File 8/912: ESA0OPSFIN_20230020000_01D_30S_CLK.CLK.gz → 143,337 pairs | Total: 1,155,926 pairs
[08:27:28] [INFO] File 9/912: ESA0OPSFIN_20230140000_01D_30S_CLK.CLK.gz → 145,126 pairs | Total: 1,301,052 pairs
[08:27:29] [INFO] File 10/912: ESA0OPSFIN_20230100000_01D_30S_CLK.CLK.gz → 145,126 pairs | Total: 1,446,178 pairs
[08:27:30] [INFO] File 11/912: ESA0OPSFIN_20230030000_01D_30S_CLK.CLK.gz → 143,331 pairs | Total: 1,589,509 pairs
[08:27:31] [INFO] File 12/912: ESA0OPSFIN_20230090000_01D_30S_CLK.CLK.gz → 143,332 pairs | Total: 1,732,841 pairs
[08:27:31] [INFO] File 13/912: ESA0OPSFIN_20230270000_01D_30S_CLK.CLK.gz → 145,126 pairs | Total: 1,877,967 pairs
[08:27:32] [INFO] File 14/912: ESA0OPSFIN_20230070000_01D_30S_CLK.CLK.gz → 145,126 pairs | Total: 2,023,093 pairs
[08:27:33] [INFO] File 15/912: ESA0OPSFIN_20230120000_01D_30S_CLK.CLK.gz → 145,272 pairs | Total: 2,168,365 pairs
[08:27:34] [INFO] File 16/912: ESA0OPSFIN_20230280000_01D_30S_CLK.CLK.gz → 145,126 pairs | Total: 2,313,491 pairs
[08:27:34] [INFO] File 17/912: ESA0OPSFIN_20230080000_01D_30S_CLK.CLK.gz → 145,275 pairs | Total: 2,458,766 pairs
[08:27:35] [INFO] File 18/912: ESA0OPSFIN_20230110000_01D_30S_CLK.CLK.gz → 145,126 pairs | Total: 2,603,892 pairs
[08:27:36] [INFO] File 19/912: ESA0OPSFIN_20230260000_01D_30S_CLK.CLK.gz → 143,190 pairs | Total: 2,747,082 pairs
[08:27:37] [INFO] File 20/912: ESA0OPSFIN_20230160000_01D_30S_CLK.CLK.gz → 145,273 pairs | Total: 2,892,355 pairs
[08:27:37] [INFO] File 21/912: ESA0OPSFIN_20230010000_01D_30S_CLK.CLK.gz → 145,273 pairs | Total: 3,037,628 pairs
[08:27:38] [INFO] File 22/912: ESA0OPSFIN_20230230000_01D_30S_CLK.CLK.gz → 145,125 pairs | Total: 3,182,753 pairs
[08:27:39] [INFO] File 23/912: ESA0OPSFIN_20230170000_01D_30S_CLK.CLK.gz → 145,125 pairs | Total: 3,327,878 pairs
[08:27:40] [INFO] File 24/912: ESA0OPSFIN_20230240000_01D_30S_CLK.CLK.gz → 143,189 pairs | Total: 3,471,067 pairs
[08:27:40] [INFO] File 25/912: ESA0OPSFIN_20230220000_01D_30S_CLK.CLK.gz → 145,272 pairs | Total: 3,616,339 pairs
[08:27:41] [INFO] File 26/912: ESA0OPSFIN_20230190000_01D_30S_CLK.CLK.gz → 145,126 pairs | Total: 3,761,465 pairs
[08:27:42] [INFO] File 27/912: ESA0OPSFIN_20230180000_01D_30S_CLK.CLK.gz → 145,126 pairs | Total: 3,906,591 pairs
[08:27:43] [INFO] File 28/912: ESA0OPSFIN_20230210000_01D_30S_CLK.CLK.gz → 145,126 pairs | Total: 4,051,717 pairs
[08:27:43] [INFO] Batch 1 complete. Memory: 10.9% → 10.9%
[08:27:43] [PROCESS] Processing batch 2: 28 files (Memory: 10.9%)
[08:28:10] [INFO] File 29/912: ESA0OPSFIN_20230360000_01D_30S_CLK.CLK.gz → 145,275 pairs | Total: 4,196,992 pairs
[08:28:11] [INFO] File 30/912: ESA0OPSFIN_20230420000_01D_30S_CLK.CLK.gz → 143,336 pairs | Total: 4,340,328 pairs
[08:28:12] [INFO] File 31/912: ESA0OPSFIN_20230320000_01D_30S_CLK.CLK.gz → 145,124 pairs | Total: 4,485,452 pairs
[08:28:12] [INFO] File 32/912: ESA0OPSFIN_20230400000_01D_30S_CLK.CLK.gz → 145,126 pairs | Total: 4,630,578 pairs
[08:28:13] [INFO] File 33/912: ESA0OPSFIN_20230410000_01D_30S_CLK.CLK.gz → 143,188 pairs | Total: 4,773,766 pairs
[08:28:14] [INFO] File 34/912: ESA0OPSFIN_20230370000_01D_30S_CLK.CLK.gz → 145,126 pairs | Total: 4,918,892 pairs
[08:28:15] [INFO] File 35/912: ESA0OPSFIN_20230380000_01D_30S_CLK.CLK.gz → 145,275 pairs | Total: 5,064,167 pairs
[08:28:15] [INFO] File 36/912: ESA0OPSFIN_20230330000_01D_30S_CLK.CLK.gz → 145,124 pairs | Total: 5,209,291 pairs
[08:28:16] [INFO] File 37/912: ESA0OPSFIN_20230540000_01D_30S_CLK.CLK.gz → 145,125 pairs | Total: 5,354,416 pairs
[08:28:17] [INFO] File 38/912: ESA0OPSFIN_20230300000_01D_30S_CLK.CLK.gz → 145,274 pairs | Total: 5,499,690 pairs
[08:28:18] [INFO] File 39/912: ESA0OPSFIN_20230480000_01D_30S_CLK.CLK.gz → 145,126 pairs | Total: 5,644,816 pairs
[08:28:18] [INFO] File 40/912: ESA0OPSFIN_20230550000_01D_30S_CLK.CLK.gz → 145,266 pairs | Total: 5,790,082 pairs
[08:28:19] [INFO] File 41/912: ESA0OPSFIN_20230430000_01D_30S_CLK.CLK.gz → 145,124 pairs | Total: 5,935,206 pairs
[08:28:20] [INFO] File 42/912: ESA0OPSFIN_20230500000_01D_30S_CLK.CLK.gz → 144,977 pairs | Total: 6,080,183 pairs
[08:28:21] [INFO] File 43/912: ESA0OPSFIN_20230560000_01D_30S_CLK.CLK.gz → 145,275 pairs | Total: 6,225,458 pairs
[08:28:21] [INFO] File 44/912: ESA0OPSFIN_20230440000_01D_30S_CLK.CLK.gz → 145,126 pairs | Total: 6,370,584 pairs
[08:28:22] [INFO] File 45/912: ESA0OPSFIN_20230510000_01D_30S_CLK.CLK.gz → 144,978 pairs | Total: 6,515,562 pairs
[08:28:23] [INFO] File 46/912: ESA0OPSFIN_20230340000_01D_30S_CLK.CLK.gz → 145,125 pairs | Total: 6,660,687 pairs
[08:28:24] [INFO] File 47/912: ESA0OPSFIN_20230310000_01D_30S_CLK.CLK.gz → 145,125 pairs | Total: 6,805,812 pairs
[08:28:24] [INFO] File 48/912: ESA0OPSFIN_20230460000_01D_30S_CLK.CLK.gz → 145,268 pairs | Total: 6,951,080 pairs
[08:28:25] [INFO] File 49/912: ESA0OPSFIN_20230470000_01D_30S_CLK.CLK.gz → 145,126 pairs | Total: 7,096,206 pairs
[08:28:26] [INFO] File 50/912: ESA0OPSFIN_20230450000_01D_30S_CLK.CLK.gz → 145,118 pairs | Total: 7,241,324 pairs
[08:28:27] [INFO] File 51/912: ESA0OPSFIN_20230290000_01D_30S_CLK.CLK.gz → 145,126 pairs | Total: 7,386,450 pairs
[08:28:28] [INFO] File 52/912: ESA0OPSFIN_20230530000_01D_30S_CLK.CLK.gz → 145,126 pairs | Total: 7,531,576 pairs
[08:28:28] [INFO] File 53/912: ESA0OPSFIN_20230350000_01D_30S_CLK.CLK.gz → 145,274 pairs | Total: 7,676,850 pairs
[08:28:29] [INFO] File 54/912: ESA0OPSFIN_20230390000_01D_30S_CLK.CLK.gz → 145,262 pairs | Total: 7,822,112 pairs
[08:28:30] [INFO] File 55/912: ESA0OPSFIN_20230490000_01D_30S_CLK.CLK.gz → 145,266 pairs | Total: 7,967,378 pairs
[08:28:31] [INFO] File 56/912: ESA0OPSFIN_20230520000_01D_30S_CLK.CLK.gz → 144,978 pairs | Total: 8,112,356 pairs
[08:28:31] [INFO] Batch 2 complete. Memory: 16.7% → 16.7%
[08:28:31] [PROCESS] Processing batch 3: 28 files (Memory: 16.7%)
[08:28:58] [INFO] File 57/912: ESA0OPSFIN_20230780000_01D_30S_CLK.CLK.gz → 145,275 pairs | Total: 8,257,631 pairs
[08:29:00] [INFO] File 58/912: ESA0OPSFIN_20230830000_01D_30S_CLK.CLK.gz → 145,275 pairs | Total: 8,402,906 pairs
[08:29:00] [INFO] File 59/912: ESA0OPSFIN_20230630000_01D_30S_CLK.CLK.gz → 145,268 pairs | Total: 8,548,174 pairs
[08:29:01] [INFO] File 60/912: ESA0OPSFIN_20230820000_01D_30S_CLK.CLK.gz → 145,275 pairs | Total: 8,693,449 pairs
[08:29:02] [INFO] File 61/912: ESA0OPSFIN_20230750000_01D_30S_CLK.CLK.gz → 145,275 pairs | Total: 8,838,724 pairs
[08:29:02] [INFO] File 62/912: ESA0OPSFIN_20230710000_01D_30S_CLK.CLK.gz → 145,275 pairs | Total: 8,983,999 pairs
[08:29:03] [INFO] File 63/912: ESA0OPSFIN_20230640000_01D_30S_CLK.CLK.gz → 145,275 pairs | Total: 9,129,274 pairs
[08:29:04] [INFO] File 64/912: ESA0OPSFIN_20230680000_01D_30S_CLK.CLK.gz → 145,275 pairs | Total: 9,274,549 pairs
[08:29:05] [INFO] File 65/912: ESA0OPSFIN_20230650000_01D_30S_CLK.CLK.gz → 145,275 pairs | Total: 9,419,824 pairs
[08:29:06] [INFO] File 66/912: ESA0OPSFIN_20230720000_01D_30S_CLK.CLK.gz → 145,274 pairs | Total: 9,565,098 pairs
[08:29:06] [INFO] File 67/912: ESA0OPSFIN_20230800000_01D_30S_CLK.CLK.gz → 145,275 pairs | Total: 9,710,373 pairs
[08:29:07] [INFO] File 68/912: ESA0OPSFIN_20230670000_01D_30S_CLK.CLK.gz → 145,273 pairs | Total: 9,855,646 pairs
[08:29:08] [INFO] File 69/912: ESA0OPSFIN_20230740000_01D_30S_CLK.CLK.gz → 145,275 pairs | Total: 10,000,921 pairs
[08:29:09] [INFO] File 70/912: ESA0OPSFIN_20230730000_01D_30S_CLK.CLK.gz → 145,275 pairs | Total: 10,146,196 pairs
[08:29:09] [INFO] File 71/912: ESA0OPSFIN_20230660000_01D_30S_CLK.CLK.gz → 145,275 pairs | Total: 10,291,471 pairs
[08:29:10] [INFO] File 72/912: ESA0OPSFIN_20230590000_01D_30S_CLK.CLK.gz → 145,274 pairs | Total: 10,436,745 pairs
[08:29:11] [INFO] File 73/912: ESA0OPSFIN_20230620000_01D_30S_CLK.CLK.gz → 145,274 pairs | Total: 10,582,019 pairs
[08:29:12] [INFO] File 74/912: ESA0OPSFIN_20230600000_01D_30S_CLK.CLK.gz → 145,275 pairs | Total: 10,727,294 pairs
[08:29:12] [INFO] File 75/912: ESA0OPSFIN_20230770000_01D_30S_CLK.CLK.gz → 145,275 pairs | Total: 10,872,569 pairs
[08:29:13] [INFO] File 76/912: ESA0OPSFIN_20230760000_01D_30S_CLK.CLK.gz → 145,126 pairs | Total: 11,017,695 pairs
[08:29:14] [INFO] File 77/912: ESA0OPSFIN_20230790000_01D_30S_CLK.CLK.gz → 145,275 pairs | Total: 11,162,970 pairs
[08:29:15] [INFO] File 78/912: ESA0OPSFIN_20230690000_01D_30S_CLK.CLK.gz → 145,275 pairs | Total: 11,308,245 pairs
[08:29:15] [INFO] File 79/912: ESA0OPSFIN_20230580000_01D_30S_CLK.CLK.gz → 145,275 pairs | Total: 11,453,520 pairs
[08:29:16] [INFO] File 80/912: ESA0OPSFIN_20230570000_01D_30S_CLK.CLK.gz → 145,124 pairs | Total: 11,598,644 pairs
[08:29:17] [INFO] File 81/912: ESA0OPSFIN_20230810000_01D_30S_CLK.CLK.gz → 145,268 pairs | Total: 11,743,912 pairs
[08:29:18] [INFO] File 82/912: ESA0OPSFIN_20230840000_01D_30S_CLK.CLK.gz → 145,275 pairs | Total: 11,889,187 pairs
[08:29:18] [INFO] File 83/912: ESA0OPSFIN_20230700000_01D_30S_CLK.CLK.gz → 145,275 pairs | Total: 12,034,462 pairs
[08:29:19] [INFO] File 84/912: ESA0OPSFIN_20230610000_01D_30S_CLK.CLK.gz → 145,275 pairs | Total: 12,179,737 pairs
[08:29:19] [INFO] Batch 3 complete. Memory: 22.4% → 22.4%
[08:29:19] [PROCESS] Processing batch 4: 28 files (Memory: 22.4%)
[08:29:47] [INFO] File 85/912: ESA0OPSFIN_20231010000_01D_30S_CLK.CLK.gz → 145,275 pairs | Total: 12,325,012 pairs
[08:29:47] [INFO] File 86/912: ESA0OPSFIN_20230990000_01D_30S_CLK.CLK.gz → 145,275 pairs | Total: 12,470,287 pairs
[08:29:48] [INFO] File 87/912: ESA0OPSFIN_20230970000_01D_30S_CLK.CLK.gz → 145,275 pairs | Total: 12,615,562 pairs
[08:29:49] [INFO] File 88/912: ESA0OPSFIN_20230940000_01D_30S_CLK.CLK.gz → 145,274 pairs | Total: 12,760,836 pairs
[08:29:50] [INFO] File 89/912: ESA0OPSFIN_20231040000_01D_30S_CLK.CLK.gz → 145,275 pairs | Total: 12,906,111 pairs
[08:29:50] [INFO] File 90/912: ESA0OPSFIN_20231050000_01D_30S_CLK.CLK.gz → 145,275 pairs | Total: 13,051,386 pairs
[08:29:51] [INFO] File 91/912: ESA0OPSFIN_20231000000_01D_30S_CLK.CLK.gz → 145,275 pairs | Total: 13,196,661 pairs
[08:29:52] [INFO] File 92/912: ESA0OPSFIN_20230910000_01D_30S_CLK.CLK.gz → 145,275 pairs | Total: 13,341,936 pairs
[08:29:52] [INFO] File 93/912: ESA0OPSFIN_20231020000_01D_30S_CLK.CLK.gz → 145,273 pairs | Total: 13,487,209 pairs
[08:29:53] [INFO] File 94/912: ESA0OPSFIN_20230930000_01D_30S_CLK.CLK.gz → 145,275 pairs | Total: 13,632,484 pairs
[08:29:54] [INFO] File 95/912: ESA0OPSFIN_20230960000_01D_30S_CLK.CLK.gz → 145,273 pairs | Total: 13,777,757 pairs
[08:29:55] [INFO] File 96/912: ESA0OPSFIN_20231090000_01D_30S_CLK.CLK.gz → 144,978 pairs | Total: 13,922,735 pairs
[08:29:55] [INFO] File 97/912: ESA0OPSFIN_20230950000_01D_30S_CLK.CLK.gz → 145,126 pairs | Total: 14,067,861 pairs
[08:29:56] [INFO] File 98/912: ESA0OPSFIN_20231120000_01D_30S_CLK.CLK.gz → 145,275 pairs | Total: 14,213,136 pairs
[08:29:57] [INFO] File 99/912: ESA0OPSFIN_20230980000_01D_30S_CLK.CLK.gz → 145,275 pairs | Total: 14,358,411 pairs
[08:29:58] [INFO] File 100/912: ESA0OPSFIN_20230870000_01D_30S_CLK.CLK.gz → 145,272 pairs | Total: 14,503,683 pairs
[08:29:58] [INFO] File 101/912: ESA0OPSFIN_20231060000_01D_30S_CLK.CLK.gz → 145,275 pairs | Total: 14,648,958 pairs
[08:29:59] [INFO] File 102/912: ESA0OPSFIN_20230880000_01D_30S_CLK.CLK.gz → 145,275 pairs | Total: 14,794,233 pairs
[08:30:00] [INFO] File 103/912: ESA0OPSFIN_20231110000_01D_30S_CLK.CLK.gz → 145,275 pairs | Total: 14,939,508 pairs
[08:30:01] [INFO] File 104/912: ESA0OPSFIN_20230900000_01D_30S_CLK.CLK.gz → 145,275 pairs | Total: 15,084,783 pairs
[08:30:01] [INFO] File 105/912: ESA0OPSFIN_20230890000_01D_30S_CLK.CLK.gz → 145,275 pairs | Total: 15,230,058 pairs
[08:30:02] [INFO] File 106/912: ESA0OPSFIN_20231070000_01D_30S_CLK.CLK.gz → 145,275 pairs | Total: 15,375,333 pairs
[08:30:03] [INFO] File 107/912: ESA0OPSFIN_20230920000_01D_30S_CLK.CLK.gz → 145,275 pairs | Total: 15,520,608 pairs
[08:30:04] [INFO] File 108/912: ESA0OPSFIN_20230860000_01D_30S_CLK.CLK.gz → 145,275 pairs | Total: 15,665,883 pairs
[08:30:04] [INFO] File 109/912: ESA0OPSFIN_20230850000_01D_30S_CLK.CLK.gz → 145,275 pairs | Total: 15,811,158 pairs
[08:30:05] [INFO] File 110/912: ESA0OPSFIN_20231030000_01D_30S_CLK.CLK.gz → 145,275 pairs | Total: 15,956,433 pairs
[08:30:06] [INFO] File 111/912: ESA0OPSFIN_20231100000_01D_30S_CLK.CLK.gz → 145,275 pairs | Total: 16,101,708 pairs
[08:30:07] [INFO] File 112/912: ESA0OPSFIN_20231080000_01D_30S_CLK.CLK.gz → 145,274 pairs | Total: 16,246,982 pairs
[08:30:07] [INFO] Batch 4 complete. Memory: 24.7% → 24.7%
[08:30:07] [PROCESS] Processing batch 5: 28 files (Memory: 24.7%)
[08:30:34] [INFO] File 113/912: ESA0OPSFIN_20231360000_01D_30S_CLK.CLK.gz → 145,275 pairs | Total: 16,392,257 pairs
[08:30:35] [INFO] File 114/912: ESA0OPSFIN_20231340000_01D_30S_CLK.CLK.gz → 145,275 pairs | Total: 16,537,532 pairs
[08:30:35] [INFO] File 115/912: ESA0OPSFIN_20231190000_01D_30S_CLK.CLK.gz → 145,275 pairs | Total: 16,682,807 pairs
[08:30:36] [INFO] File 116/912: ESA0OPSFIN_20231300000_01D_30S_CLK.CLK.gz → 145,275 pairs | Total: 16,828,082 pairs
[08:30:37] [INFO] File 117/912: ESA0OPSFIN_20231270000_01D_30S_CLK.CLK.gz → 145,272 pairs | Total: 16,973,354 pairs
[08:30:38] [INFO] File 118/912: ESA0OPSFIN_20231310000_01D_30S_CLK.CLK.gz → 145,275 pairs | Total: 17,118,629 pairs
[08:30:38] [INFO] File 119/912: ESA0OPSFIN_20231160000_01D_30S_CLK.CLK.gz → 145,126 pairs | Total: 17,263,755 pairs
[08:30:39] [INFO] File 120/912: ESA0OPSFIN_20231220000_01D_30S_CLK.CLK.gz → 145,275 pairs | Total: 17,409,030 pairs
[08:30:40] [INFO] File 121/912: ESA0OPSFIN_20231260000_01D_30S_CLK.CLK.gz → 145,275 pairs | Total: 17,554,305 pairs
[08:30:40] [INFO] File 122/912: ESA0OPSFIN_20231250000_01D_30S_CLK.CLK.gz → 145,275 pairs | Total: 17,699,580 pairs
[08:30:41] [INFO] File 123/912: ESA0OPSFIN_20231400000_01D_30S_CLK.CLK.gz → 145,274 pairs | Total: 17,844,854 pairs
[08:30:42] [INFO] File 124/912: ESA0OPSFIN_20231290000_01D_30S_CLK.CLK.gz → 145,274 pairs | Total: 17,990,128 pairs
[08:30:43] [INFO] File 125/912: ESA0OPSFIN_20231320000_01D_30S_CLK.CLK.gz → 145,275 pairs | Total: 18,135,403 pairs
[08:30:43] [INFO] File 126/912: ESA0OPSFIN_20231280000_01D_30S_CLK.CLK.gz → 145,274 pairs | Total: 18,280,677 pairs
[08:30:44] [INFO] File 127/912: ESA0OPSFIN_20231230000_01D_30S_CLK.CLK.gz → 145,275 pairs | Total: 18,425,952 pairs
[08:30:45] [INFO] File 128/912: ESA0OPSFIN_20231240000_01D_30S_CLK.CLK.gz → 145,275 pairs | Total: 18,571,227 pairs
[08:30:46] [INFO] File 129/912: ESA0OPSFIN_20231350000_01D_30S_CLK.CLK.gz → 145,275 pairs | Total: 18,716,502 pairs
[08:30:46] [INFO] File 130/912: ESA0OPSFIN_20231390000_01D_30S_CLK.CLK.gz → 145,275 pairs | Total: 18,861,777 pairs
[08:30:47] [INFO] File 131/912: ESA0OPSFIN_20231150000_01D_30S_CLK.CLK.gz → 145,275 pairs | Total: 19,007,052 pairs
[08:30:48] [INFO] File 132/912: ESA0OPSFIN_20231200000_01D_30S_CLK.CLK.gz → 145,275 pairs | Total: 19,152,327 pairs
[08:30:49] [INFO] File 133/912: ESA0OPSFIN_20231330000_01D_30S_CLK.CLK.gz → 145,275 pairs | Total: 19,297,602 pairs
[08:30:49] [INFO] File 134/912: ESA0OPSFIN_20231180000_01D_30S_CLK.CLK.gz → 144,978 pairs | Total: 19,442,580 pairs
[08:30:50] [INFO] File 135/912: ESA0OPSFIN_20231210000_01D_30S_CLK.CLK.gz → 145,275 pairs | Total: 19,587,855 pairs
[08:30:51] [INFO] File 136/912: ESA0OPSFIN_20231370000_01D_30S_CLK.CLK.gz → 145,272 pairs | Total: 19,733,127 pairs
[08:30:52] [INFO] File 137/912: ESA0OPSFIN_20231140000_01D_30S_CLK.CLK.gz → 145,275 pairs | Total: 19,878,402 pairs
[08:30:53] [INFO] File 138/912: ESA0OPSFIN_20231170000_01D_30S_CLK.CLK.gz → 145,275 pairs | Total: 20,023,677 pairs
[08:30:53] [INFO] File 139/912: ESA0OPSFIN_20231130000_01D_30S_CLK.CLK.gz → 145,275 pairs | Total: 20,168,952 pairs
[08:30:54] [INFO] File 140/912: ESA0OPSFIN_20231380000_01D_30S_CLK.CLK.gz → 145,275 pairs | Total: 20,314,227 pairs
[08:30:54] [INFO] Batch 5 complete. Memory: 24.8% → 24.8%
[08:30:54] [PROCESS] Processing batch 6: 28 files (Memory: 24.8%)
[08:31:22] [INFO] File 141/912: ESA0OPSFIN_20231570000_01D_30S_CLK.CLK.gz → 145,275 pairs | Total: 20,459,502 pairs
[08:31:22] [INFO] File 142/912: ESA0OPSFIN_20231540000_01D_30S_CLK.CLK.gz → 145,275 pairs | Total: 20,604,777 pairs
[08:31:23] [INFO] File 143/912: ESA0OPSFIN_20231620000_01D_30S_CLK.CLK.gz → 145,275 pairs | Total: 20,750,052 pairs
[08:31:24] [INFO] File 144/912: ESA0OPSFIN_20231650000_01D_30S_CLK.CLK.gz → 145,275 pairs | Total: 20,895,327 pairs
[08:31:24] [INFO] File 145/912: ESA0OPSFIN_20231610000_01D_30S_CLK.CLK.gz → 145,275 pairs | Total: 21,040,602 pairs
[08:31:25] [INFO] File 146/912: ESA0OPSFIN_20231640000_01D_30S_CLK.CLK.gz → 145,274 pairs | Total: 21,185,876 pairs
[08:31:26] [INFO] File 147/912: ESA0OPSFIN_20231630000_01D_30S_CLK.CLK.gz → 145,275 pairs | Total: 21,331,151 pairs
[08:31:27] [INFO] File 148/912: ESA0OPSFIN_20231560000_01D_30S_CLK.CLK.gz → 145,271 pairs | Total: 21,476,422 pairs
[08:31:27] [INFO] File 149/912: ESA0OPSFIN_20231590000_01D_30S_CLK.CLK.gz → 145,275 pairs | Total: 21,621,697 pairs
[08:31:28] [INFO] File 150/912: ESA0OPSFIN_20231410000_01D_30S_CLK.CLK.gz → 145,275 pairs | Total: 21,766,972 pairs
[08:31:29] [INFO] File 151/912: ESA0OPSFIN_20231490000_01D_30S_CLK.CLK.gz → 145,272 pairs | Total: 21,912,244 pairs
[08:31:29] [INFO] File 152/912: ESA0OPSFIN_20231550000_01D_30S_CLK.CLK.gz → 145,275 pairs | Total: 22,057,519 pairs
[08:31:30] [INFO] File 153/912: ESA0OPSFIN_20231450000_01D_30S_CLK.CLK.gz → 145,275 pairs | Total: 22,202,794 pairs
[08:31:31] [INFO] File 154/912: ESA0OPSFIN_20231480000_01D_30S_CLK.CLK.gz → 145,275 pairs | Total: 22,348,069 pairs
[08:31:32] [INFO] File 155/912: ESA0OPSFIN_20231680000_01D_30S_CLK.CLK.gz → 145,273 pairs | Total: 22,493,342 pairs
[08:31:32] [INFO] File 156/912: ESA0OPSFIN_20231580000_01D_30S_CLK.CLK.gz → 145,272 pairs | Total: 22,638,614 pairs
[08:31:33] [INFO] File 157/912: ESA0OPSFIN_20231530000_01D_30S_CLK.CLK.gz → 145,275 pairs | Total: 22,783,889 pairs
[08:31:34] [INFO] File 158/912: ESA0OPSFIN_20231660000_01D_30S_CLK.CLK.gz → 145,270 pairs | Total: 22,929,159 pairs
[08:31:35] [INFO] File 159/912: ESA0OPSFIN_20231420000_01D_30S_CLK.CLK.gz → 145,274 pairs | Total: 23,074,433 pairs
[08:31:35] [INFO] File 160/912: ESA0OPSFIN_20231430000_01D_30S_CLK.CLK.gz → 145,275 pairs | Total: 23,219,708 pairs
[08:31:36] [INFO] File 161/912: ESA0OPSFIN_20231440000_01D_30S_CLK.CLK.gz → 145,275 pairs | Total: 23,364,983 pairs
[08:31:37] [INFO] File 162/912: ESA0OPSFIN_20231500000_01D_30S_CLK.CLK.gz → 145,274 pairs | Total: 23,510,257 pairs
[08:31:38] [INFO] File 163/912: ESA0OPSFIN_20231470000_01D_30S_CLK.CLK.gz → 145,126 pairs | Total: 23,655,383 pairs
[08:31:38] [INFO] File 164/912: ESA0OPSFIN_20231520000_01D_30S_CLK.CLK.gz → 145,273 pairs | Total: 23,800,656 pairs
[08:31:39] [INFO] File 165/912: ESA0OPSFIN_20231510000_01D_30S_CLK.CLK.gz → 145,275 pairs | Total: 23,945,931 pairs
[08:31:40] [INFO] File 166/912: ESA0OPSFIN_20231670000_01D_30S_CLK.CLK.gz → 145,275 pairs | Total: 24,091,206 pairs
[08:31:41] [INFO] File 167/912: ESA0OPSFIN_20231600000_01D_30S_CLK.CLK.gz → 145,271 pairs | Total: 24,236,477 pairs
[08:31:41] [INFO] File 168/912: ESA0OPSFIN_20231460000_01D_30S_CLK.CLK.gz → 145,272 pairs | Total: 24,381,749 pairs
[08:31:42] [INFO] Batch 6 complete. Memory: 24.8% → 24.8%
[08:31:42] [PROCESS] Processing batch 7: 28 files (Memory: 24.8%)
[08:32:08] [INFO] File 169/912: ESA0OPSFIN_20231770000_01D_30S_CLK.CLK.gz → 145,273 pairs | Total: 24,527,022 pairs
[08:32:09] [INFO] File 170/912: ESA0OPSFIN_20231780000_01D_30S_CLK.CLK.gz → 145,275 pairs | Total: 24,672,297 pairs
[08:32:09] [INFO] File 171/912: ESA0OPSFIN_20231790000_01D_30S_CLK.CLK.gz → 145,275 pairs | Total: 24,817,572 pairs
[08:32:10] [INFO] File 172/912: ESA0OPSFIN_20231840000_01D_30S_CLK.CLK.gz → 145,273 pairs | Total: 24,962,845 pairs
[08:32:11] [INFO] File 173/912: ESA0OPSFIN_20231890000_01D_30S_CLK.CLK.gz → 145,275 pairs | Total: 25,108,120 pairs
[08:32:11] [INFO] File 174/912: ESA0OPSFIN_20231750000_01D_30S_CLK.CLK.gz → 145,275 pairs | Total: 25,253,395 pairs
[08:32:12] [INFO] File 175/912: ESA0OPSFIN_20231800000_01D_30S_CLK.CLK.gz → 145,275 pairs | Total: 25,398,670 pairs
[08:32:13] [INFO] File 176/912: ESA0OPSFIN_20231910000_01D_30S_CLK.CLK.gz → 145,275 pairs | Total: 25,543,945 pairs
[08:32:14] [INFO] File 177/912: ESA0OPSFIN_20231710000_01D_30S_CLK.CLK.gz → 145,124 pairs | Total: 25,689,069 pairs
[08:32:14] [INFO] File 178/912: ESA0OPSFIN_20231700000_01D_30S_CLK.CLK.gz → 145,275 pairs | Total: 25,834,344 pairs
[08:32:15] [INFO] File 179/912: ESA0OPSFIN_20231900000_01D_30S_CLK.CLK.gz → 145,275 pairs | Total: 25,979,619 pairs
[08:32:16] [INFO] File 180/912: ESA0OPSFIN_20231940000_01D_30S_CLK.CLK.gz → 145,274 pairs | Total: 26,124,893 pairs
[08:32:17] [INFO] File 181/912: ESA0OPSFIN_20231950000_01D_30S_CLK.CLK.gz → 145,126 pairs | Total: 26,270,019 pairs
[08:32:17] [INFO] File 182/912: ESA0OPSFIN_20231830000_01D_30S_CLK.CLK.gz → 145,273 pairs | Total: 26,415,292 pairs
[08:32:18] [INFO] File 183/912: ESA0OPSFIN_20231960000_01D_30S_CLK.CLK.gz → 145,275 pairs | Total: 26,560,567 pairs
[08:32:19] [INFO] File 184/912: ESA0OPSFIN_20231740000_01D_30S_CLK.CLK.gz → 145,275 pairs | Total: 26,705,842 pairs
[08:32:20] [INFO] File 185/912: ESA0OPSFIN_20231720000_01D_30S_CLK.CLK.gz → 145,275 pairs | Total: 26,851,117 pairs
[08:32:20] [INFO] File 186/912: ESA0OPSFIN_20231820000_01D_30S_CLK.CLK.gz → 145,270 pairs | Total: 26,996,387 pairs
[08:32:21] [INFO] File 187/912: ESA0OPSFIN_20231870000_01D_30S_CLK.CLK.gz → 145,274 pairs | Total: 27,141,661 pairs
[08:32:22] [INFO] File 188/912: ESA0OPSFIN_20231930000_01D_30S_CLK.CLK.gz → 145,275 pairs | Total: 27,286,936 pairs
[08:32:23] [INFO] File 189/912: ESA0OPSFIN_20231810000_01D_30S_CLK.CLK.gz → 145,275 pairs | Total: 27,432,211 pairs
[08:32:23] [INFO] File 190/912: ESA0OPSFIN_20231760000_01D_30S_CLK.CLK.gz → 145,275 pairs | Total: 27,577,486 pairs
[08:32:24] [INFO] File 191/912: ESA0OPSFIN_20231880000_01D_30S_CLK.CLK.gz → 145,275 pairs | Total: 27,722,761 pairs
[08:32:25] [INFO] File 192/912: ESA0OPSFIN_20231730000_01D_30S_CLK.CLK.gz → 145,275 pairs | Total: 27,868,036 pairs
[08:32:26] [INFO] File 193/912: ESA0OPSFIN_20231860000_01D_30S_CLK.CLK.gz → 145,124 pairs | Total: 28,013,160 pairs
[08:32:27] [INFO] File 194/912: ESA0OPSFIN_20231920000_01D_30S_CLK.CLK.gz → 145,275 pairs | Total: 28,158,435 pairs
[08:32:27] [INFO] File 195/912: ESA0OPSFIN_20231690000_01D_30S_CLK.CLK.gz → 145,275 pairs | Total: 28,303,710 pairs
[08:32:28] [INFO] File 196/912: ESA0OPSFIN_20231850000_01D_30S_CLK.CLK.gz → 145,275 pairs | Total: 28,448,985 pairs
[08:32:28] [INFO] Batch 7 complete. Memory: 24.8% → 24.8%
[08:32:28] [PROCESS] Processing batch 8: 28 files (Memory: 24.8%)
[08:32:55] [INFO] File 197/912: ESA0OPSFIN_20232220000_01D_30S_CLK.CLK.gz → 145,126 pairs | Total: 28,594,111 pairs
[08:32:56] [INFO] File 198/912: ESA0OPSFIN_20232040000_01D_30S_CLK.CLK.gz → 145,275 pairs | Total: 28,739,386 pairs
[08:32:57] [INFO] File 199/912: ESA0OPSFIN_20232050000_01D_30S_CLK.CLK.gz → 143,338 pairs | Total: 28,882,724 pairs
[08:32:57] [INFO] File 200/912: ESA0OPSFIN_20232030000_01D_30S_CLK.CLK.gz → 145,275 pairs | Total: 29,027,999 pairs
[08:32:58] [INFO] File 201/912: ESA0OPSFIN_20231980000_01D_30S_CLK.CLK.gz → 145,273 pairs | Total: 29,173,272 pairs
[08:32:59] [INFO] File 202/912: ESA0OPSFIN_20232200000_01D_30S_CLK.CLK.gz → 145,271 pairs | Total: 29,318,543 pairs
[08:32:59] [INFO] File 203/912: ESA0OPSFIN_20232190000_01D_30S_CLK.CLK.gz → 145,272 pairs | Total: 29,463,815 pairs
[08:33:00] [INFO] File 204/912: ESA0OPSFIN_20232010000_01D_30S_CLK.CLK.gz → 145,275 pairs | Total: 29,609,090 pairs
[08:33:01] [INFO] File 205/912: ESA0OPSFIN_20232100000_01D_30S_CLK.CLK.gz → 145,274 pairs | Total: 29,754,364 pairs
[08:33:02] [INFO] File 206/912: ESA0OPSFIN_20232080000_01D_30S_CLK.CLK.gz → 143,338 pairs | Total: 29,897,702 pairs
[08:33:02] [INFO] File 207/912: ESA0OPSFIN_20232140000_01D_30S_CLK.CLK.gz → 145,273 pairs | Total: 30,042,975 pairs
[08:33:03] [INFO] File 208/912: ESA0OPSFIN_20232000000_01D_30S_CLK.CLK.gz → 145,275 pairs | Total: 30,188,250 pairs
[08:33:04] [INFO] File 209/912: ESA0OPSFIN_20232230000_01D_30S_CLK.CLK.gz → 145,274 pairs | Total: 30,333,524 pairs
[08:33:05] [INFO] File 210/912: ESA0OPSFIN_20231970000_01D_30S_CLK.CLK.gz → 145,275 pairs | Total: 30,478,799 pairs
[08:33:05] [INFO] File 211/912: ESA0OPSFIN_20232060000_01D_30S_CLK.CLK.gz → 145,273 pairs | Total: 30,624,072 pairs
[08:33:06] [INFO] File 212/912: ESA0OPSFIN_20232090000_01D_30S_CLK.CLK.gz → 145,275 pairs | Total: 30,769,347 pairs
[08:33:07] [INFO] File 213/912: ESA0OPSFIN_20232020000_01D_30S_CLK.CLK.gz → 145,272 pairs | Total: 30,914,619 pairs
[08:33:08] [INFO] File 214/912: ESA0OPSFIN_20232070000_01D_30S_CLK.CLK.gz → 143,190 pairs | Total: 31,057,809 pairs
[08:33:08] [INFO] File 215/912: ESA0OPSFIN_20232240000_01D_30S_CLK.CLK.gz → 145,275 pairs | Total: 31,203,084 pairs
[08:33:09] [INFO] File 216/912: ESA0OPSFIN_20232120000_01D_30S_CLK.CLK.gz → 143,338 pairs | Total: 31,346,422 pairs
[08:33:10] [INFO] File 217/912: ESA0OPSFIN_20231990000_01D_30S_CLK.CLK.gz → 145,275 pairs | Total: 31,491,697 pairs
[08:33:11] [INFO] File 218/912: ESA0OPSFIN_20232170000_01D_30S_CLK.CLK.gz → 145,275 pairs | Total: 31,636,972 pairs
[08:33:11] [INFO] File 219/912: ESA0OPSFIN_20232130000_01D_30S_CLK.CLK.gz → 145,275 pairs | Total: 31,782,247 pairs
[08:33:12] [INFO] File 220/912: ESA0OPSFIN_20232150000_01D_30S_CLK.CLK.gz → 145,273 pairs | Total: 31,927,520 pairs
[08:33:13] [INFO] File 221/912: ESA0OPSFIN_20232210000_01D_30S_CLK.CLK.gz → 145,271 pairs | Total: 32,072,791 pairs
[08:33:14] [INFO] File 222/912: ESA0OPSFIN_20232110000_01D_30S_CLK.CLK.gz → 145,275 pairs | Total: 32,218,066 pairs
[08:33:14] [INFO] File 223/912: ESA0OPSFIN_20232180000_01D_30S_CLK.CLK.gz → 145,274 pairs | Total: 32,363,340 pairs
[08:33:15] [INFO] File 224/912: ESA0OPSFIN_20232160000_01D_30S_CLK.CLK.gz → 145,271 pairs | Total: 32,508,611 pairs
[08:33:15] [INFO] Batch 8 complete. Memory: 24.9% → 24.9%
[08:33:15] [PROCESS] Processing batch 9: 28 files (Memory: 24.9%)
[08:33:42] [INFO] File 225/912: ESA0OPSFIN_20232390000_01D_30S_CLK.CLK.gz → 145,275 pairs | Total: 32,653,886 pairs
[08:33:43] [INFO] File 226/912: ESA0OPSFIN_20232510000_01D_30S_CLK.CLK.gz → 145,275 pairs | Total: 32,799,161 pairs
[08:33:44] [INFO] File 227/912: ESA0OPSFIN_20232370000_01D_30S_CLK.CLK.gz → 145,275 pairs | Total: 32,944,436 pairs
[08:33:45] [INFO] File 228/912: ESA0OPSFIN_20232420000_01D_30S_CLK.CLK.gz → 145,274 pairs | Total: 33,089,710 pairs
[08:33:45] [INFO] File 229/912: ESA0OPSFIN_20232430000_01D_30S_CLK.CLK.gz → 145,275 pairs | Total: 33,234,985 pairs
[08:33:46] [INFO] File 230/912: ESA0OPSFIN_20232460000_01D_30S_CLK.CLK.gz → 145,275 pairs | Total: 33,380,260 pairs
[08:33:47] [INFO] File 231/912: ESA0OPSFIN_20232440000_01D_30S_CLK.CLK.gz → 145,273 pairs | Total: 33,525,533 pairs
[08:33:48] [INFO] File 232/912: ESA0OPSFIN_20232470000_01D_30S_CLK.CLK.gz → 145,275 pairs | Total: 33,670,808 pairs
[08:33:48] [INFO] File 233/912: ESA0OPSFIN_20232400000_01D_30S_CLK.CLK.gz → 145,274 pairs | Total: 33,816,082 pairs
[08:33:49] [INFO] File 234/912: ESA0OPSFIN_20232250000_01D_30S_CLK.CLK.gz → 145,275 pairs | Total: 33,961,357 pairs
[08:33:50] [INFO] File 235/912: ESA0OPSFIN_20232480000_01D_30S_CLK.CLK.gz → 145,273 pairs | Total: 34,106,630 pairs
[08:33:51] [INFO] File 236/912: ESA0OPSFIN_20232520000_01D_30S_CLK.CLK.gz → 145,126 pairs | Total: 34,251,756 pairs
[08:33:51] [INFO] File 237/912: ESA0OPSFIN_20232380000_01D_30S_CLK.CLK.gz → 145,275 pairs | Total: 34,397,031 pairs
[08:33:52] [INFO] File 238/912: ESA0OPSFIN_20232410000_01D_30S_CLK.CLK.gz → 145,275 pairs | Total: 34,542,306 pairs
[08:33:53] [INFO] File 239/912: ESA0OPSFIN_20232260000_01D_30S_CLK.CLK.gz → 145,275 pairs | Total: 34,687,581 pairs
[08:33:53] [INFO] File 240/912: ESA0OPSFIN_20232300000_01D_30S_CLK.CLK.gz → 145,275 pairs | Total: 34,832,856 pairs
[08:33:54] [INFO] File 241/912: ESA0OPSFIN_20232450000_01D_30S_CLK.CLK.gz → 145,275 pairs | Total: 34,978,131 pairs
[08:33:55] [INFO] File 242/912: ESA0OPSFIN_20232310000_01D_30S_CLK.CLK.gz → 145,273 pairs | Total: 35,123,404 pairs
[08:33:56] [INFO] File 243/912: ESA0OPSFIN_20232490000_01D_30S_CLK.CLK.gz → 145,126 pairs | Total: 35,268,530 pairs
[08:33:57] [INFO] File 244/912: ESA0OPSFIN_20232280000_01D_30S_CLK.CLK.gz → 145,275 pairs | Total: 35,413,805 pairs
[08:33:57] [INFO] File 245/912: ESA0OPSFIN_20232360000_01D_30S_CLK.CLK.gz → 145,274 pairs | Total: 35,559,079 pairs
[08:33:58] [INFO] File 246/912: ESA0OPSFIN_20232500000_01D_30S_CLK.CLK.gz → 145,269 pairs | Total: 35,704,348 pairs
[08:33:59] [INFO] File 247/912: ESA0OPSFIN_20232340000_01D_30S_CLK.CLK.gz → 145,275 pairs | Total: 35,849,623 pairs
[08:34:00] [INFO] File 248/912: ESA0OPSFIN_20232290000_01D_30S_CLK.CLK.gz → 145,275 pairs | Total: 35,994,898 pairs
[08:34:00] [INFO] File 249/912: ESA0OPSFIN_20232350000_01D_30S_CLK.CLK.gz → 145,270 pairs | Total: 36,140,168 pairs
[08:34:01] [INFO] File 250/912: ESA0OPSFIN_20232320000_01D_30S_CLK.CLK.gz → 145,126 pairs | Total: 36,285,294 pairs
[08:34:02] [INFO] File 251/912: ESA0OPSFIN_20232270000_01D_30S_CLK.CLK.gz → 145,126 pairs | Total: 36,430,420 pairs
[08:34:03] [INFO] File 252/912: ESA0OPSFIN_20232330000_01D_30S_CLK.CLK.gz → 145,273 pairs | Total: 36,575,693 pairs
[08:34:03] [INFO] Batch 9 complete. Memory: 24.9% → 24.9%
[08:34:03] [PROCESS] Processing batch 10: 28 files (Memory: 24.9%)
[08:34:29] [INFO] File 253/912: ESA0OPSFIN_20232610000_01D_30S_CLK.CLK.gz → 145,275 pairs | Total: 36,720,968 pairs
[08:34:30] [INFO] File 254/912: ESA0OPSFIN_20232770000_01D_30S_CLK.CLK.gz → 141,414 pairs | Total: 36,862,382 pairs
[08:34:31] [INFO] File 255/912: ESA0OPSFIN_20232650000_01D_30S_CLK.CLK.gz → 143,337 pairs | Total: 37,005,719 pairs
[08:34:31] [INFO] File 256/912: ESA0OPSFIN_20232550000_01D_30S_CLK.CLK.gz → 143,338 pairs | Total: 37,149,057 pairs
[08:34:32] [INFO] File 257/912: ESA0OPSFIN_20232660000_01D_30S_CLK.CLK.gz → 145,275 pairs | Total: 37,294,332 pairs
[08:34:33] [INFO] File 258/912: ESA0OPSFIN_20232730000_01D_30S_CLK.CLK.gz → 145,275 pairs | Total: 37,439,607 pairs
[08:34:34] [INFO] File 259/912: ESA0OPSFIN_20232750000_01D_30S_CLK.CLK.gz → 141,411 pairs | Total: 37,581,018 pairs
[08:34:34] [INFO] File 260/912: ESA0OPSFIN_20232710000_01D_30S_CLK.CLK.gz → 143,337 pairs | Total: 37,724,355 pairs
[08:34:35] [INFO] File 261/912: ESA0OPSFIN_20232790000_01D_30S_CLK.CLK.gz → 145,275 pairs | Total: 37,869,630 pairs
[08:34:36] [INFO] File 262/912: ESA0OPSFIN_20232700000_01D_30S_CLK.CLK.gz → 145,273 pairs | Total: 38,014,903 pairs
[08:34:37] [INFO] File 263/912: ESA0OPSFIN_20232780000_01D_30S_CLK.CLK.gz → 145,271 pairs | Total: 38,160,174 pairs
[08:34:37] [INFO] File 264/912: ESA0OPSFIN_20232620000_01D_30S_CLK.CLK.gz → 145,274 pairs | Total: 38,305,448 pairs
[08:34:38] [INFO] File 265/912: ESA0OPSFIN_20232740000_01D_30S_CLK.CLK.gz → 145,126 pairs | Total: 38,450,574 pairs
[08:34:39] [INFO] File 266/912: ESA0OPSFIN_20232590000_01D_30S_CLK.CLK.gz → 145,275 pairs | Total: 38,595,849 pairs
[08:34:40] [INFO] File 267/912: ESA0OPSFIN_20232760000_01D_30S_CLK.CLK.gz → 145,275 pairs | Total: 38,741,124 pairs
[08:34:40] [INFO] File 268/912: ESA0OPSFIN_20232720000_01D_30S_CLK.CLK.gz → 143,337 pairs | Total: 38,884,461 pairs
[08:34:41] [INFO] File 269/912: ESA0OPSFIN_20232680000_01D_30S_CLK.CLK.gz → 145,126 pairs | Total: 39,029,587 pairs
[08:34:42] [INFO] File 270/912: ESA0OPSFIN_20232670000_01D_30S_CLK.CLK.gz → 145,275 pairs | Total: 39,174,862 pairs
[08:34:43] [INFO] File 271/912: ESA0OPSFIN_20232690000_01D_30S_CLK.CLK.gz → 145,267 pairs | Total: 39,320,129 pairs
[08:34:43] [INFO] File 272/912: ESA0OPSFIN_20232570000_01D_30S_CLK.CLK.gz → 145,275 pairs | Total: 39,465,404 pairs
[08:34:44] [INFO] File 273/912: ESA0OPSFIN_20232540000_01D_30S_CLK.CLK.gz → 145,275 pairs | Total: 39,610,679 pairs
[08:34:45] [INFO] File 274/912: ESA0OPSFIN_20232640000_01D_30S_CLK.CLK.gz → 145,275 pairs | Total: 39,755,954 pairs
[08:34:46] [INFO] File 275/912: ESA0OPSFIN_20232800000_01D_30S_CLK.CLK.gz → 145,275 pairs | Total: 39,901,229 pairs
[08:34:46] [INFO] File 276/912: ESA0OPSFIN_20232560000_01D_30S_CLK.CLK.gz → 143,333 pairs | Total: 40,044,562 pairs
[08:34:47] [INFO] File 277/912: ESA0OPSFIN_20232530000_01D_30S_CLK.CLK.gz → 145,275 pairs | Total: 40,189,837 pairs
[08:34:48] [INFO] File 278/912: ESA0OPSFIN_20232580000_01D_30S_CLK.CLK.gz → 145,275 pairs | Total: 40,335,112 pairs
[08:34:49] [INFO] File 279/912: ESA0OPSFIN_20232600000_01D_30S_CLK.CLK.gz → 145,270 pairs | Total: 40,480,382 pairs
[08:34:49] [INFO] File 280/912: ESA0OPSFIN_20232630000_01D_30S_CLK.CLK.gz → 145,275 pairs | Total: 40,625,657 pairs
[08:34:50] [INFO] Batch 10 complete. Memory: 24.9% → 24.9%
[08:34:50] [PROCESS] Processing batch 11: 28 files (Memory: 24.9%)
[08:35:16] [INFO] File 281/912: ESA0OPSFIN_20232890000_01D_30S_CLK.CLK.gz → 143,338 pairs | Total: 40,768,995 pairs
[08:35:17] [INFO] File 282/912: ESA0OPSFIN_20232840000_01D_30S_CLK.CLK.gz → 139,503 pairs | Total: 40,908,498 pairs
[08:35:18] [INFO] File 283/912: ESA0OPSFIN_20232830000_01D_30S_CLK.CLK.gz → 141,414 pairs | Total: 41,049,912 pairs
[08:35:18] [INFO] File 284/912: ESA0OPSFIN_20233010000_01D_30S_CLK.CLK.gz → 145,275 pairs | Total: 41,195,187 pairs
[08:35:19] [INFO] File 285/912: ESA0OPSFIN_20232820000_01D_30S_CLK.CLK.gz → 143,338 pairs | Total: 41,338,525 pairs
[08:35:20] [INFO] File 286/912: ESA0OPSFIN_20233050000_01D_30S_CLK.CLK.gz → 143,338 pairs | Total: 41,481,863 pairs
[08:35:21] [INFO] File 287/912: ESA0OPSFIN_20232930000_01D_30S_CLK.CLK.gz → 145,275 pairs | Total: 41,627,138 pairs
[08:35:21] [INFO] File 288/912: ESA0OPSFIN_20233000000_01D_30S_CLK.CLK.gz → 145,275 pairs | Total: 41,772,413 pairs
[08:35:22] [INFO] File 289/912: ESA0OPSFIN_20232980000_01D_30S_CLK.CLK.gz → 145,121 pairs | Total: 41,917,534 pairs
[08:35:23] [INFO] File 290/912: ESA0OPSFIN_20233020000_01D_30S_CLK.CLK.gz → 143,338 pairs | Total: 42,060,872 pairs
[08:35:24] [INFO] File 291/912: ESA0OPSFIN_20232990000_01D_30S_CLK.CLK.gz → 145,275 pairs | Total: 42,206,147 pairs
[08:35:24] [INFO] File 292/912: ESA0OPSFIN_20232870000_01D_30S_CLK.CLK.gz → 145,275 pairs | Total: 42,351,422 pairs
[08:35:25] [INFO] File 293/912: ESA0OPSFIN_20232860000_01D_30S_CLK.CLK.gz → 143,338 pairs | Total: 42,494,760 pairs
[08:35:26] [INFO] File 294/912: ESA0OPSFIN_20233040000_01D_30S_CLK.CLK.gz → 145,273 pairs | Total: 42,640,033 pairs
[08:35:27] [INFO] File 295/912: ESA0OPSFIN_20233080000_01D_30S_CLK.CLK.gz → 145,275 pairs | Total: 42,785,308 pairs
[08:35:27] [INFO] File 296/912: ESA0OPSFIN_20232910000_01D_30S_CLK.CLK.gz → 143,337 pairs | Total: 42,928,645 pairs
[08:35:28] [INFO] File 297/912: ESA0OPSFIN_20232850000_01D_30S_CLK.CLK.gz → 143,338 pairs | Total: 43,071,983 pairs
[08:35:29] [INFO] File 298/912: ESA0OPSFIN_20233030000_01D_30S_CLK.CLK.gz → 143,338 pairs | Total: 43,215,321 pairs
[08:35:30] [INFO] File 299/912: ESA0OPSFIN_20232960000_01D_30S_CLK.CLK.gz → 143,336 pairs | Total: 43,358,657 pairs
[08:35:30] [INFO] File 300/912: ESA0OPSFIN_20232940000_01D_30S_CLK.CLK.gz → 145,275 pairs | Total: 43,503,932 pairs
[08:35:31] [INFO] File 301/912: ESA0OPSFIN_20232900000_01D_30S_CLK.CLK.gz → 143,336 pairs | Total: 43,647,268 pairs
[08:35:32] [INFO] File 302/912: ESA0OPSFIN_20232950000_01D_30S_CLK.CLK.gz → 145,275 pairs | Total: 43,792,543 pairs
[08:35:33] [INFO] File 303/912: ESA0OPSFIN_20232810000_01D_30S_CLK.CLK.gz → 145,275 pairs | Total: 43,937,818 pairs
[08:35:33] [INFO] File 304/912: ESA0OPSFIN_20232920000_01D_30S_CLK.CLK.gz → 145,275 pairs | Total: 44,083,093 pairs
[08:35:34] [INFO] File 305/912: ESA0OPSFIN_20232880000_01D_30S_CLK.CLK.gz → 143,338 pairs | Total: 44,226,431 pairs
[08:35:35] [INFO] File 306/912: ESA0OPSFIN_20233070000_01D_30S_CLK.CLK.gz → 143,338 pairs | Total: 44,369,769 pairs
[08:35:36] [INFO] File 307/912: ESA0OPSFIN_20232970000_01D_30S_CLK.CLK.gz → 145,275 pairs | Total: 44,515,044 pairs
[08:35:36] [INFO] File 308/912: ESA0OPSFIN_20233060000_01D_30S_CLK.CLK.gz → 145,275 pairs | Total: 44,660,319 pairs
[08:35:37] [INFO] Batch 11 complete. Memory: 24.9% → 24.9%
[08:35:37] [PROCESS] Processing batch 12: 28 files (Memory: 24.9%)
[08:36:02] [INFO] File 309/912: ESA0OPSFIN_20233240000_01D_30S_CLK.CLK.gz → 143,338 pairs | Total: 44,803,657 pairs
[08:36:03] [INFO] File 310/912: ESA0OPSFIN_20233100000_01D_30S_CLK.CLK.gz → 143,332 pairs | Total: 44,946,989 pairs
[08:36:04] [INFO] File 311/912: ESA0OPSFIN_20233160000_01D_30S_CLK.CLK.gz → 143,338 pairs | Total: 45,090,327 pairs
[08:36:05] [INFO] File 312/912: ESA0OPSFIN_20233270000_01D_30S_CLK.CLK.gz → 145,275 pairs | Total: 45,235,602 pairs
[08:36:05] [INFO] File 313/912: ESA0OPSFIN_20233280000_01D_30S_CLK.CLK.gz → 145,275 pairs | Total: 45,380,877 pairs
[08:36:06] [INFO] File 314/912: ESA0OPSFIN_20233350000_01D_30S_CLK.CLK.gz → 145,116 pairs | Total: 45,525,993 pairs
[08:36:07] [INFO] File 315/912: ESA0OPSFIN_20233230000_01D_30S_CLK.CLK.gz → 143,338 pairs | Total: 45,669,331 pairs
[08:36:07] [INFO] File 316/912: ESA0OPSFIN_20233140000_01D_30S_CLK.CLK.gz → 143,338 pairs | Total: 45,812,669 pairs
[08:36:08] [INFO] File 317/912: ESA0OPSFIN_20233210000_01D_30S_CLK.CLK.gz → 145,275 pairs | Total: 45,957,944 pairs
[08:36:09] [INFO] File 318/912: ESA0OPSFIN_20233130000_01D_30S_CLK.CLK.gz → 141,414 pairs | Total: 46,099,358 pairs
[08:36:10] [INFO] File 319/912: ESA0OPSFIN_20233290000_01D_30S_CLK.CLK.gz → 143,338 pairs | Total: 46,242,696 pairs
[08:36:10] [INFO] File 320/912: ESA0OPSFIN_20233360000_01D_30S_CLK.CLK.gz → 143,338 pairs | Total: 46,386,034 pairs
[08:36:11] [INFO] File 321/912: ESA0OPSFIN_20233180000_01D_30S_CLK.CLK.gz → 145,274 pairs | Total: 46,531,308 pairs
[08:36:12] [INFO] File 322/912: ESA0OPSFIN_20233110000_01D_30S_CLK.CLK.gz → 143,338 pairs | Total: 46,674,646 pairs
[08:36:13] [INFO] File 323/912: ESA0OPSFIN_20233310000_01D_30S_CLK.CLK.gz → 143,332 pairs | Total: 46,817,978 pairs
[08:36:13] [INFO] File 324/912: ESA0OPSFIN_20233320000_01D_30S_CLK.CLK.gz → 143,338 pairs | Total: 46,961,316 pairs
[08:36:14] [INFO] File 325/912: ESA0OPSFIN_20233120000_01D_30S_CLK.CLK.gz → 141,414 pairs | Total: 47,102,730 pairs
[08:36:15] [INFO] File 326/912: ESA0OPSFIN_20233090000_01D_30S_CLK.CLK.gz → 143,338 pairs | Total: 47,246,068 pairs
[08:36:16] [INFO] File 327/912: ESA0OPSFIN_20233300000_01D_30S_CLK.CLK.gz → 143,338 pairs | Total: 47,389,406 pairs
[08:36:16] [INFO] File 328/912: ESA0OPSFIN_20233330000_01D_30S_CLK.CLK.gz → 145,121 pairs | Total: 47,534,527 pairs
[08:36:17] [INFO] File 329/912: ESA0OPSFIN_20233190000_01D_30S_CLK.CLK.gz → 143,331 pairs | Total: 47,677,858 pairs
[08:36:18] [INFO] File 330/912: ESA0OPSFIN_20233150000_01D_30S_CLK.CLK.gz → 141,414 pairs | Total: 47,819,272 pairs
[08:36:19] [INFO] File 331/912: ESA0OPSFIN_20233250000_01D_30S_CLK.CLK.gz → 145,275 pairs | Total: 47,964,547 pairs
[08:36:19] [INFO] File 332/912: ESA0OPSFIN_20233220000_01D_30S_CLK.CLK.gz → 145,275 pairs | Total: 48,109,822 pairs
[08:36:20] [INFO] File 333/912: ESA0OPSFIN_20233170000_01D_30S_CLK.CLK.gz → 145,275 pairs | Total: 48,255,097 pairs
[08:36:21] [INFO] File 334/912: ESA0OPSFIN_20233340000_01D_30S_CLK.CLK.gz → 145,275 pairs | Total: 48,400,372 pairs
[08:36:22] [INFO] File 335/912: ESA0OPSFIN_20233260000_01D_30S_CLK.CLK.gz → 145,275 pairs | Total: 48,545,647 pairs
[08:36:22] [INFO] File 336/912: ESA0OPSFIN_20233200000_01D_30S_CLK.CLK.gz → 145,275 pairs | Total: 48,690,922 pairs
[08:36:23] [INFO] Batch 12 complete. Memory: 24.9% → 24.9%
[08:36:23] [PROCESS] Processing batch 13: 28 files (Memory: 24.9%)
[08:36:49] [INFO] File 337/912: ESA0OPSFIN_20233520000_01D_30S_CLK.CLK.gz → 145,275 pairs | Total: 48,836,197 pairs
[08:36:50] [INFO] File 338/912: ESA0OPSFIN_20233530000_01D_30S_CLK.CLK.gz → 143,338 pairs | Total: 48,979,535 pairs
[08:36:51] [INFO] File 339/912: ESA0OPSFIN_20233570000_01D_30S_CLK.CLK.gz → 145,275 pairs | Total: 49,124,810 pairs
[08:36:51] [INFO] File 340/912: ESA0OPSFIN_20233490000_01D_30S_CLK.CLK.gz → 143,338 pairs | Total: 49,268,148 pairs
[08:36:52] [INFO] File 341/912: ESA0OPSFIN_20233380000_01D_30S_CLK.CLK.gz → 145,275 pairs | Total: 49,413,423 pairs
[08:36:53] [INFO] File 342/912: ESA0OPSFIN_20233390000_01D_30S_CLK.CLK.gz → 143,338 pairs | Total: 49,556,761 pairs
[08:36:53] [INFO] File 343/912: ESA0OPSFIN_20233510000_01D_30S_CLK.CLK.gz → 143,338 pairs | Total: 49,700,099 pairs
[08:36:54] [INFO] File 344/912: ESA0OPSFIN_20233430000_01D_30S_CLK.CLK.gz → 141,414 pairs | Total: 49,841,513 pairs
[08:36:55] [INFO] File 345/912: ESA0OPSFIN_20233560000_01D_30S_CLK.CLK.gz → 143,338 pairs | Total: 49,984,851 pairs
[08:36:56] [INFO] File 346/912: ESA0OPSFIN_20233580000_01D_30S_CLK.CLK.gz → 143,338 pairs | Total: 50,128,189 pairs
[08:36:56] [INFO] File 347/912: ESA0OPSFIN_20233590000_01D_30S_CLK.CLK.gz → 141,414 pairs | Total: 50,269,603 pairs
[08:36:57] [INFO] File 348/912: ESA0OPSFIN_20233460000_01D_30S_CLK.CLK.gz → 143,338 pairs | Total: 50,412,941 pairs
[08:36:58] [INFO] File 349/912: ESA0OPSFIN_20233540000_01D_30S_CLK.CLK.gz → 143,190 pairs | Total: 50,556,131 pairs
[08:36:59] [INFO] File 350/912: ESA0OPSFIN_20233370000_01D_30S_CLK.CLK.gz → 143,338 pairs | Total: 50,699,469 pairs
[08:36:59] [INFO] File 351/912: ESA0OPSFIN_20233500000_01D_30S_CLK.CLK.gz → 143,338 pairs | Total: 50,842,807 pairs
[08:37:00] [INFO] File 352/912: ESA0OPSFIN_20233550000_01D_30S_CLK.CLK.gz → 143,336 pairs | Total: 50,986,143 pairs
[08:37:01] [INFO] File 353/912: ESA0OPSFIN_20233420000_01D_30S_CLK.CLK.gz → 143,331 pairs | Total: 51,129,474 pairs
[08:37:01] [INFO] File 354/912: ESA0OPSFIN_20233600000_01D_30S_CLK.CLK.gz → 141,267 pairs | Total: 51,270,741 pairs
[08:37:02] [INFO] File 355/912: ESA0OPSFIN_20233440000_01D_30S_CLK.CLK.gz → 143,338 pairs | Total: 51,414,079 pairs
[08:37:03] [INFO] File 356/912: ESA0OPSFIN_20233450000_01D_30S_CLK.CLK.gz → 143,338 pairs | Total: 51,557,417 pairs
[08:37:04] [INFO] File 357/912: ESA0OPSFIN_20233620000_01D_30S_CLK.CLK.gz → 145,275 pairs | Total: 51,702,692 pairs
[08:37:05] [INFO] File 358/912: ESA0OPSFIN_20233410000_01D_30S_CLK.CLK.gz → 143,338 pairs | Total: 51,846,030 pairs
[08:37:05] [INFO] File 359/912: ESA0OPSFIN_20233470000_01D_30S_CLK.CLK.gz → 145,274 pairs | Total: 51,991,304 pairs
[08:37:06] [INFO] File 360/912: ESA0OPSFIN_20233610000_01D_30S_CLK.CLK.gz → 145,275 pairs | Total: 52,136,579 pairs
[08:37:07] [INFO] File 361/912: ESA0OPSFIN_20233640000_01D_30S_CLK.CLK.gz → 143,189 pairs | Total: 52,279,768 pairs
[08:37:08] [INFO] File 362/912: ESA0OPSFIN_20233630000_01D_30S_CLK.CLK.gz → 145,275 pairs | Total: 52,425,043 pairs
[08:37:08] [INFO] File 363/912: ESA0OPSFIN_20233400000_01D_30S_CLK.CLK.gz → 143,190 pairs | Total: 52,568,233 pairs
[08:37:09] [INFO] File 364/912: ESA0OPSFIN_20233480000_01D_30S_CLK.CLK.gz → 145,275 pairs | Total: 52,713,508 pairs
[08:37:09] [INFO] Batch 13 complete. Memory: 24.9% → 24.9%
[08:37:09] [PROCESS] Processing batch 14: 28 files (Memory: 24.9%)
[08:37:36] [INFO] File 365/912: ESA0OPSFIN_20240190000_01D_30S_CLK.CLK.gz → 141,414 pairs | Total: 52,854,922 pairs
[08:37:37] [INFO] File 366/912: ESA0OPSFIN_20240210000_01D_30S_CLK.CLK.gz → 143,338 pairs | Total: 52,998,260 pairs
[08:37:37] [INFO] File 367/912: ESA0OPSFIN_20233650000_01D_30S_CLK.CLK.gz → 145,275 pairs | Total: 53,143,535 pairs
[08:37:38] [INFO] File 368/912: ESA0OPSFIN_20240220000_01D_30S_CLK.CLK.gz → 143,338 pairs | Total: 53,286,873 pairs
[08:37:39] [INFO] File 369/912: ESA0OPSFIN_20240010000_01D_30S_CLK.CLK.gz → 145,275 pairs | Total: 53,432,148 pairs
[08:37:39] [INFO] File 370/912: ESA0OPSFIN_20240080000_01D_30S_CLK.CLK.gz → 141,413 pairs | Total: 53,573,561 pairs
[08:37:40] [INFO] File 371/912: ESA0OPSFIN_20240020000_01D_30S_CLK.CLK.gz → 143,190 pairs | Total: 53,716,751 pairs
[08:37:41] [INFO] File 372/912: ESA0OPSFIN_20240230000_01D_30S_CLK.CLK.gz → 141,408 pairs | Total: 53,858,159 pairs
[08:37:42] [INFO] File 373/912: ESA0OPSFIN_20240150000_01D_30S_CLK.CLK.gz → 143,333 pairs | Total: 54,001,492 pairs
[08:37:42] [INFO] File 374/912: ESA0OPSFIN_20240130000_01D_30S_CLK.CLK.gz → 141,414 pairs | Total: 54,142,906 pairs
[08:37:43] [INFO] File 375/912: ESA0OPSFIN_20240260000_01D_30S_CLK.CLK.gz → 143,190 pairs | Total: 54,286,096 pairs
[08:37:44] [INFO] File 376/912: ESA0OPSFIN_20240270000_01D_30S_CLK.CLK.gz → 143,338 pairs | Total: 54,429,434 pairs
[08:37:44] [INFO] File 377/912: ESA0OPSFIN_20240240000_01D_30S_CLK.CLK.gz → 145,275 pairs | Total: 54,574,709 pairs
[08:37:45] [INFO] File 378/912: ESA0OPSFIN_20240090000_01D_30S_CLK.CLK.gz → 143,337 pairs | Total: 54,718,046 pairs
[08:37:46] [INFO] File 379/912: ESA0OPSFIN_20240140000_01D_30S_CLK.CLK.gz → 141,412 pairs | Total: 54,859,458 pairs
[08:37:47] [INFO] File 380/912: ESA0OPSFIN_20240160000_01D_30S_CLK.CLK.gz → 143,338 pairs | Total: 55,002,796 pairs
[08:37:47] [INFO] File 381/912: ESA0OPSFIN_20240050000_01D_30S_CLK.CLK.gz → 143,338 pairs | Total: 55,146,134 pairs
[08:37:48] [INFO] File 382/912: ESA0OPSFIN_20240250000_01D_30S_CLK.CLK.gz → 143,338 pairs | Total: 55,289,472 pairs
[08:37:49] [INFO] File 383/912: ESA0OPSFIN_20240060000_01D_30S_CLK.CLK.gz → 143,337 pairs | Total: 55,432,809 pairs
[08:37:50] [INFO] File 384/912: ESA0OPSFIN_20240040000_01D_30S_CLK.CLK.gz → 145,274 pairs | Total: 55,578,083 pairs
[08:37:50] [INFO] File 385/912: ESA0OPSFIN_20240120000_01D_30S_CLK.CLK.gz → 143,190 pairs | Total: 55,721,273 pairs
[08:37:51] [INFO] File 386/912: ESA0OPSFIN_20240200000_01D_30S_CLK.CLK.gz → 145,275 pairs | Total: 55,866,548 pairs
[08:37:52] [INFO] File 387/912: ESA0OPSFIN_20240180000_01D_30S_CLK.CLK.gz → 145,272 pairs | Total: 56,011,820 pairs
[08:37:53] [INFO] File 388/912: ESA0OPSFIN_20240100000_01D_30S_CLK.CLK.gz → 143,336 pairs | Total: 56,155,156 pairs
[08:37:53] [INFO] File 389/912: ESA0OPSFIN_20240030000_01D_30S_CLK.CLK.gz → 143,190 pairs | Total: 56,298,346 pairs
[08:37:54] [INFO] File 390/912: ESA0OPSFIN_20240110000_01D_30S_CLK.CLK.gz → 143,338 pairs | Total: 56,441,684 pairs
[08:37:55] [INFO] File 391/912: ESA0OPSFIN_20240170000_01D_30S_CLK.CLK.gz → 145,275 pairs | Total: 56,586,959 pairs
[08:37:56] [INFO] File 392/912: ESA0OPSFIN_20240070000_01D_30S_CLK.CLK.gz → 145,274 pairs | Total: 56,732,233 pairs
[08:37:56] [INFO] Batch 14 complete. Memory: 25.0% → 25.0%
[08:37:56] [PROCESS] Processing batch 15: 28 files (Memory: 25.0%)
[08:38:23] [INFO] File 393/912: ESA0OPSFIN_20240380000_01D_30S_CLK.CLK.gz → 143,330 pairs | Total: 56,875,563 pairs
[08:38:23] [INFO] File 394/912: ESA0OPSFIN_20240440000_01D_30S_CLK.CLK.gz → 145,275 pairs | Total: 57,020,838 pairs
[08:38:24] [INFO] File 395/912: ESA0OPSFIN_20240420000_01D_30S_CLK.CLK.gz → 145,275 pairs | Total: 57,166,113 pairs
[08:38:25] [INFO] File 396/912: ESA0OPSFIN_20240410000_01D_30S_CLK.CLK.gz → 143,338 pairs | Total: 57,309,451 pairs
[08:38:25] [INFO] File 397/912: ESA0OPSFIN_20240310000_01D_30S_CLK.CLK.gz → 145,275 pairs | Total: 57,454,726 pairs
[08:38:26] [INFO] File 398/912: ESA0OPSFIN_20240330000_01D_30S_CLK.CLK.gz → 143,338 pairs | Total: 57,598,064 pairs
[08:38:27] [INFO] File 399/912: ESA0OPSFIN_20240500000_01D_30S_CLK.CLK.gz → 143,190 pairs | Total: 57,741,254 pairs
[08:38:28] [INFO] File 400/912: ESA0OPSFIN_20240540000_01D_30S_CLK.CLK.gz → 145,274 pairs | Total: 57,886,528 pairs
[08:38:28] [INFO] File 401/912: ESA0OPSFIN_20240360000_01D_30S_CLK.CLK.gz → 145,271 pairs | Total: 58,031,799 pairs
[08:38:29] [INFO] File 402/912: ESA0OPSFIN_20240300000_01D_30S_CLK.CLK.gz → 145,275 pairs | Total: 58,177,074 pairs
[08:38:30] [INFO] File 403/912: ESA0OPSFIN_20240400000_01D_30S_CLK.CLK.gz → 143,336 pairs | Total: 58,320,410 pairs
[08:38:31] [INFO] File 404/912: ESA0OPSFIN_20240370000_01D_30S_CLK.CLK.gz → 143,338 pairs | Total: 58,463,748 pairs
[08:38:31] [INFO] File 405/912: ESA0OPSFIN_20240520000_01D_30S_CLK.CLK.gz → 145,275 pairs | Total: 58,609,023 pairs
[08:38:32] [INFO] File 406/912: ESA0OPSFIN_20240550000_01D_30S_CLK.CLK.gz → 143,333 pairs | Total: 58,752,356 pairs
[08:38:33] [INFO] File 407/912: ESA0OPSFIN_20240340000_01D_30S_CLK.CLK.gz → 145,271 pairs | Total: 58,897,627 pairs
[08:38:34] [INFO] File 408/912: ESA0OPSFIN_20240480000_01D_30S_CLK.CLK.gz → 145,275 pairs | Total: 59,042,902 pairs
[08:38:34] [INFO] File 409/912: ESA0OPSFIN_20240460000_01D_30S_CLK.CLK.gz → 145,274 pairs | Total: 59,188,176 pairs
[08:38:35] [INFO] File 410/912: ESA0OPSFIN_20240490000_01D_30S_CLK.CLK.gz → 145,275 pairs | Total: 59,333,451 pairs
[08:38:36] [INFO] File 411/912: ESA0OPSFIN_20240320000_01D_30S_CLK.CLK.gz → 143,331 pairs | Total: 59,476,782 pairs
[08:38:37] [INFO] File 412/912: ESA0OPSFIN_20240290000_01D_30S_CLK.CLK.gz → 143,329 pairs | Total: 59,620,111 pairs
[08:38:37] [INFO] File 413/912: ESA0OPSFIN_20240430000_01D_30S_CLK.CLK.gz → 145,275 pairs | Total: 59,765,386 pairs
[08:38:38] [INFO] File 414/912: ESA0OPSFIN_20240470000_01D_30S_CLK.CLK.gz → 145,275 pairs | Total: 59,910,661 pairs
[08:38:39] [INFO] File 415/912: ESA0OPSFIN_20240280000_01D_30S_CLK.CLK.gz → 145,273 pairs | Total: 60,055,934 pairs
[08:38:40] [INFO] File 416/912: ESA0OPSFIN_20240450000_01D_30S_CLK.CLK.gz → 145,265 pairs | Total: 60,201,199 pairs
[08:38:40] [INFO] File 417/912: ESA0OPSFIN_20240350000_01D_30S_CLK.CLK.gz → 145,272 pairs | Total: 60,346,471 pairs
[08:38:41] [INFO] File 418/912: ESA0OPSFIN_20240530000_01D_30S_CLK.CLK.gz → 145,275 pairs | Total: 60,491,746 pairs
[08:38:42] [INFO] File 419/912: ESA0OPSFIN_20240390000_01D_30S_CLK.CLK.gz → 145,126 pairs | Total: 60,636,872 pairs
[08:38:43] [INFO] File 420/912: ESA0OPSFIN_20240510000_01D_30S_CLK.CLK.gz → 145,268 pairs | Total: 60,782,140 pairs
[08:38:43] [INFO] Batch 15 complete. Memory: 25.0% → 25.0%
[08:38:43] [PROCESS] Processing batch 16: 28 files (Memory: 25.0%)
[08:39:09] [INFO] File 421/912: ESA0OPSFIN_20240700000_01D_30S_CLK.CLK.gz → 145,275 pairs | Total: 60,927,415 pairs
[08:39:10] [INFO] File 422/912: ESA0OPSFIN_20240690000_01D_30S_CLK.CLK.gz → 145,275 pairs | Total: 61,072,690 pairs
[08:39:11] [INFO] File 423/912: ESA0OPSFIN_20240740000_01D_30S_CLK.CLK.gz → 145,275 pairs | Total: 61,217,965 pairs
[08:39:11] [INFO] File 424/912: ESA0OPSFIN_20240680000_01D_30S_CLK.CLK.gz → 145,126 pairs | Total: 61,363,091 pairs
[08:39:12] [INFO] File 425/912: ESA0OPSFIN_20240590000_01D_30S_CLK.CLK.gz → 145,272 pairs | Total: 61,508,363 pairs
[08:39:13] [INFO] File 426/912: ESA0OPSFIN_20240580000_01D_30S_CLK.CLK.gz → 145,272 pairs | Total: 61,653,635 pairs
[08:39:13] [INFO] File 427/912: ESA0OPSFIN_20240560000_01D_30S_CLK.CLK.gz → 143,338 pairs | Total: 61,796,973 pairs
[08:39:14] [INFO] File 428/912: ESA0OPSFIN_20240770000_01D_30S_CLK.CLK.gz → 145,126 pairs | Total: 61,942,099 pairs
[08:39:15] [INFO] File 429/912: ESA0OPSFIN_20240650000_01D_30S_CLK.CLK.gz → 143,337 pairs | Total: 62,085,436 pairs
[08:39:16] [INFO] File 430/912: ESA0OPSFIN_20240730000_01D_30S_CLK.CLK.gz → 145,275 pairs | Total: 62,230,711 pairs
[08:39:16] [INFO] File 431/912: ESA0OPSFIN_20240640000_01D_30S_CLK.CLK.gz → 145,275 pairs | Total: 62,375,986 pairs
[08:39:17] [INFO] File 432/912: ESA0OPSFIN_20240620000_01D_30S_CLK.CLK.gz → 143,338 pairs | Total: 62,519,324 pairs
[08:39:18] [INFO] File 433/912: ESA0OPSFIN_20240810000_01D_30S_CLK.CLK.gz → 145,125 pairs | Total: 62,664,449 pairs
[08:39:18] [INFO] File 434/912: ESA0OPSFIN_20240830000_01D_30S_CLK.CLK.gz → 145,275 pairs | Total: 62,809,724 pairs
[08:39:19] [INFO] File 435/912: ESA0OPSFIN_20240820000_01D_30S_CLK.CLK.gz → 145,275 pairs | Total: 62,954,999 pairs
[08:39:20] [INFO] File 436/912: ESA0OPSFIN_20240630000_01D_30S_CLK.CLK.gz → 141,414 pairs | Total: 63,096,413 pairs
[08:39:21] [INFO] File 437/912: ESA0OPSFIN_20240710000_01D_30S_CLK.CLK.gz → 145,274 pairs | Total: 63,241,687 pairs
[08:39:21] [INFO] File 438/912: ESA0OPSFIN_20240800000_01D_30S_CLK.CLK.gz → 145,275 pairs | Total: 63,386,962 pairs
[08:39:22] [INFO] File 439/912: ESA0OPSFIN_20240760000_01D_30S_CLK.CLK.gz → 145,275 pairs | Total: 63,532,237 pairs
[08:39:23] [INFO] File 440/912: ESA0OPSFIN_20240780000_01D_30S_CLK.CLK.gz → 145,275 pairs | Total: 63,677,512 pairs
[08:39:24] [INFO] File 441/912: ESA0OPSFIN_20240720000_01D_30S_CLK.CLK.gz → 143,338 pairs | Total: 63,820,850 pairs
[08:39:25] [INFO] File 442/912: ESA0OPSFIN_20240750000_01D_30S_CLK.CLK.gz → 145,275 pairs | Total: 63,966,125 pairs
[08:39:25] [INFO] File 443/912: ESA0OPSFIN_20240600000_01D_30S_CLK.CLK.gz → 143,338 pairs | Total: 64,109,463 pairs
[08:39:26] [INFO] File 444/912: ESA0OPSFIN_20240790000_01D_30S_CLK.CLK.gz → 145,275 pairs | Total: 64,254,738 pairs
[08:39:27] [INFO] File 445/912: ESA0OPSFIN_20240610000_01D_30S_CLK.CLK.gz → 145,268 pairs | Total: 64,400,006 pairs
[08:39:28] [INFO] File 446/912: ESA0OPSFIN_20240660000_01D_30S_CLK.CLK.gz → 141,414 pairs | Total: 64,541,420 pairs
[08:39:28] [INFO] File 447/912: ESA0OPSFIN_20240670000_01D_30S_CLK.CLK.gz → 145,275 pairs | Total: 64,686,695 pairs
[08:39:29] [INFO] File 448/912: ESA0OPSFIN_20240570000_01D_30S_CLK.CLK.gz → 145,275 pairs | Total: 64,831,970 pairs
[08:39:29] [INFO] Batch 16 complete. Memory: 25.0% → 25.0%
[08:39:29] [PROCESS] Processing batch 17: 28 files (Memory: 25.0%)
[08:39:56] [INFO] File 449/912: ESA0OPSFIN_20241110000_01D_30S_CLK.CLK.gz → 141,267 pairs | Total: 64,973,237 pairs
[08:39:56] [INFO] File 450/912: ESA0OPSFIN_20240850000_01D_30S_CLK.CLK.gz → 141,412 pairs | Total: 65,114,649 pairs
[08:39:57] [INFO] File 451/912: ESA0OPSFIN_20241040000_01D_30S_CLK.CLK.gz → 141,414 pairs | Total: 65,256,063 pairs
[08:39:58] [INFO] File 452/912: ESA0OPSFIN_20241000000_01D_30S_CLK.CLK.gz → 141,251 pairs | Total: 65,397,314 pairs
[08:39:59] [INFO] File 453/912: ESA0OPSFIN_20241050000_01D_30S_CLK.CLK.gz → 145,275 pairs | Total: 65,542,589 pairs
[08:39:59] [INFO] File 454/912: ESA0OPSFIN_20240870000_01D_30S_CLK.CLK.gz → 145,275 pairs | Total: 65,687,864 pairs
[08:40:00] [INFO] File 455/912: ESA0OPSFIN_20240940000_01D_30S_CLK.CLK.gz → 145,275 pairs | Total: 65,833,139 pairs
[08:40:01] [INFO] File 456/912: ESA0OPSFIN_20240860000_01D_30S_CLK.CLK.gz → 141,408 pairs | Total: 65,974,547 pairs
[08:40:01] [INFO] File 457/912: ESA0OPSFIN_20241030000_01D_30S_CLK.CLK.gz → 141,414 pairs | Total: 66,115,961 pairs
[08:40:02] [INFO] File 458/912: ESA0OPSFIN_20240980000_01D_30S_CLK.CLK.gz → 145,126 pairs | Total: 66,261,087 pairs
[08:40:03] [INFO] File 459/912: ESA0OPSFIN_20240960000_01D_30S_CLK.CLK.gz → 145,126 pairs | Total: 66,406,213 pairs
[08:40:04] [INFO] File 460/912: ESA0OPSFIN_20240890000_01D_30S_CLK.CLK.gz → 145,275 pairs | Total: 66,551,488 pairs
[08:40:04] [INFO] File 461/912: ESA0OPSFIN_20241080000_01D_30S_CLK.CLK.gz → 145,271 pairs | Total: 66,696,759 pairs
[08:40:05] [INFO] File 462/912: ESA0OPSFIN_20241100000_01D_30S_CLK.CLK.gz → 143,190 pairs | Total: 66,839,949 pairs
[08:40:06] [INFO] File 463/912: ESA0OPSFIN_20240970000_01D_30S_CLK.CLK.gz → 145,272 pairs | Total: 66,985,221 pairs
[08:40:07] [INFO] File 464/912: ESA0OPSFIN_20240990000_01D_30S_CLK.CLK.gz → 145,126 pairs | Total: 67,130,347 pairs
[08:40:07] [INFO] File 465/912: ESA0OPSFIN_20240910000_01D_30S_CLK.CLK.gz → 145,126 pairs | Total: 67,275,473 pairs
[08:40:08] [INFO] File 466/912: ESA0OPSFIN_20241010000_01D_30S_CLK.CLK.gz → 145,269 pairs | Total: 67,420,742 pairs
[08:40:09] [INFO] File 467/912: ESA0OPSFIN_20240880000_01D_30S_CLK.CLK.gz → 145,272 pairs | Total: 67,566,014 pairs
[08:40:10] [INFO] File 468/912: ESA0OPSFIN_20241060000_01D_30S_CLK.CLK.gz → 145,271 pairs | Total: 67,711,285 pairs
[08:40:10] [INFO] File 469/912: ESA0OPSFIN_20241020000_01D_30S_CLK.CLK.gz → 145,272 pairs | Total: 67,856,557 pairs
[08:40:11] [INFO] File 470/912: ESA0OPSFIN_20241090000_01D_30S_CLK.CLK.gz → 145,275 pairs | Total: 68,001,832 pairs
[08:40:12] [INFO] File 471/912: ESA0OPSFIN_20240920000_01D_30S_CLK.CLK.gz → 145,275 pairs | Total: 68,147,107 pairs
[08:40:13] [INFO] File 472/912: ESA0OPSFIN_20240930000_01D_30S_CLK.CLK.gz → 145,273 pairs | Total: 68,292,380 pairs
[08:40:13] [INFO] File 473/912: ESA0OPSFIN_20241070000_01D_30S_CLK.CLK.gz → 145,273 pairs | Total: 68,437,653 pairs
[08:40:14] [INFO] File 474/912: ESA0OPSFIN_20240840000_01D_30S_CLK.CLK.gz → 145,119 pairs | Total: 68,582,772 pairs
[08:40:15] [INFO] File 475/912: ESA0OPSFIN_20240900000_01D_30S_CLK.CLK.gz → 145,275 pairs | Total: 68,728,047 pairs
[08:40:16] [INFO] File 476/912: ESA0OPSFIN_20240950000_01D_30S_CLK.CLK.gz → 143,338 pairs | Total: 68,871,385 pairs
[08:40:16] [INFO] Batch 17 complete. Memory: 25.0% → 25.0%
[08:40:16] [PROCESS] Processing batch 18: 28 files (Memory: 25.0%)
[08:40:42] [INFO] File 477/912: ESA0OPSFIN_20241250000_01D_30S_CLK.CLK.gz → 141,413 pairs | Total: 69,012,798 pairs
[08:40:43] [INFO] File 478/912: ESA0OPSFIN_20241150000_01D_30S_CLK.CLK.gz → 141,414 pairs | Total: 69,154,212 pairs
[08:40:43] [INFO] File 479/912: ESA0OPSFIN_20241310000_01D_30S_CLK.CLK.gz → 145,275 pairs | Total: 69,299,487 pairs
[08:40:44] [INFO] File 480/912: ESA0OPSFIN_20241240000_01D_30S_CLK.CLK.gz → 141,267 pairs | Total: 69,440,754 pairs
[08:40:45] [INFO] File 481/912: ESA0OPSFIN_20241180000_01D_30S_CLK.CLK.gz → 141,267 pairs | Total: 69,582,021 pairs
[08:40:45] [INFO] File 482/912: ESA0OPSFIN_20241360000_01D_30S_CLK.CLK.gz → 145,275 pairs | Total: 69,727,296 pairs
[08:40:46] [INFO] File 483/912: ESA0OPSFIN_20241190000_01D_30S_CLK.CLK.gz → 145,126 pairs | Total: 69,872,422 pairs
[08:40:47] [INFO] File 484/912: ESA0OPSFIN_20241330000_01D_30S_CLK.CLK.gz → 145,275 pairs | Total: 70,017,697 pairs
[08:40:48] [INFO] File 485/912: ESA0OPSFIN_20241280000_01D_30S_CLK.CLK.gz → 145,274 pairs | Total: 70,162,971 pairs
[08:40:48] [INFO] File 486/912: ESA0OPSFIN_20241340000_01D_30S_CLK.CLK.gz → 141,412 pairs | Total: 70,304,383 pairs
[08:40:49] [INFO] File 487/912: ESA0OPSFIN_20241230000_01D_30S_CLK.CLK.gz → 145,275 pairs | Total: 70,449,658 pairs
[08:40:50] [INFO] File 488/912: ESA0OPSFIN_20241170000_01D_30S_CLK.CLK.gz → 145,273 pairs | Total: 70,594,931 pairs
[08:40:51] [INFO] File 489/912: ESA0OPSFIN_20241300000_01D_30S_CLK.CLK.gz → 145,275 pairs | Total: 70,740,206 pairs
[08:40:51] [INFO] File 490/912: ESA0OPSFIN_20241390000_01D_30S_CLK.CLK.gz → 145,275 pairs | Total: 70,885,481 pairs
[08:40:52] [INFO] File 491/912: ESA0OPSFIN_20241260000_01D_30S_CLK.CLK.gz → 145,273 pairs | Total: 71,030,754 pairs
[08:40:53] [INFO] File 492/912: ESA0OPSFIN_20241370000_01D_30S_CLK.CLK.gz → 145,270 pairs | Total: 71,176,024 pairs
[08:40:54] [INFO] File 493/912: ESA0OPSFIN_20241130000_01D_30S_CLK.CLK.gz → 143,190 pairs | Total: 71,319,214 pairs
[08:40:54] [INFO] File 494/912: ESA0OPSFIN_20241380000_01D_30S_CLK.CLK.gz → 145,126 pairs | Total: 71,464,340 pairs
[08:40:55] [INFO] File 495/912: ESA0OPSFIN_20241270000_01D_30S_CLK.CLK.gz → 145,273 pairs | Total: 71,609,613 pairs
[08:40:56] [INFO] File 496/912: ESA0OPSFIN_20241220000_01D_30S_CLK.CLK.gz → 145,270 pairs | Total: 71,754,883 pairs
[08:40:57] [INFO] File 497/912: ESA0OPSFIN_20241350000_01D_30S_CLK.CLK.gz → 145,275 pairs | Total: 71,900,158 pairs
[08:40:57] [INFO] File 498/912: ESA0OPSFIN_20241290000_01D_30S_CLK.CLK.gz → 145,253 pairs | Total: 72,045,411 pairs
[08:40:58] [INFO] File 499/912: ESA0OPSFIN_20241160000_01D_30S_CLK.CLK.gz → 145,275 pairs | Total: 72,190,686 pairs
[08:40:59] [INFO] File 500/912: ESA0OPSFIN_20241320000_01D_30S_CLK.CLK.gz → 145,275 pairs | Total: 72,335,961 pairs
[08:41:00] [INFO] File 501/912: ESA0OPSFIN_20241140000_01D_30S_CLK.CLK.gz → 145,275 pairs | Total: 72,481,236 pairs
[08:41:00] [INFO] File 502/912: ESA0OPSFIN_20241200000_01D_30S_CLK.CLK.gz → 145,125 pairs | Total: 72,626,361 pairs
[08:41:01] [INFO] File 503/912: ESA0OPSFIN_20241210000_01D_30S_CLK.CLK.gz → 145,275 pairs | Total: 72,771,636 pairs
[08:41:02] [INFO] File 504/912: ESA0OPSFIN_20241120000_01D_30S_CLK.CLK.gz → 145,269 pairs | Total: 72,916,905 pairs
[08:41:02] [INFO] Batch 18 complete. Memory: 25.0% → 25.0%
[08:41:02] [PROCESS] Processing batch 19: 28 files (Memory: 25.0%)
[08:41:28] [INFO] File 505/912: ESA0OPSFIN_20241530000_01D_30S_CLK.CLK.gz → 143,337 pairs | Total: 73,060,242 pairs
[08:41:29] [INFO] File 506/912: ESA0OPSFIN_20241540000_01D_30S_CLK.CLK.gz → 145,272 pairs | Total: 73,205,514 pairs
[08:41:30] [INFO] File 507/912: ESA0OPSFIN_20241550000_01D_30S_CLK.CLK.gz → 145,275 pairs | Total: 73,350,789 pairs
[08:41:31] [INFO] File 508/912: ESA0OPSFIN_20241400000_01D_30S_CLK.CLK.gz → 145,275 pairs | Total: 73,496,064 pairs
[08:41:31] [INFO] File 509/912: ESA0OPSFIN_20241640000_01D_30S_CLK.CLK.gz → 145,275 pairs | Total: 73,641,339 pairs
[08:41:32] [INFO] File 510/912: ESA0OPSFIN_20241570000_01D_30S_CLK.CLK.gz → 145,275 pairs | Total: 73,786,614 pairs
[08:41:33] [INFO] File 511/912: ESA0OPSFIN_20241500000_01D_30S_CLK.CLK.gz → 143,338 pairs | Total: 73,929,952 pairs
[08:41:34] [INFO] File 512/912: ESA0OPSFIN_20241650000_01D_30S_CLK.CLK.gz → 145,275 pairs | Total: 74,075,227 pairs
[08:41:34] [INFO] File 513/912: ESA0OPSFIN_20241610000_01D_30S_CLK.CLK.gz → 143,323 pairs | Total: 74,218,550 pairs
[08:41:35] [INFO] File 514/912: ESA0OPSFIN_20241490000_01D_30S_CLK.CLK.gz → 145,274 pairs | Total: 74,363,824 pairs
[08:41:36] [INFO] File 515/912: ESA0OPSFIN_20241560000_01D_30S_CLK.CLK.gz → 145,269 pairs | Total: 74,509,093 pairs
[08:41:36] [INFO] File 516/912: ESA0OPSFIN_20241440000_01D_30S_CLK.CLK.gz → 145,274 pairs | Total: 74,654,367 pairs
[08:41:37] [INFO] File 517/912: ESA0OPSFIN_20241620000_01D_30S_CLK.CLK.gz → 145,272 pairs | Total: 74,799,639 pairs
[08:41:38] [INFO] File 518/912: ESA0OPSFIN_20241450000_01D_30S_CLK.CLK.gz → 145,274 pairs | Total: 74,944,913 pairs
[08:41:39] [INFO] File 519/912: ESA0OPSFIN_20241460000_01D_30S_CLK.CLK.gz → 145,275 pairs | Total: 75,090,188 pairs
[08:41:39] [INFO] File 520/912: ESA0OPSFIN_20241520000_01D_30S_CLK.CLK.gz → 145,126 pairs | Total: 75,235,314 pairs
[08:41:40] [INFO] File 521/912: ESA0OPSFIN_20241470000_01D_30S_CLK.CLK.gz → 145,275 pairs | Total: 75,380,589 pairs
[08:41:41] [INFO] File 522/912: ESA0OPSFIN_20241670000_01D_30S_CLK.CLK.gz → 145,275 pairs | Total: 75,525,864 pairs
[08:41:42] [INFO] File 523/912: ESA0OPSFIN_20241660000_01D_30S_CLK.CLK.gz → 143,190 pairs | Total: 75,669,054 pairs
[08:41:42] [INFO] File 524/912: ESA0OPSFIN_20241410000_01D_30S_CLK.CLK.gz → 145,275 pairs | Total: 75,814,329 pairs
[08:41:43] [INFO] File 525/912: ESA0OPSFIN_20241600000_01D_30S_CLK.CLK.gz → 145,126 pairs | Total: 75,959,455 pairs
[08:41:44] [INFO] File 526/912: ESA0OPSFIN_20241430000_01D_30S_CLK.CLK.gz → 145,274 pairs | Total: 76,104,729 pairs
[08:41:45] [INFO] File 527/912: ESA0OPSFIN_20241580000_01D_30S_CLK.CLK.gz → 145,271 pairs | Total: 76,250,000 pairs
[08:41:45] [INFO] File 528/912: ESA0OPSFIN_20241630000_01D_30S_CLK.CLK.gz → 145,271 pairs | Total: 76,395,271 pairs
[08:41:46] [INFO] File 529/912: ESA0OPSFIN_20241590000_01D_30S_CLK.CLK.gz → 145,272 pairs | Total: 76,540,543 pairs
[08:41:47] [INFO] File 530/912: ESA0OPSFIN_20241420000_01D_30S_CLK.CLK.gz → 145,275 pairs | Total: 76,685,818 pairs
[08:41:48] [INFO] File 531/912: ESA0OPSFIN_20241480000_01D_30S_CLK.CLK.gz → 145,230 pairs | Total: 76,831,048 pairs
[08:41:49] [INFO] File 532/912: ESA0OPSFIN_20241510000_01D_30S_CLK.CLK.gz → 145,126 pairs | Total: 76,976,174 pairs
[08:41:49] [INFO] Batch 19 complete. Memory: 25.0% → 25.0%
[08:41:49] [PROCESS] Processing batch 20: 28 files (Memory: 25.0%)
[08:42:15] [INFO] File 533/912: ESA0OPSFIN_20241950000_01D_30S_CLK.CLK.gz → 143,335 pairs | Total: 77,119,509 pairs
[08:42:16] [INFO] File 534/912: ESA0OPSFIN_20241750000_01D_30S_CLK.CLK.gz → 143,335 pairs | Total: 77,262,844 pairs
[08:42:16] [INFO] File 535/912: ESA0OPSFIN_20241910000_01D_30S_CLK.CLK.gz → 143,338 pairs | Total: 77,406,182 pairs
[08:42:17] [INFO] File 536/912: ESA0OPSFIN_20241810000_01D_30S_CLK.CLK.gz → 145,275 pairs | Total: 77,551,457 pairs
[08:42:18] [INFO] File 537/912: ESA0OPSFIN_20241850000_01D_30S_CLK.CLK.gz → 145,275 pairs | Total: 77,696,732 pairs
[08:42:18] [INFO] File 538/912: ESA0OPSFIN_20241800000_01D_30S_CLK.CLK.gz → 143,338 pairs | Total: 77,840,070 pairs
[08:42:19] [INFO] File 539/912: ESA0OPSFIN_20241680000_01D_30S_CLK.CLK.gz → 145,275 pairs | Total: 77,985,345 pairs
[08:42:20] [INFO] File 540/912: ESA0OPSFIN_20241730000_01D_30S_CLK.CLK.gz → 143,334 pairs | Total: 78,128,679 pairs
[08:42:21] [INFO] File 541/912: ESA0OPSFIN_20241740000_01D_30S_CLK.CLK.gz → 143,190 pairs | Total: 78,271,869 pairs
[08:42:21] [INFO] File 542/912: ESA0OPSFIN_20241710000_01D_30S_CLK.CLK.gz → 145,272 pairs | Total: 78,417,141 pairs
[08:42:22] [INFO] File 543/912: ESA0OPSFIN_20241840000_01D_30S_CLK.CLK.gz → 143,335 pairs | Total: 78,560,476 pairs
[08:42:23] [INFO] File 544/912: ESA0OPSFIN_20241860000_01D_30S_CLK.CLK.gz → 145,275 pairs | Total: 78,705,751 pairs
[08:42:24] [INFO] File 545/912: ESA0OPSFIN_20241760000_01D_30S_CLK.CLK.gz → 145,275 pairs | Total: 78,851,026 pairs
[08:42:24] [INFO] File 546/912: ESA0OPSFIN_20241700000_01D_30S_CLK.CLK.gz → 145,274 pairs | Total: 78,996,300 pairs
[08:42:25] [INFO] File 547/912: ESA0OPSFIN_20241690000_01D_30S_CLK.CLK.gz → 145,275 pairs | Total: 79,141,575 pairs
[08:42:26] [INFO] File 548/912: ESA0OPSFIN_20241880000_01D_30S_CLK.CLK.gz → 145,274 pairs | Total: 79,286,849 pairs
[08:42:27] [INFO] File 549/912: ESA0OPSFIN_20241920000_01D_30S_CLK.CLK.gz → 145,257 pairs | Total: 79,432,106 pairs
[08:42:27] [INFO] File 550/912: ESA0OPSFIN_20241770000_01D_30S_CLK.CLK.gz → 145,126 pairs | Total: 79,577,232 pairs
[08:42:28] [INFO] File 551/912: ESA0OPSFIN_20241890000_01D_30S_CLK.CLK.gz → 143,189 pairs | Total: 79,720,421 pairs
[08:42:29] [INFO] File 552/912: ESA0OPSFIN_20241820000_01D_30S_CLK.CLK.gz → 145,273 pairs | Total: 79,865,694 pairs
[08:42:30] [INFO] File 553/912: ESA0OPSFIN_20241900000_01D_30S_CLK.CLK.gz → 145,122 pairs | Total: 80,010,816 pairs
[08:42:30] [INFO] File 554/912: ESA0OPSFIN_20241870000_01D_30S_CLK.CLK.gz → 145,122 pairs | Total: 80,155,938 pairs
[08:42:31] [INFO] File 555/912: ESA0OPSFIN_20241780000_01D_30S_CLK.CLK.gz → 145,275 pairs | Total: 80,301,213 pairs
[08:42:32] [INFO] File 556/912: ESA0OPSFIN_20241930000_01D_30S_CLK.CLK.gz → 145,275 pairs | Total: 80,446,488 pairs
[08:42:33] [INFO] File 557/912: ESA0OPSFIN_20241940000_01D_30S_CLK.CLK.gz → 145,272 pairs | Total: 80,591,760 pairs
[08:42:33] [INFO] File 558/912: ESA0OPSFIN_20241720000_01D_30S_CLK.CLK.gz → 145,266 pairs | Total: 80,737,026 pairs
[08:42:34] [INFO] File 559/912: ESA0OPSFIN_20241830000_01D_30S_CLK.CLK.gz → 145,124 pairs | Total: 80,882,150 pairs
[08:42:35] [INFO] File 560/912: ESA0OPSFIN_20241790000_01D_30S_CLK.CLK.gz → 143,183 pairs | Total: 81,025,333 pairs
[08:42:35] [INFO] Batch 20 complete. Memory: 25.1% → 25.1%
[08:42:35] [PROCESS] Processing batch 21: 28 files (Memory: 25.1%)
[08:43:01] [INFO] File 561/912: ESA0OPSFIN_20242100000_01D_30S_CLK.CLK.gz → 143,338 pairs | Total: 81,168,671 pairs
[08:43:02] [INFO] File 562/912: ESA0OPSFIN_20242210000_01D_30S_CLK.CLK.gz → 141,414 pairs | Total: 81,310,085 pairs
[08:43:03] [INFO] File 563/912: ESA0OPSFIN_20242180000_01D_30S_CLK.CLK.gz → 143,338 pairs | Total: 81,453,423 pairs
[08:43:03] [INFO] File 564/912: ESA0OPSFIN_20242070000_01D_30S_CLK.CLK.gz → 143,338 pairs | Total: 81,596,761 pairs
[08:43:04] [INFO] File 565/912: ESA0OPSFIN_20242160000_01D_30S_CLK.CLK.gz → 141,267 pairs | Total: 81,738,028 pairs
[08:43:05] [INFO] File 566/912: ESA0OPSFIN_20242010000_01D_30S_CLK.CLK.gz → 141,414 pairs | Total: 81,879,442 pairs
[08:43:06] [INFO] File 567/912: ESA0OPSFIN_20242060000_01D_30S_CLK.CLK.gz → 141,267 pairs | Total: 82,020,709 pairs
[08:43:06] [INFO] File 568/912: ESA0OPSFIN_20242130000_01D_30S_CLK.CLK.gz → 143,338 pairs | Total: 82,164,047 pairs
[08:43:07] [INFO] File 569/912: ESA0OPSFIN_20242030000_01D_30S_CLK.CLK.gz → 139,500 pairs | Total: 82,303,547 pairs
[08:43:08] [INFO] File 570/912: ESA0OPSFIN_20242230000_01D_30S_CLK.CLK.gz → 141,263 pairs | Total: 82,444,810 pairs
[08:43:08] [INFO] File 571/912: ESA0OPSFIN_20241980000_01D_30S_CLK.CLK.gz → 145,261 pairs | Total: 82,590,071 pairs
[08:43:09] [INFO] File 572/912: ESA0OPSFIN_20242150000_01D_30S_CLK.CLK.gz → 143,338 pairs | Total: 82,733,409 pairs
[08:43:10] [INFO] File 573/912: ESA0OPSFIN_20242220000_01D_30S_CLK.CLK.gz → 143,190 pairs | Total: 82,876,599 pairs
[08:43:11] [INFO] File 574/912: ESA0OPSFIN_20241970000_01D_30S_CLK.CLK.gz → 145,275 pairs | Total: 83,021,874 pairs
[08:43:11] [INFO] File 575/912: ESA0OPSFIN_20242200000_01D_30S_CLK.CLK.gz → 143,334 pairs | Total: 83,165,208 pairs
[08:43:12] [INFO] File 576/912: ESA0OPSFIN_20242080000_01D_30S_CLK.CLK.gz → 143,338 pairs | Total: 83,308,546 pairs
[08:43:13] [INFO] File 577/912: ESA0OPSFIN_20242020000_01D_30S_CLK.CLK.gz → 143,338 pairs | Total: 83,451,884 pairs
[08:43:13] [INFO] File 578/912: ESA0OPSFIN_20242000000_01D_30S_CLK.CLK.gz → 143,338 pairs | Total: 83,595,222 pairs
[08:43:14] [INFO] File 579/912: ESA0OPSFIN_20242170000_01D_30S_CLK.CLK.gz → 143,336 pairs | Total: 83,738,558 pairs
[08:43:15] [INFO] File 580/912: ESA0OPSFIN_20242040000_01D_30S_CLK.CLK.gz → 143,337 pairs | Total: 83,881,895 pairs
[08:43:16] [INFO] File 581/912: ESA0OPSFIN_20242110000_01D_30S_CLK.CLK.gz → 143,183 pairs | Total: 84,025,078 pairs
[08:43:16] [INFO] File 582/912: ESA0OPSFIN_20242140000_01D_30S_CLK.CLK.gz → 141,261 pairs | Total: 84,166,339 pairs
[08:43:17] [INFO] File 583/912: ESA0OPSFIN_20242090000_01D_30S_CLK.CLK.gz → 143,338 pairs | Total: 84,309,677 pairs
[08:43:18] [INFO] File 584/912: ESA0OPSFIN_20241990000_01D_30S_CLK.CLK.gz → 145,126 pairs | Total: 84,454,803 pairs
[08:43:19] [INFO] File 585/912: ESA0OPSFIN_20242190000_01D_30S_CLK.CLK.gz → 145,268 pairs | Total: 84,600,071 pairs
[08:43:20] [INFO] File 586/912: ESA0OPSFIN_20241960000_01D_30S_CLK.CLK.gz → 145,275 pairs | Total: 84,745,346 pairs
[08:43:20] [INFO] File 587/912: ESA0OPSFIN_20242050000_01D_30S_CLK.CLK.gz → 143,338 pairs | Total: 84,888,684 pairs
[08:43:21] [INFO] File 588/912: ESA0OPSFIN_20242120000_01D_30S_CLK.CLK.gz → 143,329 pairs | Total: 85,032,013 pairs
[08:43:21] [INFO] Batch 21 complete. Memory: 25.1% → 25.1%
[08:43:21] [PROCESS] Processing batch 22: 28 files (Memory: 25.1%)
[08:43:48] [INFO] File 589/912: ESA0OPSFIN_20242340000_01D_30S_CLK.CLK.gz → 143,336 pairs | Total: 85,175,349 pairs
[08:43:48] [INFO] File 590/912: ESA0OPSFIN_20242370000_01D_30S_CLK.CLK.gz → 143,338 pairs | Total: 85,318,687 pairs
[08:43:49] [INFO] File 591/912: ESA0OPSFIN_20242490000_01D_30S_CLK.CLK.gz → 143,338 pairs | Total: 85,462,025 pairs
[08:43:50] [INFO] File 592/912: ESA0OPSFIN_20242240000_01D_30S_CLK.CLK.gz → 141,412 pairs | Total: 85,603,437 pairs
[08:43:51] [INFO] File 593/912: ESA0OPSFIN_20242480000_01D_30S_CLK.CLK.gz → 141,409 pairs | Total: 85,744,846 pairs
[08:43:51] [INFO] File 594/912: ESA0OPSFIN_20242440000_01D_30S_CLK.CLK.gz → 143,189 pairs | Total: 85,888,035 pairs
[08:43:52] [INFO] File 595/912: ESA0OPSFIN_20242270000_01D_30S_CLK.CLK.gz → 142,889 pairs | Total: 86,030,924 pairs
[08:43:53] [INFO] File 596/912: ESA0OPSFIN_20242470000_01D_30S_CLK.CLK.gz → 143,337 pairs | Total: 86,174,261 pairs
[08:43:53] [INFO] File 597/912: ESA0OPSFIN_20242420000_01D_30S_CLK.CLK.gz → 143,338 pairs | Total: 86,317,599 pairs
[08:43:54] [INFO] File 598/912: ESA0OPSFIN_20242380000_01D_30S_CLK.CLK.gz → 143,338 pairs | Total: 86,460,937 pairs
[08:43:55] [INFO] File 599/912: ESA0OPSFIN_20242250000_01D_30S_CLK.CLK.gz → 143,329 pairs | Total: 86,604,266 pairs
[08:43:56] [INFO] File 600/912: ESA0OPSFIN_20242460000_01D_30S_CLK.CLK.gz → 143,190 pairs | Total: 86,747,456 pairs
[08:43:56] [INFO] File 601/912: ESA0OPSFIN_20242290000_01D_30S_CLK.CLK.gz → 143,338 pairs | Total: 86,890,794 pairs
[08:43:57] [INFO] File 602/912: ESA0OPSFIN_20242510000_01D_30S_CLK.CLK.gz → 143,338 pairs | Total: 87,034,132 pairs
[08:43:58] [INFO] File 603/912: ESA0OPSFIN_20242430000_01D_30S_CLK.CLK.gz → 143,338 pairs | Total: 87,177,470 pairs
[08:43:59] [INFO] File 604/912: ESA0OPSFIN_20242410000_01D_30S_CLK.CLK.gz → 143,338 pairs | Total: 87,320,808 pairs
[08:43:59] [INFO] File 605/912: ESA0OPSFIN_20242310000_01D_30S_CLK.CLK.gz → 143,338 pairs | Total: 87,464,146 pairs
[08:44:00] [INFO] File 606/912: ESA0OPSFIN_20242330000_01D_30S_CLK.CLK.gz → 141,414 pairs | Total: 87,605,560 pairs
[08:44:01] [INFO] File 607/912: ESA0OPSFIN_20242280000_01D_30S_CLK.CLK.gz → 143,338 pairs | Total: 87,748,898 pairs
[08:44:02] [INFO] File 608/912: ESA0OPSFIN_20242260000_01D_30S_CLK.CLK.gz → 143,334 pairs | Total: 87,892,232 pairs
[08:44:02] [INFO] File 609/912: ESA0OPSFIN_20242300000_01D_30S_CLK.CLK.gz → 143,338 pairs | Total: 88,035,570 pairs
[08:44:03] [INFO] File 610/912: ESA0OPSFIN_20242450000_01D_30S_CLK.CLK.gz → 143,337 pairs | Total: 88,178,907 pairs
[08:44:04] [INFO] File 611/912: ESA0OPSFIN_20242390000_01D_30S_CLK.CLK.gz → 141,411 pairs | Total: 88,320,318 pairs
[08:44:05] [INFO] File 612/912: ESA0OPSFIN_20242400000_01D_30S_CLK.CLK.gz → 143,338 pairs | Total: 88,463,656 pairs
[08:44:05] [INFO] File 613/912: ESA0OPSFIN_20242360000_01D_30S_CLK.CLK.gz → 143,333 pairs | Total: 88,606,989 pairs
[08:44:06] [INFO] File 614/912: ESA0OPSFIN_20242500000_01D_30S_CLK.CLK.gz → 143,334 pairs | Total: 88,750,323 pairs
[08:44:07] [INFO] File 615/912: ESA0OPSFIN_20242320000_01D_30S_CLK.CLK.gz → 143,338 pairs | Total: 88,893,661 pairs
[08:44:08] [INFO] File 616/912: ESA0OPSFIN_20242350000_01D_30S_CLK.CLK.gz → 143,337 pairs | Total: 89,036,998 pairs
[08:44:08] [INFO] Batch 22 complete. Memory: 25.1% → 25.1%
[08:44:08] [PROCESS] Processing batch 23: 28 files (Memory: 25.1%)
[08:44:34] [INFO] File 617/912: ESA0OPSFIN_20242580000_01D_30S_CLK.CLK.gz → 141,412 pairs | Total: 89,178,410 pairs
[08:44:35] [INFO] File 618/912: ESA0OPSFIN_20242760000_01D_30S_CLK.CLK.gz → 139,495 pairs | Total: 89,317,905 pairs
[08:44:35] [INFO] File 619/912: ESA0OPSFIN_20242660000_01D_30S_CLK.CLK.gz → 143,338 pairs | Total: 89,461,243 pairs
[08:44:36] [INFO] File 620/912: ESA0OPSFIN_20242770000_01D_30S_CLK.CLK.gz → 141,267 pairs | Total: 89,602,510 pairs
[08:44:37] [INFO] File 621/912: ESA0OPSFIN_20242790000_01D_30S_CLK.CLK.gz → 143,338 pairs | Total: 89,745,848 pairs
[08:44:37] [INFO] File 622/912: ESA0OPSFIN_20242750000_01D_30S_CLK.CLK.gz → 143,338 pairs | Total: 89,889,186 pairs
[08:44:38] [INFO] File 623/912: ESA0OPSFIN_20242600000_01D_30S_CLK.CLK.gz → 143,338 pairs | Total: 90,032,524 pairs
[08:44:39] [INFO] File 624/912: ESA0OPSFIN_20242730000_01D_30S_CLK.CLK.gz → 141,262 pairs | Total: 90,173,786 pairs
[08:44:40] [INFO] File 625/912: ESA0OPSFIN_20242680000_01D_30S_CLK.CLK.gz → 143,335 pairs | Total: 90,317,121 pairs
[08:44:40] [INFO] File 626/912: ESA0OPSFIN_20242720000_01D_30S_CLK.CLK.gz → 141,414 pairs | Total: 90,458,535 pairs
[08:44:41] [INFO] File 627/912: ESA0OPSFIN_20242740000_01D_30S_CLK.CLK.gz → 143,190 pairs | Total: 90,601,725 pairs
[08:44:42] [INFO] File 628/912: ESA0OPSFIN_20242640000_01D_30S_CLK.CLK.gz → 143,337 pairs | Total: 90,745,062 pairs
[08:44:43] [INFO] File 629/912: ESA0OPSFIN_20242710000_01D_30S_CLK.CLK.gz → 143,335 pairs | Total: 90,888,397 pairs
[08:44:43] [INFO] File 630/912: ESA0OPSFIN_20242780000_01D_30S_CLK.CLK.gz → 143,338 pairs | Total: 91,031,735 pairs
[08:44:44] [INFO] File 631/912: ESA0OPSFIN_20242690000_01D_30S_CLK.CLK.gz → 143,332 pairs | Total: 91,175,067 pairs
[08:44:45] [INFO] File 632/912: ESA0OPSFIN_20242590000_01D_30S_CLK.CLK.gz → 143,337 pairs | Total: 91,318,404 pairs
[08:44:45] [INFO] File 633/912: ESA0OPSFIN_20242620000_01D_30S_CLK.CLK.gz → 143,338 pairs | Total: 91,461,742 pairs
[08:44:46] [INFO] File 634/912: ESA0OPSFIN_20242670000_01D_30S_CLK.CLK.gz → 143,332 pairs | Total: 91,605,074 pairs
[08:44:47] [INFO] File 635/912: ESA0OPSFIN_20242540000_01D_30S_CLK.CLK.gz → 143,190 pairs | Total: 91,748,264 pairs
[08:44:48] [INFO] File 636/912: ESA0OPSFIN_20242650000_01D_30S_CLK.CLK.gz → 143,338 pairs | Total: 91,891,602 pairs
[08:44:48] [INFO] File 637/912: ESA0OPSFIN_20242610000_01D_30S_CLK.CLK.gz → 141,412 pairs | Total: 92,033,014 pairs
[08:44:49] [INFO] File 638/912: ESA0OPSFIN_20242550000_01D_30S_CLK.CLK.gz → 143,336 pairs | Total: 92,176,350 pairs
[08:44:50] [INFO] File 639/912: ESA0OPSFIN_20242530000_01D_30S_CLK.CLK.gz → 143,338 pairs | Total: 92,319,688 pairs
[08:44:51] [INFO] File 640/912: ESA0OPSFIN_20242520000_01D_30S_CLK.CLK.gz → 143,325 pairs | Total: 92,463,013 pairs
[08:44:51] [INFO] File 641/912: ESA0OPSFIN_20242560000_01D_30S_CLK.CLK.gz → 143,337 pairs | Total: 92,606,350 pairs
[08:44:52] [INFO] File 642/912: ESA0OPSFIN_20242700000_01D_30S_CLK.CLK.gz → 143,338 pairs | Total: 92,749,688 pairs
[08:44:53] [INFO] File 643/912: ESA0OPSFIN_20242570000_01D_30S_CLK.CLK.gz → 143,043 pairs | Total: 92,892,731 pairs
[08:44:54] [INFO] File 644/912: ESA0OPSFIN_20242630000_01D_30S_CLK.CLK.gz → 139,502 pairs | Total: 93,032,233 pairs
[08:44:54] [INFO] Batch 23 complete. Memory: 25.1% → 25.1%
[08:44:54] [PROCESS] Processing batch 24: 28 files (Memory: 25.1%)
[08:45:20] [INFO] File 645/912: ESA0OPSFIN_20242850000_01D_30S_CLK.CLK.gz → 141,414 pairs | Total: 93,173,647 pairs
[08:45:21] [INFO] File 646/912: ESA0OPSFIN_20242930000_01D_30S_CLK.CLK.gz → 145,271 pairs | Total: 93,318,918 pairs
[08:45:21] [INFO] File 647/912: ESA0OPSFIN_20242920000_01D_30S_CLK.CLK.gz → 145,275 pairs | Total: 93,464,193 pairs
[08:45:22] [INFO] File 648/912: ESA0OPSFIN_20242870000_01D_30S_CLK.CLK.gz → 143,338 pairs | Total: 93,607,531 pairs
[08:45:23] [INFO] File 649/912: ESA0OPSFIN_20243060000_01D_30S_CLK.CLK.gz → 145,126 pairs | Total: 93,752,657 pairs
[08:45:24] [INFO] File 650/912: ESA0OPSFIN_20243000000_01D_30S_CLK.CLK.gz → 143,338 pairs | Total: 93,895,995 pairs
[08:45:24] [INFO] File 651/912: ESA0OPSFIN_20243070000_01D_30S_CLK.CLK.gz → 143,338 pairs | Total: 94,039,333 pairs
[08:45:25] [INFO] File 652/912: ESA0OPSFIN_20242830000_01D_30S_CLK.CLK.gz → 143,338 pairs | Total: 94,182,671 pairs
[08:45:26] [INFO] File 653/912: ESA0OPSFIN_20242810000_01D_30S_CLK.CLK.gz → 141,414 pairs | Total: 94,324,085 pairs
[08:45:26] [INFO] File 654/912: ESA0OPSFIN_20242800000_01D_30S_CLK.CLK.gz → 141,414 pairs | Total: 94,465,499 pairs
[08:45:27] [INFO] File 655/912: ESA0OPSFIN_20242880000_01D_30S_CLK.CLK.gz → 141,414 pairs | Total: 94,606,913 pairs
[08:45:28] [INFO] File 656/912: ESA0OPSFIN_20243050000_01D_30S_CLK.CLK.gz → 145,271 pairs | Total: 94,752,184 pairs
[08:45:29] [INFO] File 657/912: ESA0OPSFIN_20242960000_01D_30S_CLK.CLK.gz → 145,269 pairs | Total: 94,897,453 pairs
[08:45:29] [INFO] File 658/912: ESA0OPSFIN_20243020000_01D_30S_CLK.CLK.gz → 145,126 pairs | Total: 95,042,579 pairs
[08:45:30] [INFO] File 659/912: ESA0OPSFIN_20242910000_01D_30S_CLK.CLK.gz → 143,338 pairs | Total: 95,185,917 pairs
[08:45:31] [INFO] File 660/912: ESA0OPSFIN_20242940000_01D_30S_CLK.CLK.gz → 145,275 pairs | Total: 95,331,192 pairs
[08:45:32] [INFO] File 661/912: ESA0OPSFIN_20243040000_01D_30S_CLK.CLK.gz → 145,126 pairs | Total: 95,476,318 pairs
[08:45:32] [INFO] File 662/912: ESA0OPSFIN_20242970000_01D_30S_CLK.CLK.gz → 143,329 pairs | Total: 95,619,647 pairs
[08:45:33] [INFO] File 663/912: ESA0OPSFIN_20242950000_01D_30S_CLK.CLK.gz → 145,274 pairs | Total: 95,764,921 pairs
[08:45:34] [INFO] File 664/912: ESA0OPSFIN_20243030000_01D_30S_CLK.CLK.gz → 145,275 pairs | Total: 95,910,196 pairs
[08:45:35] [INFO] File 665/912: ESA0OPSFIN_20242990000_01D_30S_CLK.CLK.gz → 145,274 pairs | Total: 96,055,470 pairs
[08:45:35] [INFO] File 666/912: ESA0OPSFIN_20242980000_01D_30S_CLK.CLK.gz → 145,126 pairs | Total: 96,200,596 pairs
[08:45:36] [INFO] File 667/912: ESA0OPSFIN_20242860000_01D_30S_CLK.CLK.gz → 143,338 pairs | Total: 96,343,934 pairs
[08:45:37] [INFO] File 668/912: ESA0OPSFIN_20242890000_01D_30S_CLK.CLK.gz → 145,273 pairs | Total: 96,489,207 pairs
[08:45:38] [INFO] File 669/912: ESA0OPSFIN_20243010000_01D_30S_CLK.CLK.gz → 145,274 pairs | Total: 96,634,481 pairs
[08:45:38] [INFO] File 670/912: ESA0OPSFIN_20242840000_01D_30S_CLK.CLK.gz → 143,189 pairs | Total: 96,777,670 pairs
[08:45:39] [INFO] File 671/912: ESA0OPSFIN_20242820000_01D_30S_CLK.CLK.gz → 143,328 pairs | Total: 96,920,998 pairs
[08:45:40] [INFO] File 672/912: ESA0OPSFIN_20242900000_01D_30S_CLK.CLK.gz → 145,267 pairs | Total: 97,066,265 pairs
[08:45:40] [INFO] Batch 24 complete. Memory: 25.1% → 25.1%
[08:45:40] [PROCESS] Processing batch 25: 28 files (Memory: 25.1%)
[08:46:07] [INFO] File 673/912: ESA0OPSFIN_20243270000_01D_30S_CLK.CLK.gz → 143,337 pairs | Total: 97,209,602 pairs
[08:46:08] [INFO] File 674/912: ESA0OPSFIN_20243350000_01D_30S_CLK.CLK.gz → 143,337 pairs | Total: 97,352,939 pairs
[08:46:09] [INFO] File 675/912: ESA0OPSFIN_20243250000_01D_30S_CLK.CLK.gz → 141,414 pairs | Total: 97,494,353 pairs
[08:46:09] [INFO] File 676/912: ESA0OPSFIN_20243200000_01D_30S_CLK.CLK.gz → 143,338 pairs | Total: 97,637,691 pairs
[08:46:10] [INFO] File 677/912: ESA0OPSFIN_20243260000_01D_30S_CLK.CLK.gz → 139,503 pairs | Total: 97,777,194 pairs
[08:46:11] [INFO] File 678/912: ESA0OPSFIN_20243280000_01D_30S_CLK.CLK.gz → 141,414 pairs | Total: 97,918,608 pairs
[08:46:11] [INFO] File 679/912: ESA0OPSFIN_20243170000_01D_30S_CLK.CLK.gz → 141,414 pairs | Total: 98,060,022 pairs
[08:46:12] [INFO] File 680/912: ESA0OPSFIN_20243220000_01D_30S_CLK.CLK.gz → 143,338 pairs | Total: 98,203,360 pairs
[08:46:13] [INFO] File 681/912: ESA0OPSFIN_20243160000_01D_30S_CLK.CLK.gz → 145,275 pairs | Total: 98,348,635 pairs
[08:46:13] [INFO] File 682/912: ESA0OPSFIN_20243150000_01D_30S_CLK.CLK.gz → 145,274 pairs | Total: 98,493,909 pairs
[08:46:14] [INFO] File 683/912: ESA0OPSFIN_20243210000_01D_30S_CLK.CLK.gz → 141,267 pairs | Total: 98,635,176 pairs
[08:46:15] [INFO] File 684/912: ESA0OPSFIN_20243330000_01D_30S_CLK.CLK.gz → 143,338 pairs | Total: 98,778,514 pairs
[08:46:15] [INFO] File 685/912: ESA0OPSFIN_20243140000_01D_30S_CLK.CLK.gz → 141,414 pairs | Total: 98,919,928 pairs
[08:46:16] [INFO] File 686/912: ESA0OPSFIN_20243290000_01D_30S_CLK.CLK.gz → 143,189 pairs | Total: 99,063,117 pairs
[08:46:17] [INFO] File 687/912: ESA0OPSFIN_20243340000_01D_30S_CLK.CLK.gz → 143,338 pairs | Total: 99,206,455 pairs
[08:46:18] [INFO] File 688/912: ESA0OPSFIN_20243100000_01D_30S_CLK.CLK.gz → 145,275 pairs | Total: 99,351,730 pairs
[08:46:18] [INFO] File 689/912: ESA0OPSFIN_20243240000_01D_30S_CLK.CLK.gz → 143,338 pairs | Total: 99,495,068 pairs
[08:46:19] [INFO] File 690/912: ESA0OPSFIN_20243230000_01D_30S_CLK.CLK.gz → 143,338 pairs | Total: 99,638,406 pairs
[08:46:20] [INFO] File 691/912: ESA0OPSFIN_20243320000_01D_30S_CLK.CLK.gz → 143,338 pairs | Total: 99,781,744 pairs
[08:46:21] [INFO] File 692/912: ESA0OPSFIN_20243090000_01D_30S_CLK.CLK.gz → 145,275 pairs | Total: 99,927,019 pairs
[08:46:21] [INFO] File 693/912: ESA0OPSFIN_20243180000_01D_30S_CLK.CLK.gz → 143,327 pairs | Total: 100,070,346 pairs
[08:46:22] [INFO] File 694/912: ESA0OPSFIN_20243300000_01D_30S_CLK.CLK.gz → 143,337 pairs | Total: 100,213,683 pairs
[08:46:23] [INFO] File 695/912: ESA0OPSFIN_20243080000_01D_30S_CLK.CLK.gz → 145,275 pairs | Total: 100,358,958 pairs
[08:46:24] [INFO] File 696/912: ESA0OPSFIN_20243310000_01D_30S_CLK.CLK.gz → 143,338 pairs | Total: 100,502,296 pairs
[08:46:24] [INFO] File 697/912: ESA0OPSFIN_20243130000_01D_30S_CLK.CLK.gz → 143,338 pairs | Total: 100,645,634 pairs
[08:46:25] [INFO] File 698/912: ESA0OPSFIN_20243190000_01D_30S_CLK.CLK.gz → 143,190 pairs | Total: 100,788,824 pairs
[08:46:26] [INFO] File 699/912: ESA0OPSFIN_20243110000_01D_30S_CLK.CLK.gz → 145,275 pairs | Total: 100,934,099 pairs
[08:46:27] [INFO] File 700/912: ESA0OPSFIN_20243120000_01D_30S_CLK.CLK.gz → 145,126 pairs | Total: 101,079,225 pairs
[08:46:27] [INFO] Batch 25 complete. Memory: 25.1% → 25.1%
[08:46:27] [PROCESS] Processing batch 26: 28 files (Memory: 25.1%)
[08:46:53] [INFO] File 701/912: ESA0OPSFIN_20243480000_01D_30S_CLK.CLK.gz → 143,338 pairs | Total: 101,222,563 pairs
[08:46:54] [INFO] File 702/912: ESA0OPSFIN_20243540000_01D_30S_CLK.CLK.gz → 143,337 pairs | Total: 101,365,900 pairs
[08:46:55] [INFO] File 703/912: ESA0OPSFIN_20243530000_01D_30S_CLK.CLK.gz → 143,190 pairs | Total: 101,509,090 pairs
[08:46:55] [INFO] File 704/912: ESA0OPSFIN_20243600000_01D_30S_CLK.CLK.gz → 143,338 pairs | Total: 101,652,428 pairs
[08:46:56] [INFO] File 705/912: ESA0OPSFIN_20243580000_01D_30S_CLK.CLK.gz → 143,334 pairs | Total: 101,795,762 pairs
[08:46:57] [INFO] File 706/912: ESA0OPSFIN_20243500000_01D_30S_CLK.CLK.gz → 141,263 pairs | Total: 101,937,025 pairs
[08:46:57] [INFO] File 707/912: ESA0OPSFIN_20243380000_01D_30S_CLK.CLK.gz → 143,338 pairs | Total: 102,080,363 pairs
[08:46:58] [INFO] File 708/912: ESA0OPSFIN_20243400000_01D_30S_CLK.CLK.gz → 143,190 pairs | Total: 102,223,553 pairs
[08:46:59] [INFO] File 709/912: ESA0OPSFIN_20243410000_01D_30S_CLK.CLK.gz → 143,338 pairs | Total: 102,366,891 pairs
[08:47:00] [INFO] File 710/912: ESA0OPSFIN_20243430000_01D_30S_CLK.CLK.gz → 143,337 pairs | Total: 102,510,228 pairs
[08:47:00] [INFO] File 711/912: ESA0OPSFIN_20243620000_01D_30S_CLK.CLK.gz → 143,333 pairs | Total: 102,653,561 pairs
[08:47:01] [INFO] File 712/912: ESA0OPSFIN_20243360000_01D_30S_CLK.CLK.gz → 143,338 pairs | Total: 102,796,899 pairs
[08:47:02] [INFO] File 713/912: ESA0OPSFIN_20243370000_01D_30S_CLK.CLK.gz → 143,338 pairs | Total: 102,940,237 pairs
[08:47:03] [INFO] File 714/912: ESA0OPSFIN_20243520000_01D_30S_CLK.CLK.gz → 143,338 pairs | Total: 103,083,575 pairs
[08:47:03] [INFO] File 715/912: ESA0OPSFIN_20243490000_01D_30S_CLK.CLK.gz → 143,338 pairs | Total: 103,226,913 pairs
[08:47:04] [INFO] File 716/912: ESA0OPSFIN_20243440000_01D_30S_CLK.CLK.gz → 143,336 pairs | Total: 103,370,249 pairs
[08:47:05] [INFO] File 717/912: ESA0OPSFIN_20243610000_01D_30S_CLK.CLK.gz → 143,338 pairs | Total: 103,513,587 pairs
[08:47:05] [INFO] File 718/912: ESA0OPSFIN_20243560000_01D_30S_CLK.CLK.gz → 143,337 pairs | Total: 103,656,924 pairs
[08:47:06] [INFO] File 719/912: ESA0OPSFIN_20243450000_01D_30S_CLK.CLK.gz → 143,338 pairs | Total: 103,800,262 pairs
[08:47:07] [INFO] File 720/912: ESA0OPSFIN_20243510000_01D_30S_CLK.CLK.gz → 143,338 pairs | Total: 103,943,600 pairs
[08:47:08] [INFO] File 721/912: ESA0OPSFIN_20243590000_01D_30S_CLK.CLK.gz → 143,338 pairs | Total: 104,086,938 pairs
[08:47:08] [INFO] File 722/912: ESA0OPSFIN_20243630000_01D_30S_CLK.CLK.gz → 143,185 pairs | Total: 104,230,123 pairs
[08:47:09] [INFO] File 723/912: ESA0OPSFIN_20243420000_01D_30S_CLK.CLK.gz → 143,337 pairs | Total: 104,373,460 pairs
[08:47:10] [INFO] File 724/912: ESA0OPSFIN_20243570000_01D_30S_CLK.CLK.gz → 143,336 pairs | Total: 104,516,796 pairs
[08:47:11] [INFO] File 725/912: ESA0OPSFIN_20243550000_01D_30S_CLK.CLK.gz → 143,190 pairs | Total: 104,659,986 pairs
[08:47:11] [INFO] File 726/912: ESA0OPSFIN_20243390000_01D_30S_CLK.CLK.gz → 143,338 pairs | Total: 104,803,324 pairs
[08:47:12] [INFO] File 727/912: ESA0OPSFIN_20243460000_01D_30S_CLK.CLK.gz → 145,275 pairs | Total: 104,948,599 pairs
[08:47:13] [INFO] File 728/912: ESA0OPSFIN_20243470000_01D_30S_CLK.CLK.gz → 141,411 pairs | Total: 105,090,010 pairs
[08:47:13] [INFO] Batch 26 complete. Memory: 25.1% → 25.1%
[08:47:13] [PROCESS] Processing batch 27: 28 files (Memory: 25.1%)
[08:47:39] [INFO] File 729/912: ESA0OPSFIN_20250170000_01D_30S_CLK.CLK.gz → 139,357 pairs | Total: 105,229,367 pairs
[08:47:40] [INFO] File 730/912: ESA0OPSFIN_20250120000_01D_30S_CLK.CLK.gz → 139,503 pairs | Total: 105,368,870 pairs
[08:47:40] [INFO] File 731/912: ESA0OPSFIN_20250220000_01D_30S_CLK.CLK.gz → 139,503 pairs | Total: 105,508,373 pairs
[08:47:41] [INFO] File 732/912: ESA0OPSFIN_20243640000_01D_30S_CLK.CLK.gz → 143,337 pairs | Total: 105,651,710 pairs
[08:47:42] [INFO] File 733/912: ESA0OPSFIN_20250140000_01D_30S_CLK.CLK.gz → 139,356 pairs | Total: 105,791,066 pairs
[08:47:42] [INFO] File 734/912: ESA0OPSFIN_20243660000_01D_30S_CLK.CLK.gz → 143,338 pairs | Total: 105,934,404 pairs
[08:47:43] [INFO] File 735/912: ESA0OPSFIN_20250210000_01D_30S_CLK.CLK.gz → 139,357 pairs | Total: 106,073,761 pairs
[08:47:44] [INFO] File 736/912: ESA0OPSFIN_20250160000_01D_30S_CLK.CLK.gz → 139,495 pairs | Total: 106,213,256 pairs
[08:47:45] [INFO] File 737/912: ESA0OPSFIN_20250230000_01D_30S_CLK.CLK.gz → 139,357 pairs | Total: 106,352,613 pairs
[08:47:45] [INFO] File 738/912: ESA0OPSFIN_20250200000_01D_30S_CLK.CLK.gz → 139,503 pairs | Total: 106,492,116 pairs
[08:47:46] [INFO] File 739/912: ESA0OPSFIN_20250250000_01D_30S_CLK.CLK.gz → 139,503 pairs | Total: 106,631,619 pairs
[08:47:47] [INFO] File 740/912: ESA0OPSFIN_20250190000_01D_30S_CLK.CLK.gz → 139,357 pairs | Total: 106,770,976 pairs
[08:47:47] [INFO] File 741/912: ESA0OPSFIN_20250110000_01D_30S_CLK.CLK.gz → 143,190 pairs | Total: 106,914,166 pairs
[08:47:48] [INFO] File 742/912: ESA0OPSFIN_20243650000_01D_30S_CLK.CLK.gz → 143,338 pairs | Total: 107,057,504 pairs
[08:47:49] [INFO] File 743/912: ESA0OPSFIN_20250070000_01D_30S_CLK.CLK.gz → 143,338 pairs | Total: 107,200,842 pairs
[08:47:50] [INFO] File 744/912: ESA0OPSFIN_20250180000_01D_30S_CLK.CLK.gz → 139,501 pairs | Total: 107,340,343 pairs
[08:47:50] [INFO] File 745/912: ESA0OPSFIN_20250020000_01D_30S_CLK.CLK.gz → 143,337 pairs | Total: 107,483,680 pairs
[08:47:51] [INFO] File 746/912: ESA0OPSFIN_20250150000_01D_30S_CLK.CLK.gz → 141,414 pairs | Total: 107,625,094 pairs
[08:47:52] [INFO] File 747/912: ESA0OPSFIN_20250100000_01D_30S_CLK.CLK.gz → 143,189 pairs | Total: 107,768,283 pairs
[08:47:53] [INFO] File 748/912: ESA0OPSFIN_20250050000_01D_30S_CLK.CLK.gz → 143,338 pairs | Total: 107,911,621 pairs
[08:47:53] [INFO] File 749/912: ESA0OPSFIN_20250010000_01D_30S_CLK.CLK.gz → 143,338 pairs | Total: 108,054,959 pairs
[08:47:54] [INFO] File 750/912: ESA0OPSFIN_20250060000_01D_30S_CLK.CLK.gz → 143,320 pairs | Total: 108,198,279 pairs
[08:47:55] [INFO] File 751/912: ESA0OPSFIN_20250240000_01D_30S_CLK.CLK.gz → 139,496 pairs | Total: 108,337,775 pairs
[08:47:56] [INFO] File 752/912: ESA0OPSFIN_20250080000_01D_30S_CLK.CLK.gz → 143,338 pairs | Total: 108,481,113 pairs
[08:47:56] [INFO] File 753/912: ESA0OPSFIN_20250040000_01D_30S_CLK.CLK.gz → 143,336 pairs | Total: 108,624,449 pairs
[08:47:57] [INFO] File 754/912: ESA0OPSFIN_20250130000_01D_30S_CLK.CLK.gz → 143,337 pairs | Total: 108,767,786 pairs
[08:47:58] [INFO] File 755/912: ESA0OPSFIN_20250090000_01D_30S_CLK.CLK.gz → 143,181 pairs | Total: 108,910,967 pairs
[08:47:59] [INFO] File 756/912: ESA0OPSFIN_20250030000_01D_30S_CLK.CLK.gz → 143,326 pairs | Total: 109,054,293 pairs
[08:47:59] [INFO] Batch 27 complete. Memory: 25.1% → 25.1%
[08:47:59] [PROCESS] Processing batch 28: 28 files (Memory: 25.1%)
[08:49:07] [INFO] File 757/912: ESA0OPSFIN_20250480000_01D_30S_CLK.CLK.gz → 165,561 pairs | Total: 109,219,854 pairs
[08:49:08] [INFO] File 758/912: ESA0OPSFIN_20250460000_01D_30S_CLK.CLK.gz → 167,475 pairs | Total: 109,387,329 pairs
[08:49:09] [INFO] File 759/912: ESA0OPSFIN_20250310000_01D_30S_CLK.CLK.gz → 169,400 pairs | Total: 109,556,729 pairs
[08:49:10] [INFO] File 760/912: ESA0OPSFIN_20250430000_01D_30S_CLK.CLK.gz → 169,399 pairs | Total: 109,726,128 pairs
[08:49:11] [INFO] File 761/912: ESA0OPSFIN_20250300000_01D_30S_CLK.CLK.gz → 167,475 pairs | Total: 109,893,603 pairs
[08:49:11] [INFO] File 762/912: ESA0OPSFIN_20250470000_01D_30S_CLK.CLK.gz → 167,475 pairs | Total: 110,061,078 pairs
[08:49:12] [INFO] File 763/912: ESA0OPSFIN_20250500000_01D_30S_CLK.CLK.gz → 175,241 pairs | Total: 110,236,319 pairs
[08:49:13] [INFO] File 764/912: ESA0OPSFIN_20250450000_01D_30S_CLK.CLK.gz → 167,475 pairs | Total: 110,403,794 pairs
[08:49:14] [INFO] File 765/912: ESA0OPSFIN_20250520000_01D_30S_CLK.CLK.gz → 169,400 pairs | Total: 110,573,194 pairs
[08:49:15] [INFO] File 766/912: ESA0OPSFIN_20250290000_01D_30S_CLK.CLK.gz → 169,400 pairs | Total: 110,742,594 pairs
[08:49:16] [INFO] File 767/912: ESA0OPSFIN_20250270000_01D_30S_CLK.CLK.gz → 169,400 pairs | Total: 110,911,994 pairs
[08:49:16] [INFO] File 768/912: ESA0OPSFIN_20250350000_01D_30S_CLK.CLK.gz → 169,400 pairs | Total: 111,081,394 pairs
[08:49:17] [INFO] File 769/912: ESA0OPSFIN_20250360000_01D_30S_CLK.CLK.gz → 169,400 pairs | Total: 111,250,794 pairs
[08:49:18] [INFO] File 770/912: ESA0OPSFIN_20250340000_01D_30S_CLK.CLK.gz → 169,400 pairs | Total: 111,420,194 pairs
[08:49:19] [INFO] File 771/912: ESA0OPSFIN_20250330000_01D_30S_CLK.CLK.gz → 169,400 pairs | Total: 111,589,594 pairs
[08:49:20] [INFO] File 772/912: ESA0OPSFIN_20250380000_01D_30S_CLK.CLK.gz → 169,400 pairs | Total: 111,758,994 pairs
[08:49:21] [INFO] File 773/912: ESA0OPSFIN_20250390000_01D_30S_CLK.CLK.gz → 173,283 pairs | Total: 111,932,277 pairs
[08:49:22] [INFO] File 774/912: ESA0OPSFIN_20250410000_01D_30S_CLK.CLK.gz → 173,283 pairs | Total: 112,105,560 pairs
[08:49:23] [INFO] File 775/912: ESA0OPSFIN_20250260000_01D_30S_CLK.CLK.gz → 167,475 pairs | Total: 112,273,035 pairs
[08:49:24] [INFO] File 776/912: ESA0OPSFIN_20250420000_01D_30S_CLK.CLK.gz → 173,283 pairs | Total: 112,446,318 pairs
[08:49:24] [INFO] File 777/912: ESA0OPSFIN_20250370000_01D_30S_CLK.CLK.gz → 171,336 pairs | Total: 112,617,654 pairs
[08:49:25] [INFO] File 778/912: ESA0OPSFIN_20250320000_01D_30S_CLK.CLK.gz → 169,400 pairs | Total: 112,787,054 pairs
[08:49:26] [INFO] File 779/912: ESA0OPSFIN_20250490000_01D_30S_CLK.CLK.gz → 173,283 pairs | Total: 112,960,337 pairs
[08:49:27] [INFO] File 780/912: ESA0OPSFIN_20250400000_01D_30S_CLK.CLK.gz → 175,241 pairs | Total: 113,135,578 pairs
[08:49:28] [INFO] File 781/912: ESA0OPSFIN_20250280000_01D_30S_CLK.CLK.gz → 173,105 pairs | Total: 113,308,683 pairs
[08:49:29] [INFO] File 782/912: ESA0OPSFIN_20250440000_01D_30S_CLK.CLK.gz → 179,190 pairs | Total: 113,487,873 pairs
[08:49:30] [INFO] File 783/912: ESA0OPSFIN_20250510000_01D_30S_CLK.CLK.gz → 175,241 pairs | Total: 113,663,114 pairs
[08:49:31] [INFO] File 784/912: ESA0OPSFIN_20250530000_01D_30S_CLK.CLK.gz → 177,210 pairs | Total: 113,840,324 pairs
[08:49:31] [INFO] Batch 28 complete. Memory: 35.0% → 35.0%
[08:49:31] [PROCESS] Processing batch 29: 28 files (Memory: 35.0%)
[08:50:39] [INFO] File 785/912: ESA0OPSFIN_20250770000_01D_30S_CLK.CLK.gz → 171,336 pairs | Total: 114,011,660 pairs
[08:50:41] [INFO] File 786/912: ESA0OPSFIN_20250650000_01D_30S_CLK.CLK.gz → 171,336 pairs | Total: 114,182,996 pairs
[08:50:42] [INFO] File 787/912: ESA0OPSFIN_20250800000_01D_30S_CLK.CLK.gz → 173,283 pairs | Total: 114,356,279 pairs
[08:50:42] [INFO] File 788/912: ESA0OPSFIN_20250810000_01D_30S_CLK.CLK.gz → 173,283 pairs | Total: 114,529,562 pairs
[08:50:43] [INFO] File 789/912: ESA0OPSFIN_20250640000_01D_30S_CLK.CLK.gz → 173,283 pairs | Total: 114,702,845 pairs
[08:50:44] [INFO] File 790/912: ESA0OPSFIN_20250550000_01D_30S_CLK.CLK.gz → 175,241 pairs | Total: 114,878,086 pairs
[08:50:45] [INFO] File 791/912: ESA0OPSFIN_20250560000_01D_30S_CLK.CLK.gz → 175,241 pairs | Total: 115,053,327 pairs
[08:50:46] [INFO] File 792/912: ESA0OPSFIN_20250610000_01D_30S_CLK.CLK.gz → 173,283 pairs | Total: 115,226,610 pairs
[08:50:47] [INFO] File 793/912: ESA0OPSFIN_20250590000_01D_30S_CLK.CLK.gz → 173,283 pairs | Total: 115,399,893 pairs
[08:50:48] [INFO] File 794/912: ESA0OPSFIN_20250630000_01D_30S_CLK.CLK.gz → 171,336 pairs | Total: 115,571,229 pairs
[08:50:48] [INFO] File 795/912: ESA0OPSFIN_20250620000_01D_30S_CLK.CLK.gz → 173,283 pairs | Total: 115,744,512 pairs
[08:50:49] [INFO] File 796/912: ESA0OPSFIN_20250670000_01D_30S_CLK.CLK.gz → 175,241 pairs | Total: 115,919,753 pairs
[08:50:50] [INFO] File 797/912: ESA0OPSFIN_20250760000_01D_30S_CLK.CLK.gz → 171,336 pairs | Total: 116,091,089 pairs
[08:50:51] [INFO] File 798/912: ESA0OPSFIN_20250710000_01D_30S_CLK.CLK.gz → 169,400 pairs | Total: 116,260,489 pairs
[08:50:52] [INFO] File 799/912: ESA0OPSFIN_20250700000_01D_30S_CLK.CLK.gz → 173,283 pairs | Total: 116,433,772 pairs
[08:50:53] [INFO] File 800/912: ESA0OPSFIN_20250680000_01D_30S_CLK.CLK.gz → 177,210 pairs | Total: 116,610,982 pairs
[08:50:54] [INFO] File 801/912: ESA0OPSFIN_20250660000_01D_30S_CLK.CLK.gz → 177,210 pairs | Total: 116,788,192 pairs
[08:50:55] [INFO] File 802/912: ESA0OPSFIN_20250790000_01D_30S_CLK.CLK.gz → 171,336 pairs | Total: 116,959,528 pairs
[08:50:56] [INFO] File 803/912: ESA0OPSFIN_20250750000_01D_30S_CLK.CLK.gz → 177,210 pairs | Total: 117,136,738 pairs
[08:50:56] [INFO] File 804/912: ESA0OPSFIN_20250570000_01D_30S_CLK.CLK.gz → 179,190 pairs | Total: 117,315,928 pairs
[08:50:57] [INFO] File 805/912: ESA0OPSFIN_20250740000_01D_30S_CLK.CLK.gz → 177,210 pairs | Total: 117,493,138 pairs
[08:50:58] [INFO] File 806/912: ESA0OPSFIN_20250600000_01D_30S_CLK.CLK.gz → 177,210 pairs | Total: 117,670,348 pairs
[08:50:59] [INFO] File 807/912: ESA0OPSFIN_20250540000_01D_30S_CLK.CLK.gz → 177,210 pairs | Total: 117,847,558 pairs
[08:51:00] [INFO] File 808/912: ESA0OPSFIN_20250730000_01D_30S_CLK.CLK.gz → 177,210 pairs | Total: 118,024,768 pairs
[08:51:01] [INFO] File 809/912: ESA0OPSFIN_20250780000_01D_30S_CLK.CLK.gz → 177,210 pairs | Total: 118,201,978 pairs
[08:51:02] [INFO] File 810/912: ESA0OPSFIN_20250580000_01D_30S_CLK.CLK.gz → 179,010 pairs | Total: 118,380,988 pairs
[08:51:03] [INFO] File 811/912: ESA0OPSFIN_20250720000_01D_30S_CLK.CLK.gz → 177,210 pairs | Total: 118,558,198 pairs
[08:51:04] [INFO] File 812/912: ESA0OPSFIN_20250690000_01D_30S_CLK.CLK.gz → 175,241 pairs | Total: 118,733,439 pairs
[08:51:04] [INFO] Batch 29 complete. Memory: 44.8% → 44.8%
[08:51:04] [PROCESS] Processing batch 30: 28 files (Memory: 44.8%)
[08:52:13] [INFO] File 813/912: ESA0OPSFIN_20250990000_01D_30S_CLK.CLK.gz → 169,400 pairs | Total: 118,902,839 pairs
[08:52:14] [INFO] File 814/912: ESA0OPSFIN_20251050000_01D_30S_CLK.CLK.gz → 167,475 pairs | Total: 119,070,314 pairs
[08:52:15] [INFO] File 815/912: ESA0OPSFIN_20250860000_01D_30S_CLK.CLK.gz → 169,400 pairs | Total: 119,239,714 pairs
[08:52:15] [INFO] File 816/912: ESA0OPSFIN_20250960000_01D_30S_CLK.CLK.gz → 169,400 pairs | Total: 119,409,114 pairs
[08:52:16] [INFO] File 817/912: ESA0OPSFIN_20250940000_01D_30S_CLK.CLK.gz → 169,400 pairs | Total: 119,578,514 pairs
[08:52:17] [INFO] File 818/912: ESA0OPSFIN_20251010000_01D_30S_CLK.CLK.gz → 167,475 pairs | Total: 119,745,989 pairs
[08:52:18] [INFO] File 819/912: ESA0OPSFIN_20251040000_01D_30S_CLK.CLK.gz → 169,400 pairs | Total: 119,915,389 pairs
[08:52:19] [INFO] File 820/912: ESA0OPSFIN_20251060000_01D_30S_CLK.CLK.gz → 167,475 pairs | Total: 120,082,864 pairs
[08:52:20] [INFO] File 821/912: ESA0OPSFIN_20251020000_01D_30S_CLK.CLK.gz → 169,400 pairs | Total: 120,252,264 pairs
[08:52:20] [INFO] File 822/912: ESA0OPSFIN_20250950000_01D_30S_CLK.CLK.gz → 169,400 pairs | Total: 120,421,664 pairs
[08:52:21] [INFO] File 823/912: ESA0OPSFIN_20251000000_01D_30S_CLK.CLK.gz → 167,475 pairs | Total: 120,589,139 pairs
[08:52:22] [INFO] File 824/912: ESA0OPSFIN_20250820000_01D_30S_CLK.CLK.gz → 171,336 pairs | Total: 120,760,475 pairs
[08:52:23] [INFO] File 825/912: ESA0OPSFIN_20250870000_01D_30S_CLK.CLK.gz → 171,336 pairs | Total: 120,931,811 pairs
[08:52:24] [INFO] File 826/912: ESA0OPSFIN_20250980000_01D_30S_CLK.CLK.gz → 169,400 pairs | Total: 121,101,211 pairs
[08:52:25] [INFO] File 827/912: ESA0OPSFIN_20251030000_01D_30S_CLK.CLK.gz → 169,400 pairs | Total: 121,270,611 pairs
[08:52:26] [INFO] File 828/912: ESA0OPSFIN_20251080000_01D_30S_CLK.CLK.gz → 171,336 pairs | Total: 121,441,947 pairs
[08:52:27] [INFO] File 829/912: ESA0OPSFIN_20251090000_01D_30S_CLK.CLK.gz → 169,400 pairs | Total: 121,611,347 pairs
[08:52:27] [INFO] File 830/912: ESA0OPSFIN_20251070000_01D_30S_CLK.CLK.gz → 169,400 pairs | Total: 121,780,747 pairs
[08:52:28] [INFO] File 831/912: ESA0OPSFIN_20250840000_01D_30S_CLK.CLK.gz → 173,283 pairs | Total: 121,954,030 pairs
[08:52:29] [INFO] File 832/912: ESA0OPSFIN_20250900000_01D_30S_CLK.CLK.gz → 173,283 pairs | Total: 122,127,313 pairs
[08:52:30] [INFO] File 833/912: ESA0OPSFIN_20250970000_01D_30S_CLK.CLK.gz → 169,400 pairs | Total: 122,296,713 pairs
[08:52:31] [INFO] File 834/912: ESA0OPSFIN_20250890000_01D_30S_CLK.CLK.gz → 173,283 pairs | Total: 122,469,996 pairs
[08:52:32] [INFO] File 835/912: ESA0OPSFIN_20250830000_01D_30S_CLK.CLK.gz → 177,209 pairs | Total: 122,647,205 pairs
[08:52:33] [INFO] File 836/912: ESA0OPSFIN_20250850000_01D_30S_CLK.CLK.gz → 177,210 pairs | Total: 122,824,415 pairs
[08:52:34] [INFO] File 837/912: ESA0OPSFIN_20250920000_01D_30S_CLK.CLK.gz → 173,283 pairs | Total: 122,997,698 pairs
[08:52:35] [INFO] File 838/912: ESA0OPSFIN_20250930000_01D_30S_CLK.CLK.gz → 175,241 pairs | Total: 123,172,939 pairs
[08:52:36] [INFO] File 839/912: ESA0OPSFIN_20250880000_01D_30S_CLK.CLK.gz → 177,210 pairs | Total: 123,350,149 pairs
[08:52:37] [INFO] File 840/912: ESA0OPSFIN_20250910000_01D_30S_CLK.CLK.gz → 177,210 pairs | Total: 123,527,359 pairs
[08:52:37] [INFO] Batch 30 complete. Memory: 54.4% → 54.4%
[08:52:37] [PROCESS] Processing batch 31: 28 files (Memory: 54.4%)
[08:53:45] [INFO] File 841/912: ESA0OPSFIN_20251280000_01D_30S_CLK.CLK.gz → 167,475 pairs | Total: 123,694,834 pairs
[08:53:46] [INFO] File 842/912: ESA0OPSFIN_20251240000_01D_30S_CLK.CLK.gz → 167,475 pairs | Total: 123,862,309 pairs
[08:53:47] [INFO] File 843/912: ESA0OPSFIN_20251320000_01D_30S_CLK.CLK.gz → 169,400 pairs | Total: 124,031,709 pairs
[08:53:48] [INFO] File 844/912: ESA0OPSFIN_20251250000_01D_30S_CLK.CLK.gz → 167,475 pairs | Total: 124,199,184 pairs
[08:53:49] [INFO] File 845/912: ESA0OPSFIN_20251300000_01D_30S_CLK.CLK.gz → 169,400 pairs | Total: 124,368,584 pairs
[08:53:49] [INFO] File 846/912: ESA0OPSFIN_20251330000_01D_30S_CLK.CLK.gz → 167,475 pairs | Total: 124,536,059 pairs
[08:53:50] [INFO] File 847/912: ESA0OPSFIN_20251230000_01D_30S_CLK.CLK.gz → 169,400 pairs | Total: 124,705,459 pairs
[08:53:51] [INFO] File 848/912: ESA0OPSFIN_20251310000_01D_30S_CLK.CLK.gz → 167,475 pairs | Total: 124,872,934 pairs
[08:53:52] [INFO] File 849/912: ESA0OPSFIN_20251140000_01D_30S_CLK.CLK.gz → 167,475 pairs | Total: 125,040,409 pairs
[08:53:53] [INFO] File 850/912: ESA0OPSFIN_20251290000_01D_30S_CLK.CLK.gz → 169,400 pairs | Total: 125,209,809 pairs
[08:53:54] [INFO] File 851/912: ESA0OPSFIN_20251370000_01D_30S_CLK.CLK.gz → 169,400 pairs | Total: 125,379,209 pairs
[08:53:55] [INFO] File 852/912: ESA0OPSFIN_20251150000_01D_30S_CLK.CLK.gz → 169,400 pairs | Total: 125,548,609 pairs
[08:53:55] [INFO] File 853/912: ESA0OPSFIN_20251360000_01D_30S_CLK.CLK.gz → 167,475 pairs | Total: 125,716,084 pairs
[08:53:56] [INFO] File 854/912: ESA0OPSFIN_20251270000_01D_30S_CLK.CLK.gz → 169,400 pairs | Total: 125,885,484 pairs
[08:53:57] [INFO] File 855/912: ESA0OPSFIN_20251340000_01D_30S_CLK.CLK.gz → 167,475 pairs | Total: 126,052,959 pairs
[08:53:58] [INFO] File 856/912: ESA0OPSFIN_20251180000_01D_30S_CLK.CLK.gz → 167,475 pairs | Total: 126,220,434 pairs
[08:53:59] [INFO] File 857/912: ESA0OPSFIN_20251170000_01D_30S_CLK.CLK.gz → 169,400 pairs | Total: 126,389,834 pairs
[08:54:00] [INFO] File 858/912: ESA0OPSFIN_20251220000_01D_30S_CLK.CLK.gz → 171,336 pairs | Total: 126,561,170 pairs
[08:54:01] [INFO] File 859/912: ESA0OPSFIN_20251200000_01D_30S_CLK.CLK.gz → 167,475 pairs | Total: 126,728,645 pairs
[08:54:02] [INFO] File 860/912: ESA0OPSFIN_20251110000_01D_30S_CLK.CLK.gz → 169,399 pairs | Total: 126,898,044 pairs
[08:54:03] [INFO] File 861/912: ESA0OPSFIN_20251120000_01D_30S_CLK.CLK.gz → 167,475 pairs | Total: 127,065,519 pairs
[08:54:03] [INFO] File 862/912: ESA0OPSFIN_20251190000_01D_30S_CLK.CLK.gz → 169,400 pairs | Total: 127,234,919 pairs
[08:54:04] [INFO] File 863/912: ESA0OPSFIN_20251160000_01D_30S_CLK.CLK.gz → 171,336 pairs | Total: 127,406,255 pairs
[08:54:05] [INFO] File 864/912: ESA0OPSFIN_20251130000_01D_30S_CLK.CLK.gz → 167,475 pairs | Total: 127,573,730 pairs
[08:54:06] [INFO] File 865/912: ESA0OPSFIN_20251210000_01D_30S_CLK.CLK.gz → 169,400 pairs | Total: 127,743,130 pairs
[08:54:07] [INFO] File 866/912: ESA0OPSFIN_20251260000_01D_30S_CLK.CLK.gz → 169,396 pairs | Total: 127,912,526 pairs
[08:54:08] [INFO] File 867/912: ESA0OPSFIN_20251100000_01D_30S_CLK.CLK.gz → 169,400 pairs | Total: 128,081,926 pairs
[08:54:09] [INFO] File 868/912: ESA0OPSFIN_20251350000_01D_30S_CLK.CLK.gz → 173,283 pairs | Total: 128,255,209 pairs
[08:54:09] [INFO] Batch 31 complete. Memory: 58.2% → 58.2%
[08:54:09] [PROCESS] Processing batch 32: 28 files (Memory: 58.2%)
[08:55:16] [INFO] File 869/912: ESA0OPSFIN_20251610000_01D_30S_CLK.CLK.gz → 167,475 pairs | Total: 128,422,684 pairs
[08:55:17] [INFO] File 870/912: ESA0OPSFIN_20251510000_01D_30S_CLK.CLK.gz → 165,561 pairs | Total: 128,588,245 pairs
[08:55:18] [INFO] File 871/912: ESA0OPSFIN_20251550000_01D_30S_CLK.CLK.gz → 167,475 pairs | Total: 128,755,720 pairs
[08:55:19] [INFO] File 872/912: ESA0OPSFIN_20251590000_01D_30S_CLK.CLK.gz → 167,475 pairs | Total: 128,923,195 pairs
[08:55:20] [INFO] File 873/912: ESA0OPSFIN_20251520000_01D_30S_CLK.CLK.gz → 165,561 pairs | Total: 129,088,756 pairs
[08:55:20] [INFO] File 874/912: ESA0OPSFIN_20251490000_01D_30S_CLK.CLK.gz → 167,475 pairs | Total: 129,256,231 pairs
[08:55:21] [INFO] File 875/912: ESA0OPSFIN_20251390000_01D_30S_CLK.CLK.gz → 167,475 pairs | Total: 129,423,706 pairs
[08:55:22] [INFO] File 876/912: ESA0OPSFIN_20251600000_01D_30S_CLK.CLK.gz → 167,475 pairs | Total: 129,591,181 pairs
[08:55:23] [INFO] File 877/912: ESA0OPSFIN_20251430000_01D_30S_CLK.CLK.gz → 167,475 pairs | Total: 129,758,656 pairs
[08:55:24] [INFO] File 878/912: ESA0OPSFIN_20251620000_01D_30S_CLK.CLK.gz → 167,475 pairs | Total: 129,926,131 pairs
[08:55:25] [INFO] File 879/912: ESA0OPSFIN_20251560000_01D_30S_CLK.CLK.gz → 167,475 pairs | Total: 130,093,606 pairs
[08:55:25] [INFO] File 880/912: ESA0OPSFIN_20251500000_01D_30S_CLK.CLK.gz → 167,475 pairs | Total: 130,261,081 pairs
[08:55:26] [INFO] File 881/912: ESA0OPSFIN_20251570000_01D_30S_CLK.CLK.gz → 167,475 pairs | Total: 130,428,556 pairs
[08:55:27] [INFO] File 882/912: ESA0OPSFIN_20251380000_01D_30S_CLK.CLK.gz → 165,561 pairs | Total: 130,594,117 pairs
[08:55:28] [INFO] File 883/912: ESA0OPSFIN_20251420000_01D_30S_CLK.CLK.gz → 167,475 pairs | Total: 130,761,592 pairs
[08:55:29] [INFO] File 884/912: ESA0OPSFIN_20251440000_01D_30S_CLK.CLK.gz → 167,475 pairs | Total: 130,929,067 pairs
[08:55:30] [INFO] File 885/912: ESA0OPSFIN_20251530000_01D_30S_CLK.CLK.gz → 167,475 pairs | Total: 131,096,542 pairs
[08:55:31] [INFO] File 886/912: ESA0OPSFIN_20251450000_01D_30S_CLK.CLK.gz → 167,475 pairs | Total: 131,264,017 pairs
[08:55:32] [INFO] File 887/912: ESA0OPSFIN_20251480000_01D_30S_CLK.CLK.gz → 167,475 pairs | Total: 131,431,492 pairs
[08:55:32] [INFO] File 888/912: ESA0OPSFIN_20251540000_01D_30S_CLK.CLK.gz → 167,475 pairs | Total: 131,598,967 pairs
[08:55:33] [INFO] File 889/912: ESA0OPSFIN_20251580000_01D_30S_CLK.CLK.gz → 167,475 pairs | Total: 131,766,442 pairs
[08:55:34] [INFO] File 890/912: ESA0OPSFIN_20251460000_01D_30S_CLK.CLK.gz → 167,475 pairs | Total: 131,933,917 pairs
[08:55:35] [INFO] File 891/912: ESA0OPSFIN_20251410000_01D_30S_CLK.CLK.gz → 169,400 pairs | Total: 132,103,317 pairs
[08:55:36] [INFO] File 892/912: ESA0OPSFIN_20251470000_01D_30S_CLK.CLK.gz → 167,475 pairs | Total: 132,270,792 pairs
[08:55:37] [INFO] File 893/912: ESA0OPSFIN_20251630000_01D_30S_CLK.CLK.gz → 173,283 pairs | Total: 132,444,075 pairs
[08:55:38] [INFO] File 894/912: ESA0OPSFIN_20251400000_01D_30S_CLK.CLK.gz → 169,400 pairs | Total: 132,613,475 pairs
[08:55:39] [INFO] File 895/912: ESA0OPSFIN_20251640000_01D_30S_CLK.CLK.gz → 175,241 pairs | Total: 132,788,716 pairs
[08:55:40] [INFO] File 896/912: ESA0OPSFIN_20251650000_01D_30S_CLK.CLK.gz → 175,241 pairs | Total: 132,963,957 pairs
[08:55:40] [INFO] Batch 32 complete. Memory: 58.3% → 58.3%
[08:55:40] [PROCESS] Processing batch 33: 16 files (Memory: 58.3%)
[08:56:45] [INFO] File 897/912: ESA0OPSFIN_20251790000_01D_30S_CLK.CLK.gz → 167,475 pairs | Total: 133,131,432 pairs
[08:56:46] [INFO] File 898/912: ESA0OPSFIN_20251780000_01D_30S_CLK.CLK.gz → 167,475 pairs | Total: 133,298,907 pairs
[08:56:47] [INFO] File 899/912: ESA0OPSFIN_20251800000_01D_30S_CLK.CLK.gz → 167,475 pairs | Total: 133,466,382 pairs
[08:56:48] [INFO] File 900/912: ESA0OPSFIN_20251700000_01D_30S_CLK.CLK.gz → 167,475 pairs | Total: 133,633,857 pairs
[08:56:48] [INFO] File 901/912: ESA0OPSFIN_20251660000_01D_30S_CLK.CLK.gz → 167,475 pairs | Total: 133,801,332 pairs
[08:56:49] [INFO] File 902/912: ESA0OPSFIN_20251710000_01D_30S_CLK.CLK.gz → 167,475 pairs | Total: 133,968,807 pairs
[08:56:50] [INFO] File 903/912: ESA0OPSFIN_20251720000_01D_30S_CLK.CLK.gz → 167,475 pairs | Total: 134,136,282 pairs
[08:56:51] [INFO] File 904/912: ESA0OPSFIN_20251690000_01D_30S_CLK.CLK.gz → 169,400 pairs | Total: 134,305,682 pairs
[08:56:52] [INFO] File 905/912: ESA0OPSFIN_20251670000_01D_30S_CLK.CLK.gz → 169,400 pairs | Total: 134,475,082 pairs
[08:56:53] [INFO] File 906/912: ESA0OPSFIN_20251740000_01D_30S_CLK.CLK.gz → 167,475 pairs | Total: 134,642,557 pairs
[08:56:53] [INFO] File 907/912: ESA0OPSFIN_20251730000_01D_30S_CLK.CLK.gz → 169,400 pairs | Total: 134,811,957 pairs
[08:56:54] [INFO] File 908/912: ESA0OPSFIN_20251680000_01D_30S_CLK.CLK.gz → 169,400 pairs | Total: 134,981,357 pairs
[08:56:55] [INFO] File 909/912: ESA0OPSFIN_20251760000_01D_30S_CLK.CLK.gz → 169,400 pairs | Total: 135,150,757 pairs
[08:56:56] [INFO] File 910/912: ESA0OPSFIN_20251810000_01D_30S_CLK.CLK.gz → 167,475 pairs | Total: 135,318,232 pairs
[08:56:57] [INFO] File 911/912: ESA0OPSFIN_20251770000_01D_30S_CLK.CLK.gz → 169,400 pairs | Total: 135,487,632 pairs
[08:56:58] [INFO] File 912/912: ESA0OPSFIN_20251750000_01D_30S_CLK.CLK.gz → 171,336 pairs | Total: 135,658,968 pairs
[08:56:58] [INFO] Batch 33 complete. Memory: 57.6% → 57.6%
[08:56:59] [SUCCESS] Streaming complete: 135,658,968 total pairs written to disk
[08:56:59] [INFO]   tep_band: 10,809,084 pairs
[08:56:59] [INFO]   tidal_diurnal: 8,390,444 pairs
[08:56:59] [INFO]   tidal_semidiurnal: 8,390,440 pairs
[08:56:59] [INFO]   post_tidal_30_40: 10,807,759 pairs
[08:56:59] [INFO]   post_tidal_40_50: 8,370,292 pairs
[08:56:59] [INFO]   post_tidal_50_75: 10,808,904 pairs
[08:56:59] [INFO]   post_tidal_75_100: 10,808,901 pairs
[08:56:59] [INFO]   intermediate_100_200: 10,809,084 pairs
[08:56:59] [INFO]   intermediate_200_350: 10,809,084 pairs
[08:56:59] [INFO]   intermediate_350_500: 10,809,084 pairs
[08:56:59] [INFO]   transition_500_750: 10,809,084 pairs
[08:56:59] [INFO]   transition_750_1000: 10,809,084 pairs
[08:56:59] [INFO]   control_1000_1500: 10,809,084 pairs
[08:56:59] [INFO]   control_2000_3000: 2,418,640 pairs
[08:56:59] [SUCCESS] Starting analysis...
[08:56:59] [PROCESS] Starting band analysis...
[08:56:59] [PROCESS] Aggregating binned data for tep_band from streaming file...
[08:57:05] [SUCCESS] tep_band: R² = 0.970 (unweighted: 0.225), λ = 3328 km
[08:57:05] [INFO]   Bins: 25/25, Pairs: 7,935,839/10,809,084
[08:57:05] [DEBUG] Saved diagnostics for esa_final_tep_band: /mnt/data/results/outputs/band_diagnostics
[08:57:05] [PROCESS] Aggregating binned data for tidal_diurnal from streaming file...
[08:57:09] [SUCCESS] tidal_diurnal: R² = 0.943 (unweighted: 0.038), λ = 4199 km
[08:57:09] [INFO]   Bins: 25/25, Pairs: 6,156,043/8,390,444
[08:57:09] [DEBUG] Saved diagnostics for esa_final_tidal_diurnal: /mnt/data/results/outputs/band_diagnostics
[08:57:09] [PROCESS] Aggregating binned data for tidal_semidiurnal from streaming file...
[08:57:14] [SUCCESS] tidal_semidiurnal: R² = 0.968 (unweighted: 0.028), λ = 3638 km
[08:57:14] [INFO]   Bins: 25/25, Pairs: 6,156,039/8,390,440
[08:57:14] [DEBUG] Saved diagnostics for esa_final_tidal_semidiurnal: /mnt/data/results/outputs/band_diagnostics
[08:57:14] [PROCESS] Aggregating binned data for post_tidal_30_40 from streaming file...
[08:57:20] [SUCCESS] post_tidal_30_40: R² = 0.963 (unweighted: 0.079), λ = 2143 km
[08:57:20] [INFO]   Bins: 25/25, Pairs: 7,934,851/10,807,759
[08:57:20] [DEBUG] Saved diagnostics for esa_final_post_tidal_30_40: /mnt/data/results/outputs/band_diagnostics
[08:57:20] [PROCESS] Aggregating binned data for post_tidal_40_50 from streaming file...
[08:57:24] [SUCCESS] post_tidal_40_50: R² = 0.792 (unweighted: -0.046), λ = 1370 km
[08:57:24] [INFO]   Bins: 25/25, Pairs: 6,141,060/8,370,292
[08:57:24] [DEBUG] Saved diagnostics for esa_final_post_tidal_40_50: /mnt/data/results/outputs/band_diagnostics
[08:57:24] [PROCESS] Aggregating binned data for post_tidal_50_75 from streaming file...
[08:57:30] [SUCCESS] post_tidal_50_75: R² = 0.860 (unweighted: -0.184), λ = 1326 km
[08:57:30] [INFO]   Bins: 25/25, Pairs: 7,935,686/10,808,904
[08:57:30] [DEBUG] Saved diagnostics for esa_final_post_tidal_50_75: /mnt/data/results/outputs/band_diagnostics
[08:57:30] [PROCESS] Aggregating binned data for post_tidal_75_100 from streaming file...
[08:57:36] [SUCCESS] post_tidal_75_100: R² = 0.871 (unweighted: 0.076), λ = 1047 km
[08:57:36] [INFO]   Bins: 25/25, Pairs: 7,935,689/10,808,901
[08:57:36] [DEBUG] Saved diagnostics for esa_final_post_tidal_75_100: /mnt/data/results/outputs/band_diagnostics
[08:57:36] [PROCESS] Aggregating binned data for intermediate_100_200 from streaming file...
[08:57:42] [SUCCESS] intermediate_100_200: R² = 0.887 (unweighted: 0.450), λ = 1406 km
[08:57:42] [INFO]   Bins: 25/25, Pairs: 7,935,839/10,809,084
[08:57:42] [DEBUG] Saved diagnostics for esa_final_intermediate_100_200: /mnt/data/results/outputs/band_diagnostics
[08:57:42] [PROCESS] Aggregating binned data for intermediate_200_350 from streaming file...
[08:57:48] [SUCCESS] intermediate_200_350: R² = 0.624 (unweighted: 0.196), λ = 1931 km
[08:57:48] [INFO]   Bins: 25/25, Pairs: 7,935,839/10,809,084
[08:57:48] [DEBUG] Saved diagnostics for esa_final_intermediate_200_350: /mnt/data/results/outputs/band_diagnostics
[08:57:48] [PROCESS] Aggregating binned data for intermediate_350_500 from streaming file...
[08:57:54] [SUCCESS] intermediate_350_500: R² = 0.622 (unweighted: 0.255), λ = 2325 km
[08:57:54] [INFO]   Bins: 25/25, Pairs: 7,935,839/10,809,084
[08:57:54] [DEBUG] Saved diagnostics for esa_final_intermediate_350_500: /mnt/data/results/outputs/band_diagnostics
[08:57:54] [PROCESS] Aggregating binned data for transition_500_750 from streaming file...
[08:58:00] [SUCCESS] transition_500_750: R² = 0.577 (unweighted: 0.247), λ = 1943 km
[08:58:00] [INFO]   Bins: 25/25, Pairs: 7,935,839/10,809,084
[08:58:00] [DEBUG] Saved diagnostics for esa_final_transition_500_750: /mnt/data/results/outputs/band_diagnostics
[08:58:00] [PROCESS] Aggregating binned data for transition_750_1000 from streaming file...
[08:58:05] [SUCCESS] transition_750_1000: R² = 0.469 (unweighted: 0.182), λ = 2194 km
[08:58:05] [INFO]   Bins: 25/25, Pairs: 7,935,839/10,809,084
[08:58:05] [DEBUG] Saved diagnostics for esa_final_transition_750_1000: /mnt/data/results/outputs/band_diagnostics
[08:58:05] [PROCESS] Aggregating binned data for control_1000_1500 from streaming file...
[08:58:11] [SUCCESS] control_1000_1500: R² = 0.511 (unweighted: 0.124), λ = 2454 km
[08:58:11] [INFO]   Bins: 25/25, Pairs: 7,935,839/10,809,084
[08:58:11] [DEBUG] Saved diagnostics for esa_final_control_1000_1500: /mnt/data/results/outputs/band_diagnostics
[08:58:11] [PROCESS] Aggregating binned data for control_2000_3000 from streaming file...
[08:58:13] [SUCCESS] control_2000_3000: R² = 0.553 (unweighted: -0.230), λ = 2111 km
[08:58:13] [INFO]   Bins: 23/23, Pairs: 1,779,796/2,418,640
[08:58:13] [DEBUG] Saved diagnostics for esa_final_control_2000_3000: /mnt/data/results/outputs/band_diagnostics
[08:58:13] [SUCCESS] Multi-band analysis complete: /mnt/data/results/outputs/step_3_6_multiband_esa_final.json
[08:58:13] [INFO] Band diagnostics saved to: /mnt/data/results/outputs/band_diagnostics
[08:58:13] [SUCCESS] Saved multi-band results: /mnt/data/results/outputs/step_3_6_multiband_esa_final.json
[08:58:13] [INFO] 
============================================================
[08:58:13] [SUCCESS] ESA_FINAL MULTI-BAND FREQUENCY VALIDATION RESULTS
[08:58:13] [INFO] ============================================================
[08:58:13] [INFO] DETAILED BAND ANALYSIS:
[08:58:13] [INFO]   TEP Band (10-500 µHz):
[08:58:13] [INFO]      R² = 0.970, λ = 3328 km
[08:58:13] [INFO]   Diurnal Tides (10-20 µHz):
[08:58:13] [INFO]      R² = 0.943, λ = 4199 km
[08:58:13] [INFO]   Semidiurnal Tides (20-30 µHz):
[08:58:13] [INFO]      R² = 0.968, λ = 3638 km
[08:58:13] [INFO]   Post-Tidal 30-40 µHz:
[08:58:13] [INFO]      R² = 0.963, λ = 2143 km
[08:58:13] [INFO]   Post-Tidal 40-50 µHz:
[08:58:13] [INFO]      R² = 0.792, λ = 1370 km
[08:58:13] [INFO]   Post-Tidal 50-75 µHz:
[08:58:13] [INFO]      R² = 0.860, λ = 1326 km
[08:58:13] [INFO]   Post-Tidal 75-100 µHz:
[08:58:13] [INFO]      R² = 0.871, λ = 1047 km
[08:58:13] [INFO]   Intermediate 100-200 µHz:
[08:58:13] [INFO]      R² = 0.887, λ = 1406 km
[08:58:13] [INFO]   Intermediate 200-350 µHz:
[08:58:13] [INFO]      R² = 0.624, λ = 1931 km
[08:58:13] [INFO]   Intermediate 350-500 µHz:
[08:58:13] [INFO]      R² = 0.622, λ = 2325 km
[08:58:13] [INFO]   Transition 500-750 µHz:
[08:58:13] [INFO]      R² = 0.577, λ = 1943 km
[08:58:13] [INFO]   Transition 750-1000 µHz:
[08:58:13] [INFO]      R² = 0.469, λ = 2194 km
[08:58:13] [INFO]   Control 1000-1500 µHz:
[08:58:13] [INFO]      R² = 0.511, λ = 2454 km
[08:58:13] [INFO]   Control 2000-3000 µHz:
[08:58:13] [INFO]      R² = 0.553, λ = 2111 km
[08:58:13] [INFO] 
SPECTRAL ANALYSIS SUMMARY:
[08:58:13] [INFO]   Frequency Response Classification: WEAK
[08:58:13] [INFO]   Maximum Correlation: TEP Band (10-500 µHz) (R²=0.970)
[08:58:13] [INFO]   Minimum Correlation: Transition 750-1000 µHz (R²=0.469)
[08:58:13] [INFO]   Dynamic Range: 2.1x
[08:58:13] [INFO] 
SPECTRAL CHARACTERIZATION:
[08:58:13] [INFO]   Frequency specificity classification: WEAK
[08:58:13] [INFO]   Broadband frequency response observed
[08:58:13] [INFO]   Correlation strength varies gradually across spectrum
[08:58:13] [INFO]   Signal persists across all examined frequency ranges
[08:58:13] [INFO] 
ALTERNATIVE EXPLANATION ASSESSMENT:
[08:58:13] [INFO]   Tidal Component Analysis:
[08:58:13] [INFO]     Diurnal Tidal Band (10-20 µHz): R² = 0.943
[08:58:13] [INFO]     TEP Band (10-500 µHz): R² = 0.970
[08:58:13] [INFO]     Absolute Difference: ΔR² = 0.028
[08:58:13] [INFO]     Assessment: Diurnal tidal correlations are statistically comparable to TEP band correlations
[08:58:13] [INFO]     Implication: Diurnal tidal forcing does not preferentially dominate the observed signal
[08:58:13] [INFO]     Semidiurnal Tides (20-30 µHz): R² = 0.968
[08:58:13] [INFO]     TEP Band (10-500 µHz): R² = 0.970
[08:58:13] [INFO]     Difference: ΔR² = 0.002
[08:58:13] [INFO]     Interpretation: Semidiurnal tidal correlations are comparable to TEP band
[08:58:13] [INFO]     Conclusion: Semidiurnal tides do not appear to be the dominant signal source
[08:58:13] [INFO]   Control Band Analysis:
[08:58:13] [INFO] ============================================================
[08:58:13] [INFO] 
================================================================================
[08:58:13] [SUCCESS] Control Band Analysis completed in 10471.0 seconds
[08:58:13] [SUCCESS] Processed 3 analysis centers
[08:58:13] [INFO] 
================================================================================
[08:58:13] [INFO] 
[08:58:13] [INFO] ================================================================================
[08:58:13] [INFO] COMPREHENSIVE FREQUENCY SPECIFICITY VALIDATION SUMMARY
[08:58:13] [INFO] ================================================================================
[08:58:13] [INFO] 
[08:58:13] [INFO] ================================================================================
[08:58:13] [SUCCESS] 
CODE ANALYSIS CENTER:
[08:58:13] [INFO]   Frequency Specificity: NONE
[08:58:13] [INFO]   Strongest Band: Post-Tidal 30-40 µHz (R²=0.940)
[08:58:13] [INFO]   Weakest Band: Control 1000-1500 µHz (R²=0.729)
[08:58:13] [INFO]   Signal Ratio: 1.3x
[08:58:13] [INFO]   Key Validation Metrics:
[08:58:13] [INFO]     TEP Band R²: 0.920
[08:58:13] [INFO]     Diurnal Tides R²: 0.881 (Δ=0.040)
[08:58:13] [INFO]     Semidiurnal Tides R²: 0.930 (Δ=0.010)
[08:58:13] [INFO]   Validation Assessment: Comparable correlation strengths across frequency bands
[08:58:13] [INFO]   Interpretation: No single frequency band dominates the signal
[08:58:13] [INFO]   Implication: Alternative explanations (tidal, instrumental) do not appear dominant
[08:58:13] [SUCCESS] 
IGS_COMBINED ANALYSIS CENTER:
[08:58:13] [INFO]   Frequency Specificity: NONE
[08:58:13] [INFO]   Strongest Band: Semidiurnal Tides (20-30 µHz) (R²=0.970)
[08:58:13] [INFO]   Weakest Band: Transition 750-1000 µHz (R²=0.544)
[08:58:13] [INFO]   Signal Ratio: 1.8x
[08:58:13] [INFO]   Key Validation Metrics:
[08:58:13] [INFO]     TEP Band R²: 0.966
[08:58:13] [INFO]     Diurnal Tides R²: 0.954 (Δ=0.012)
[08:58:13] [INFO]     Semidiurnal Tides R²: 0.970 (Δ=0.005)
[08:58:13] [INFO]   Validation Assessment: Comparable correlation strengths across frequency bands
[08:58:13] [INFO]   Interpretation: No single frequency band dominates the signal
[08:58:13] [INFO]   Implication: Alternative explanations (tidal, instrumental) do not appear dominant
[08:58:13] [SUCCESS] 
ESA_FINAL ANALYSIS CENTER:
[08:58:13] [INFO]   Frequency Specificity: WEAK
[08:58:13] [INFO]   Strongest Band: TEP Band (10-500 µHz) (R²=0.970)
[08:58:13] [INFO]   Weakest Band: Transition 750-1000 µHz (R²=0.469)
[08:58:13] [INFO]   Signal Ratio: 2.1x
[08:58:13] [INFO]   Key Validation Metrics:
[08:58:13] [INFO]     TEP Band R²: 0.970
[08:58:13] [INFO]     Diurnal Tides R²: 0.943 (Δ=0.028)
[08:58:13] [INFO]     Semidiurnal Tides R²: 0.968 (Δ=0.002)
[08:58:13] [INFO]   Validation Assessment: Modest frequency-dependent behavior detected
[08:58:13] [INFO]   Interpretation: Some frequency specificity present but limited
[08:58:13] [INFO]   Implication: Mixed signal sources may be present
[08:58:13] [INFO] 
================================================================================
[08:58:13] [INFO] 
[08:58:13] [INFO] ================================================================================
[08:58:13] [INFO] SCIENTIFIC CONCLUSION
[08:58:13] [INFO] ================================================================================
[08:58:13] [INFO] 
[08:58:13] [INFO] ================================================================================
[08:58:13] [INFO] Analysis Summary: Majority of analysis centers show consistent behavior
[08:58:13] [INFO] Data Characteristics:
[08:58:13] [INFO]   - Most analysis centers show comparable correlation patterns
[08:58:13] [INFO]   - Some frequency-dependent behavior is observed but not dominant
[08:58:13] [INFO] Scientific Implications:
[08:58:13] [INFO]   - Correlation patterns show consistency across frequency ranges
[08:58:13] [INFO]   - Tidal frequencies exhibit enhancement within broader signal structure
[08:58:13] [INFO]   - Control bands maintain measurable correlation levels
[08:58:13] [INFO]   - Frequency-dependent variations follow gradual trends
[08:58:13] [INFO]   - Observed patterns suggest underlying physical coupling mechanism
[08:58:13] [INFO] 
Validation Summary: 2/3 centers validated
[08:58:13] [INFO] ================================================================================
