[03:25:01] [INFO] 
[03:25:01] [INFO] ================================================================================
[03:25:01] [INFO] TEP GNSS Analysis Package v0.15 (Jaipur) - STEP 2.2: Geospatial Temporal Analysis
[03:25:01] [INFO] ================================================================================
[03:25:01] [INFO] 
[03:25:01] [INFO] Memory usage: 2.2/94.4 GB (2.3%)
[03:25:01] [INFO] 
============================================================
[03:25:01] [INFO] 
[03:25:01] [INFO] ================================================================================
[03:25:01] [INFO] PROCESSING CODE - Geospatial Temporal Analysis
[03:25:01] [INFO] ================================================================================
[03:25:01] [INFO] 
[03:25:01] [INFO] ============================================================
[03:25:01] [INFO] Starting geospatial temporal analysis for CODE
[03:25:01] [INFO] ============================================================
[03:25:01] [INFO] MULTI-SCALE TEMPORAL WINDOW STRATEGY:
[03:25:01] [INFO]   Temporal Orbital Tracking: 30-day windows (seasonal signal + noise reduction)
[03:25:01] [INFO]   Mesh Dance Analysis: OPTIMIZED (90d coherence + 30d oscillation/spiral)
[03:25:01] [INFO]   Planetary Oppositions: 240-day windows (optimal coupling timescale)
[03:25:01] [INFO]   Chandler Wobble: Full 433-day cycle (period-matched analysis)
[03:25:01] [INFO]   Beat Analysis: Period-specific windows (matched to each frequency)
[03:25:01] [INFO] Rationale: Each analysis uses windows matched to its characteristic physical timescale
[03:25:01] [INFO] Based on empirical analysis showing optimal coupling at 240 days (Savitzky-Golay)
[03:25:01] [INFO] ============================================================
[03:25:01] [PROCESS] Loading complete geospatial dataset from Step 2.1 for CODE...
[03:25:01] [INFO] Loading from /mnt/data/data/processed/step_2_1_geospatial_code.csv
[03:25:01] [DEBUG] File size: 5387.1 MB
[03:25:01] [PROCESS] Reading CSV file into memory...
[03:25:43] [SUCCESS] CSV loaded successfully: 39,047,074 rows
[03:25:43] [PROCESS] Computing coherence values from plateau phase...
[03:25:44] [PROCESS] Cleaning and filtering data...
[03:25:56] [DEBUG] Data filtering: 39,047,074 → 39,047,074 → 39,047,074 → 39,047,074 → 39,047,074 pairs
[03:25:56] [SUCCESS] No pairs filtered - data is clean from Step 2.1
[03:25:56] [INFO] Data quality metrics:
[03:25:56] [INFO]   Coherence range: [-1.000000, 1.000000]
[03:25:56] [INFO]   Coherence mean: 0.006529 ± 0.716118
[03:25:57] [INFO]   Distance range: [1.8, 19937.3] km
[03:25:57] [INFO]   Distance mean: 9125.0 ± 4672.0 km
[03:26:05] [SUCCESS] Geospatial dataset loaded: 39,047,074 pairs, 8.00 GB
[03:26:05] [SUCCESS] Azimuth already computed in Step 2.1 - no redundant calculation needed
[03:26:05] [DEBUG] Step 2.1 log exists but no pair count found for code
[03:26:05] [PROCESS] Verifying required columns are present...
[03:26:05] [SUCCESS] All required columns present: ['azimuth', 'delta_longitude', 'delta_local_time']
[03:26:05] [INFO] Available columns: ['date', 'station_i', 'station_j', 'dist_km', 'plateau_phase', 'station1_lat', 'station1_lon', 'station2_lat', 'station2_lon', 'azimuth', 'delta_longitude', 'delta_local_time', 'coherence']
[03:26:05] [INFO] Memory usage: 6.0/94.4 GB (6.4%)
[03:26:09] [PROCESS] Starting enhanced anisotropy analysis...
[03:26:10] [INFO] Analyzing 39,047,074 pairs with coordinate information
[03:26:10] [SUCCESS] Using pre-computed azimuths from Step 2.1
[03:26:10] [PROCESS] Classifying pairs into directional sectors...
[03:26:18] [PROCESS] Applying distance distribution matching guardrails...
[03:31:12] [SUCCESS] Distance distribution matching applied to 8 sectors
[03:31:12] [INFO] Analyzing 8 directional sectors with 40 distance bins
[03:31:12] [PROCESS] Processing sector 1/8: N (4,989 matched pairs from 6,204,337 original)
[03:31:12] [DEBUG]   Binning N matched data into 40 distance bins...
[03:31:12] [DEBUG]   N: 14 valid bins (min 50 pairs per bin)
[03:31:12] [DEBUG]   Fitting exponential correlation model to N matched data...
[03:31:12] [SUCCESS]   N fit successful: λ = 1731.6 km, R² = 0.149 (distance-matched)
[03:31:13] [PROCESS] Processing sector 2/8: NE (4,989 matched pairs from 8,325,320 original)
[03:31:13] [DEBUG]   Binning NE matched data into 40 distance bins...
[03:31:13] [DEBUG]   NE: 16 valid bins (min 50 pairs per bin)
[03:31:13] [DEBUG]   Fitting exponential correlation model to NE matched data...
[03:31:13] [SUCCESS]   NE fit successful: λ = 100.5 km, R² = -0.000 (distance-matched)
[03:31:14] [PROCESS] Processing sector 3/8: E (4,989 matched pairs from 3,906,012 original)
[03:31:14] [DEBUG]   Binning E matched data into 40 distance bins...
[03:31:14] [DEBUG]   E: 16 valid bins (min 50 pairs per bin)
[03:31:14] [DEBUG]   Fitting exponential correlation model to E matched data...
[03:31:14] [SUCCESS]   E fit successful: λ = 9716.5 km, R² = 0.477 (distance-matched)
[03:31:14] [PROCESS] Processing sector 4/8: SE (4,989 matched pairs from 2,895,444 original)
[03:31:14] [DEBUG]   Binning SE matched data into 40 distance bins...
[03:31:14] [DEBUG]   SE: 15 valid bins (min 50 pairs per bin)
[03:31:14] [DEBUG]   Fitting exponential correlation model to SE matched data...
[03:31:14] [SUCCESS]   SE fit successful: λ = 9719.3 km, R² = 0.046 (distance-matched)
[03:31:15] [PROCESS] Processing sector 5/8: S (4,989 matched pairs from 2,808,550 original)
[03:31:15] [DEBUG]   Binning S matched data into 40 distance bins...
[03:31:15] [DEBUG]   S: 16 valid bins (min 50 pairs per bin)
[03:31:15] [DEBUG]   Fitting exponential correlation model to S matched data...
[03:31:15] [SUCCESS]   S fit successful: λ = 1165.9 km, R² = 0.050 (distance-matched)
[03:31:15] [PROCESS] Processing sector 6/8: SW (4,989 matched pairs from 3,464,280 original)
[03:31:15] [DEBUG]   Binning SW matched data into 40 distance bins...
[03:31:15] [DEBUG]   SW: 15 valid bins (min 50 pairs per bin)
[03:31:15] [DEBUG]   Fitting exponential correlation model to SW matched data...
[03:31:15] [SUCCESS]   SW fit successful: λ = 3246.4 km, R² = 0.207 (distance-matched)
[03:31:16] [PROCESS] Processing sector 7/8: W (4,989 matched pairs from 3,387,922 original)
[03:31:16] [DEBUG]   Binning W matched data into 40 distance bins...
[03:31:16] [DEBUG]   W: 15 valid bins (min 50 pairs per bin)
[03:31:16] [DEBUG]   Fitting exponential correlation model to W matched data...
[03:31:16] [SUCCESS]   W fit successful: λ = 5073.9 km, R² = 0.460 (distance-matched)
[03:31:16] [PROCESS] Processing sector 8/8: NW (4,989 matched pairs from 8,055,209 original)
[03:31:16] [DEBUG]   Binning NW matched data into 40 distance bins...
[03:31:16] [DEBUG]   NW: 15 valid bins (min 50 pairs per bin)
[03:31:16] [DEBUG]   Fitting exponential correlation model to NW matched data...
[03:31:16] [SUCCESS]   NW fit successful: λ = 9720.7 km, R² = 0.208 (distance-matched)
[03:31:17] [PROCESS] Computing anisotropy statistics from 8 successful sector fits...
[03:31:17] [SUCCESS] Enhanced Anisotropy complete: 8 sectors, CV = 0.763
[03:31:18] [PROCESS] Starting Temporal Orbital Tracking Analysis...
[03:31:18] [PROCESS] Testing for seasonal orbital motion signatures in GPS timing correlations
[03:31:19] [INFO] Temporal range: 2023-01-01 00:00:00 to 2025-06-30 00:00:00
[03:31:19] [INFO] Day of year range: 1 to 366
[03:31:19] [SUCCESS] Using pre-computed azimuths from Step 2.1
[03:31:28] [PROCESS] Tracking E-W/N-S ratio across 34 temporal samples (each using 30-day windows)...
[03:31:28] [INFO] Window strategy: Each sample uses ±15 days (30-day total) to balance seasonal signal with noise reduction
[03:32:07] [SUCCESS] Robust correlation confirmed: E-W/N-S anisotropy correlates with Earth's orbital motion (r=-0.701, p=0.0000)
[03:32:07] [INFO] Results indicate GPS timing correlations may reflect Earth's orbital dynamics
[03:32:07] [SUCCESS] Temporal orbital tracking complete: 34 samples analyzed
[03:32:07] [PROCESS] Starting Chandler Wobble Analysis (14-month period)...
[03:32:09] [INFO] Temporal coverage: 912 days (2.15 Chandler cycles)
[03:32:34] [SUCCESS] Chandler wobble signature detected: R² = 0.377
[03:32:34] [SUCCESS] CHANDLER WOBBLE ANALYSIS RESULTS:
[03:32:34] [INFO]   Chandler Period: 14.0 months (433 days)
[03:32:34] [INFO]   Temporal Coverage: 912 days (2.11 Chandler cycles)
[03:32:34] [INFO]   Phase Bins Analyzed: 18
[03:32:34] [SUCCESS]   Chandler Signature: R² = 0.377 (DETECTED)
[03:32:34] [SUCCESS] Chandler wobble analysis complete: 18 phase bins analyzed
[03:32:34] [PROCESS] Starting 3D Spherical Harmonic Analysis...
[03:32:34] [SUCCESS] Using pre-computed azimuths from Step 2.1
[03:32:34] [PROCESS] Computing elevation angles for 3D analysis...
[03:33:04] [SUCCESS] Strong 3D anisotropy detected: strength = 1.981
[03:33:04] [SUCCESS] 3D SPHERICAL HARMONIC ANALYSIS RESULTS:
[03:33:04] [INFO]   3D Anisotropy Strength: 1.981
[03:33:04] [INFO]   Spherical Bins Analyzed: 16
[03:33:04] [INFO]   Azimuth Resolution: 16 bins (22.5° each)
[03:33:04] [INFO]   Elevation Resolution: 8 bins (0-90°)
[03:33:04] [SUCCESS]   Strong 3D Structure: 1.981 (DETECTED)
[03:33:04] [SUCCESS] 3D spherical harmonic analysis complete: 16 bins analyzed
[03:33:04] [PROCESS] Starting Multi-Frequency Beat Analysis (Aligned with Step 3.6)...
[03:33:04] [INFO] Analyzing 12 frequency bands aligned with Step 3.6
[03:33:04] [INFO]   tidal_diurnal: 15 µHz (0.8 day period)
[03:33:04] [INFO]   tidal_semidiurnal: 25 µHz (0.5 day period)
[03:33:04] [INFO]   post_tidal_30_40: 35 µHz (0.3 day period)
[03:33:04] [INFO]   post_tidal_40_50: 45 µHz (0.3 day period)
[03:33:04] [INFO]   post_tidal_50_100: 75 µHz (0.2 day period)
[03:33:04] [INFO]   intermediate_100_200: 150 µHz (0.1 day period)
[03:33:04] [INFO]   intermediate_200_350: 275 µHz (0.0 day period)
[03:33:04] [INFO]   intermediate_350_500: 425 µHz (0.0 day period)
[03:33:04] [INFO]   transition_500_750: 625 µHz (0.0 day period)
[03:33:04] [INFO]   transition_750_1000: 875 µHz (0.0 day period)
[03:33:04] [INFO]   control_1000_1500: 1250 µHz (0.0 day period)
[03:33:04] [INFO]   control_2000_3000: 2500 µHz (0.0 day period)
[03:33:05] [INFO] Analyzing short range (50-500 km): 352,905 pairs
[03:33:06] [INFO] Analyzing medium range (500-2000 km): 2,529,026 pairs
[03:33:11] [INFO] Analyzing long range (2000-10000 km): 20,131,266 pairs
[03:33:15] [INFO] Analyzing very_long range (10000-20000 km): 16,004,184 pairs
[03:33:15] [SUCCESS] MULTI-FREQUENCY BEAT ANALYSIS (STEP 3.6 ALIGNED) COMPLETE:
[03:33:15] [INFO]   Frequency Bands Analyzed: 12
[03:33:15] [INFO]   Significant Beat Patterns: 0
[03:33:15] [INFO]   Detection Threshold: |r| > 0.3
[03:33:15] [PROCESS] Starting Relative Motion Beat Analysis...
[03:33:42] [SUCCESS] RELATIVE MOTION BEAT ANALYSIS RESULTS:
[03:33:42] [INFO]   Significant Beat Patterns: 11
[03:33:42] [INFO]   Total Beat Patterns Analyzed: 12
[03:33:42] [INFO]   Detection Threshold: R² > 0.2
[03:33:42] [INFO]   ALL SIGNIFICANT RELATIVE MOTION BEAT PATTERNS:
[03:33:42] [INFO]     short_tidal_m2_tidal_s2_diff: R²=0.600, Period=14.8 days, Amplitude=-0.0044, Range=short
[03:33:42] [INFO]     short_chandler_annual_sum: R²=0.861, Period=196.9 days, Amplitude=0.0081, Range=short
[03:33:42] [INFO]     short_chandler_semiannual_sum: R²=0.621, Period=127.9 days, Amplitude=0.0060, Range=short
[03:33:42] [INFO]     short_rotation_tidal_beat: R²=0.561, Period=0.5 days, Amplitude=-0.0011, Range=short
[03:33:42] [INFO]     medium_tidal_m2_tidal_s2_diff: R²=0.824, Period=14.8 days, Amplitude=-0.0051, Range=medium
[03:33:42] [INFO]     medium_chandler_annual_sum: R²=0.822, Period=196.9 days, Amplitude=0.0066, Range=medium
[03:33:42] [INFO]     medium_chandler_semiannual_sum: R²=0.436, Period=127.9 days, Amplitude=0.0036, Range=medium
[03:33:42] [INFO]     medium_rotation_tidal_beat: R²=0.657, Period=0.5 days, Amplitude=0.0025, Range=medium
[03:33:42] [INFO]     long_tidal_m2_tidal_s2_diff: R²=0.559, Period=14.8 days, Amplitude=0.0014, Range=long
[03:33:42] [INFO]     long_chandler_annual_sum: R²=0.371, Period=196.9 days, Amplitude=-0.0012, Range=long
[03:33:42] [INFO]     long_chandler_semiannual_sum: R²=0.899, Period=127.9 days, Amplitude=-0.0037, Range=long
[03:33:42] [SUCCESS] Relative motion beat analysis complete: 11 significant patterns detected
[03:33:42] [PROCESS] Starting Mesh Dance Analysis - Network Coherence Assessment
[03:33:42] [PROCESS] Analyzing coherent motion patterns of GPS station network...
[03:33:43] [INFO] Analyzing mesh coherence patterns...
[03:33:44] [INFO] Using OPTIMIZED windows: 90d for coherence (10 samples), 30d for oscillation/spiral
[03:34:12] [INFO] Using 31 high-resolution 30-day windows for spiral/oscillation detection
[03:34:12] [INFO] Analyzing spiral dynamics of mesh motion...
[03:34:12] [INFO] Analyzing collective mesh oscillation patterns...
[03:34:12] [INFO] Oscillation analysis using 31 samples (window size: 30d)
[03:34:12] [INFO] Analyzing spacetime coupling signatures...
[03:34:12] [INFO] Computing network coherence classification...
[03:34:12] [SUCCESS] MESH DANCE ANALYSIS RESULTS:
[03:34:12] [INFO]   Network Coherence Score: 0.560
[03:34:12] [INFO]   Dance Classification: WEAK NETWORK COHERENCE - Limited collective motion detected
[03:34:12] [INFO]   Time Windows Analyzed: 11
[03:34:12] [INFO]   Temporal Span: 900 days
[03:34:12] [INFO]   DEBUG - Component Scores:
[03:34:12] [INFO]     Mesh Coherence: 0.933 (base: 0.644)
[03:34:12] [INFO]     Spiral Score: 0.023 (detected: True)
[03:34:12] [INFO]     Oscillation Score: 0.591 (detected: True)
[03:34:12] [INFO]     Earth Coupling Score: 0.333 (detected: True)
[03:34:12] [INFO]     Significant Components: 3/3
[03:34:12] [INFO]     Boost Factor: 1.45x
[03:34:12] [INFO]     Base Score: 0.560 → Final Score: 0.560
[03:34:12] [INFO]   DEBUG - Best Oscillation Details:
[03:34:12] [INFO]     Period: 365.2 days
[03:34:12] [INFO]     Correlation: 0.591
[03:34:12] [INFO]     R²: 0.349
[03:34:12] [INFO]     P-value: 0.0005
[03:34:12] [INFO]   Best Collective Oscillation: 365.2 day period
[03:34:12] [INFO]      Oscillation R²: 0.349
[03:34:12] [INFO]      Significant Oscillations: 2
[03:34:12] [SUCCESS] MESH DANCE ANALYSIS COMPLETE: WEAK NETWORK COHERENCE - Limited collective motion detected
[03:34:12] [PROCESS] Starting Jupiter Opposition Pulse Analysis...
[03:34:13] [INFO] Data coverage: 2023-01-01 to 2025-06-30 (912 days)
[03:34:13] [INFO] Using 240-day windows (±120 days) for optimal gravitational coupling detection
[03:34:13] [INFO] Analyzing 2 Jupiter opposition events
[03:34:13] [INFO] Event window: ±120 days, Expected Amplitude: 0.220%
[03:34:13] [INFO] Jupiter orbital period: ~11.86 years, Opposition frequency: ~1.09 years
[03:34:13] [PROCESS]   Processing event: Jupiter_Opposition_2023 (2023-11-03)
[03:34:19] [INFO]     Signal detected for Jupiter_Opposition_2023: 1.2σ (below 3.0σ threshold), 99.6% amplitude
[03:34:19] [PROCESS]   Processing event: Jupiter_Opposition_2024 (2024-12-07)
[03:34:24] [INFO]     Signal detected for Jupiter_Opposition_2024: 1.7σ (below 3.0σ threshold), 168.3% amplitude
[03:34:24] [SUCCESS] Jupiter opposition analysis complete: 2 events analyzed
[03:34:24] [PROCESS] Starting Saturn Opposition Analysis...
[03:34:25] [INFO] Using 240-day windows (±120 days) aligned with optimal coupling timescale
[03:34:25] [INFO] Analyzing 3 Saturn opposition events
[03:34:25] [INFO] Event window: ±120 days, Expected Amplitude: 0.019%
[03:34:25] [INFO] Saturn orbital period: ~29.46 years, Opposition frequency: ~1.04 years
[03:34:25] [INFO] Data coverage: 2023-01-01 to 2025-06-30 (912 days)
[03:34:25] [PROCESS]   Processing event: saturn_2023 (2023-08-27)
[03:34:31] [INFO]     Signal detected for saturn_2023: 1.6σ (below 3.0σ threshold), 150.4% amplitude
[03:34:31] [PROCESS]   Processing event: saturn_2024 (2024-09-08)
[03:34:37] [INFO]     Signal detected for saturn_2024: 0.4σ (below 3.0σ threshold), 16.8% amplitude
[03:34:37] [PROCESS]   Processing event: saturn_2025 (2025-09-21)
[03:34:38] [INFO]     Signal detected for saturn_2025: 0.0σ (below 3.0σ threshold), 208.8% amplitude
[03:34:38] [SUCCESS] Saturn opposition analysis complete: 3 events analyzed
[03:34:38] [PROCESS] Starting Mars Opposition Analysis...
[03:34:38] [INFO] Using 240-day windows (±120 days) for maximum sensitivity to weak Mars signal
[03:34:38] [INFO] Analyzing 1 Mars opposition events
[03:34:38] [INFO] Event window: ±120 days, Expected Amplitude: 0.0050% (weakest expected signal)
[03:34:38] [INFO] Mars orbital period: ~1.88 years, Opposition frequency: ~2.13 years
[03:34:38] [INFO] Data coverage: 2023-01-01 to 2025-06-30 (912 days)
[03:34:38] [PROCESS]   Processing event: mars_2025 (2025-01-16)
[03:34:44] [INFO]     Signal detected for mars_2025: 1.9σ (below 3.0σ threshold), 190.7% amplitude
[03:34:44] [SUCCESS] Mars opposition analysis complete: 1 events analyzed
[03:34:44] [PROCESS] Starting Venus Inferior Conjunction Analysis...
[03:34:44] [INFO] Using 240-day windows (±120 days) for optimal Venus coupling detection
[03:34:44] [INFO] Analyzing 2 Venus inferior conjunction events
[03:34:44] [INFO] Event window: ±120 days, Expected Amplitude: 0.100%
[03:34:44] [INFO] Venus synodic period: ~584 days (~19 months)
[03:34:45] [INFO] Data coverage: 2023-01-01 to 2025-06-30 (912 days)
[03:34:45] [PROCESS]   Processing event: venus_2023 (2023-08-13)
[03:34:51] [INFO]     Signal detected for venus_2023: 1.6σ (below 3.0σ threshold), -89.6% amplitude
[03:34:51] [PROCESS]   Processing event: venus_2025 (2025-03-23)
[03:34:56] [INFO]     Signal detected for venus_2025: 2.0σ (below 3.0σ threshold), 191.8% amplitude
[03:34:56] [SUCCESS] Venus inferior conjunction analysis complete: 2 events analyzed
[03:34:56] [PROCESS] Starting Mercury Inferior Conjunction Analysis...
[03:34:56] [INFO] Using 240-day windows (±120 days) for maximum sensitivity to weak Mercury signal
[03:34:56] [INFO] Analyzing 8 Mercury inferior conjunction events
[03:34:56] [INFO] Event window: ±120 days, Expected Amplitude: 0.0100%
[03:34:56] [INFO] Mercury synodic period: ~116 days (~4 months) - high frequency provides statistical power
[03:34:57] [INFO] Data coverage: 2023-01-01 to 2025-06-30 (912 days)
[03:34:57] [PROCESS]   Processing event: mercury_2023_01 (2023-01-07)
[03:35:00] [INFO]     Signal detected for mercury_2023_01: 0.8σ (below 3.0σ threshold), 84.1% amplitude
[03:35:00] [PROCESS]   Processing event: mercury_2023_05 (2023-05-01)
[03:35:06] [SUCCESS]     Significant detection for mercury_2023_05: 3.5σ (exceeds 3.0σ threshold), 199.4% amplitude
[03:35:06] [PROCESS]   Processing event: mercury_2023_09 (2023-08-28)
[03:35:12] [INFO]     Signal detected for mercury_2023_09: 1.6σ (below 3.0σ threshold), 151.7% amplitude
[03:35:12] [PROCESS]   Processing event: mercury_2023_12 (2023-12-22)
[03:35:18] [INFO]     Signal detected for mercury_2023_12: 2.0σ (below 3.0σ threshold), -97.9% amplitude
[03:35:18] [PROCESS]   Processing event: mercury_2024_04 (2024-04-11)
[03:35:24] [INFO]     Signal detected for mercury_2024_04: 1.4σ (below 3.0σ threshold), 143.0% amplitude
[03:35:24] [PROCESS]   Processing event: mercury_2024_08 (2024-08-05)
[03:35:30] [INFO]     Signal detected for mercury_2024_08: 1.4σ (below 3.0σ threshold), 168.4% amplitude
[03:35:30] [PROCESS]   Processing event: mercury_2024_11 (2024-11-26)
[03:35:35] [INFO]     Signal detected for mercury_2024_11: 2.0σ (below 3.0σ threshold), 46.6% amplitude
[03:35:35] [PROCESS]   Processing event: mercury_2025_03 (2025-03-15)
[03:35:41] [INFO]     Signal detected for mercury_2025_03: 1.2σ (below 3.0σ threshold), 39.6% amplitude
[03:35:41] [SUCCESS] Mercury inferior conjunction analysis complete: 8 events analyzed
[03:35:41] [PROCESS] Starting Solar Rotation Cycle Analysis...
[03:35:41] [INFO] Testing TEP coupling to rotating solar magnetic field (Carrington rotation)
[03:35:42] [INFO] Data coverage: 2023-01-01 to 2025-06-30 (912 days)
[03:35:42] [INFO] Solar rotation period: 27.0 days (~33.8 complete rotations)
[03:35:43] [INFO] Solar Rotation: Peak at 20.3 days but not significant
[03:35:43] [INFO]   Correlation: r=0.035, p=0.2881, SNR=3.5
[03:35:43] [SUCCESS] Solar rotation analysis complete
[03:35:43] [PROCESS] Starting Lunar Standstill Analysis (Event-Based)...
[03:35:44] [INFO] Data coverage: 2023-01-01 to 2025-06-30 (912 days)
[03:35:44] [INFO] Lunar standstill event window: ±180 days (±5.9 months)
[03:35:44] [INFO] Expected amplitude: 0.050%
[03:35:44] [INFO] Analyzing 1 lunar standstill event(s)
[03:35:44] [PROCESS]   Processing event: lunar_standstill_2025 (2025-06-01)
[03:35:49] [INFO]     Lunar standstill signal: 1.2σ (not significant)
[03:35:49] [SUCCESS] Lunar standstill analysis complete: No significant Lunar Standstill signals detected.
[03:35:49] [INFO] Memory usage: 2.7/94.4 GB (2.9%)
[03:35:49] [INFO] 
[03:35:49] [INFO] ================================================================================
[03:35:49] [INFO] JUPITER OPPOSITION ANALYSIS SUMMARY - CODE
[03:35:49] [INFO] ================================================================================
[03:35:49] [INFO] 
[03:35:49] [INFO] Jupiter Opposition: 2 SUB-SIGNIFICANT DETECTION(S) (1.0-2.0σ)
[03:35:49] [INFO]    2023-11-03: 1.2σ, 99.6% amplitude
[03:35:49] [INFO]    2024-12-07: 1.7σ, 168.3% amplitude
[03:35:49] [INFO] Statistical Summary:
[03:35:49] [INFO]    Total Events Analyzed: 2
[03:35:49] [INFO]    Detections ≥1.0σ: 2/2 (100.0%)
[03:35:49] [INFO]    Average Amplitude: 134.0% (expected: 0.220%)
[03:35:49] [INFO]    Maximum Amplitude: 168.3% (5x expected)
[03:35:49] [INFO]    Stacked Analysis: Deferred to Step 4.4 for comprehensive multi-planet correlation
[03:35:49] [INFO] --------------------------------------------------
[03:35:49] [INFO] 
[03:35:49] [INFO] ================================================================================
[03:35:49] [INFO] SATURN OPPOSITION ANALYSIS SUMMARY - CODE
[03:35:49] [INFO] ================================================================================
[03:35:49] [INFO] 
[03:35:49] [INFO] Saturn Opposition: 1 SUB-SIGNIFICANT DETECTION(S) (1.0-2.0σ)
[03:35:49] [INFO]    2023-08-27: 1.6σ, 150.4% amplitude
[03:35:49] [INFO] Statistical Summary:
[03:35:49] [INFO]    Total Events Analyzed: 3
[03:35:49] [INFO]    Detections ≥1.0σ: 1/3 (33.3%)
[03:35:49] [INFO]    Average Amplitude: 125.3% (expected: 0.019%)
[03:35:49] [INFO]    Maximum Amplitude: 208.8% (77x expected)
[03:35:49] [INFO]    Stacked Analysis: Deferred to Step 4.4 for comprehensive multi-planet correlation
[03:35:49] [INFO] --------------------------------------------------
[03:35:49] [INFO] 
[03:35:49] [INFO] ================================================================================
[03:35:49] [INFO] MARS OPPOSITION ANALYSIS SUMMARY - CODE
[03:35:49] [INFO] ================================================================================
[03:35:49] [INFO] 
[03:35:49] [INFO] Mars Opposition: 1 SUB-SIGNIFICANT DETECTION(S) (1.0-2.0σ)
[03:35:49] [INFO]    2025-01-16: 1.9σ, 190.7% amplitude
[03:35:49] [INFO] Statistical Summary:
[03:35:49] [INFO]    Total Events Analyzed: 1
[03:35:49] [INFO]    Detections ≥1.0σ: 1/1 (100.0%)
[03:35:49] [INFO]    Average Amplitude: 190.7% (expected: 0.0050%)
[03:35:49] [INFO]    Maximum Amplitude: 190.7% (267x expected)
[03:35:49] [INFO]    Stacked Analysis: Deferred to Step 4.4 for comprehensive multi-planet correlation
[03:35:49] [INFO] --------------------------------------------------
[03:35:49] [PROCESS] Loading complete geospatial dataset from Step 2.1 for CODE...
[03:35:49] [INFO] Loading from /mnt/data/data/processed/step_2_1_geospatial_code.csv
[03:35:49] [DEBUG] File size: 5387.1 MB
[03:35:49] [PROCESS] Reading CSV file into memory...
[03:36:31] [SUCCESS] CSV loaded successfully: 39,047,074 rows
[03:36:31] [PROCESS] Computing coherence values from plateau phase...
[03:36:32] [PROCESS] Cleaning and filtering data...
[03:36:44] [DEBUG] Data filtering: 39,047,074 → 39,047,074 → 39,047,074 → 39,047,074 → 39,047,074 pairs
[03:36:44] [SUCCESS] No pairs filtered - data is clean from Step 2.1
[03:36:44] [INFO] Data quality metrics:
[03:36:44] [INFO]   Coherence range: [-1.000000, 1.000000]
[03:36:44] [INFO]   Coherence mean: 0.006529 ± 0.716118
[03:36:44] [INFO]   Distance range: [1.8, 19937.3] km
[03:36:45] [INFO]   Distance mean: 9125.0 ± 4672.0 km
[03:36:52] [SUCCESS] Geospatial dataset loaded: 39,047,074 pairs, 8.00 GB
[03:36:52] [SUCCESS] Azimuth already computed in Step 2.1 - no redundant calculation needed
[03:36:52] [DEBUG] Step 2.1 log exists but no pair count found for code
[03:36:52] [PROCESS] Verifying required columns are present...
[03:36:52] [SUCCESS] All required columns present: ['azimuth', 'delta_longitude', 'delta_local_time']
[03:36:52] [INFO] Available columns: ['date', 'station_i', 'station_j', 'dist_km', 'plateau_phase', 'station1_lat', 'station1_lon', 'station2_lat', 'station2_lon', 'azimuth', 'delta_longitude', 'delta_local_time', 'coherence']
[03:36:52] [INFO] Memory usage: 6.5/94.4 GB (6.9%)
[03:36:52] [INFO] 
================================================================================
[03:36:52] [PROCESS] Starting Temporal Coherence Assessment...
[03:37:04] [SUCCESS] Temporal Coherence Assessment Complete
[03:37:04] [INFO]   Coherent Timescales: 0/4
[03:37:04] [INFO]   Spatial Bins Analyzed: 4
[03:37:04] [INFO] 

[03:37:04] [INFO] 
[03:37:04] [INFO] ================================================================================
[03:37:04] [INFO] ================================================================================
[03:37:04] [INFO] ================================================================================
[03:37:04] [INFO] 
[03:37:04] [INFO] 
[03:37:04] [INFO] ================================================================================
[03:37:04] [INFO] COMPREHENSIVE SCIENTIFIC SIGNIFICANCE REPORT - CODE
[03:37:04] [INFO] ================================================================================
[03:37:04] [INFO] 
[03:37:04] [INFO] 
[03:37:04] [INFO] ================================================================================
[03:37:04] [INFO] ================================================================================
[03:37:04] [INFO] ================================================================================
[03:37:04] [INFO] 
[03:37:04] [INFO] 
[03:37:04] [INFO] ================================================================================
[03:37:04] [INFO] 
1. PLANETARY GRAVITATIONAL EVENT ANALYSIS
[03:37:04] [INFO] ================================================================================
[03:37:04] [INFO] 
[03:37:04] [INFO]    Analysis of GPS timing correlation response to planetary configurations
[03:37:04] [INFO]    Detection threshold: 3.0σ (99.7% confidence)
[03:37:04] [INFO] 
[03:37:04] [INFO] ================================================================================
[03:37:04] [INFO] \n================================================================================
[03:37:04] [INFO] ================================================================================
[03:37:04] [INFO] 
[03:37:04] [INFO] 
[03:37:04] [INFO] ================================================================================
[03:37:04] [INFO] STATISTICAL SIGNIFICANCE CORRECTIONS
[03:37:04] [INFO] ================================================================================
[03:37:04] [INFO] 
[03:37:04] [INFO] 
[03:37:04] [INFO] ================================================================================
[03:37:04] [INFO] ================================================================================
[03:37:04] [INFO] ================================================================================
[03:37:04] [INFO] 
[03:37:04] [PROCESS] Testing gravitational scaling consistency...
[03:37:04] [INFO] Multiple Testing Correction Results:
[03:37:04] [INFO]    Total tests: 1
[03:37:04] [INFO]    Uncorrected significant: 1
[03:37:04] [INFO]    Bonferroni significant: 1
[03:37:04] [INFO]    FDR significant: 1
[03:37:04] [INFO]    Bonferroni α: 0.050000
[03:37:04] [INFO] 
   JUPITER:
[03:37:04] [INFO]       Events Analyzed: 2
[03:37:04] [INFO]       Expected Amplitude: 0.2200%
[03:37:04] [INFO]       Statistical Summary:
[03:37:04] [INFO]          Mean Sigma Level: 1.42σ
[03:37:04] [INFO]          Maximum Sigma Level: 1.69σ
[03:37:04] [INFO]          Mean Observed Amplitude: 133.98%
[03:37:04] [INFO]          Maximum Observed Amplitude: 168.31%
[03:37:04] [INFO]          Mean Enhancement Factor: 4.3x
[03:37:04] [INFO]          Maximum Enhancement Factor: 5.4x
[03:37:04] [INFO] 
   SATURN:
[03:37:04] [INFO]       Events Analyzed: 3
[03:37:04] [INFO]       Expected Amplitude: 0.0190%
[03:37:04] [INFO]       Statistical Summary:
[03:37:04] [INFO]          Mean Sigma Level: 0.66σ
[03:37:04] [INFO]          Maximum Sigma Level: 1.56σ
[03:37:04] [INFO]          Mean Observed Amplitude: 125.30%
[03:37:04] [INFO]          Maximum Observed Amplitude: 208.78%
[03:37:04] [INFO]          Mean Enhancement Factor: 46.2x
[03:37:04] [INFO]          Maximum Enhancement Factor: 76.9x
[03:37:04] [INFO] 
   MARS:
[03:37:04] [INFO]       Events Analyzed: 1
[03:37:04] [INFO]       Expected Amplitude: 0.0050%
[03:37:04] [INFO]       Statistical Summary:
[03:37:04] [INFO]          Mean Sigma Level: 1.90σ
[03:37:04] [INFO]          Maximum Sigma Level: 1.90σ
[03:37:04] [INFO]          Mean Observed Amplitude: 190.71%
[03:37:04] [INFO]          Maximum Observed Amplitude: 190.71%
[03:37:04] [INFO]          Mean Enhancement Factor: 267.0x
[03:37:04] [INFO]          Maximum Enhancement Factor: 267.0x
[03:37:04] [INFO] 
   VENUS:
[03:37:04] [INFO]       Events Analyzed: 2
[03:37:04] [INFO]       Expected Amplitude: 0.1000%
[03:37:04] [INFO]       Statistical Summary:
[03:37:04] [INFO]          Mean Sigma Level: 1.78σ
[03:37:04] [INFO]          Maximum Sigma Level: 1.96σ
[03:37:04] [INFO]          Mean Observed Amplitude: 140.68%
[03:37:04] [INFO]          Maximum Observed Amplitude: 191.77%
[03:37:04] [INFO]          Mean Enhancement Factor: 9.8x
[03:37:04] [INFO]          Maximum Enhancement Factor: 13.4x
[03:37:04] [INFO] 
   MERCURY:
[03:37:04] [INFO]       Events Analyzed: 8
[03:37:04] [INFO]       Expected Amplitude: 0.0100%
[03:37:04] [INFO]       Statistical Summary:
[03:37:04] [INFO]          Mean Sigma Level: 1.73σ
[03:37:04] [INFO]          Maximum Sigma Level: 3.49σ
[03:37:04] [INFO]          Mean Observed Amplitude: 116.34%
[03:37:04] [INFO]          Maximum Observed Amplitude: 199.44%
[03:37:04] [INFO]          Mean Enhancement Factor: 81.4x
[03:37:04] [INFO]          Maximum Enhancement Factor: 139.6x
[03:37:04] [SUCCESS]       SIGNIFICANT DETECTIONS (≥3.0σ): 1
[03:37:04] [INFO]          2023-05-01: 3.49σ, 199.4% (117x expected)
[03:37:04] [INFO]       Notable Detections (2.0-3.0σ): 1
[03:37:04] [INFO]          2023-12-22: 2.00σ, 97.9%
[03:37:04] [INFO] 
[03:37:04] [INFO] ================================================================================
[03:37:04] [INFO] 
2. GEOPHYSICAL SIGNATURE ANALYSIS
[03:37:04] [INFO] ================================================================================
[03:37:04] [INFO] 
[03:37:04] [INFO]    Correlation with known Earth rotation and orbital parameters
[03:37:04] [INFO] 
   CHANDLER WOBBLE (14-month polar motion):
[03:37:04] [INFO]       Detection Status: BORDERLINE DETECTED (2.7σ equivalent)
[03:37:04] [INFO]       R² Correlation: 0.377 (threshold: >0.40, equivalent to >3.2σ)
[03:37:04] [INFO]       Period: 425 days (14.0 months)
[03:37:04] [INFO]       Temporal Coverage: 912 days (2.15 complete cycles)
[03:37:04] [INFO]       Interpretation: Borderline Chandler wobble coupling detected (p ≈ 0.0067).
[03:37:04] [INFO]                      Signal is conventionally significant but slightly below
[03:37:04] [INFO]                      analysis threshold. Suggests weak to moderate polar motion coupling.
[03:37:04] [INFO] 
   EARTH ORBITAL MOTION (annual cycle):
[03:37:04] [SUCCESS]       Detection Status: DETECTED (4.6σ)
[03:37:04] [INFO]       Correlation Coefficient: r = -0.701 (threshold: |r| > 0.40, ≈3.2σ)
[03:37:04] [INFO]       Statistical Significance: p = 0.0000
[03:37:04] [INFO]       Temporal Samples: 34 (30-day windows)
[03:37:04] [INFO]       Interpretation: Directional anisotropy (E-W vs N-S) correlates with
[03:37:04] [INFO]                      Earth's position in orbit, suggesting orbital velocity
[03:37:04] [INFO]                      modulates GPS timing correlation structure
[03:37:04] [INFO] 
   MULTI-FREQUENCY BEAT PATTERNS:
[03:37:04] [INFO]       Significant Patterns: 0/0 (0.0%)
[03:37:04] [INFO]       Detection Threshold: p < 0.05, |r| > 0.3
[03:37:04] [INFO] 
[03:37:04] [INFO] ================================================================================
[03:37:04] [INFO] 
3. AMPLITUDE ENHANCEMENT ANALYSIS
[03:37:04] [INFO] ================================================================================
[03:37:04] [INFO] 
[03:37:04] [INFO]    Comparison of observed vs. expected gravitational coupling amplitudes
[03:37:04] [INFO] 
   Enhancement Factor Statistics (Observed/Expected Amplitude):
[03:37:04] [INFO]       Number of Significant Detections: 1
[03:37:04] [INFO]       Mean Enhancement: 117.4x
[03:37:04] [INFO]       Median Enhancement: 117.4x
[03:37:04] [INFO]       Standard Deviation: nanx
[03:37:04] [INFO]       Range: 117.4x - 117.4x
[03:37:04] [INFO]       Coefficient of Variation: nan
[03:37:04] [INFO] 
   Mechanistic Interpretation:
[03:37:04] [INFO]       Mean enhancement >100x indicates NON-LINEAR COUPLING mechanism.
[03:37:04] [INFO]       Such large amplification cannot be explained by direct
[03:37:04] [INFO]       gravitational effects and suggests resonance, tidal amplification,
[03:37:04] [INFO]       or parametric coupling processes with geophysical modes.
[03:37:04] [INFO] 
[03:37:04] [INFO] ================================================================================
[03:37:04] [INFO] 
4. TEP THEORY IMPLICATIONS
[03:37:04] [INFO] ================================================================================
[03:37:04] [INFO] 
[03:37:04] [INFO] 
   Evidence Summary for Temporal Equivalence Principle:
[03:37:04] [SUCCESS]       1. Planetary Gravitational Coupling: DETECTED
[03:37:04] [INFO]          1 significant event(s) with amplitude modulation
[03:37:04] [INFO]       2. Chandler Wobble Correlation: BORDERLINE DETECTED
[03:37:04] [INFO]          R² = 0.377
[03:37:04] [SUCCESS]       3. Orbital Motion Correlation: DETECTED
[03:37:04] [INFO]          r = -0.701
[03:37:04] [WARNING]       4. Multi-Frequency Coherence: NOT DETECTED
[03:37:04] [INFO] 
   Overall Assessment:
[03:37:04] [INFO]       MODERATE SUPPORT for TEP
[03:37:04] [INFO]       2.5/4 evidence categories detected. Results suggest
[03:37:04] [INFO]       partial coupling between timing correlations and gravitational
[03:37:04] [INFO]       dynamics, but additional data needed for confirmation.
[03:37:04] [INFO] 
[03:37:04] [INFO] ================================================================================
[03:37:04] [INFO] ================================================================================
[03:37:04] [INFO] ================================================================================
[03:37:04] [INFO] 
[03:37:04] [SUCCESS] Statistical validation complete for CODE in 648.6s
[03:37:04] [SUCCESS] Results saved: /mnt/data/results/outputs/step_2_2_geospatial_temporal_analysis_code.json
[03:37:04] [INFO] 
============================================================
[03:37:04] [INFO] 
[03:37:04] [INFO] ================================================================================
[03:37:04] [INFO] PROCESSING IGS_COMBINED - Geospatial Temporal Analysis
[03:37:04] [INFO] ================================================================================
[03:37:04] [INFO] 
[03:37:04] [INFO] ============================================================
[03:37:04] [INFO] Starting geospatial temporal analysis for IGS_COMBINED
[03:37:04] [INFO] ============================================================
[03:37:04] [INFO] MULTI-SCALE TEMPORAL WINDOW STRATEGY:
[03:37:04] [INFO]   Temporal Orbital Tracking: 30-day windows (seasonal signal + noise reduction)
[03:37:04] [INFO]   Mesh Dance Analysis: OPTIMIZED (90d coherence + 30d oscillation/spiral)
[03:37:04] [INFO]   Planetary Oppositions: 240-day windows (optimal coupling timescale)
[03:37:04] [INFO]   Chandler Wobble: Full 433-day cycle (period-matched analysis)
[03:37:04] [INFO]   Beat Analysis: Period-specific windows (matched to each frequency)
[03:37:04] [INFO] Rationale: Each analysis uses windows matched to its characteristic physical timescale
[03:37:04] [INFO] Based on empirical analysis showing optimal coupling at 240 days (Savitzky-Golay)
[03:37:04] [INFO] ============================================================
[03:37:04] [PROCESS] Loading complete geospatial dataset from Step 2.1 for IGS_COMBINED...
[03:37:04] [INFO] Loading from /mnt/data/data/processed/step_2_1_geospatial_igs_combined.csv
[03:37:04] [DEBUG] File size: 1660.6 MB
[03:37:04] [PROCESS] Reading CSV file into memory...
[03:37:17] [SUCCESS] CSV loaded successfully: 12,874,746 rows
[03:37:17] [PROCESS] Computing coherence values from plateau phase...
[03:37:17] [PROCESS] Cleaning and filtering data...
[03:37:21] [DEBUG] Data filtering: 12,874,746 → 12,874,746 → 12,874,746 → 12,874,746 → 12,874,746 pairs
[03:37:21] [SUCCESS] No pairs filtered - data is clean from Step 2.1
[03:37:21] [INFO] Data quality metrics:
[03:37:21] [INFO]   Coherence range: [-1.000000, 1.000000]
[03:37:21] [INFO]   Coherence mean: 0.013297 ± 0.716677
[03:37:21] [INFO]   Distance range: [1.0, 19937.3] km
[03:37:21] [INFO]   Distance mean: 9674.6 ± 4486.8 km
[03:37:23] [SUCCESS] Geospatial dataset loaded: 12,874,746 pairs, 2.52 GB
[03:37:23] [SUCCESS] Azimuth already computed in Step 2.1 - no redundant calculation needed
[03:37:23] [DEBUG] Step 2.1 log exists but no pair count found for igs_combined
[03:37:23] [PROCESS] Verifying required columns are present...
[03:37:23] [SUCCESS] All required columns present: ['azimuth', 'delta_longitude', 'delta_local_time']
[03:37:23] [INFO] Available columns: ['date', 'station_i', 'station_j', 'dist_km', 'plateau_phase', 'station1_lat', 'station1_lon', 'station2_lat', 'station2_lon', 'azimuth', 'delta_longitude', 'delta_local_time', 'coherence']
[03:37:23] [INFO] Memory usage: 3.9/94.4 GB (4.1%)
[03:37:24] [PROCESS] Starting enhanced anisotropy analysis...
[03:37:25] [INFO] Analyzing 12,874,746 pairs with coordinate information
[03:37:25] [SUCCESS] Using pre-computed azimuths from Step 2.1
[03:37:25] [PROCESS] Classifying pairs into directional sectors...
[03:37:27] [PROCESS] Applying distance distribution matching guardrails...
[03:39:04] [SUCCESS] Distance distribution matching applied to 8 sectors
[03:39:04] [INFO] Analyzing 8 directional sectors with 40 distance bins
[03:39:04] [PROCESS] Processing sector 1/8: N (4,991 matched pairs from 2,020,118 original)
[03:39:04] [DEBUG]   Binning N matched data into 40 distance bins...
[03:39:04] [DEBUG]   N: 13 valid bins (min 50 pairs per bin)
[03:39:04] [DEBUG]   Fitting exponential correlation model to N matched data...
[03:39:04] [SUCCESS]   N fit successful: λ = 3175.8 km, R² = 0.371 (distance-matched)
[03:39:04] [PROCESS] Processing sector 2/8: NE (4,991 matched pairs from 2,248,852 original)
[03:39:04] [DEBUG]   Binning NE matched data into 40 distance bins...
[03:39:04] [DEBUG]   NE: 14 valid bins (min 50 pairs per bin)
[03:39:04] [DEBUG]   Fitting exponential correlation model to NE matched data...
[03:39:04] [SUCCESS]   NE fit successful: λ = 1804.1 km, R² = 0.275 (distance-matched)
[03:39:05] [PROCESS] Processing sector 3/8: E (4,991 matched pairs from 1,409,948 original)
[03:39:05] [DEBUG]   Binning E matched data into 40 distance bins...
[03:39:05] [DEBUG]   E: 13 valid bins (min 50 pairs per bin)
[03:39:05] [DEBUG]   Fitting exponential correlation model to E matched data...
[03:39:05] [SUCCESS]   E fit successful: λ = 9721.8 km, R² = 0.614 (distance-matched)
[03:39:05] [PROCESS] Processing sector 4/8: SE (4,991 matched pairs from 1,248,446 original)
[03:39:05] [DEBUG]   Binning SE matched data into 40 distance bins...
[03:39:05] [DEBUG]   SE: 13 valid bins (min 50 pairs per bin)
[03:39:05] [DEBUG]   Fitting exponential correlation model to SE matched data...
[03:39:05] [SUCCESS]   SE fit successful: λ = 3100.2 km, R² = 0.198 (distance-matched)
[03:39:05] [PROCESS] Processing sector 5/8: S (4,991 matched pairs from 1,104,741 original)
[03:39:05] [DEBUG]   Binning S matched data into 40 distance bins...
[03:39:05] [DEBUG]   S: 14 valid bins (min 50 pairs per bin)
[03:39:05] [DEBUG]   Fitting exponential correlation model to S matched data...
[03:39:05] [SUCCESS]   S fit successful: λ = 8706.5 km, R² = 0.392 (distance-matched)
[03:39:05] [PROCESS] Processing sector 6/8: SW (4,991 matched pairs from 1,301,874 original)
[03:39:05] [DEBUG]   Binning SW matched data into 40 distance bins...
[03:39:05] [DEBUG]   SW: 14 valid bins (min 50 pairs per bin)
[03:39:05] [DEBUG]   Fitting exponential correlation model to SW matched data...
[03:39:05] [SUCCESS]   SW fit successful: λ = 833.6 km, R² = 0.232 (distance-matched)
[03:39:05] [PROCESS] Processing sector 7/8: W (4,991 matched pairs from 1,285,162 original)
[03:39:05] [DEBUG]   Binning W matched data into 40 distance bins...
[03:39:05] [DEBUG]   W: 14 valid bins (min 50 pairs per bin)
[03:39:05] [DEBUG]   Fitting exponential correlation model to W matched data...
[03:39:05] [SUCCESS]   W fit successful: λ = 9687.1 km, R² = 0.417 (distance-matched)
[03:39:06] [PROCESS] Processing sector 8/8: NW (4,991 matched pairs from 2,255,605 original)
[03:39:06] [DEBUG]   Binning NW matched data into 40 distance bins...
[03:39:06] [DEBUG]   NW: 14 valid bins (min 50 pairs per bin)
[03:39:06] [DEBUG]   Fitting exponential correlation model to NW matched data...
[03:39:06] [SUCCESS]   NW fit successful: λ = 6489.0 km, R² = 0.071 (distance-matched)
[03:39:06] [PROCESS] Computing anisotropy statistics from 8 successful sector fits...
[03:39:06] [SUCCESS] Enhanced Anisotropy complete: 8 sectors, CV = 0.627
[03:39:06] [PROCESS] Starting Temporal Orbital Tracking Analysis...
[03:39:06] [PROCESS] Testing for seasonal orbital motion signatures in GPS timing correlations
[03:39:06] [INFO] Temporal range: 2023-01-01 00:00:00 to 2025-06-30 00:00:00
[03:39:06] [INFO] Day of year range: 1 to 366
[03:39:06] [SUCCESS] Using pre-computed azimuths from Step 2.1
[03:39:10] [PROCESS] Tracking E-W/N-S ratio across 34 temporal samples (each using 30-day windows)...
[03:39:10] [INFO] Window strategy: Each sample uses ±15 days (30-day total) to balance seasonal signal with noise reduction
[03:39:22] [SUCCESS] Robust correlation confirmed: E-W/N-S anisotropy correlates with Earth's orbital motion (r=-0.793, p=0.0000)
[03:39:22] [INFO] Results indicate GPS timing correlations may reflect Earth's orbital dynamics
[03:39:22] [SUCCESS] Temporal orbital tracking complete: 34 samples analyzed
[03:39:22] [PROCESS] Starting Chandler Wobble Analysis (14-month period)...
[03:39:22] [INFO] Temporal coverage: 912 days (2.15 Chandler cycles)
[03:39:30] [SUCCESS] Chandler wobble signature detected: R² = 0.471
[03:39:30] [SUCCESS] CHANDLER WOBBLE ANALYSIS RESULTS:
[03:39:30] [INFO]   Chandler Period: 14.0 months (433 days)
[03:39:30] [INFO]   Temporal Coverage: 912 days (2.11 Chandler cycles)
[03:39:30] [INFO]   Phase Bins Analyzed: 18
[03:39:30] [SUCCESS]   Chandler Signature: R² = 0.471 (DETECTED)
[03:39:30] [SUCCESS] Chandler wobble analysis complete: 18 phase bins analyzed
[03:39:30] [PROCESS] Starting 3D Spherical Harmonic Analysis...
[03:39:30] [SUCCESS] Using pre-computed azimuths from Step 2.1
[03:39:30] [PROCESS] Computing elevation angles for 3D analysis...
[03:39:39] [SUCCESS] Strong 3D anisotropy detected: strength = 1.981
[03:39:39] [SUCCESS] 3D SPHERICAL HARMONIC ANALYSIS RESULTS:
[03:39:39] [INFO]   3D Anisotropy Strength: 1.981
[03:39:39] [INFO]   Spherical Bins Analyzed: 16
[03:39:39] [INFO]   Azimuth Resolution: 16 bins (22.5° each)
[03:39:39] [INFO]   Elevation Resolution: 8 bins (0-90°)
[03:39:39] [SUCCESS]   Strong 3D Structure: 1.981 (DETECTED)
[03:39:39] [SUCCESS] 3D spherical harmonic analysis complete: 16 bins analyzed
[03:39:39] [PROCESS] Starting Multi-Frequency Beat Analysis (Aligned with Step 3.6)...
[03:39:39] [INFO] Analyzing 12 frequency bands aligned with Step 3.6
[03:39:39] [INFO]   tidal_diurnal: 15 µHz (0.8 day period)
[03:39:39] [INFO]   tidal_semidiurnal: 25 µHz (0.5 day period)
[03:39:39] [INFO]   post_tidal_30_40: 35 µHz (0.3 day period)
[03:39:39] [INFO]   post_tidal_40_50: 45 µHz (0.3 day period)
[03:39:39] [INFO]   post_tidal_50_100: 75 µHz (0.2 day period)
[03:39:39] [INFO]   intermediate_100_200: 150 µHz (0.1 day period)
[03:39:39] [INFO]   intermediate_200_350: 275 µHz (0.0 day period)
[03:39:39] [INFO]   intermediate_350_500: 425 µHz (0.0 day period)
[03:39:39] [INFO]   transition_500_750: 625 µHz (0.0 day period)
[03:39:39] [INFO]   transition_750_1000: 875 µHz (0.0 day period)
[03:39:39] [INFO]   control_1000_1500: 1250 µHz (0.0 day period)
[03:39:39] [INFO]   control_2000_3000: 2500 µHz (0.0 day period)
[03:39:39] [INFO] Analyzing short range (50-500 km): 44,469 pairs
[03:39:39] [INFO] Analyzing medium range (500-2000 km): 509,757 pairs
[03:39:41] [INFO] Analyzing long range (2000-10000 km): 6,367,105 pairs
[03:39:42] [INFO] Analyzing very_long range (10000-20000 km): 5,947,366 pairs
[03:39:42] [SUCCESS] MULTI-FREQUENCY BEAT ANALYSIS (STEP 3.6 ALIGNED) COMPLETE:
[03:39:42] [INFO]   Frequency Bands Analyzed: 12
[03:39:42] [INFO]   Significant Beat Patterns: 0
[03:39:42] [INFO]   Detection Threshold: |r| > 0.3
[03:39:42] [PROCESS] Starting Relative Motion Beat Analysis...
[03:39:51] [SUCCESS] RELATIVE MOTION BEAT ANALYSIS RESULTS:
[03:39:51] [INFO]   Significant Beat Patterns: 9
[03:39:51] [INFO]   Total Beat Patterns Analyzed: 12
[03:39:51] [INFO]   Detection Threshold: R² > 0.2
[03:39:51] [INFO]   ALL SIGNIFICANT RELATIVE MOTION BEAT PATTERNS:
[03:39:51] [INFO]     short_chandler_annual_sum: R²=0.925, Period=196.9 days, Amplitude=-0.0162, Range=short
[03:39:51] [INFO]     short_chandler_semiannual_sum: R²=0.710, Period=127.9 days, Amplitude=0.0115, Range=short
[03:39:51] [INFO]     short_rotation_tidal_beat: R²=0.336, Period=0.5 days, Amplitude=-0.0084, Range=short
[03:39:51] [INFO]     medium_tidal_m2_tidal_s2_diff: R²=0.484, Period=14.8 days, Amplitude=-0.0021, Range=medium
[03:39:51] [INFO]     medium_chandler_annual_sum: R²=0.793, Period=196.9 days, Amplitude=0.0117, Range=medium
[03:39:51] [INFO]     medium_chandler_semiannual_sum: R²=0.785, Period=127.9 days, Amplitude=0.0085, Range=medium
[03:39:51] [INFO]     long_chandler_annual_sum: R²=0.850, Period=196.9 days, Amplitude=-0.0043, Range=long
[03:39:51] [INFO]     long_chandler_semiannual_sum: R²=0.838, Period=127.9 days, Amplitude=-0.0037, Range=long
[03:39:51] [INFO]     long_rotation_tidal_beat: R²=0.298, Period=0.5 days, Amplitude=-0.0017, Range=long
[03:39:51] [SUCCESS] Relative motion beat analysis complete: 9 significant patterns detected
[03:39:51] [PROCESS] Starting Mesh Dance Analysis - Network Coherence Assessment
[03:39:51] [PROCESS] Analyzing coherent motion patterns of GPS station network...
[03:39:51] [INFO] Analyzing mesh coherence patterns...
[03:39:51] [INFO] Using OPTIMIZED windows: 90d for coherence (10 samples), 30d for oscillation/spiral
[03:40:00] [INFO] Using 31 high-resolution 30-day windows for spiral/oscillation detection
[03:40:00] [INFO] Analyzing spiral dynamics of mesh motion...
[03:40:00] [INFO] Analyzing collective mesh oscillation patterns...
[03:40:00] [INFO] Oscillation analysis using 31 samples (window size: 30d)
[03:40:00] [INFO] Analyzing spacetime coupling signatures...
[03:40:00] [INFO] Computing network coherence classification...
[03:40:00] [SUCCESS] MESH DANCE ANALYSIS RESULTS:
[03:40:00] [INFO]   Network Coherence Score: 0.454
[03:40:00] [INFO]   Dance Classification: WEAK NETWORK COHERENCE - Limited collective motion detected
[03:40:00] [INFO]   Time Windows Analyzed: 11
[03:40:00] [INFO]   Temporal Span: 900 days
[03:40:00] [INFO]   DEBUG - Component Scores:
[03:40:00] [INFO]     Mesh Coherence: 0.836 (base: 0.643)
[03:40:00] [INFO]     Spiral Score: 0.021 (detected: False)
[03:40:00] [INFO]     Oscillation Score: 0.325 (detected: True)
[03:40:00] [INFO]     Earth Coupling Score: 0.333 (detected: True)
[03:40:00] [INFO]     Significant Components: 2/3
[03:40:00] [INFO]     Boost Factor: 1.30x
[03:40:00] [INFO]     Base Score: 0.454 → Final Score: 0.454
[03:40:00] [INFO]   DEBUG - Best Oscillation Details:
[03:40:00] [INFO]     Period: 427.0 days
[03:40:00] [INFO]     Correlation: 0.325
[03:40:00] [INFO]     R²: 0.105
[03:40:00] [INFO]     P-value: 0.0747
[03:40:00] [INFO]   Best Collective Oscillation: 427.0 day period
[03:40:00] [INFO]      Oscillation R²: 0.105
[03:40:00] [INFO]      Significant Oscillations: 1
[03:40:00] [SUCCESS] MESH DANCE ANALYSIS COMPLETE: WEAK NETWORK COHERENCE - Limited collective motion detected
[03:40:00] [PROCESS] Starting Jupiter Opposition Pulse Analysis...
[03:40:00] [INFO] Data coverage: 2023-01-01 to 2025-06-30 (912 days)
[03:40:00] [INFO] Using 240-day windows (±120 days) for optimal gravitational coupling detection
[03:40:00] [INFO] Analyzing 2 Jupiter opposition events
[03:40:00] [INFO] Event window: ±120 days, Expected Amplitude: 0.220%
[03:40:00] [INFO] Jupiter orbital period: ~11.86 years, Opposition frequency: ~1.09 years
[03:40:00] [PROCESS]   Processing event: Jupiter_Opposition_2023 (2023-11-03)
[03:40:01] [INFO]     Signal detected for Jupiter_Opposition_2023: 1.0σ (below 3.0σ threshold), -103.2% amplitude
[03:40:01] [PROCESS]   Processing event: Jupiter_Opposition_2024 (2024-12-07)
[03:40:04] [INFO]     Signal detected for Jupiter_Opposition_2024: 2.8σ (below 3.0σ threshold), -78.3% amplitude
[03:40:04] [SUCCESS] Jupiter opposition analysis complete: 2 events analyzed
[03:40:04] [PROCESS] Starting Saturn Opposition Analysis...
[03:40:04] [INFO] Using 240-day windows (±120 days) aligned with optimal coupling timescale
[03:40:04] [INFO] Analyzing 3 Saturn opposition events
[03:40:04] [INFO] Event window: ±120 days, Expected Amplitude: 0.019%
[03:40:04] [INFO] Saturn orbital period: ~29.46 years, Opposition frequency: ~1.04 years
[03:40:04] [INFO] Data coverage: 2023-01-01 to 2025-06-30 (912 days)
[03:40:04] [PROCESS]   Processing event: saturn_2023 (2023-08-27)
[03:40:05] [INFO]     Signal detected for saturn_2023: 2.5σ (below 3.0σ threshold), 123.0% amplitude
[03:40:05] [PROCESS]   Processing event: saturn_2024 (2024-09-08)
[03:40:08] [SUCCESS]     Significant detection for saturn_2024: 6.0σ (exceeds 3.0σ threshold), 234.1% amplitude
[03:40:08] [PROCESS]   Processing event: saturn_2025 (2025-09-21)
[03:40:08] [INFO]     Signal detected for saturn_2025: 0.0σ (below 3.0σ threshold), 264.4% amplitude
[03:40:08] [SUCCESS] Saturn opposition analysis complete: 3 events analyzed
[03:40:08] [PROCESS] Starting Mars Opposition Analysis...
[03:40:08] [INFO] Using 240-day windows (±120 days) for maximum sensitivity to weak Mars signal
[03:40:08] [INFO] Analyzing 1 Mars opposition events
[03:40:08] [INFO] Event window: ±120 days, Expected Amplitude: 0.0050% (weakest expected signal)
[03:40:08] [INFO] Mars orbital period: ~1.88 years, Opposition frequency: ~2.13 years
[03:40:08] [INFO] Data coverage: 2023-01-01 to 2025-06-30 (912 days)
[03:40:08] [PROCESS]   Processing event: mars_2025 (2025-01-16)
[03:40:11] [SUCCESS]     Significant detection for mars_2025: 4.5σ (exceeds 3.0σ threshold), -70.1% amplitude
[03:40:11] [SUCCESS] Mars opposition analysis complete: 1 events analyzed
[03:40:11] [PROCESS] Starting Venus Inferior Conjunction Analysis...
[03:40:12] [INFO] Using 240-day windows (±120 days) for optimal Venus coupling detection
[03:40:12] [INFO] Analyzing 2 Venus inferior conjunction events
[03:40:12] [INFO] Event window: ±120 days, Expected Amplitude: 0.100%
[03:40:12] [INFO] Venus synodic period: ~584 days (~19 months)
[03:40:12] [INFO] Data coverage: 2023-01-01 to 2025-06-30 (912 days)
[03:40:12] [PROCESS]   Processing event: venus_2023 (2023-08-13)
[03:40:13] [SUCCESS]     Significant detection for venus_2023: 5.4σ (exceeds 3.0σ threshold), 158.9% amplitude
[03:40:13] [PROCESS]   Processing event: venus_2025 (2025-03-23)
[03:40:15] [SUCCESS]     Significant detection for venus_2025: 3.0σ (exceeds 3.0σ threshold), 345.3% amplitude
[03:40:15] [SUCCESS] Venus inferior conjunction analysis complete: 2 events analyzed
[03:40:15] [PROCESS] Starting Mercury Inferior Conjunction Analysis...
[03:40:16] [INFO] Using 240-day windows (±120 days) for maximum sensitivity to weak Mercury signal
[03:40:16] [INFO] Analyzing 8 Mercury inferior conjunction events
[03:40:16] [INFO] Event window: ±120 days, Expected Amplitude: 0.0100%
[03:40:16] [INFO] Mercury synodic period: ~116 days (~4 months) - high frequency provides statistical power
[03:40:16] [INFO] Data coverage: 2023-01-01 to 2025-06-30 (912 days)
[03:40:16] [PROCESS]   Processing event: mercury_2023_01 (2023-01-07)
[03:40:16] [INFO]     Signal detected for mercury_2023_01: 1.1σ (below 3.0σ threshold), -31.0% amplitude
[03:40:16] [PROCESS]   Processing event: mercury_2023_05 (2023-05-01)
[03:40:17] [INFO]     Signal detected for mercury_2023_05: 1.2σ (below 3.0σ threshold), -58.0% amplitude
[03:40:17] [PROCESS]   Processing event: mercury_2023_09 (2023-08-28)
[03:40:18] [INFO]     Signal detected for mercury_2023_09: 2.5σ (below 3.0σ threshold), 122.6% amplitude
[03:40:18] [PROCESS]   Processing event: mercury_2023_12 (2023-12-22)
[03:40:19] [INFO]     Signal detected for mercury_2023_12: 1.2σ (below 3.0σ threshold), 127.4% amplitude
[03:40:19] [PROCESS]   Processing event: mercury_2024_04 (2024-04-11)
[03:40:21] [INFO]     Signal detected for mercury_2024_04: 1.0σ (below 3.0σ threshold), -32.9% amplitude
[03:40:21] [PROCESS]   Processing event: mercury_2024_08 (2024-08-05)
[03:40:23] [INFO]     Signal detected for mercury_2024_08: 2.2σ (below 3.0σ threshold), 149.6% amplitude
[03:40:23] [PROCESS]   Processing event: mercury_2024_11 (2024-11-26)
[03:40:26] [INFO]     Signal detected for mercury_2024_11: 0.7σ (below 3.0σ threshold), 82.1% amplitude
[03:40:26] [PROCESS]   Processing event: mercury_2025_03 (2025-03-15)
[03:40:29] [SUCCESS]     Significant detection for mercury_2025_03: 4.3σ (exceeds 3.0σ threshold), 257.9% amplitude
[03:40:29] [SUCCESS] Mercury inferior conjunction analysis complete: 8 events analyzed
[03:40:29] [PROCESS] Starting Solar Rotation Cycle Analysis...
[03:40:29] [INFO] Testing TEP coupling to rotating solar magnetic field (Carrington rotation)
[03:40:29] [INFO] Data coverage: 2023-01-01 to 2025-06-30 (912 days)
[03:40:29] [INFO] Solar rotation period: 27.0 days (~33.8 complete rotations)
[03:40:30] [INFO] Solar Rotation: Peak at 20.7 days but not significant
[03:40:30] [INFO]   Correlation: r=0.047, p=0.1572, SNR=7.9
[03:40:30] [SUCCESS] Solar rotation analysis complete
[03:40:30] [PROCESS] Starting Lunar Standstill Analysis (Event-Based)...
[03:40:30] [INFO] Data coverage: 2023-01-01 to 2025-06-30 (912 days)
[03:40:30] [INFO] Lunar standstill event window: ±180 days (±5.9 months)
[03:40:30] [INFO] Expected amplitude: 0.050%
[03:40:30] [INFO] Analyzing 1 lunar standstill event(s)
[03:40:30] [PROCESS]   Processing event: lunar_standstill_2025 (2025-06-01)
[03:40:33] [INFO]     Lunar standstill signal: 1.3σ (not significant)
[03:40:33] [SUCCESS] Lunar standstill analysis complete: No significant Lunar Standstill signals detected.
[03:40:33] [INFO] Memory usage: 2.7/94.4 GB (2.9%)
[03:40:33] [INFO] 
[03:40:33] [INFO] ================================================================================
[03:40:33] [INFO] JUPITER OPPOSITION ANALYSIS SUMMARY - IGS_COMBINED
[03:40:33] [INFO] ================================================================================
[03:40:33] [INFO] 
[03:40:33] [INFO] Jupiter Opposition: 1 NOTABLE DETECTION(S) (2.0-3.0σ)
[03:40:33] [INFO]    2024-12-07: 2.8σ, -78.3% amplitude (7x expected)
[03:40:33] [INFO] Statistical Summary:
[03:40:33] [INFO]    Total Events Analyzed: 2
[03:40:33] [INFO]    Detections ≥1.0σ: 2/2 (100.0%)
[03:40:33] [INFO]    Average Amplitude: 90.8% (expected: 0.220%)
[03:40:33] [INFO]    Maximum Amplitude: 103.2% (3x expected)
[03:40:33] [INFO]    Stacked Analysis: Deferred to Step 4.4 for comprehensive multi-planet correlation
[03:40:33] [INFO] --------------------------------------------------
[03:40:33] [INFO] 
[03:40:33] [INFO] ================================================================================
[03:40:33] [INFO] SATURN OPPOSITION ANALYSIS SUMMARY - IGS_COMBINED
[03:40:33] [INFO] ================================================================================
[03:40:33] [INFO] 
[03:40:33] [SUCCESS] Saturn Opposition: 1 SIGNIFICANT DETECTION(S) (≥3.0σ)
[03:40:33] [SUCCESS]    2024-09-08: 6.0σ enhancement at day -83.6
[03:40:33] [INFO]       Amplitude: 234.1% (expected: 0.019%, enhancement: 72x)
[03:40:33] [INFO] Statistical Summary:
[03:40:33] [INFO]    Total Events Analyzed: 3
[03:40:33] [INFO]    Detections ≥1.0σ: 2/3 (66.7%)
[03:40:33] [INFO]    Average Amplitude: 207.2% (expected: 0.019%)
[03:40:33] [INFO]    Maximum Amplitude: 264.4% (97x expected)
[03:40:33] [INFO]    Stacked Analysis: Deferred to Step 4.4 for comprehensive multi-planet correlation
[03:40:33] [INFO] --------------------------------------------------
[03:40:33] [INFO] 
[03:40:33] [INFO] ================================================================================
[03:40:33] [INFO] MARS OPPOSITION ANALYSIS SUMMARY - IGS_COMBINED
[03:40:33] [INFO] ================================================================================
[03:40:33] [INFO] 
[03:40:33] [SUCCESS] Mars Opposition: 1 SIGNIFICANT DETECTION(S) (≥3.0σ)
[03:40:33] [INFO]     REMARKABLE: Mars has the weakest expected signal (44x weaker than Jupiter)
[03:40:33] [SUCCESS]    2025-01-16: 4.5σ suppression at day -56.7
[03:40:33] [INFO]       Amplitude: -70.1% (expected: 0.0001%, enhancement: 201x)
[03:40:33] [INFO] Statistical Summary:
[03:40:33] [INFO]    Total Events Analyzed: 1
[03:40:33] [INFO]    Detections ≥1.0σ: 1/1 (100.0%)
[03:40:33] [INFO]    Average Amplitude: 70.1% (expected: 0.0050%)
[03:40:33] [INFO]    Maximum Amplitude: 70.1% (98x expected)
[03:40:33] [INFO]    Stacked Analysis: Deferred to Step 4.4 for comprehensive multi-planet correlation
[03:40:33] [INFO] --------------------------------------------------
[03:40:33] [PROCESS] Loading complete geospatial dataset from Step 2.1 for IGS_COMBINED...
[03:40:33] [INFO] Loading from /mnt/data/data/processed/step_2_1_geospatial_igs_combined.csv
[03:40:33] [DEBUG] File size: 1660.6 MB
[03:40:33] [PROCESS] Reading CSV file into memory...
[03:40:46] [SUCCESS] CSV loaded successfully: 12,874,746 rows
[03:40:46] [PROCESS] Computing coherence values from plateau phase...
[03:40:47] [PROCESS] Cleaning and filtering data...
[03:40:50] [DEBUG] Data filtering: 12,874,746 → 12,874,746 → 12,874,746 → 12,874,746 → 12,874,746 pairs
[03:40:50] [SUCCESS] No pairs filtered - data is clean from Step 2.1
[03:40:50] [INFO] Data quality metrics:
[03:40:50] [INFO]   Coherence range: [-1.000000, 1.000000]
[03:40:50] [INFO]   Coherence mean: 0.013297 ± 0.716677
[03:40:51] [INFO]   Distance range: [1.0, 19937.3] km
[03:40:51] [INFO]   Distance mean: 9674.6 ± 4486.8 km
[03:40:53] [SUCCESS] Geospatial dataset loaded: 12,874,746 pairs, 2.52 GB
[03:40:53] [SUCCESS] Azimuth already computed in Step 2.1 - no redundant calculation needed
[03:40:53] [DEBUG] Step 2.1 log exists but no pair count found for igs_combined
[03:40:53] [PROCESS] Verifying required columns are present...
[03:40:53] [SUCCESS] All required columns present: ['azimuth', 'delta_longitude', 'delta_local_time']
[03:40:53] [INFO] Available columns: ['date', 'station_i', 'station_j', 'dist_km', 'plateau_phase', 'station1_lat', 'station1_lon', 'station2_lat', 'station2_lon', 'azimuth', 'delta_longitude', 'delta_local_time', 'coherence']
[03:40:53] [INFO] Memory usage: 3.9/94.4 GB (4.1%)
[03:40:53] [INFO] 
================================================================================
[03:40:53] [PROCESS] Starting Temporal Coherence Assessment...
[03:40:57] [SUCCESS] Temporal Coherence Assessment Complete
[03:40:57] [INFO]   Coherent Timescales: 2/4
[03:40:57] [INFO]   Spatial Bins Analyzed: 4
[03:40:57] [INFO]   Monthly: autocorr=0.502 (coherent)
[03:40:57] [INFO]   Biannual: autocorr=0.301 (coherent)
[03:40:57] [INFO] 

[03:40:57] [INFO] 
[03:40:57] [INFO] ================================================================================
[03:40:57] [INFO] ================================================================================
[03:40:57] [INFO] ================================================================================
[03:40:57] [INFO] 
[03:40:57] [INFO] 
[03:40:57] [INFO] ================================================================================
[03:40:57] [INFO] COMPREHENSIVE SCIENTIFIC SIGNIFICANCE REPORT - IGS_COMBINED
[03:40:57] [INFO] ================================================================================
[03:40:57] [INFO] 
[03:40:57] [INFO] 
[03:40:57] [INFO] ================================================================================
[03:40:57] [INFO] ================================================================================
[03:40:57] [INFO] ================================================================================
[03:40:57] [INFO] 
[03:40:57] [INFO] 
[03:40:57] [INFO] ================================================================================
[03:40:57] [INFO] 
1. PLANETARY GRAVITATIONAL EVENT ANALYSIS
[03:40:57] [INFO] ================================================================================
[03:40:57] [INFO] 
[03:40:57] [INFO]    Analysis of GPS timing correlation response to planetary configurations
[03:40:57] [INFO]    Detection threshold: 3.0σ (99.7% confidence)
[03:40:57] [INFO] 
[03:40:57] [INFO] ================================================================================
[03:40:57] [INFO] \n================================================================================
[03:40:57] [INFO] ================================================================================
[03:40:57] [INFO] 
[03:40:57] [INFO] 
[03:40:57] [INFO] ================================================================================
[03:40:57] [INFO] STATISTICAL SIGNIFICANCE CORRECTIONS
[03:40:57] [INFO] ================================================================================
[03:40:57] [INFO] 
[03:40:57] [INFO] 
[03:40:57] [INFO] ================================================================================
[03:40:57] [INFO] ================================================================================
[03:40:57] [INFO] ================================================================================
[03:40:57] [INFO] 
[03:40:57] [PROCESS] Testing gravitational scaling consistency...
[03:40:57] [INFO] Gravitational scaling test: r=0.780, p=0.2203
[03:40:57] [INFO] Multiple Testing Correction Results:
[03:40:57] [INFO]    Total tests: 5
[03:40:57] [INFO]    Uncorrected significant: 5
[03:40:57] [INFO]    Bonferroni significant: 5
[03:40:57] [INFO]    FDR significant: 5
[03:40:57] [INFO]    Bonferroni α: 0.010000
[03:40:57] [INFO] Gravitational Scaling Consistency:
[03:40:57] [INFO]    Mass-sigma correlation: r=0.780, p=0.2203
[03:40:57] [INFO]    Interpretation: inconsistent
[03:40:57] [INFO] 
   JUPITER:
[03:40:57] [INFO]       Events Analyzed: 2
[03:40:57] [INFO]       Expected Amplitude: 0.2200%
[03:40:57] [INFO]       Statistical Summary:
[03:40:57] [INFO]          Mean Sigma Level: 1.90σ
[03:40:57] [INFO]          Maximum Sigma Level: 2.79σ
[03:40:57] [INFO]          Mean Observed Amplitude: 90.76%
[03:40:57] [INFO]          Maximum Observed Amplitude: 103.18%
[03:40:57] [INFO]          Mean Enhancement Factor: 2.9x
[03:40:57] [INFO]          Maximum Enhancement Factor: 3.3x
[03:40:57] [INFO]       Notable Detections (2.0-3.0σ): 1
[03:40:57] [INFO]          2024-12-07: 2.79σ, 78.3%
[03:40:57] [INFO] 
   SATURN:
[03:40:57] [INFO]       Events Analyzed: 3
[03:40:57] [INFO]       Expected Amplitude: 0.0190%
[03:40:57] [INFO]       Statistical Summary:
[03:40:57] [INFO]          Mean Sigma Level: 2.81σ
[03:40:57] [INFO]          Maximum Sigma Level: 5.98σ
[03:40:57] [INFO]          Mean Observed Amplitude: 207.18%
[03:40:57] [INFO]          Maximum Observed Amplitude: 264.44%
[03:40:57] [INFO]          Mean Enhancement Factor: 76.3x
[03:40:57] [INFO]          Maximum Enhancement Factor: 97.4x
[03:40:57] [SUCCESS]       SIGNIFICANT DETECTIONS (≥3.0σ): 1
[03:40:57] [INFO]          2024-09-08: 5.98σ, 234.1% (72x expected)
[03:40:57] [INFO]       Notable Detections (2.0-3.0σ): 1
[03:40:57] [INFO]          2023-08-27: 2.45σ, 123.0%
[03:40:57] [INFO] 
   MARS:
[03:40:57] [INFO]       Events Analyzed: 1
[03:40:57] [INFO]       Expected Amplitude: 0.0050%
[03:40:57] [INFO]       Statistical Summary:
[03:40:57] [INFO]          Mean Sigma Level: 4.47σ
[03:40:57] [INFO]          Maximum Sigma Level: 4.47σ
[03:40:57] [INFO]          Mean Observed Amplitude: 70.10%
[03:40:57] [INFO]          Maximum Observed Amplitude: 70.10%
[03:40:57] [INFO]          Mean Enhancement Factor: 98.1x
[03:40:57] [INFO]          Maximum Enhancement Factor: 98.1x
[03:40:57] [SUCCESS]       SIGNIFICANT DETECTIONS (≥3.0σ): 1
[03:40:57] [INFO]          2025-01-16: 4.47σ, 70.1% (201x expected)
[03:40:57] [INFO] 
   VENUS:
[03:40:57] [INFO]       Events Analyzed: 2
[03:40:57] [INFO]       Expected Amplitude: 0.1000%
[03:40:57] [INFO]       Statistical Summary:
[03:40:57] [INFO]          Mean Sigma Level: 4.24σ
[03:40:57] [INFO]          Maximum Sigma Level: 5.44σ
[03:40:57] [INFO]          Mean Observed Amplitude: 252.08%
[03:40:57] [INFO]          Maximum Observed Amplitude: 345.26%
[03:40:57] [INFO]          Mean Enhancement Factor: 17.6x
[03:40:57] [INFO]          Maximum Enhancement Factor: 24.2x
[03:40:57] [SUCCESS]       SIGNIFICANT DETECTIONS (≥3.0σ): 2
[03:40:57] [INFO]          2023-08-13: 5.44σ, 158.9% (19x expected)
[03:40:57] [INFO]          2025-03-23: 3.04σ, 345.3% (37x expected)
[03:40:57] [INFO] 
   MERCURY:
[03:40:57] [INFO]       Events Analyzed: 8
[03:40:57] [INFO]       Expected Amplitude: 0.0100%
[03:40:57] [INFO]       Statistical Summary:
[03:40:57] [INFO]          Mean Sigma Level: 1.75σ
[03:40:57] [INFO]          Maximum Sigma Level: 4.28σ
[03:40:57] [INFO]          Mean Observed Amplitude: 107.70%
[03:40:57] [INFO]          Maximum Observed Amplitude: 257.93%
[03:40:57] [INFO]          Mean Enhancement Factor: 75.4x
[03:40:57] [INFO]          Maximum Enhancement Factor: 180.6x
[03:40:57] [SUCCESS]       SIGNIFICANT DETECTIONS (≥3.0σ): 1
[03:40:57] [INFO]          2025-03-15: 4.28σ, 257.9% (249x expected)
[03:40:57] [INFO]       Notable Detections (2.0-3.0σ): 2
[03:40:57] [INFO]          2023-08-28: 2.45σ, 122.6%
[03:40:57] [INFO]          2024-08-05: 2.21σ, 149.6%
[03:40:57] [INFO] 
[03:40:57] [INFO] ================================================================================
[03:40:57] [INFO] 
2. GEOPHYSICAL SIGNATURE ANALYSIS
[03:40:57] [INFO] ================================================================================
[03:40:57] [INFO] 
[03:40:57] [INFO]    Correlation with known Earth rotation and orbital parameters
[03:40:57] [INFO] 
   CHANDLER WOBBLE (14-month polar motion):
[03:40:57] [SUCCESS]       Detection Status: DETECTED (3.1σ equivalent)
[03:40:57] [INFO]       R² Correlation: 0.471 (threshold: >0.40, equivalent to >3.2σ)
[03:40:57] [INFO]       Period: 425 days (14.0 months)
[03:40:57] [INFO]       Temporal Coverage: 912 days (2.15 complete cycles)
[03:40:57] [INFO]       Interpretation: GPS timing correlations exhibit significant modulation
[03:40:57] [INFO]                      at Chandler wobble frequency, suggesting coupling to
[03:40:57] [INFO]                      Earth's polar motion dynamics
[03:40:57] [INFO] 
   EARTH ORBITAL MOTION (annual cycle):
[03:40:57] [SUCCESS]       Detection Status: DETECTED (5.6σ)
[03:40:57] [INFO]       Correlation Coefficient: r = -0.793 (threshold: |r| > 0.40, ≈3.2σ)
[03:40:57] [INFO]       Statistical Significance: p = 0.0000
[03:40:57] [INFO]       Temporal Samples: 34 (30-day windows)
[03:40:57] [INFO]       Interpretation: Directional anisotropy (E-W vs N-S) correlates with
[03:40:57] [INFO]                      Earth's position in orbit, suggesting orbital velocity
[03:40:57] [INFO]                      modulates GPS timing correlation structure
[03:40:57] [INFO] 
   MULTI-FREQUENCY BEAT PATTERNS:
[03:40:57] [INFO]       Significant Patterns: 0/0 (0.0%)
[03:40:57] [INFO]       Detection Threshold: p < 0.05, |r| > 0.3
[03:40:57] [INFO] 
[03:40:57] [INFO] ================================================================================
[03:40:57] [INFO] 
3. AMPLITUDE ENHANCEMENT ANALYSIS
[03:40:57] [INFO] ================================================================================
[03:40:57] [INFO] 
[03:40:57] [INFO]    Comparison of observed vs. expected gravitational coupling amplitudes
[03:40:57] [INFO] 
   Enhancement Factor Statistics (Observed/Expected Amplitude):
[03:40:57] [INFO]       Number of Significant Detections: 5
[03:40:57] [INFO]       Mean Enhancement: 115.5x
[03:40:57] [INFO]       Median Enhancement: 71.8x
[03:40:57] [INFO]       Standard Deviation: 92.0x
[03:40:57] [INFO]       Range: 19.5x - 248.5x
[03:40:57] [INFO]       Coefficient of Variation: 0.80
[03:40:57] [INFO] 
   Mechanistic Interpretation:
[03:40:57] [INFO]       Mean enhancement >100x indicates NON-LINEAR COUPLING mechanism.
[03:40:57] [INFO]       Such large amplification cannot be explained by direct
[03:40:57] [INFO]       gravitational effects and suggests resonance, tidal amplification,
[03:40:57] [INFO]       or parametric coupling processes with geophysical modes.
[03:40:57] [INFO] 
[03:40:57] [INFO] ================================================================================
[03:40:57] [INFO] 
4. TEP THEORY IMPLICATIONS
[03:40:57] [INFO] ================================================================================
[03:40:57] [INFO] 
[03:40:57] [INFO] 
   Evidence Summary for Temporal Equivalence Principle:
[03:40:57] [SUCCESS]       1. Planetary Gravitational Coupling: DETECTED
[03:40:57] [INFO]          5 significant event(s) with amplitude modulation
[03:40:57] [SUCCESS]       2. Chandler Wobble Correlation: DETECTED
[03:40:57] [INFO]          R² = 0.471
[03:40:57] [SUCCESS]       3. Orbital Motion Correlation: DETECTED
[03:40:57] [INFO]          r = -0.793
[03:40:57] [WARNING]       4. Multi-Frequency Coherence: NOT DETECTED
[03:40:57] [INFO] 
   Overall Assessment:
[03:40:57] [SUCCESS]       STRONG SUPPORT for TEP
[03:40:57] [INFO]       Multiple independent lines of evidence (3/4) demonstrate
[03:40:57] [INFO]       that GPS timing correlations exhibit systematic modulation by
[03:40:57] [INFO]       gravitational and rotational dynamics, consistent with TEP
[03:40:57] [INFO]       predictions of temporal field coupling to spacetime geometry.
[03:40:57] [INFO] 
[03:40:57] [INFO] ================================================================================
[03:40:57] [INFO] ================================================================================
[03:40:57] [INFO] ================================================================================
[03:40:57] [INFO] 
[03:40:57] [SUCCESS] Statistical validation complete for IGS_COMBINED in 209.5s
[03:40:57] [SUCCESS] Results saved: /mnt/data/results/outputs/step_2_2_geospatial_temporal_analysis_igs_combined.json
[03:40:57] [INFO] 
============================================================
[03:40:57] [INFO] 
[03:40:57] [INFO] ================================================================================
[03:40:57] [INFO] PROCESSING ESA_FINAL - Geospatial Temporal Analysis
[03:40:57] [INFO] ================================================================================
[03:40:57] [INFO] 
[03:40:57] [INFO] ============================================================
[03:40:57] [INFO] Starting geospatial temporal analysis for ESA_FINAL
[03:40:57] [INFO] ============================================================
[03:40:57] [INFO] MULTI-SCALE TEMPORAL WINDOW STRATEGY:
[03:40:57] [INFO]   Temporal Orbital Tracking: 30-day windows (seasonal signal + noise reduction)
[03:40:57] [INFO]   Mesh Dance Analysis: OPTIMIZED (90d coherence + 30d oscillation/spiral)
[03:40:57] [INFO]   Planetary Oppositions: 240-day windows (optimal coupling timescale)
[03:40:57] [INFO]   Chandler Wobble: Full 433-day cycle (period-matched analysis)
[03:40:57] [INFO]   Beat Analysis: Period-specific windows (matched to each frequency)
[03:40:57] [INFO] Rationale: Each analysis uses windows matched to its characteristic physical timescale
[03:40:57] [INFO] Based on empirical analysis showing optimal coupling at 240 days (Savitzky-Golay)
[03:40:57] [INFO] ============================================================
[03:40:57] [PROCESS] Loading complete geospatial dataset from Step 2.1 for ESA_FINAL...
[03:40:57] [INFO] Loading from /mnt/data/data/processed/step_2_1_geospatial_esa_final.csv
[03:40:57] [DEBUG] File size: 1395.7 MB
[03:40:57] [PROCESS] Reading CSV file into memory...
[03:41:08] [SUCCESS] CSV loaded successfully: 10,809,084 rows
[03:41:08] [PROCESS] Computing coherence values from plateau phase...
[03:41:08] [PROCESS] Cleaning and filtering data...
[03:41:11] [DEBUG] Data filtering: 10,809,084 → 10,809,084 → 10,809,084 → 10,809,084 → 10,809,084 pairs
[03:41:11] [SUCCESS] No pairs filtered - data is clean from Step 2.1
[03:41:11] [INFO] Data quality metrics:
[03:41:11] [INFO]   Coherence range: [-1.000000, 1.000000]
[03:41:11] [INFO]   Coherence mean: 0.010740 ± 0.713534
[03:41:11] [INFO]   Distance range: [2.6, 19937.3] km
[03:41:11] [INFO]   Distance mean: 9801.0 ± 4482.2 km
[03:41:13] [SUCCESS] Geospatial dataset loaded: 10,809,084 pairs, 2.11 GB
[03:41:13] [SUCCESS] Azimuth already computed in Step 2.1 - no redundant calculation needed
[03:41:13] [DEBUG] Step 2.1 log exists but no pair count found for esa_final
[03:41:13] [PROCESS] Verifying required columns are present...
[03:41:13] [SUCCESS] All required columns present: ['azimuth', 'delta_longitude', 'delta_local_time']
[03:41:13] [INFO] Available columns: ['date', 'station_i', 'station_j', 'dist_km', 'plateau_phase', 'station1_lat', 'station1_lon', 'station2_lat', 'station2_lon', 'azimuth', 'delta_longitude', 'delta_local_time', 'coherence']
[03:41:13] [INFO] Memory usage: 3.7/94.4 GB (3.9%)
[03:41:14] [PROCESS] Starting enhanced anisotropy analysis...
[03:41:15] [INFO] Analyzing 10,809,084 pairs with coordinate information
[03:41:15] [SUCCESS] Using pre-computed azimuths from Step 2.1
[03:41:15] [PROCESS] Classifying pairs into directional sectors...
[03:41:17] [PROCESS] Applying distance distribution matching guardrails...
[03:42:38] [SUCCESS] Distance distribution matching applied to 8 sectors
[03:42:38] [INFO] Analyzing 8 directional sectors with 40 distance bins
[03:42:38] [PROCESS] Processing sector 1/8: N (4,990 matched pairs from 1,527,362 original)
[03:42:38] [DEBUG]   Binning N matched data into 40 distance bins...
[03:42:38] [DEBUG]   N: 13 valid bins (min 50 pairs per bin)
[03:42:38] [DEBUG]   Fitting exponential correlation model to N matched data...
[03:42:38] [SUCCESS]   N fit successful: λ = 9702.2 km, R² = 0.276 (distance-matched)
[03:42:38] [PROCESS] Processing sector 2/8: NE (4,990 matched pairs from 1,832,455 original)
[03:42:38] [DEBUG]   Binning NE matched data into 40 distance bins...
[03:42:38] [DEBUG]   NE: 14 valid bins (min 50 pairs per bin)
[03:42:38] [DEBUG]   Fitting exponential correlation model to NE matched data...
[03:42:38] [SUCCESS]   NE fit successful: λ = 9696.4 km, R² = 0.281 (distance-matched)
[03:42:39] [PROCESS] Processing sector 3/8: E (4,990 matched pairs from 1,253,299 original)
[03:42:39] [DEBUG]   Binning E matched data into 40 distance bins...
[03:42:39] [DEBUG]   E: 14 valid bins (min 50 pairs per bin)
[03:42:39] [DEBUG]   Fitting exponential correlation model to E matched data...
[03:42:39] [SUCCESS]   E fit successful: λ = 4428.4 km, R² = 0.521 (distance-matched)
[03:42:39] [PROCESS] Processing sector 4/8: SE (4,990 matched pairs from 1,148,683 original)
[03:42:39] [DEBUG]   Binning SE matched data into 40 distance bins...
[03:42:39] [DEBUG]   SE: 14 valid bins (min 50 pairs per bin)
[03:42:39] [DEBUG]   Fitting exponential correlation model to SE matched data...
[03:42:39] [SUCCESS]   SE fit successful: λ = 1559.8 km, R² = 0.422 (distance-matched)
[03:42:39] [PROCESS] Processing sector 5/8: S (4,990 matched pairs from 868,287 original)
[03:42:39] [DEBUG]   Binning S matched data into 40 distance bins...
[03:42:39] [DEBUG]   S: 14 valid bins (min 50 pairs per bin)
[03:42:39] [DEBUG]   Fitting exponential correlation model to S matched data...
[03:42:39] [SUCCESS]   S fit successful: λ = 5531.2 km, R² = 0.252 (distance-matched)
[03:42:39] [PROCESS] Processing sector 6/8: SW (4,990 matched pairs from 1,156,539 original)
[03:42:39] [DEBUG]   Binning SW matched data into 40 distance bins...
[03:42:39] [DEBUG]   SW: 14 valid bins (min 50 pairs per bin)
[03:42:39] [DEBUG]   Fitting exponential correlation model to SW matched data...
[03:42:39] [SUCCESS]   SW fit successful: λ = 2626.3 km, R² = 0.596 (distance-matched)
[03:42:39] [PROCESS] Processing sector 7/8: W (4,990 matched pairs from 1,191,038 original)
[03:42:39] [DEBUG]   Binning W matched data into 40 distance bins...
[03:42:39] [DEBUG]   W: 14 valid bins (min 50 pairs per bin)
[03:42:39] [DEBUG]   Fitting exponential correlation model to W matched data...
[03:42:39] [SUCCESS]   W fit successful: λ = 5429.3 km, R² = 0.235 (distance-matched)
[03:42:39] [PROCESS] Processing sector 8/8: NW (4,990 matched pairs from 1,831,421 original)
[03:42:39] [DEBUG]   Binning NW matched data into 40 distance bins...
[03:42:39] [DEBUG]   NW: 14 valid bins (min 50 pairs per bin)
[03:42:39] [DEBUG]   Fitting exponential correlation model to NW matched data...
[03:42:39] [SUCCESS]   NW fit successful: λ = 1767.0 km, R² = 0.328 (distance-matched)
[03:42:40] [PROCESS] Computing anisotropy statistics from 8 successful sector fits...
[03:42:40] [SUCCESS] Enhanced Anisotropy complete: 8 sectors, CV = 0.592
[03:42:40] [PROCESS] Starting Temporal Orbital Tracking Analysis...
[03:42:40] [PROCESS] Testing for seasonal orbital motion signatures in GPS timing correlations
[03:42:40] [INFO] Temporal range: 2023-01-01 00:00:00 to 2025-06-30 00:00:00
[03:42:40] [INFO] Day of year range: 1 to 366
[03:42:40] [SUCCESS] Using pre-computed azimuths from Step 2.1
[03:42:43] [PROCESS] Tracking E-W/N-S ratio across 34 temporal samples (each using 30-day windows)...
[03:42:43] [INFO] Window strategy: Each sample uses ±15 days (30-day total) to balance seasonal signal with noise reduction
[03:42:53] [SUCCESS] Robust correlation confirmed: E-W/N-S anisotropy correlates with Earth's orbital motion (r=-0.571, p=0.0004)
[03:42:53] [INFO] Results indicate GPS timing correlations may reflect Earth's orbital dynamics
[03:42:53] [SUCCESS] Temporal orbital tracking complete: 34 samples analyzed
[03:42:53] [PROCESS] Starting Chandler Wobble Analysis (14-month period)...
[03:42:53] [INFO] Temporal coverage: 912 days (2.15 Chandler cycles)
[03:43:00] [SUCCESS] Chandler wobble signature detected: R² = 0.453
[03:43:00] [SUCCESS] CHANDLER WOBBLE ANALYSIS RESULTS:
[03:43:00] [INFO]   Chandler Period: 14.0 months (433 days)
[03:43:00] [INFO]   Temporal Coverage: 912 days (2.11 Chandler cycles)
[03:43:00] [INFO]   Phase Bins Analyzed: 18
[03:43:00] [SUCCESS]   Chandler Signature: R² = 0.453 (DETECTED)
[03:43:00] [SUCCESS] Chandler wobble analysis complete: 18 phase bins analyzed
[03:43:00] [PROCESS] Starting 3D Spherical Harmonic Analysis...
[03:43:00] [SUCCESS] Using pre-computed azimuths from Step 2.1
[03:43:00] [PROCESS] Computing elevation angles for 3D analysis...
[03:43:07] [SUCCESS] Strong 3D anisotropy detected: strength = 1.981
[03:43:07] [SUCCESS] 3D SPHERICAL HARMONIC ANALYSIS RESULTS:
[03:43:07] [INFO]   3D Anisotropy Strength: 1.981
[03:43:07] [INFO]   Spherical Bins Analyzed: 16
[03:43:07] [INFO]   Azimuth Resolution: 16 bins (22.5° each)
[03:43:07] [INFO]   Elevation Resolution: 8 bins (0-90°)
[03:43:07] [SUCCESS]   Strong 3D Structure: 1.981 (DETECTED)
[03:43:07] [SUCCESS] 3D spherical harmonic analysis complete: 16 bins analyzed
[03:43:07] [PROCESS] Starting Multi-Frequency Beat Analysis (Aligned with Step 3.6)...
[03:43:07] [INFO] Analyzing 12 frequency bands aligned with Step 3.6
[03:43:07] [INFO]   tidal_diurnal: 15 µHz (0.8 day period)
[03:43:07] [INFO]   tidal_semidiurnal: 25 µHz (0.5 day period)
[03:43:07] [INFO]   post_tidal_30_40: 35 µHz (0.3 day period)
[03:43:07] [INFO]   post_tidal_40_50: 45 µHz (0.3 day period)
[03:43:07] [INFO]   post_tidal_50_100: 75 µHz (0.2 day period)
[03:43:07] [INFO]   intermediate_100_200: 150 µHz (0.1 day period)
[03:43:07] [INFO]   intermediate_200_350: 275 µHz (0.0 day period)
[03:43:07] [INFO]   intermediate_350_500: 425 µHz (0.0 day period)
[03:43:07] [INFO]   transition_500_750: 625 µHz (0.0 day period)
[03:43:07] [INFO]   transition_750_1000: 875 µHz (0.0 day period)
[03:43:07] [INFO]   control_1000_1500: 1250 µHz (0.0 day period)
[03:43:07] [INFO]   control_2000_3000: 2500 µHz (0.0 day period)
[03:43:07] [INFO] Analyzing short range (50-500 km): 22,394 pairs
[03:43:07] [INFO] Analyzing medium range (500-2000 km): 412,408 pairs
[03:43:09] [INFO] Analyzing long range (2000-10000 km): 5,221,005 pairs
[03:43:10] [INFO] Analyzing very_long range (10000-20000 km): 5,149,945 pairs
[03:43:10] [SUCCESS] MULTI-FREQUENCY BEAT ANALYSIS (STEP 3.6 ALIGNED) COMPLETE:
[03:43:10] [INFO]   Frequency Bands Analyzed: 12
[03:43:10] [INFO]   Significant Beat Patterns: 0
[03:43:10] [INFO]   Detection Threshold: |r| > 0.3
[03:43:10] [PROCESS] Starting Relative Motion Beat Analysis...
[03:43:17] [SUCCESS] RELATIVE MOTION BEAT ANALYSIS RESULTS:
[03:43:17] [INFO]   Significant Beat Patterns: 10
[03:43:17] [INFO]   Total Beat Patterns Analyzed: 12
[03:43:17] [INFO]   Detection Threshold: R² > 0.2
[03:43:17] [INFO]   ALL SIGNIFICANT RELATIVE MOTION BEAT PATTERNS:
[03:43:17] [INFO]     short_chandler_annual_sum: R²=0.402, Period=196.9 days, Amplitude=-0.0092, Range=short
[03:43:17] [INFO]     short_chandler_semiannual_sum: R²=0.617, Period=127.9 days, Amplitude=0.0052, Range=short
[03:43:17] [INFO]     short_rotation_tidal_beat: R²=0.378, Period=0.5 days, Amplitude=0.0089, Range=short
[03:43:17] [INFO]     medium_tidal_m2_tidal_s2_diff: R²=0.394, Period=14.8 days, Amplitude=-0.0033, Range=medium
[03:43:17] [INFO]     medium_chandler_annual_sum: R²=0.933, Period=196.9 days, Amplitude=0.0108, Range=medium
[03:43:17] [INFO]     medium_chandler_semiannual_sum: R²=0.822, Period=127.9 days, Amplitude=0.0119, Range=medium
[03:43:17] [INFO]     medium_rotation_tidal_beat: R²=0.616, Period=0.5 days, Amplitude=0.0053, Range=medium
[03:43:17] [INFO]     long_chandler_annual_sum: R²=0.285, Period=196.9 days, Amplitude=-0.0013, Range=long
[03:43:17] [INFO]     long_chandler_semiannual_sum: R²=0.633, Period=127.9 days, Amplitude=-0.0039, Range=long
[03:43:17] [INFO]     long_rotation_tidal_beat: R²=0.339, Period=0.5 days, Amplitude=0.0011, Range=long
[03:43:17] [SUCCESS] Relative motion beat analysis complete: 10 significant patterns detected
[03:43:17] [PROCESS] Starting Mesh Dance Analysis - Network Coherence Assessment
[03:43:17] [PROCESS] Analyzing coherent motion patterns of GPS station network...
[03:43:17] [INFO] Analyzing mesh coherence patterns...
[03:43:17] [INFO] Using OPTIMIZED windows: 90d for coherence (10 samples), 30d for oscillation/spiral
[03:43:24] [INFO] Using 31 high-resolution 30-day windows for spiral/oscillation detection
[03:43:24] [INFO] Analyzing spiral dynamics of mesh motion...
[03:43:24] [INFO] Analyzing collective mesh oscillation patterns...
[03:43:24] [INFO] Oscillation analysis using 31 samples (window size: 30d)
[03:43:24] [INFO] Analyzing spacetime coupling signatures...
[03:43:24] [INFO] Computing network coherence classification...
[03:43:24] [SUCCESS] MESH DANCE ANALYSIS RESULTS:
[03:43:24] [INFO]   Network Coherence Score: 0.489
[03:43:24] [INFO]   Dance Classification: WEAK NETWORK COHERENCE - Limited collective motion detected
[03:43:24] [INFO]   Time Windows Analyzed: 11
[03:43:24] [INFO]   Temporal Span: 900 days
[03:43:24] [INFO]   DEBUG - Component Scores:
[03:43:24] [INFO]     Mesh Coherence: 0.837 (base: 0.644)
[03:43:24] [INFO]     Spiral Score: 0.017 (detected: False)
[03:43:24] [INFO]     Oscillation Score: 0.465 (detected: True)
[03:43:24] [INFO]     Earth Coupling Score: 0.333 (detected: True)
[03:43:24] [INFO]     Significant Components: 2/3
[03:43:24] [INFO]     Boost Factor: 1.30x
[03:43:24] [INFO]     Base Score: 0.489 → Final Score: 0.489
[03:43:24] [INFO]   DEBUG - Best Oscillation Details:
[03:43:24] [INFO]     Period: 365.2 days
[03:43:24] [INFO]     Correlation: -0.465
[03:43:24] [INFO]     R²: 0.216
[03:43:24] [INFO]     P-value: 0.0085
[03:43:24] [INFO]   Best Collective Oscillation: 365.2 day period
[03:43:24] [INFO]      Oscillation R²: 0.216
[03:43:24] [INFO]      Significant Oscillations: 2
[03:43:24] [SUCCESS] MESH DANCE ANALYSIS COMPLETE: WEAK NETWORK COHERENCE - Limited collective motion detected
[03:43:24] [PROCESS] Starting Jupiter Opposition Pulse Analysis...
[03:43:25] [INFO] Data coverage: 2023-01-01 to 2025-06-30 (912 days)
[03:43:25] [INFO] Using 240-day windows (±120 days) for optimal gravitational coupling detection
[03:43:25] [INFO] Analyzing 2 Jupiter opposition events
[03:43:25] [INFO] Event window: ±120 days, Expected Amplitude: 0.220%
[03:43:25] [INFO] Jupiter orbital period: ~11.86 years, Opposition frequency: ~1.09 years
[03:43:25] [PROCESS]   Processing event: Jupiter_Opposition_2023 (2023-11-03)
[03:43:26] [INFO]     Signal detected for Jupiter_Opposition_2023: 1.0σ (below 3.0σ threshold), -55.0% amplitude
[03:43:26] [PROCESS]   Processing event: Jupiter_Opposition_2024 (2024-12-07)
[03:43:28] [INFO]     Signal detected for Jupiter_Opposition_2024: 1.9σ (below 3.0σ threshold), -77.9% amplitude
[03:43:28] [SUCCESS] Jupiter opposition analysis complete: 2 events analyzed
[03:43:28] [PROCESS] Starting Saturn Opposition Analysis...
[03:43:28] [INFO] Using 240-day windows (±120 days) aligned with optimal coupling timescale
[03:43:28] [INFO] Analyzing 3 Saturn opposition events
[03:43:28] [INFO] Event window: ±120 days, Expected Amplitude: 0.019%
[03:43:28] [INFO] Saturn orbital period: ~29.46 years, Opposition frequency: ~1.04 years
[03:43:28] [INFO] Data coverage: 2023-01-01 to 2025-06-30 (912 days)
[03:43:28] [PROCESS]   Processing event: saturn_2023 (2023-08-27)
[03:43:29] [INFO]     Signal detected for saturn_2023: 1.3σ (below 3.0σ threshold), 62.6% amplitude
[03:43:29] [PROCESS]   Processing event: saturn_2024 (2024-09-08)
[03:43:31] [INFO]     Signal detected for saturn_2024: 2.7σ (below 3.0σ threshold), 116.6% amplitude
[03:43:31] [PROCESS]   Processing event: saturn_2025 (2025-09-21)
[03:43:31] [INFO]     Signal detected for saturn_2025: 0.0σ (below 3.0σ threshold), 243.1% amplitude
[03:43:31] [SUCCESS] Saturn opposition analysis complete: 3 events analyzed
[03:43:31] [PROCESS] Starting Mars Opposition Analysis...
[03:43:31] [INFO] Using 240-day windows (±120 days) for maximum sensitivity to weak Mars signal
[03:43:31] [INFO] Analyzing 1 Mars opposition events
[03:43:31] [INFO] Event window: ±120 days, Expected Amplitude: 0.0050% (weakest expected signal)
[03:43:31] [INFO] Mars orbital period: ~1.88 years, Opposition frequency: ~2.13 years
[03:43:31] [INFO] Data coverage: 2023-01-01 to 2025-06-30 (912 days)
[03:43:31] [PROCESS]   Processing event: mars_2025 (2025-01-16)
[03:43:33] [INFO]     Signal detected for mars_2025: 1.9σ (below 3.0σ threshold), -101.0% amplitude
[03:43:33] [SUCCESS] Mars opposition analysis complete: 1 events analyzed
[03:43:33] [PROCESS] Starting Venus Inferior Conjunction Analysis...
[03:43:33] [INFO] Using 240-day windows (±120 days) for optimal Venus coupling detection
[03:43:33] [INFO] Analyzing 2 Venus inferior conjunction events
[03:43:33] [INFO] Event window: ±120 days, Expected Amplitude: 0.100%
[03:43:33] [INFO] Venus synodic period: ~584 days (~19 months)
[03:43:33] [INFO] Data coverage: 2023-01-01 to 2025-06-30 (912 days)
[03:43:33] [PROCESS]   Processing event: venus_2023 (2023-08-13)
[03:43:34] [INFO]     Signal detected for venus_2023: 1.6σ (below 3.0σ threshold), 72.6% amplitude
[03:43:34] [PROCESS]   Processing event: venus_2025 (2025-03-23)
[03:43:36] [SUCCESS]     Significant detection for venus_2025: 3.9σ (exceeds 3.0σ threshold), 187.5% amplitude
[03:43:36] [SUCCESS] Venus inferior conjunction analysis complete: 2 events analyzed
[03:43:36] [PROCESS] Starting Mercury Inferior Conjunction Analysis...
[03:43:36] [INFO] Using 240-day windows (±120 days) for maximum sensitivity to weak Mercury signal
[03:43:36] [INFO] Analyzing 8 Mercury inferior conjunction events
[03:43:36] [INFO] Event window: ±120 days, Expected Amplitude: 0.0100%
[03:43:36] [INFO] Mercury synodic period: ~116 days (~4 months) - high frequency provides statistical power
[03:43:36] [INFO] Data coverage: 2023-01-01 to 2025-06-30 (912 days)
[03:43:36] [PROCESS]   Processing event: mercury_2023_01 (2023-01-07)
[03:43:37] [INFO]     Signal detected for mercury_2023_01: 1.9σ (below 3.0σ threshold), 235.0% amplitude
[03:43:37] [PROCESS]   Processing event: mercury_2023_05 (2023-05-01)
[03:43:38] [INFO]     Signal detected for mercury_2023_05: 1.8σ (below 3.0σ threshold), 203.7% amplitude
[03:43:38] [PROCESS]   Processing event: mercury_2023_09 (2023-08-28)
[03:43:40] [INFO]     Signal detected for mercury_2023_09: 1.3σ (below 3.0σ threshold), 62.9% amplitude
[03:43:40] [PROCESS]   Processing event: mercury_2023_12 (2023-12-22)
[03:43:41] [INFO]     Signal detected for mercury_2023_12: 1.1σ (below 3.0σ threshold), -73.9% amplitude
[03:43:41] [PROCESS]   Processing event: mercury_2024_04 (2024-04-11)
[03:43:43] [INFO]     Signal detected for mercury_2024_04: 1.5σ (below 3.0σ threshold), 194.1% amplitude
[03:43:43] [PROCESS]   Processing event: mercury_2024_08 (2024-08-05)
[03:43:44] [INFO]     Signal detected for mercury_2024_08: 2.1σ (below 3.0σ threshold), 179.5% amplitude
[03:43:44] [PROCESS]   Processing event: mercury_2024_11 (2024-11-26)
[03:43:46] [INFO]     Signal detected for mercury_2024_11: 2.3σ (below 3.0σ threshold), 292.1% amplitude
[03:43:46] [PROCESS]   Processing event: mercury_2025_03 (2025-03-15)
[03:43:47] [SUCCESS]     Significant detection for mercury_2025_03: 3.8σ (exceeds 3.0σ threshold), 182.7% amplitude
[03:43:47] [SUCCESS] Mercury inferior conjunction analysis complete: 8 events analyzed
[03:43:47] [PROCESS] Starting Solar Rotation Cycle Analysis...
[03:43:47] [INFO] Testing TEP coupling to rotating solar magnetic field (Carrington rotation)
[03:43:48] [INFO] Data coverage: 2023-01-01 to 2025-06-30 (912 days)
[03:43:48] [INFO] Solar rotation period: 27.0 days (~33.8 complete rotations)
[03:43:48] [INFO] Solar Rotation: Peak at 21.7 days but not significant
[03:43:48] [INFO]   Correlation: r=-0.076, p=0.0221, SNR=6.2
[03:43:48] [SUCCESS] Solar rotation analysis complete
[03:43:48] [PROCESS] Starting Lunar Standstill Analysis (Event-Based)...
[03:43:48] [INFO] Data coverage: 2023-01-01 to 2025-06-30 (912 days)
[03:43:48] [INFO] Lunar standstill event window: ±180 days (±5.9 months)
[03:43:48] [INFO] Expected amplitude: 0.050%
[03:43:48] [INFO] Analyzing 1 lunar standstill event(s)
[03:43:48] [PROCESS]   Processing event: lunar_standstill_2025 (2025-06-01)
[03:43:50] [SUCCESS]     SIGNIFICANT lunar standstill signal: 3.8σ
[03:43:50] [SUCCESS] Lunar standstill analysis complete: Significant Lunar Standstill signal(s) detected: 1
[03:43:50] [INFO] Memory usage: 2.9/94.4 GB (3.1%)
[03:43:50] [INFO] 
[03:43:50] [INFO] ================================================================================
[03:43:50] [INFO] JUPITER OPPOSITION ANALYSIS SUMMARY - ESA_FINAL
[03:43:50] [INFO] ================================================================================
[03:43:50] [INFO] 
[03:43:50] [INFO] Jupiter Opposition: 1 SUB-SIGNIFICANT DETECTION(S) (1.0-2.0σ)
[03:43:50] [INFO]    2024-12-07: 1.9σ, -77.9% amplitude
[03:43:50] [INFO] Statistical Summary:
[03:43:50] [INFO]    Total Events Analyzed: 2
[03:43:50] [INFO]    Detections ≥1.0σ: 1/2 (50.0%)
[03:43:50] [INFO]    Average Amplitude: 66.4% (expected: 0.220%)
[03:43:50] [INFO]    Maximum Amplitude: 77.9% (2x expected)
[03:43:50] [INFO]    Stacked Analysis: Deferred to Step 4.4 for comprehensive multi-planet correlation
[03:43:50] [INFO] --------------------------------------------------
[03:43:50] [INFO] 
[03:43:50] [INFO] ================================================================================
[03:43:50] [INFO] SATURN OPPOSITION ANALYSIS SUMMARY - ESA_FINAL
[03:43:50] [INFO] ================================================================================
[03:43:50] [INFO] 
[03:43:50] [INFO] Saturn Opposition: 1 NOTABLE DETECTION(S) (2.0-3.0σ)
[03:43:50] [INFO]    2024-09-08: 2.7σ, 116.6% amplitude (6138x expected)
[03:43:50] [INFO] Statistical Summary:
[03:43:50] [INFO]    Total Events Analyzed: 3
[03:43:50] [INFO]    Detections ≥1.0σ: 2/3 (66.7%)
[03:43:50] [INFO]    Average Amplitude: 140.8% (expected: 0.019%)
[03:43:50] [INFO]    Maximum Amplitude: 243.1% (90x expected)
[03:43:50] [INFO]    Stacked Analysis: Deferred to Step 4.4 for comprehensive multi-planet correlation
[03:43:50] [INFO] --------------------------------------------------
[03:43:50] [INFO] 
[03:43:50] [INFO] ================================================================================
[03:43:50] [INFO] MARS OPPOSITION ANALYSIS SUMMARY - ESA_FINAL
[03:43:50] [INFO] ================================================================================
[03:43:50] [INFO] 
[03:43:50] [INFO] Mars Opposition: 1 SUB-SIGNIFICANT DETECTION(S) (1.0-2.0σ)
[03:43:50] [INFO]    2025-01-16: 1.9σ, -101.0% amplitude
[03:43:50] [INFO] Statistical Summary:
[03:43:50] [INFO]    Total Events Analyzed: 1
[03:43:50] [INFO]    Detections ≥1.0σ: 1/1 (100.0%)
[03:43:50] [INFO]    Average Amplitude: 101.0% (expected: 0.0050%)
[03:43:50] [INFO]    Maximum Amplitude: 101.0% (141x expected)
[03:43:50] [INFO]    Stacked Analysis: Deferred to Step 4.4 for comprehensive multi-planet correlation
[03:43:50] [INFO] --------------------------------------------------
[03:43:50] [PROCESS] Loading complete geospatial dataset from Step 2.1 for ESA_FINAL...
[03:43:50] [INFO] Loading from /mnt/data/data/processed/step_2_1_geospatial_esa_final.csv
[03:43:50] [DEBUG] File size: 1395.7 MB
[03:43:50] [PROCESS] Reading CSV file into memory...
[03:44:01] [SUCCESS] CSV loaded successfully: 10,809,084 rows
[03:44:01] [PROCESS] Computing coherence values from plateau phase...
[03:44:01] [PROCESS] Cleaning and filtering data...
[03:44:04] [DEBUG] Data filtering: 10,809,084 → 10,809,084 → 10,809,084 → 10,809,084 → 10,809,084 pairs
[03:44:04] [SUCCESS] No pairs filtered - data is clean from Step 2.1
[03:44:04] [INFO] Data quality metrics:
[03:44:04] [INFO]   Coherence range: [-1.000000, 1.000000]
[03:44:04] [INFO]   Coherence mean: 0.010740 ± 0.713534
[03:44:04] [INFO]   Distance range: [2.6, 19937.3] km
[03:44:04] [INFO]   Distance mean: 9801.0 ± 4482.2 km
[03:44:06] [SUCCESS] Geospatial dataset loaded: 10,809,084 pairs, 2.11 GB
[03:44:06] [SUCCESS] Azimuth already computed in Step 2.1 - no redundant calculation needed
[03:44:06] [DEBUG] Step 2.1 log exists but no pair count found for esa_final
[03:44:06] [PROCESS] Verifying required columns are present...
[03:44:06] [SUCCESS] All required columns present: ['azimuth', 'delta_longitude', 'delta_local_time']
[03:44:06] [INFO] Available columns: ['date', 'station_i', 'station_j', 'dist_km', 'plateau_phase', 'station1_lat', 'station1_lon', 'station2_lat', 'station2_lon', 'azimuth', 'delta_longitude', 'delta_local_time', 'coherence']
[03:44:06] [INFO] Memory usage: 3.9/94.4 GB (4.1%)
[03:44:06] [INFO] 
================================================================================
[03:44:06] [PROCESS] Starting Temporal Coherence Assessment...
[03:44:09] [SUCCESS] Temporal Coherence Assessment Complete
[03:44:09] [INFO]   Coherent Timescales: 4/4
[03:44:09] [INFO]   Spatial Bins Analyzed: 4
[03:44:09] [INFO]   Weekly: autocorr=0.377 (coherent)
[03:44:09] [INFO]   Monthly: autocorr=0.646 (coherent)
[03:44:09] [INFO]   Quarterly: autocorr=0.659 (coherent)
[03:44:09] [INFO]   Biannual: autocorr=0.596 (coherent)
[03:44:09] [INFO] 

[03:44:09] [INFO] 
[03:44:09] [INFO] ================================================================================
[03:44:09] [INFO] ================================================================================
[03:44:09] [INFO] ================================================================================
[03:44:09] [INFO] 
[03:44:09] [INFO] 
[03:44:09] [INFO] ================================================================================
[03:44:09] [INFO] COMPREHENSIVE SCIENTIFIC SIGNIFICANCE REPORT - ESA_FINAL
[03:44:09] [INFO] ================================================================================
[03:44:09] [INFO] 
[03:44:09] [INFO] 
[03:44:09] [INFO] ================================================================================
[03:44:09] [INFO] ================================================================================
[03:44:09] [INFO] ================================================================================
[03:44:09] [INFO] 
[03:44:09] [INFO] 
[03:44:09] [INFO] ================================================================================
[03:44:09] [INFO] 
1. PLANETARY GRAVITATIONAL EVENT ANALYSIS
[03:44:09] [INFO] ================================================================================
[03:44:09] [INFO] 
[03:44:09] [INFO]    Analysis of GPS timing correlation response to planetary configurations
[03:44:09] [INFO]    Detection threshold: 3.0σ (99.7% confidence)
[03:44:09] [INFO] 
[03:44:09] [INFO] ================================================================================
[03:44:09] [INFO] \n================================================================================
[03:44:09] [INFO] ================================================================================
[03:44:09] [INFO] 
[03:44:09] [INFO] 
[03:44:09] [INFO] ================================================================================
[03:44:09] [INFO] STATISTICAL SIGNIFICANCE CORRECTIONS
[03:44:09] [INFO] ================================================================================
[03:44:09] [INFO] 
[03:44:09] [INFO] 
[03:44:09] [INFO] ================================================================================
[03:44:09] [INFO] ================================================================================
[03:44:09] [INFO] ================================================================================
[03:44:09] [INFO] 
[03:44:09] [PROCESS] Testing gravitational scaling consistency...
[03:44:09] [INFO] Multiple Testing Correction Results:
[03:44:09] [INFO]    Total tests: 2
[03:44:09] [INFO]    Uncorrected significant: 2
[03:44:09] [INFO]    Bonferroni significant: 2
[03:44:09] [INFO]    FDR significant: 2
[03:44:09] [INFO]    Bonferroni α: 0.025000
[03:44:09] [INFO] 
   JUPITER:
[03:44:09] [INFO]       Events Analyzed: 2
[03:44:09] [INFO]       Expected Amplitude: 0.2200%
[03:44:09] [INFO]       Statistical Summary:
[03:44:09] [INFO]          Mean Sigma Level: 1.45σ
[03:44:09] [INFO]          Maximum Sigma Level: 1.92σ
[03:44:09] [INFO]          Mean Observed Amplitude: 66.44%
[03:44:09] [INFO]          Maximum Observed Amplitude: 77.88%
[03:44:09] [INFO]          Mean Enhancement Factor: 2.1x
[03:44:09] [INFO]          Maximum Enhancement Factor: 2.5x
[03:44:09] [INFO] 
   SATURN:
[03:44:09] [INFO]       Events Analyzed: 3
[03:44:09] [INFO]       Expected Amplitude: 0.0190%
[03:44:09] [INFO]       Statistical Summary:
[03:44:09] [INFO]          Mean Sigma Level: 1.34σ
[03:44:09] [INFO]          Maximum Sigma Level: 2.71σ
[03:44:09] [INFO]          Mean Observed Amplitude: 140.77%
[03:44:09] [INFO]          Maximum Observed Amplitude: 243.09%
[03:44:09] [INFO]          Mean Enhancement Factor: 51.9x
[03:44:09] [INFO]          Maximum Enhancement Factor: 89.6x
[03:44:09] [INFO]       Notable Detections (2.0-3.0σ): 1
[03:44:09] [INFO]          2024-09-08: 2.71σ, 116.6%
[03:44:09] [INFO] 
   MARS:
[03:44:09] [INFO]       Events Analyzed: 1
[03:44:09] [INFO]       Expected Amplitude: 0.0050%
[03:44:09] [INFO]       Statistical Summary:
[03:44:09] [INFO]          Mean Sigma Level: 1.94σ
[03:44:09] [INFO]          Maximum Sigma Level: 1.94σ
[03:44:09] [INFO]          Mean Observed Amplitude: 101.02%
[03:44:09] [INFO]          Maximum Observed Amplitude: 101.02%
[03:44:09] [INFO]          Mean Enhancement Factor: 141.4x
[03:44:09] [INFO]          Maximum Enhancement Factor: 141.4x
[03:44:09] [INFO] 
   VENUS:
[03:44:09] [INFO]       Events Analyzed: 2
[03:44:09] [INFO]       Expected Amplitude: 0.1000%
[03:44:09] [INFO]       Statistical Summary:
[03:44:09] [INFO]          Mean Sigma Level: 2.73σ
[03:44:09] [INFO]          Maximum Sigma Level: 3.88σ
[03:44:09] [INFO]          Mean Observed Amplitude: 130.06%
[03:44:09] [INFO]          Maximum Observed Amplitude: 187.52%
[03:44:09] [INFO]          Mean Enhancement Factor: 9.1x
[03:44:09] [INFO]          Maximum Enhancement Factor: 13.1x
[03:44:09] [SUCCESS]       SIGNIFICANT DETECTIONS (≥3.0σ): 1
[03:44:09] [INFO]          2025-03-23: 3.88σ, 187.5% (23x expected)
[03:44:09] [INFO] 
   MERCURY:
[03:44:09] [INFO]       Events Analyzed: 8
[03:44:09] [INFO]       Expected Amplitude: 0.0100%
[03:44:09] [INFO]       Statistical Summary:
[03:44:09] [INFO]          Mean Sigma Level: 1.97σ
[03:44:09] [INFO]          Maximum Sigma Level: 3.78σ
[03:44:09] [INFO]          Mean Observed Amplitude: 177.97%
[03:44:09] [INFO]          Maximum Observed Amplitude: 292.09%
[03:44:09] [INFO]          Mean Enhancement Factor: 124.6x
[03:44:09] [INFO]          Maximum Enhancement Factor: 204.5x
[03:44:09] [SUCCESS]       SIGNIFICANT DETECTIONS (≥3.0σ): 1
[03:44:09] [INFO]          2025-03-15: 3.78σ, 182.7% (226x expected)
[03:44:09] [INFO]       Notable Detections (2.0-3.0σ): 2
[03:44:09] [INFO]          2024-08-05: 2.12σ, 179.5%
[03:44:09] [INFO]          2024-11-26: 2.34σ, 292.1%
[03:44:09] [INFO] 
[03:44:09] [INFO] ================================================================================
[03:44:09] [INFO] 
2. GEOPHYSICAL SIGNATURE ANALYSIS
[03:44:09] [INFO] ================================================================================
[03:44:09] [INFO] 
[03:44:09] [INFO]    Correlation with known Earth rotation and orbital parameters
[03:44:09] [INFO] 
   CHANDLER WOBBLE (14-month polar motion):
[03:44:09] [SUCCESS]       Detection Status: DETECTED (3.1σ equivalent)
[03:44:09] [INFO]       R² Correlation: 0.453 (threshold: >0.40, equivalent to >3.2σ)
[03:44:09] [INFO]       Period: 425 days (14.0 months)
[03:44:09] [INFO]       Temporal Coverage: 912 days (2.15 complete cycles)
[03:44:09] [INFO]       Interpretation: GPS timing correlations exhibit significant modulation
[03:44:09] [INFO]                      at Chandler wobble frequency, suggesting coupling to
[03:44:09] [INFO]                      Earth's polar motion dynamics
[03:44:09] [INFO] 
   EARTH ORBITAL MOTION (annual cycle):
[03:44:09] [SUCCESS]       Detection Status: DETECTED (3.5σ)
[03:44:09] [INFO]       Correlation Coefficient: r = -0.571 (threshold: |r| > 0.40, ≈3.2σ)
[03:44:09] [INFO]       Statistical Significance: p = 0.0004
[03:44:09] [INFO]       Temporal Samples: 34 (30-day windows)
[03:44:09] [INFO]       Interpretation: Directional anisotropy (E-W vs N-S) correlates with
[03:44:09] [INFO]                      Earth's position in orbit, suggesting orbital velocity
[03:44:09] [INFO]                      modulates GPS timing correlation structure
[03:44:09] [INFO] 
   MULTI-FREQUENCY BEAT PATTERNS:
[03:44:09] [INFO]       Significant Patterns: 0/0 (0.0%)
[03:44:09] [INFO]       Detection Threshold: p < 0.05, |r| > 0.3
[03:44:09] [INFO] 
[03:44:09] [INFO] ================================================================================
[03:44:09] [INFO] 
3. AMPLITUDE ENHANCEMENT ANALYSIS
[03:44:09] [INFO] ================================================================================
[03:44:09] [INFO] 
[03:44:09] [INFO]    Comparison of observed vs. expected gravitational coupling amplitudes
[03:44:09] [INFO] 
   Enhancement Factor Statistics (Observed/Expected Amplitude):
[03:44:09] [INFO]       Number of Significant Detections: 2
[03:44:09] [INFO]       Mean Enhancement: 124.4x
[03:44:09] [INFO]       Median Enhancement: 124.4x
[03:44:09] [INFO]       Standard Deviation: 101.6x
[03:44:09] [INFO]       Range: 22.8x - 226.0x
[03:44:09] [INFO]       Coefficient of Variation: 0.82
[03:44:09] [INFO] 
   Mechanistic Interpretation:
[03:44:09] [INFO]       Mean enhancement >100x indicates NON-LINEAR COUPLING mechanism.
[03:44:09] [INFO]       Such large amplification cannot be explained by direct
[03:44:09] [INFO]       gravitational effects and suggests resonance, tidal amplification,
[03:44:09] [INFO]       or parametric coupling processes with geophysical modes.
[03:44:09] [INFO] 
[03:44:09] [INFO] ================================================================================
[03:44:09] [INFO] 
4. TEP THEORY IMPLICATIONS
[03:44:09] [INFO] ================================================================================
[03:44:09] [INFO] 
[03:44:09] [INFO] 
   Evidence Summary for Temporal Equivalence Principle:
[03:44:09] [SUCCESS]       1. Planetary Gravitational Coupling: DETECTED
[03:44:09] [INFO]          2 significant event(s) with amplitude modulation
[03:44:09] [SUCCESS]       2. Chandler Wobble Correlation: DETECTED
[03:44:09] [INFO]          R² = 0.453
[03:44:09] [SUCCESS]       3. Orbital Motion Correlation: DETECTED
[03:44:09] [INFO]          r = -0.571
[03:44:09] [WARNING]       4. Multi-Frequency Coherence: NOT DETECTED
[03:44:09] [INFO] 
   Overall Assessment:
[03:44:09] [SUCCESS]       STRONG SUPPORT for TEP
[03:44:09] [INFO]       Multiple independent lines of evidence (3/4) demonstrate
[03:44:09] [INFO]       that GPS timing correlations exhibit systematic modulation by
[03:44:09] [INFO]       gravitational and rotational dynamics, consistent with TEP
[03:44:09] [INFO]       predictions of temporal field coupling to spacetime geometry.
[03:44:09] [INFO] 
[03:44:09] [INFO] ================================================================================
[03:44:09] [INFO] ================================================================================
[03:44:09] [INFO] ================================================================================
[03:44:09] [INFO] 
[03:44:09] [SUCCESS] Statistical validation complete for ESA_FINAL in 173.2s
[03:44:09] [SUCCESS] Results saved: /mnt/data/results/outputs/step_2_2_geospatial_temporal_analysis_esa_final.json
[03:44:09] [INFO] 
================================================================================
[03:44:09] [INFO] 
[03:44:09] [INFO] ================================================================================
[03:44:09] [INFO] GEOSPATIAL TEMPORAL ANALYSIS COMPLETE
[03:44:09] [INFO] ================================================================================
[03:44:09] [INFO] 
[03:44:09] [INFO] ================================================================================
[03:44:09] [SUCCESS] Validation Summary:
[03:44:09] [INFO]   CODE:
[03:44:09] [INFO]     Enhanced Anisotropy: 8 sectors, CV = 0.763 (moderate)
[03:44:09] [INFO]   IGS_COMBINED:
[03:44:09] [INFO]     Enhanced Anisotropy: 8 sectors, CV = 0.627 (moderate)
[03:44:09] [INFO]   ESA_FINAL:
[03:44:09] [INFO]     Enhanced Anisotropy: 8 sectors, CV = 0.592 (moderate)
[03:44:09] [INFO] Total execution time: 1148.9 seconds
[17:55:12] [INFO] 
[17:55:12] [INFO] ================================================================================
[17:55:12] [INFO] TEP GNSS Analysis Package v0.15.1 (Jaipur-Updated) - STEP 2.2: Geospatial Temporal Analysis
[17:55:12] [INFO] ================================================================================
[17:55:12] [INFO] 
[17:55:12] [INFO] Memory usage: 2.4/24.0 GB (92.8%)
[17:55:12] [INFO] 
============================================================
[17:55:12] [INFO] 
[17:55:12] [INFO] ================================================================================
[17:55:12] [INFO] PROCESSING CODE - Geospatial Temporal Analysis
[17:55:12] [INFO] ================================================================================
[17:55:12] [INFO] 
[17:55:12] [INFO] ============================================================
[17:55:12] [INFO] Starting geospatial temporal analysis for CODE
[17:55:12] [INFO] ============================================================
[17:55:12] [INFO] MULTI-SCALE TEMPORAL WINDOW STRATEGY:
[17:55:12] [INFO]   Temporal Orbital Tracking: 30-day windows (seasonal signal + noise reduction)
[17:55:12] [INFO]   Mesh Dance Analysis: OPTIMIZED (90d coherence + 30d oscillation/spiral)
[17:55:12] [INFO]   Planetary Oppositions: 240-day windows (optimal coupling timescale)
[17:55:12] [INFO]   Chandler Wobble: Full 433-day cycle (period-matched analysis)
[17:55:12] [INFO]   Beat Analysis: Period-specific windows (matched to each frequency)
[17:55:12] [INFO] Rationale: Each analysis uses windows matched to its characteristic physical timescale
[17:55:12] [INFO] Based on empirical analysis showing optimal coupling at 240 days (Savitzky-Golay)
[17:55:12] [INFO] ============================================================
[17:55:12] [PROCESS] Loading complete geospatial dataset from Step 2.1 for CODE...
[17:55:12] [INFO] Loading from /Users/matthewsmawfield/www/TEP-GNSS/data/processed/step_2_1_geospatial_code.csv
[17:55:12] [DEBUG] File size: 5387.1 MB
[17:55:12] [PROCESS] Reading CSV file into memory...
[17:55:52] [SUCCESS] CSV loaded successfully: 39,047,074 rows
[17:55:52] [PROCESS] Computing coherence values from plateau phase...
[17:55:53] [PROCESS] Cleaning and filtering data...
[17:56:13] [DEBUG] Data filtering: 39,047,074 → 39,047,074 → 39,047,074 → 39,047,074 → 39,047,074 pairs
[17:56:13] [SUCCESS] No pairs filtered - data is clean from Step 2.1
[17:56:13] [INFO] Data quality metrics:
[17:56:13] [INFO]   Coherence range: [-1.000000, 1.000000]
[17:56:13] [INFO]   Coherence mean: 0.006529 ± 0.716118
[17:56:13] [INFO]   Distance range: [1.8, 19937.3] km
[17:56:14] [INFO]   Distance mean: 9125.0 ± 4672.0 km
[17:56:20] [SUCCESS] Geospatial dataset loaded: 39,047,074 pairs, 8.00 GB
[17:56:20] [SUCCESS] Azimuth already computed in Step 2.1 - no redundant calculation needed
[17:56:20] [DEBUG] Step 2.1 log exists but no pair count found for code
[17:56:20] [PROCESS] Verifying required columns are present...
[17:56:20] [SUCCESS] All required columns present: ['azimuth', 'delta_longitude', 'delta_local_time']
[17:56:20] [INFO] Available columns: ['date', 'station_i', 'station_j', 'dist_km', 'plateau_phase', 'station1_lat', 'station1_lon', 'station2_lat', 'station2_lon', 'azimuth', 'delta_longitude', 'delta_local_time', 'coherence']
[17:56:20] [INFO] Memory usage: 2.6/24.0 GB (89.2%)
[17:56:23] [PROCESS] Starting enhanced anisotropy analysis...
[17:56:26] [INFO] Analyzing 39,047,074 pairs with coordinate information
[17:56:26] [SUCCESS] Using pre-computed azimuths from Step 2.1
[17:56:26] [PROCESS] Classifying pairs into directional sectors...
[17:56:33] [PROCESS] Applying distance distribution matching guardrails...
[18:01:15] [SUCCESS] Distance distribution matching applied to 8 sectors
[18:01:15] [INFO] Analyzing 8 directional sectors with 40 distance bins
[18:01:15] [PROCESS] Processing sector 1/8: N (4,989 matched pairs from 6,204,337 original)
[18:01:15] [DEBUG]   Binning N matched data into 40 distance bins...
[18:01:16] [DEBUG]   N: 15 valid bins (min 50 pairs per bin)
[18:01:16] [DEBUG]   Fitting exponential correlation model to N matched data...
[18:01:16] [SUCCESS]   N fit successful: λ = 100.2 km, R² = -0.000 (distance-matched)
[18:01:18] [PROCESS] Processing sector 2/8: NE (4,989 matched pairs from 8,325,320 original)
[18:01:18] [DEBUG]   Binning NE matched data into 40 distance bins...
[18:01:18] [DEBUG]   NE: 16 valid bins (min 50 pairs per bin)
[18:01:18] [DEBUG]   Fitting exponential correlation model to NE matched data...
[18:01:18] [SUCCESS]   NE fit successful: λ = 9730.6 km, R² = 0.331 (distance-matched)
[18:01:18] [PROCESS] Processing sector 3/8: E (4,989 matched pairs from 3,906,012 original)
[18:01:18] [DEBUG]   Binning E matched data into 40 distance bins...
[18:01:18] [DEBUG]   E: 15 valid bins (min 50 pairs per bin)
[18:01:18] [DEBUG]   Fitting exponential correlation model to E matched data...
[18:01:18] [SUCCESS]   E fit successful: λ = 432.8 km, R² = 0.175 (distance-matched)
[18:01:19] [PROCESS] Processing sector 4/8: SE (4,989 matched pairs from 2,895,444 original)
[18:01:19] [DEBUG]   Binning SE matched data into 40 distance bins...
[18:01:19] [DEBUG]   SE: 15 valid bins (min 50 pairs per bin)
[18:01:19] [DEBUG]   Fitting exponential correlation model to SE matched data...
[18:01:19] [SUCCESS]   SE fit successful: λ = 9694.4 km, R² = 0.272 (distance-matched)
[18:01:19] [PROCESS] Processing sector 5/8: S (4,989 matched pairs from 2,808,550 original)
[18:01:19] [DEBUG]   Binning S matched data into 40 distance bins...
[18:01:19] [DEBUG]   S: 15 valid bins (min 50 pairs per bin)
[18:01:19] [DEBUG]   Fitting exponential correlation model to S matched data...
[18:01:19] [SUCCESS]   S fit successful: λ = 9786.8 km, R² = 0.119 (distance-matched)
[18:01:19] [PROCESS] Processing sector 6/8: SW (4,989 matched pairs from 3,464,280 original)
[18:01:19] [DEBUG]   Binning SW matched data into 40 distance bins...
[18:01:19] [DEBUG]   SW: 14 valid bins (min 50 pairs per bin)
[18:01:19] [DEBUG]   Fitting exponential correlation model to SW matched data...
[18:01:19] [SUCCESS]   SW fit successful: λ = 8058.8 km, R² = 0.233 (distance-matched)
[18:01:20] [PROCESS] Processing sector 7/8: W (4,989 matched pairs from 3,387,922 original)
[18:01:20] [DEBUG]   Binning W matched data into 40 distance bins...
[18:01:20] [DEBUG]   W: 16 valid bins (min 50 pairs per bin)
[18:01:20] [DEBUG]   Fitting exponential correlation model to W matched data...
[18:01:20] [SUCCESS]   W fit successful: λ = 9714.4 km, R² = 0.291 (distance-matched)
[18:01:20] [PROCESS] Processing sector 8/8: NW (4,989 matched pairs from 8,055,209 original)
[18:01:20] [DEBUG]   Binning NW matched data into 40 distance bins...
[18:01:20] [DEBUG]   NW: 15 valid bins (min 50 pairs per bin)
[18:01:20] [DEBUG]   Fitting exponential correlation model to NW matched data...
[18:01:20] [SUCCESS]   NW fit successful: λ = 9723.4 km, R² = 0.230 (distance-matched)
[18:01:21] [PROCESS] Computing anisotropy statistics from 8 successful sector fits...
[18:01:21] [SUCCESS] Enhanced Anisotropy complete: 8 sectors, CV = 0.561
[18:01:22] [PROCESS] Starting Temporal Orbital Tracking Analysis...
[18:01:22] [PROCESS] Testing for seasonal orbital motion signatures in GPS timing correlations
[18:01:24] [INFO] Temporal range: 2023-01-01 00:00:00 to 2025-06-30 00:00:00
[18:01:24] [INFO] Day of year range: 1 to 366
[18:01:24] [SUCCESS] Using pre-computed azimuths from Step 2.1
[18:01:34] [PROCESS] Tracking E-W/N-S ratio across 34 temporal samples (each using 30-day windows)...
[18:01:34] [INFO] Window strategy: Each sample uses ±15 days (30-day total) to balance seasonal signal with noise reduction
[18:02:05] [SUCCESS] Robust correlation confirmed: E-W/N-S anisotropy correlates with Earth's orbital motion (r=-0.701, p=0.0000)
[18:02:05] [INFO] Results indicate GPS timing correlations may reflect Earth's orbital dynamics
[18:02:05] [SUCCESS] Temporal orbital tracking complete: 34 samples analyzed
[18:02:05] [PROCESS] Starting Chandler Wobble Analysis (14-month period)...
[18:02:06] [INFO] Temporal coverage: 912 days (2.15 Chandler cycles)
[18:02:30] [SUCCESS] Chandler wobble signature detected: R² = 0.377
[18:02:30] [SUCCESS] CHANDLER WOBBLE ANALYSIS RESULTS:
[18:02:30] [INFO]   Chandler Period: 14.0 months (433 days)
[18:02:30] [INFO]   Temporal Coverage: 912 days (2.11 Chandler cycles)
[18:02:30] [INFO]   Phase Bins Analyzed: 18
[18:02:30] [SUCCESS]   Chandler Signature: R² = 0.377 (DETECTED)
[18:02:30] [SUCCESS] Chandler wobble analysis complete: 18 phase bins analyzed
[18:02:30] [PROCESS] Starting 3D Spherical Harmonic Analysis...
[18:02:30] [SUCCESS] Using pre-computed azimuths from Step 2.1
[18:02:30] [PROCESS] Computing elevation angles for 3D analysis...
[18:02:59] [SUCCESS] Strong 3D anisotropy detected: strength = 1.981
[18:02:59] [SUCCESS] 3D SPHERICAL HARMONIC ANALYSIS RESULTS:
[18:02:59] [INFO]   3D Anisotropy Strength: 1.981
[18:02:59] [INFO]   Spherical Bins Analyzed: 16
[18:02:59] [INFO]   Azimuth Resolution: 16 bins (22.5° each)
[18:02:59] [INFO]   Elevation Resolution: 8 bins (0-90°)
[18:02:59] [SUCCESS]   Strong 3D Structure: 1.981 (DETECTED)
[18:02:59] [SUCCESS] 3D spherical harmonic analysis complete: 16 bins analyzed
[18:02:59] [PROCESS] Starting Multi-Frequency Beat Analysis (Aligned with Step 3.6)...
[18:02:59] [INFO] Analyzing 12 frequency bands aligned with Step 3.6
[18:02:59] [INFO]   tidal_diurnal: 15 µHz (0.8 day period)
[18:02:59] [INFO]   tidal_semidiurnal: 25 µHz (0.5 day period)
[18:02:59] [INFO]   post_tidal_30_40: 35 µHz (0.3 day period)
[18:02:59] [INFO]   post_tidal_40_50: 45 µHz (0.3 day period)
[18:02:59] [INFO]   post_tidal_50_100: 75 µHz (0.2 day period)
[18:02:59] [INFO]   intermediate_100_200: 150 µHz (0.1 day period)
[18:02:59] [INFO]   intermediate_200_350: 275 µHz (0.0 day period)
[18:02:59] [INFO]   intermediate_350_500: 425 µHz (0.0 day period)
[18:02:59] [INFO]   transition_500_750: 625 µHz (0.0 day period)
[18:02:59] [INFO]   transition_750_1000: 875 µHz (0.0 day period)
[18:02:59] [INFO]   control_1000_1500: 1250 µHz (0.0 day period)
[18:02:59] [INFO]   control_2000_3000: 2500 µHz (0.0 day period)
[18:03:00] [INFO] Analyzing short range (50-500 km): 352,905 pairs
[18:03:01] [INFO] Analyzing medium range (500-2000 km): 2,529,026 pairs
[18:03:11] [INFO] Analyzing long range (2000-10000 km): 20,131,266 pairs
[18:03:20] [INFO] Analyzing very_long range (10000-20000 km): 16,004,184 pairs
[18:03:20] [SUCCESS] MULTI-FREQUENCY BEAT ANALYSIS (STEP 3.6 ALIGNED) COMPLETE:
[18:03:20] [INFO]   Frequency Bands Analyzed: 12
[18:03:20] [INFO]   Significant Beat Patterns: 0
[18:03:20] [INFO]   Detection Threshold: |r| > 0.3
[18:03:20] [PROCESS] Starting Relative Motion Beat Analysis...
[18:04:02] [SUCCESS] RELATIVE MOTION BEAT ANALYSIS RESULTS:
[18:04:02] [INFO]   Significant Beat Patterns: 11
[18:04:02] [INFO]   Total Beat Patterns Analyzed: 12
[18:04:02] [INFO]   Detection Threshold: R² > 0.2
[18:04:02] [INFO]   ALL SIGNIFICANT RELATIVE MOTION BEAT PATTERNS:
[18:04:02] [INFO]     short_tidal_m2_tidal_s2_diff: R²=0.600, Period=14.8 days, Amplitude=-0.0044, Range=short
[18:04:02] [INFO]     short_chandler_annual_sum: R²=0.861, Period=196.9 days, Amplitude=0.0081, Range=short
[18:04:02] [INFO]     short_chandler_semiannual_sum: R²=0.621, Period=127.9 days, Amplitude=0.0060, Range=short
[18:04:02] [INFO]     short_rotation_tidal_beat: R²=0.561, Period=0.5 days, Amplitude=-0.0011, Range=short
[18:04:02] [INFO]     medium_tidal_m2_tidal_s2_diff: R²=0.824, Period=14.8 days, Amplitude=-0.0051, Range=medium
[18:04:02] [INFO]     medium_chandler_annual_sum: R²=0.822, Period=196.9 days, Amplitude=0.0066, Range=medium
[18:04:02] [INFO]     medium_chandler_semiannual_sum: R²=0.436, Period=127.9 days, Amplitude=0.0036, Range=medium
[18:04:02] [INFO]     medium_rotation_tidal_beat: R²=0.657, Period=0.5 days, Amplitude=0.0025, Range=medium
[18:04:02] [INFO]     long_tidal_m2_tidal_s2_diff: R²=0.559, Period=14.8 days, Amplitude=0.0014, Range=long
[18:04:02] [INFO]     long_chandler_annual_sum: R²=0.371, Period=196.9 days, Amplitude=-0.0012, Range=long
[18:04:02] [INFO]     long_chandler_semiannual_sum: R²=0.899, Period=127.9 days, Amplitude=-0.0037, Range=long
[18:04:02] [SUCCESS] Relative motion beat analysis complete: 11 significant patterns detected
[18:04:02] [PROCESS] Starting Mesh Dance Analysis - Network Coherence Assessment
[18:04:02] [PROCESS] Analyzing coherent motion patterns of GPS station network...
[18:04:03] [INFO] Analyzing mesh coherence patterns...
[18:04:04] [INFO] Using OPTIMIZED windows: 90d for coherence (10 samples), 30d for oscillation/spiral
[18:04:38] [INFO] Using 31 high-resolution 30-day windows for spiral/oscillation detection
[18:04:38] [INFO] Analyzing spiral dynamics of mesh motion...
[18:04:38] [INFO] Analyzing collective mesh oscillation patterns...
[18:04:38] [INFO] Oscillation analysis using 31 samples (window size: 30d)
[18:04:38] [INFO] Analyzing spacetime coupling signatures...
[18:04:38] [INFO] Computing network coherence classification...
[18:04:38] [SUCCESS] MESH DANCE ANALYSIS RESULTS:
[18:04:38] [INFO]   Network Coherence Score: 0.560
[18:04:38] [INFO]   Dance Classification: WEAK NETWORK COHERENCE - Limited collective motion detected
[18:04:38] [INFO]   Time Windows Analyzed: 11
[18:04:38] [INFO]   Temporal Span: 900 days
[18:04:38] [INFO]   DEBUG - Component Scores:
[18:04:38] [INFO]     Mesh Coherence: 0.933 (base: 0.644)
[18:04:38] [INFO]     Spiral Score: 0.023 (detected: True)
[18:04:38] [INFO]     Oscillation Score: 0.591 (detected: True)
[18:04:38] [INFO]     Earth Coupling Score: 0.333 (detected: True)
[18:04:38] [INFO]     Significant Components: 3/3
[18:04:38] [INFO]     Boost Factor: 1.45x
[18:04:38] [INFO]     Base Score: 0.560 → Final Score: 0.560
[18:04:38] [INFO]   DEBUG - Best Oscillation Details:
[18:04:38] [INFO]     Period: 365.2 days
[18:04:38] [INFO]     Correlation: 0.591
[18:04:38] [INFO]     R²: 0.349
[18:04:38] [INFO]     P-value: 0.0005
[18:04:38] [INFO]   Best Collective Oscillation: 365.2 day period
[18:04:38] [INFO]      Oscillation R²: 0.349
[18:04:38] [INFO]      Significant Oscillations: 2
[18:04:38] [SUCCESS] MESH DANCE ANALYSIS COMPLETE: WEAK NETWORK COHERENCE - Limited collective motion detected
[18:04:38] [PROCESS] Starting Jupiter Opposition Pulse Analysis...
[18:04:38] [INFO] Data coverage: 2023-01-01 to 2025-06-30 (912 days)
[18:04:38] [INFO] Using 240-day windows (±120 days) for optimal gravitational coupling detection
[18:04:38] [INFO] Analyzing 2 Jupiter opposition events
[18:04:38] [INFO] Event window: ±120 days, Expected Amplitude: 0.220%
[18:04:38] [INFO] Jupiter orbital period: ~11.86 years, Opposition frequency: ~1.09 years
[18:04:38] [PROCESS]   Processing event: Jupiter_Opposition_2023 (2023-11-03)
[18:04:44] [INFO]     Signal detected for Jupiter_Opposition_2023: 1.2σ (below 3.0σ threshold), 99.6% amplitude
[18:04:44] [PROCESS]   Processing event: Jupiter_Opposition_2024 (2024-12-07)
[18:04:50] [INFO]     Signal detected for Jupiter_Opposition_2024: 1.7σ (below 3.0σ threshold), 168.3% amplitude
[18:04:50] [SUCCESS] Jupiter opposition analysis complete: 2 events analyzed
[18:04:50] [PROCESS] Starting Saturn Opposition Analysis...
[18:04:50] [INFO] Using 240-day windows (±120 days) aligned with optimal coupling timescale
[18:04:50] [INFO] Analyzing 3 Saturn opposition events
[18:04:50] [INFO] Event window: ±120 days, Expected Amplitude: 0.019%
[18:04:50] [INFO] Saturn orbital period: ~29.46 years, Opposition frequency: ~1.04 years
[18:04:51] [INFO] Data coverage: 2023-01-01 to 2025-06-30 (912 days)
[18:04:51] [PROCESS]   Processing event: saturn_2023 (2023-08-27)
[18:04:56] [INFO]     Signal detected for saturn_2023: 1.6σ (below 3.0σ threshold), 150.4% amplitude
[18:04:56] [PROCESS]   Processing event: saturn_2024 (2024-09-08)
[18:05:01] [INFO]     Signal detected for saturn_2024: 0.4σ (below 3.0σ threshold), 16.8% amplitude
[18:05:01] [PROCESS]   Processing event: saturn_2025 (2025-09-21)
[18:05:02] [INFO]     Signal detected for saturn_2025: 0.0σ (below 3.0σ threshold), 208.8% amplitude
[18:05:02] [SUCCESS] Saturn opposition analysis complete: 3 events analyzed
[18:05:02] [PROCESS] Starting Mars Opposition Analysis...
[18:05:03] [INFO] Using 240-day windows (±120 days) for maximum sensitivity to weak Mars signal
[18:05:03] [INFO] Analyzing 1 Mars opposition events
[18:05:03] [INFO] Event window: ±120 days, Expected Amplitude: 0.0050% (weakest expected signal)
[18:05:03] [INFO] Mars orbital period: ~1.88 years, Opposition frequency: ~2.13 years
[18:05:03] [INFO] Data coverage: 2023-01-01 to 2025-06-30 (912 days)
[18:05:03] [PROCESS]   Processing event: mars_2025 (2025-01-16)
[18:05:09] [INFO]     Signal detected for mars_2025: 1.9σ (below 3.0σ threshold), 190.7% amplitude
[18:05:09] [SUCCESS] Mars opposition analysis complete: 1 events analyzed
[18:05:09] [PROCESS] Starting Venus Inferior Conjunction Analysis...
[18:05:10] [INFO] Using 240-day windows (±120 days) for optimal Venus coupling detection
[18:05:10] [INFO] Analyzing 2 Venus inferior conjunction events
[18:05:10] [INFO] Event window: ±120 days, Expected Amplitude: 0.100%
[18:05:10] [INFO] Venus synodic period: ~584 days (~19 months)
[18:05:10] [INFO] Data coverage: 2023-01-01 to 2025-06-30 (912 days)
[18:05:10] [PROCESS]   Processing event: venus_2023 (2023-08-13)
[18:05:16] [INFO]     Signal detected for venus_2023: 1.6σ (below 3.0σ threshold), -89.6% amplitude
[18:05:16] [PROCESS]   Processing event: venus_2025 (2025-03-23)
[18:05:21] [INFO]     Signal detected for venus_2025: 2.0σ (below 3.0σ threshold), 191.8% amplitude
[18:05:21] [SUCCESS] Venus inferior conjunction analysis complete: 2 events analyzed
[18:05:21] [PROCESS] Starting Mercury Inferior Conjunction Analysis...
[18:05:21] [INFO] Using 240-day windows (±120 days) for maximum sensitivity to weak Mercury signal
[18:05:21] [INFO] Analyzing 8 Mercury inferior conjunction events
[18:05:21] [INFO] Event window: ±120 days, Expected Amplitude: 0.0100%
[18:05:21] [INFO] Mercury synodic period: ~116 days (~4 months) - high frequency provides statistical power
[18:05:21] [INFO] Data coverage: 2023-01-01 to 2025-06-30 (912 days)
[18:05:21] [PROCESS]   Processing event: mercury_2023_01 (2023-01-07)
[18:05:24] [INFO]     Signal detected for mercury_2023_01: 0.8σ (below 3.0σ threshold), 84.1% amplitude
[18:05:24] [PROCESS]   Processing event: mercury_2023_05 (2023-05-01)
[18:05:30] [SUCCESS]     Significant detection for mercury_2023_05: 3.5σ (exceeds 3.0σ threshold), 199.4% amplitude
[18:05:30] [PROCESS]   Processing event: mercury_2023_09 (2023-08-28)
[18:05:42] [INFO]     Signal detected for mercury_2023_09: 1.6σ (below 3.0σ threshold), 151.7% amplitude
[18:05:42] [PROCESS]   Processing event: mercury_2023_12 (2023-12-22)
[18:05:49] [INFO]     Signal detected for mercury_2023_12: 2.0σ (below 3.0σ threshold), -97.9% amplitude
[18:05:49] [PROCESS]   Processing event: mercury_2024_04 (2024-04-11)
[18:05:56] [INFO]     Signal detected for mercury_2024_04: 1.4σ (below 3.0σ threshold), 143.0% amplitude
[18:05:56] [PROCESS]   Processing event: mercury_2024_08 (2024-08-05)
[18:06:03] [INFO]     Signal detected for mercury_2024_08: 1.4σ (below 3.0σ threshold), 168.4% amplitude
[18:06:03] [PROCESS]   Processing event: mercury_2024_11 (2024-11-26)
[18:06:10] [INFO]     Signal detected for mercury_2024_11: 2.0σ (below 3.0σ threshold), 46.6% amplitude
[18:06:10] [PROCESS]   Processing event: mercury_2025_03 (2025-03-15)
[18:06:17] [INFO]     Signal detected for mercury_2025_03: 1.2σ (below 3.0σ threshold), 39.6% amplitude
[18:06:18] [SUCCESS] Mercury inferior conjunction analysis complete: 8 events analyzed
[18:06:20] [PROCESS] Starting Solar Rotation Cycle Analysis...
[18:06:20] [INFO] Testing TEP coupling to rotating solar magnetic field (Carrington rotation)
[18:06:20] [INFO] Data coverage: 2023-01-01 to 2025-06-30 (912 days)
[18:06:20] [INFO] Solar rotation period: 27.0 days (~33.8 complete rotations)
[18:06:23] [INFO] Solar Rotation: Peak at 20.3 days but not significant
[18:06:23] [INFO]   Correlation: r=0.035, p=0.2881, SNR=3.5
[18:06:23] [SUCCESS] Solar rotation analysis complete
[18:06:23] [PROCESS] Starting Lunar Standstill Analysis (Event-Based)...
[18:06:24] [INFO] Data coverage: 2023-01-01 to 2025-06-30 (912 days)
[18:06:24] [INFO] Lunar standstill event window: ±180 days (±5.9 months)
[18:06:24] [INFO] Expected amplitude: 0.050%
[18:06:24] [INFO] Analyzing 1 lunar standstill event(s)
[18:06:24] [PROCESS]   Processing event: lunar_standstill_2025 (2025-06-01)
[18:06:28] [INFO]     Lunar standstill signal: 1.2σ (not significant)
[18:06:28] [SUCCESS] Lunar standstill analysis complete: No significant Lunar Standstill signals detected.
[18:06:30] [INFO] Memory usage: 1.9/24.0 GB (85.3%)
[18:06:30] [INFO] 
[18:06:30] [INFO] ================================================================================
[18:06:30] [INFO] JUPITER OPPOSITION ANALYSIS SUMMARY - CODE
[18:06:30] [INFO] ================================================================================
[18:06:30] [INFO] 
[18:06:30] [INFO] Jupiter Opposition: 2 SUB-SIGNIFICANT DETECTION(S) (1.0-2.0σ)
[18:06:30] [INFO]    2023-11-03: 1.2σ, 99.6% amplitude
[18:06:30] [INFO]    2024-12-07: 1.7σ, 168.3% amplitude
[18:06:30] [INFO] Statistical Summary:
[18:06:30] [INFO]    Total Events Analyzed: 2
[18:06:30] [INFO]    Detections ≥1.0σ: 2/2 (100.0%)
[18:06:30] [INFO]    Average Amplitude: 134.0% (expected: 0.220%)
[18:06:30] [INFO]    Maximum Amplitude: 168.3% (5x expected)
[18:06:30] [INFO]    Stacked Analysis: Deferred to Step 4.4 for comprehensive multi-planet correlation
[18:06:30] [INFO] --------------------------------------------------
[18:06:30] [INFO] 
[18:06:30] [INFO] ================================================================================
[18:06:30] [INFO] SATURN OPPOSITION ANALYSIS SUMMARY - CODE
[18:06:30] [INFO] ================================================================================
[18:06:30] [INFO] 
[18:06:30] [INFO] Saturn Opposition: 1 SUB-SIGNIFICANT DETECTION(S) (1.0-2.0σ)
[18:06:30] [INFO]    2023-08-27: 1.6σ, 150.4% amplitude
[18:06:30] [INFO] Statistical Summary:
[18:06:30] [INFO]    Total Events Analyzed: 3
[18:06:30] [INFO]    Detections ≥1.0σ: 1/3 (33.3%)
[18:06:30] [INFO]    Average Amplitude: 125.3% (expected: 0.019%)
[18:06:30] [INFO]    Maximum Amplitude: 208.8% (77x expected)
[18:06:30] [INFO]    Stacked Analysis: Deferred to Step 4.4 for comprehensive multi-planet correlation
[18:06:30] [INFO] --------------------------------------------------
[18:06:30] [INFO] 
[18:06:30] [INFO] ================================================================================
[18:06:30] [INFO] MARS OPPOSITION ANALYSIS SUMMARY - CODE
[18:06:30] [INFO] ================================================================================
[18:06:30] [INFO] 
[18:06:30] [INFO] Mars Opposition: 1 SUB-SIGNIFICANT DETECTION(S) (1.0-2.0σ)
[18:06:30] [INFO]    2025-01-16: 1.9σ, 190.7% amplitude
[18:06:30] [INFO] Statistical Summary:
[18:06:30] [INFO]    Total Events Analyzed: 1
[18:06:30] [INFO]    Detections ≥1.0σ: 1/1 (100.0%)
[18:06:30] [INFO]    Average Amplitude: 190.7% (expected: 0.0050%)
[18:06:30] [INFO]    Maximum Amplitude: 190.7% (267x expected)
[18:06:30] [INFO]    Stacked Analysis: Deferred to Step 4.4 for comprehensive multi-planet correlation
[18:06:30] [INFO] --------------------------------------------------
[18:06:30] [PROCESS] Loading complete geospatial dataset from Step 2.1 for CODE...
[18:06:30] [INFO] Loading from /Users/matthewsmawfield/www/TEP-GNSS/data/processed/step_2_1_geospatial_code.csv
[18:06:30] [DEBUG] File size: 5387.1 MB
[18:06:30] [PROCESS] Reading CSV file into memory...
[18:07:08] [SUCCESS] CSV loaded successfully: 39,047,074 rows
[18:07:08] [PROCESS] Computing coherence values from plateau phase...
[18:07:08] [PROCESS] Cleaning and filtering data...
[18:07:27] [DEBUG] Data filtering: 39,047,074 → 39,047,074 → 39,047,074 → 39,047,074 → 39,047,074 pairs
[18:07:27] [SUCCESS] No pairs filtered - data is clean from Step 2.1
[18:07:27] [INFO] Data quality metrics:
[18:07:27] [INFO]   Coherence range: [-1.000000, 1.000000]
[18:07:27] [INFO]   Coherence mean: 0.006529 ± 0.716118
[18:07:27] [INFO]   Distance range: [1.8, 19937.3] km
[18:07:28] [INFO]   Distance mean: 9125.0 ± 4672.0 km
[18:07:33] [SUCCESS] Geospatial dataset loaded: 39,047,074 pairs, 8.00 GB
[18:07:33] [SUCCESS] Azimuth already computed in Step 2.1 - no redundant calculation needed
[18:07:33] [DEBUG] Step 2.1 log exists but no pair count found for code
[18:07:33] [PROCESS] Verifying required columns are present...
[18:07:33] [SUCCESS] All required columns present: ['azimuth', 'delta_longitude', 'delta_local_time']
[18:07:33] [INFO] Available columns: ['date', 'station_i', 'station_j', 'dist_km', 'plateau_phase', 'station1_lat', 'station1_lon', 'station2_lat', 'station2_lon', 'azimuth', 'delta_longitude', 'delta_local_time', 'coherence']
[18:07:33] [INFO] Memory usage: 1.7/24.0 GB (87.6%)
[18:07:33] [INFO] 
================================================================================
[18:07:33] [PROCESS] Starting Temporal Coherence Assessment...
[18:07:46] [SUCCESS] Temporal Coherence Assessment Complete
[18:07:46] [INFO]   Coherent Timescales: 0/4
[18:07:46] [INFO]   Spatial Bins Analyzed: 4
[18:07:46] [INFO] 

[18:07:46] [INFO] 
[18:07:46] [INFO] ================================================================================
[18:07:46] [INFO] ================================================================================
[18:07:46] [INFO] ================================================================================
[18:07:46] [INFO] 
[18:07:46] [INFO] 
[18:07:46] [INFO] ================================================================================
[18:07:46] [INFO] COMPREHENSIVE SCIENTIFIC SIGNIFICANCE REPORT - CODE
[18:07:46] [INFO] ================================================================================
[18:07:46] [INFO] 
[18:07:46] [INFO] 
[18:07:46] [INFO] ================================================================================
[18:07:46] [INFO] ================================================================================
[18:07:46] [INFO] ================================================================================
[18:07:46] [INFO] 
[18:07:46] [INFO] 
[18:07:46] [INFO] ================================================================================
[18:07:46] [INFO] 
1. PLANETARY GRAVITATIONAL EVENT ANALYSIS
[18:07:46] [INFO] ================================================================================
[18:07:46] [INFO] 
[18:07:46] [INFO]    Analysis of GPS timing correlation response to planetary configurations
[18:07:46] [INFO]    Detection threshold: 3.0σ (99.7% confidence)
[18:07:46] [INFO] 
[18:07:46] [INFO] ================================================================================
[18:07:46] [INFO] \n================================================================================
[18:07:46] [INFO] ================================================================================
[18:07:46] [INFO] 
[18:07:46] [INFO] 
[18:07:46] [INFO] ================================================================================
[18:07:46] [INFO] STATISTICAL SIGNIFICANCE CORRECTIONS
[18:07:46] [INFO] ================================================================================
[18:07:46] [INFO] 
[18:07:46] [INFO] 
[18:07:46] [INFO] ================================================================================
[18:07:46] [INFO] ================================================================================
[18:07:46] [INFO] ================================================================================
[18:07:46] [INFO] 
[18:07:46] [PROCESS] Testing gravitational scaling consistency...
[18:07:46] [INFO] Multiple Testing Correction Results:
[18:07:46] [INFO]    Total tests: 1
[18:07:46] [INFO]    Uncorrected significant: 1
[18:07:46] [INFO]    Bonferroni significant: 1
[18:07:46] [INFO]    FDR significant: 1
[18:07:46] [INFO]    Bonferroni α: 0.050000
[18:07:46] [INFO] 
   JUPITER:
[18:07:46] [INFO]       Events Analyzed: 2
[18:07:46] [INFO]       Expected Amplitude: 0.2200%
[18:07:46] [INFO]       Statistical Summary:
[18:07:46] [INFO]          Mean Sigma Level: 1.42σ
[18:07:46] [INFO]          Maximum Sigma Level: 1.69σ
[18:07:46] [INFO]          Mean Observed Amplitude: 133.98%
[18:07:46] [INFO]          Maximum Observed Amplitude: 168.31%
[18:07:46] [INFO]          Mean Enhancement Factor: 4.3x
[18:07:46] [INFO]          Maximum Enhancement Factor: 5.4x
[18:07:46] [INFO] 
   SATURN:
[18:07:46] [INFO]       Events Analyzed: 3
[18:07:46] [INFO]       Expected Amplitude: 0.0190%
[18:07:46] [INFO]       Statistical Summary:
[18:07:46] [INFO]          Mean Sigma Level: 0.66σ
[18:07:46] [INFO]          Maximum Sigma Level: 1.56σ
[18:07:46] [INFO]          Mean Observed Amplitude: 125.30%
[18:07:46] [INFO]          Maximum Observed Amplitude: 208.78%
[18:07:46] [INFO]          Mean Enhancement Factor: 46.2x
[18:07:46] [INFO]          Maximum Enhancement Factor: 76.9x
[18:07:46] [INFO] 
   MARS:
[18:07:46] [INFO]       Events Analyzed: 1
[18:07:46] [INFO]       Expected Amplitude: 0.0050%
[18:07:46] [INFO]       Statistical Summary:
[18:07:46] [INFO]          Mean Sigma Level: 1.90σ
[18:07:46] [INFO]          Maximum Sigma Level: 1.90σ
[18:07:46] [INFO]          Mean Observed Amplitude: 190.71%
[18:07:46] [INFO]          Maximum Observed Amplitude: 190.71%
[18:07:46] [INFO]          Mean Enhancement Factor: 267.0x
[18:07:46] [INFO]          Maximum Enhancement Factor: 267.0x
[18:07:46] [INFO] 
   VENUS:
[18:07:46] [INFO]       Events Analyzed: 2
[18:07:46] [INFO]       Expected Amplitude: 0.1000%
[18:07:46] [INFO]       Statistical Summary:
[18:07:46] [INFO]          Mean Sigma Level: 1.78σ
[18:07:46] [INFO]          Maximum Sigma Level: 1.96σ
[18:07:46] [INFO]          Mean Observed Amplitude: 140.68%
[18:07:46] [INFO]          Maximum Observed Amplitude: 191.77%
[18:07:46] [INFO]          Mean Enhancement Factor: 9.8x
[18:07:46] [INFO]          Maximum Enhancement Factor: 13.4x
[18:07:46] [INFO] 
   MERCURY:
[18:07:46] [INFO]       Events Analyzed: 8
[18:07:46] [INFO]       Expected Amplitude: 0.0100%
[18:07:46] [INFO]       Statistical Summary:
[18:07:46] [INFO]          Mean Sigma Level: 1.73σ
[18:07:46] [INFO]          Maximum Sigma Level: 3.49σ
[18:07:46] [INFO]          Mean Observed Amplitude: 116.34%
[18:07:46] [INFO]          Maximum Observed Amplitude: 199.44%
[18:07:46] [INFO]          Mean Enhancement Factor: 81.4x
[18:07:46] [INFO]          Maximum Enhancement Factor: 139.6x
[18:07:46] [SUCCESS]       SIGNIFICANT DETECTIONS (≥3.0σ): 1
[18:07:46] [INFO]          2023-05-01: 3.49σ, 199.4% (117x expected)
[18:07:46] [INFO]       Notable Detections (2.0-3.0σ): 1
[18:07:46] [INFO]          2023-12-22: 2.00σ, 97.9%
[18:07:46] [INFO] 
[18:07:46] [INFO] ================================================================================
[18:07:46] [INFO] 
2. GEOPHYSICAL SIGNATURE ANALYSIS
[18:07:46] [INFO] ================================================================================
[18:07:46] [INFO] 
[18:07:46] [INFO]    Correlation with known Earth rotation and orbital parameters
[18:07:46] [INFO] 
   CHANDLER WOBBLE (14-month polar motion):
[18:07:46] [INFO]       Detection Status: BORDERLINE DETECTED (2.7σ equivalent)
[18:07:46] [INFO]       R² Correlation: 0.377 (threshold: >0.40, equivalent to >3.2σ)
[18:07:46] [INFO]       Period: 425 days (14.0 months)
[18:07:46] [INFO]       Temporal Coverage: 912 days (2.15 complete cycles)
[18:07:46] [INFO]       Interpretation: Borderline Chandler wobble coupling detected (p ≈ 0.0067).
[18:07:46] [INFO]                      Signal is conventionally significant but slightly below
[18:07:46] [INFO]                      analysis threshold. Suggests weak to moderate polar motion coupling.
[18:07:46] [INFO] 
   EARTH ORBITAL MOTION (annual cycle):
[18:07:46] [SUCCESS]       Detection Status: DETECTED (4.6σ)
[18:07:46] [INFO]       Correlation Coefficient: r = -0.701 (threshold: |r| > 0.40, ≈3.2σ)
[18:07:46] [INFO]       Statistical Significance: p = 0.0000
[18:07:46] [INFO]       Temporal Samples: 34 (30-day windows)
[18:07:46] [INFO]       Interpretation: Directional anisotropy (E-W vs N-S) correlates with
[18:07:46] [INFO]                      Earth's position in orbit, suggesting orbital velocity
[18:07:46] [INFO]                      modulates GPS timing correlation structure
[18:07:46] [INFO] 
   MULTI-FREQUENCY BEAT PATTERNS:
[18:07:46] [INFO]       Significant Patterns: 0/0 (0.0%)
[18:07:46] [INFO]       Detection Threshold: p < 0.05, |r| > 0.3
[18:07:46] [INFO] 
[18:07:46] [INFO] ================================================================================
[18:07:46] [INFO] 
3. AMPLITUDE ENHANCEMENT ANALYSIS
[18:07:46] [INFO] ================================================================================
[18:07:46] [INFO] 
[18:07:46] [INFO]    Comparison of observed vs. expected gravitational coupling amplitudes
[18:07:46] [INFO] 
   Enhancement Factor Statistics (Observed/Expected Amplitude):
[18:07:46] [INFO]       Number of Significant Detections: 1
[18:07:46] [INFO]       Mean Enhancement: 117.4x
[18:07:46] [INFO]       Median Enhancement: 117.4x
[18:07:46] [INFO]       Standard Deviation: nanx
[18:07:46] [INFO]       Range: 117.4x - 117.4x
[18:07:46] [INFO]       Coefficient of Variation: nan
[18:07:46] [INFO] 
   Mechanistic Interpretation:
[18:07:46] [INFO]       Mean enhancement >100x indicates NON-LINEAR COUPLING mechanism.
[18:07:46] [INFO]       Such large amplification cannot be explained by direct
[18:07:46] [INFO]       gravitational effects and suggests resonance, tidal amplification,
[18:07:46] [INFO]       or parametric coupling processes with geophysical modes.
[18:07:46] [INFO] 
[18:07:46] [INFO] ================================================================================
[18:07:46] [INFO] 
4. TEP THEORY IMPLICATIONS
[18:07:46] [INFO] ================================================================================
[18:07:46] [INFO] 
[18:07:46] [INFO] 
   Evidence Summary for Temporal Equivalence Principle:
[18:07:46] [SUCCESS]       1. Planetary Gravitational Coupling: DETECTED
[18:07:46] [INFO]          1 significant event(s) with amplitude modulation
[18:07:46] [INFO]       2. Chandler Wobble Correlation: BORDERLINE DETECTED
[18:07:46] [INFO]          R² = 0.377
[18:07:46] [SUCCESS]       3. Orbital Motion Correlation: DETECTED
[18:07:46] [INFO]          r = -0.701
[18:07:46] [WARNING]       4. Multi-Frequency Coherence: NOT DETECTED
[18:07:46] [INFO] 
   Overall Assessment:
[18:07:46] [INFO]       MODERATE SUPPORT for TEP
[18:07:46] [INFO]       2.5/4 evidence categories detected. Results suggest
[18:07:46] [INFO]       partial coupling between timing correlations and gravitational
[18:07:46] [INFO]       dynamics, but additional data needed for confirmation.
[18:07:46] [INFO] 
[18:07:46] [INFO] ================================================================================
[18:07:46] [INFO] ================================================================================
[18:07:46] [INFO] ================================================================================
[18:07:46] [INFO] 
[18:07:46] [SUCCESS] Statistical validation complete for CODE in 678.0s
[18:07:46] [SUCCESS] Results saved: /Users/matthewsmawfield/www/TEP-GNSS/results/outputs/step_2_2_geospatial_temporal_analysis_code.json
[18:07:46] [INFO] 
============================================================
[18:07:46] [INFO] 
[18:07:46] [INFO] ================================================================================
[18:07:46] [INFO] PROCESSING IGS_COMBINED - Geospatial Temporal Analysis
[18:07:46] [INFO] ================================================================================
[18:07:46] [INFO] 
[18:07:46] [INFO] ============================================================
[18:07:46] [INFO] Starting geospatial temporal analysis for IGS_COMBINED
[18:07:46] [INFO] ============================================================
[18:07:46] [INFO] MULTI-SCALE TEMPORAL WINDOW STRATEGY:
[18:07:46] [INFO]   Temporal Orbital Tracking: 30-day windows (seasonal signal + noise reduction)
[18:07:46] [INFO]   Mesh Dance Analysis: OPTIMIZED (90d coherence + 30d oscillation/spiral)
[18:07:46] [INFO]   Planetary Oppositions: 240-day windows (optimal coupling timescale)
[18:07:46] [INFO]   Chandler Wobble: Full 433-day cycle (period-matched analysis)
[18:07:46] [INFO]   Beat Analysis: Period-specific windows (matched to each frequency)
[18:07:46] [INFO] Rationale: Each analysis uses windows matched to its characteristic physical timescale
[18:07:46] [INFO] Based on empirical analysis showing optimal coupling at 240 days (Savitzky-Golay)
[18:07:46] [INFO] ============================================================
[18:07:46] [PROCESS] Loading complete geospatial dataset from Step 2.1 for IGS_COMBINED...
[18:07:46] [INFO] Loading from /Users/matthewsmawfield/www/TEP-GNSS/data/processed/step_2_1_geospatial_igs_combined.csv
[18:07:46] [DEBUG] File size: 1660.6 MB
[18:07:46] [PROCESS] Reading CSV file into memory...
[18:07:56] [SUCCESS] CSV loaded successfully: 12,874,746 rows
[18:07:56] [PROCESS] Computing coherence values from plateau phase...
[18:07:56] [PROCESS] Cleaning and filtering data...
[18:08:00] [DEBUG] Data filtering: 12,874,746 → 12,874,746 → 12,874,746 → 12,874,746 → 12,874,746 pairs
[18:08:00] [SUCCESS] No pairs filtered - data is clean from Step 2.1
[18:08:00] [INFO] Data quality metrics:
[18:08:00] [INFO]   Coherence range: [-1.000000, 1.000000]
[18:08:00] [INFO]   Coherence mean: 0.013297 ± 0.716677
[18:08:00] [INFO]   Distance range: [1.0, 19937.3] km
[18:08:00] [INFO]   Distance mean: 9674.6 ± 4486.8 km
[18:08:02] [SUCCESS] Geospatial dataset loaded: 12,874,746 pairs, 2.52 GB
[18:08:02] [SUCCESS] Azimuth already computed in Step 2.1 - no redundant calculation needed
[18:08:02] [DEBUG] Step 2.1 log exists but no pair count found for igs_combined
[18:08:02] [PROCESS] Verifying required columns are present...
[18:08:02] [SUCCESS] All required columns present: ['azimuth', 'delta_longitude', 'delta_local_time']
[18:08:02] [INFO] Available columns: ['date', 'station_i', 'station_j', 'dist_km', 'plateau_phase', 'station1_lat', 'station1_lon', 'station2_lat', 'station2_lon', 'azimuth', 'delta_longitude', 'delta_local_time', 'coherence']
[18:08:02] [INFO] Memory usage: 2.6/24.0 GB (88.0%)
[18:08:03] [PROCESS] Starting enhanced anisotropy analysis...
[18:08:03] [INFO] Analyzing 12,874,746 pairs with coordinate information
[18:08:03] [SUCCESS] Using pre-computed azimuths from Step 2.1
[18:08:03] [PROCESS] Classifying pairs into directional sectors...
[18:08:05] [PROCESS] Applying distance distribution matching guardrails...
[18:09:29] [SUCCESS] Distance distribution matching applied to 8 sectors
[18:09:29] [INFO] Analyzing 8 directional sectors with 40 distance bins
[18:09:29] [PROCESS] Processing sector 1/8: N (4,991 matched pairs from 2,020,118 original)
[18:09:29] [DEBUG]   Binning N matched data into 40 distance bins...
[18:09:29] [DEBUG]   N: 14 valid bins (min 50 pairs per bin)
[18:09:29] [DEBUG]   Fitting exponential correlation model to N matched data...
[18:09:29] [SUCCESS]   N fit successful: λ = 1342.7 km, R² = 0.384 (distance-matched)
[18:09:29] [PROCESS] Processing sector 2/8: NE (4,991 matched pairs from 2,248,852 original)
[18:09:29] [DEBUG]   Binning NE matched data into 40 distance bins...
[18:09:29] [DEBUG]   NE: 13 valid bins (min 50 pairs per bin)
[18:09:29] [DEBUG]   Fitting exponential correlation model to NE matched data...
[18:09:29] [SUCCESS]   NE fit successful: λ = 1304.2 km, R² = 0.332 (distance-matched)
[18:09:29] [PROCESS] Processing sector 3/8: E (4,991 matched pairs from 1,409,948 original)
[18:09:29] [DEBUG]   Binning E matched data into 40 distance bins...
[18:09:29] [DEBUG]   E: 13 valid bins (min 50 pairs per bin)
[18:09:29] [DEBUG]   Fitting exponential correlation model to E matched data...
[18:09:29] [SUCCESS]   E fit successful: λ = 2954.2 km, R² = 0.395 (distance-matched)
[18:09:29] [PROCESS] Processing sector 4/8: SE (4,991 matched pairs from 1,248,446 original)
[18:09:29] [DEBUG]   Binning SE matched data into 40 distance bins...
[18:09:29] [DEBUG]   SE: 13 valid bins (min 50 pairs per bin)
[18:09:29] [DEBUG]   Fitting exponential correlation model to SE matched data...
[18:09:29] [SUCCESS]   SE fit successful: λ = 2898.8 km, R² = 0.200 (distance-matched)
[18:09:29] [PROCESS] Processing sector 5/8: S (4,991 matched pairs from 1,104,741 original)
[18:09:29] [DEBUG]   Binning S matched data into 40 distance bins...
[18:09:29] [DEBUG]   S: 14 valid bins (min 50 pairs per bin)
[18:09:29] [DEBUG]   Fitting exponential correlation model to S matched data...
[18:09:29] [SUCCESS]   S fit successful: λ = 1848.9 km, R² = 0.004 (distance-matched)
[18:09:29] [PROCESS] Processing sector 6/8: SW (4,991 matched pairs from 1,301,874 original)
[18:09:29] [DEBUG]   Binning SW matched data into 40 distance bins...
[18:09:29] [DEBUG]   SW: 14 valid bins (min 50 pairs per bin)
[18:09:29] [DEBUG]   Fitting exponential correlation model to SW matched data...
[18:09:29] [SUCCESS]   SW fit successful: λ = 3440.1 km, R² = 0.247 (distance-matched)
[18:09:30] [PROCESS] Processing sector 7/8: W (4,991 matched pairs from 1,285,162 original)
[18:09:30] [DEBUG]   Binning W matched data into 40 distance bins...
[18:09:30] [DEBUG]   W: 12 valid bins (min 50 pairs per bin)
[18:09:30] [DEBUG]   Fitting exponential correlation model to W matched data...
[18:09:30] [SUCCESS]   W fit successful: λ = 3433.6 km, R² = 0.748 (distance-matched)
[18:09:30] [PROCESS] Processing sector 8/8: NW (4,991 matched pairs from 2,255,605 original)
[18:09:30] [DEBUG]   Binning NW matched data into 40 distance bins...
[18:09:30] [DEBUG]   NW: 13 valid bins (min 50 pairs per bin)
[18:09:30] [DEBUG]   Fitting exponential correlation model to NW matched data...
[18:09:30] [SUCCESS]   NW fit successful: λ = 3245.8 km, R² = 0.103 (distance-matched)
[18:09:30] [PROCESS] Computing anisotropy statistics from 8 successful sector fits...
[18:09:30] [SUCCESS] Enhanced Anisotropy complete: 8 sectors, CV = 0.334
[18:09:30] [PROCESS] Starting Temporal Orbital Tracking Analysis...
[18:09:30] [PROCESS] Testing for seasonal orbital motion signatures in GPS timing correlations
[18:09:30] [INFO] Temporal range: 2023-01-01 00:00:00 to 2025-06-30 00:00:00
[18:09:30] [INFO] Day of year range: 1 to 366
[18:09:30] [SUCCESS] Using pre-computed azimuths from Step 2.1
[18:09:33] [PROCESS] Tracking E-W/N-S ratio across 34 temporal samples (each using 30-day windows)...
[18:09:33] [INFO] Window strategy: Each sample uses ±15 days (30-day total) to balance seasonal signal with noise reduction
[18:09:43] [SUCCESS] Robust correlation confirmed: E-W/N-S anisotropy correlates with Earth's orbital motion (r=-0.793, p=0.0000)
[18:09:43] [INFO] Results indicate GPS timing correlations may reflect Earth's orbital dynamics
[18:09:43] [SUCCESS] Temporal orbital tracking complete: 34 samples analyzed
[18:09:43] [PROCESS] Starting Chandler Wobble Analysis (14-month period)...
[18:09:43] [INFO] Temporal coverage: 912 days (2.15 Chandler cycles)
[18:09:49] [SUCCESS] Chandler wobble signature detected: R² = 0.471
[18:09:49] [SUCCESS] CHANDLER WOBBLE ANALYSIS RESULTS:
[18:09:49] [INFO]   Chandler Period: 14.0 months (433 days)
[18:09:49] [INFO]   Temporal Coverage: 912 days (2.11 Chandler cycles)
[18:09:49] [INFO]   Phase Bins Analyzed: 18
[18:09:49] [SUCCESS]   Chandler Signature: R² = 0.471 (DETECTED)
[18:09:49] [SUCCESS] Chandler wobble analysis complete: 18 phase bins analyzed
[18:09:49] [PROCESS] Starting 3D Spherical Harmonic Analysis...
[18:09:49] [SUCCESS] Using pre-computed azimuths from Step 2.1
[18:09:49] [PROCESS] Computing elevation angles for 3D analysis...
[18:09:54] [SUCCESS] Strong 3D anisotropy detected: strength = 1.981
[18:09:54] [SUCCESS] 3D SPHERICAL HARMONIC ANALYSIS RESULTS:
[18:09:54] [INFO]   3D Anisotropy Strength: 1.981
[18:09:54] [INFO]   Spherical Bins Analyzed: 16
[18:09:54] [INFO]   Azimuth Resolution: 16 bins (22.5° each)
[18:09:54] [INFO]   Elevation Resolution: 8 bins (0-90°)
[18:09:54] [SUCCESS]   Strong 3D Structure: 1.981 (DETECTED)
[18:09:54] [SUCCESS] 3D spherical harmonic analysis complete: 16 bins analyzed
[18:09:54] [PROCESS] Starting Multi-Frequency Beat Analysis (Aligned with Step 3.6)...
[18:09:54] [INFO] Analyzing 12 frequency bands aligned with Step 3.6
[18:09:54] [INFO]   tidal_diurnal: 15 µHz (0.8 day period)
[18:09:54] [INFO]   tidal_semidiurnal: 25 µHz (0.5 day period)
[18:09:54] [INFO]   post_tidal_30_40: 35 µHz (0.3 day period)
[18:09:54] [INFO]   post_tidal_40_50: 45 µHz (0.3 day period)
[18:09:54] [INFO]   post_tidal_50_100: 75 µHz (0.2 day period)
[18:09:54] [INFO]   intermediate_100_200: 150 µHz (0.1 day period)
[18:09:54] [INFO]   intermediate_200_350: 275 µHz (0.0 day period)
[18:09:54] [INFO]   intermediate_350_500: 425 µHz (0.0 day period)
[18:09:54] [INFO]   transition_500_750: 625 µHz (0.0 day period)
[18:09:54] [INFO]   transition_750_1000: 875 µHz (0.0 day period)
[18:09:54] [INFO]   control_1000_1500: 1250 µHz (0.0 day period)
[18:09:54] [INFO]   control_2000_3000: 2500 µHz (0.0 day period)
[18:09:54] [INFO] Analyzing short range (50-500 km): 44,469 pairs
[18:09:54] [INFO] Analyzing medium range (500-2000 km): 509,757 pairs
[18:09:56] [INFO] Analyzing long range (2000-10000 km): 6,367,105 pairs
[18:09:58] [INFO] Analyzing very_long range (10000-20000 km): 5,947,366 pairs
[18:09:58] [SUCCESS] MULTI-FREQUENCY BEAT ANALYSIS (STEP 3.6 ALIGNED) COMPLETE:
[18:09:58] [INFO]   Frequency Bands Analyzed: 12
[18:09:58] [INFO]   Significant Beat Patterns: 0
[18:09:58] [INFO]   Detection Threshold: |r| > 0.3
[18:09:58] [PROCESS] Starting Relative Motion Beat Analysis...
[18:10:05] [SUCCESS] RELATIVE MOTION BEAT ANALYSIS RESULTS:
[18:10:05] [INFO]   Significant Beat Patterns: 9
[18:10:05] [INFO]   Total Beat Patterns Analyzed: 12
[18:10:05] [INFO]   Detection Threshold: R² > 0.2
[18:10:05] [INFO]   ALL SIGNIFICANT RELATIVE MOTION BEAT PATTERNS:
[18:10:05] [INFO]     short_chandler_annual_sum: R²=0.925, Period=196.9 days, Amplitude=-0.0162, Range=short
[18:10:05] [INFO]     short_chandler_semiannual_sum: R²=0.710, Period=127.9 days, Amplitude=0.0115, Range=short
[18:10:05] [INFO]     short_rotation_tidal_beat: R²=0.336, Period=0.5 days, Amplitude=-0.0084, Range=short
[18:10:05] [INFO]     medium_tidal_m2_tidal_s2_diff: R²=0.484, Period=14.8 days, Amplitude=-0.0021, Range=medium
[18:10:05] [INFO]     medium_chandler_annual_sum: R²=0.793, Period=196.9 days, Amplitude=0.0117, Range=medium
[18:10:05] [INFO]     medium_chandler_semiannual_sum: R²=0.785, Period=127.9 days, Amplitude=0.0085, Range=medium
[18:10:05] [INFO]     long_chandler_annual_sum: R²=0.850, Period=196.9 days, Amplitude=-0.0043, Range=long
[18:10:05] [INFO]     long_chandler_semiannual_sum: R²=0.838, Period=127.9 days, Amplitude=-0.0037, Range=long
[18:10:05] [INFO]     long_rotation_tidal_beat: R²=0.298, Period=0.5 days, Amplitude=-0.0017, Range=long
[18:10:05] [SUCCESS] Relative motion beat analysis complete: 9 significant patterns detected
[18:10:05] [PROCESS] Starting Mesh Dance Analysis - Network Coherence Assessment
[18:10:05] [PROCESS] Analyzing coherent motion patterns of GPS station network...
[18:10:05] [INFO] Analyzing mesh coherence patterns...
[18:10:05] [INFO] Using OPTIMIZED windows: 90d for coherence (10 samples), 30d for oscillation/spiral
[18:10:12] [INFO] Using 31 high-resolution 30-day windows for spiral/oscillation detection
[18:10:12] [INFO] Analyzing spiral dynamics of mesh motion...
[18:10:12] [INFO] Analyzing collective mesh oscillation patterns...
[18:10:12] [INFO] Oscillation analysis using 31 samples (window size: 30d)
[18:10:12] [INFO] Analyzing spacetime coupling signatures...
[18:10:12] [INFO] Computing network coherence classification...
[18:10:12] [SUCCESS] MESH DANCE ANALYSIS RESULTS:
[18:10:12] [INFO]   Network Coherence Score: 0.454
[18:10:12] [INFO]   Dance Classification: WEAK NETWORK COHERENCE - Limited collective motion detected
[18:10:12] [INFO]   Time Windows Analyzed: 11
[18:10:12] [INFO]   Temporal Span: 900 days
[18:10:12] [INFO]   DEBUG - Component Scores:
[18:10:12] [INFO]     Mesh Coherence: 0.836 (base: 0.643)
[18:10:12] [INFO]     Spiral Score: 0.021 (detected: False)
[18:10:12] [INFO]     Oscillation Score: 0.325 (detected: True)
[18:10:12] [INFO]     Earth Coupling Score: 0.333 (detected: True)
[18:10:12] [INFO]     Significant Components: 2/3
[18:10:12] [INFO]     Boost Factor: 1.30x
[18:10:12] [INFO]     Base Score: 0.454 → Final Score: 0.454
[18:10:12] [INFO]   DEBUG - Best Oscillation Details:
[18:10:12] [INFO]     Period: 427.0 days
[18:10:12] [INFO]     Correlation: 0.325
[18:10:12] [INFO]     R²: 0.105
[18:10:12] [INFO]     P-value: 0.0747
[18:10:12] [INFO]   Best Collective Oscillation: 427.0 day period
[18:10:12] [INFO]      Oscillation R²: 0.105
[18:10:12] [INFO]      Significant Oscillations: 1
[18:10:12] [SUCCESS] MESH DANCE ANALYSIS COMPLETE: WEAK NETWORK COHERENCE - Limited collective motion detected
[18:10:12] [PROCESS] Starting Jupiter Opposition Pulse Analysis...
[18:10:12] [INFO] Data coverage: 2023-01-01 to 2025-06-30 (912 days)
[18:10:12] [INFO] Using 240-day windows (±120 days) for optimal gravitational coupling detection
[18:10:12] [INFO] Analyzing 2 Jupiter opposition events
[18:10:12] [INFO] Event window: ±120 days, Expected Amplitude: 0.220%
[18:10:12] [INFO] Jupiter orbital period: ~11.86 years, Opposition frequency: ~1.09 years
[18:10:12] [PROCESS]   Processing event: Jupiter_Opposition_2023 (2023-11-03)
[18:10:13] [INFO]     Signal detected for Jupiter_Opposition_2023: 1.0σ (below 3.0σ threshold), -103.2% amplitude
[18:10:13] [PROCESS]   Processing event: Jupiter_Opposition_2024 (2024-12-07)
[18:10:15] [INFO]     Signal detected for Jupiter_Opposition_2024: 2.8σ (below 3.0σ threshold), -78.3% amplitude
[18:10:15] [SUCCESS] Jupiter opposition analysis complete: 2 events analyzed
[18:10:15] [PROCESS] Starting Saturn Opposition Analysis...
[18:10:15] [INFO] Using 240-day windows (±120 days) aligned with optimal coupling timescale
[18:10:15] [INFO] Analyzing 3 Saturn opposition events
[18:10:15] [INFO] Event window: ±120 days, Expected Amplitude: 0.019%
[18:10:15] [INFO] Saturn orbital period: ~29.46 years, Opposition frequency: ~1.04 years
[18:10:15] [INFO] Data coverage: 2023-01-01 to 2025-06-30 (912 days)
[18:10:15] [PROCESS]   Processing event: saturn_2023 (2023-08-27)
[18:10:16] [INFO]     Signal detected for saturn_2023: 2.5σ (below 3.0σ threshold), 123.0% amplitude
[18:10:16] [PROCESS]   Processing event: saturn_2024 (2024-09-08)
[18:10:18] [SUCCESS]     Significant detection for saturn_2024: 6.0σ (exceeds 3.0σ threshold), 234.1% amplitude
[18:10:18] [PROCESS]   Processing event: saturn_2025 (2025-09-21)
[18:10:18] [INFO]     Signal detected for saturn_2025: 0.0σ (below 3.0σ threshold), 264.4% amplitude
[18:10:18] [SUCCESS] Saturn opposition analysis complete: 3 events analyzed
[18:10:18] [PROCESS] Starting Mars Opposition Analysis...
[18:10:18] [INFO] Using 240-day windows (±120 days) for maximum sensitivity to weak Mars signal
[18:10:18] [INFO] Analyzing 1 Mars opposition events
[18:10:18] [INFO] Event window: ±120 days, Expected Amplitude: 0.0050% (weakest expected signal)
[18:10:18] [INFO] Mars orbital period: ~1.88 years, Opposition frequency: ~2.13 years
[18:10:18] [INFO] Data coverage: 2023-01-01 to 2025-06-30 (912 days)
[18:10:18] [PROCESS]   Processing event: mars_2025 (2025-01-16)
[18:10:21] [SUCCESS]     Significant detection for mars_2025: 4.5σ (exceeds 3.0σ threshold), -70.1% amplitude
[18:10:21] [SUCCESS] Mars opposition analysis complete: 1 events analyzed
[18:10:21] [PROCESS] Starting Venus Inferior Conjunction Analysis...
[18:10:21] [INFO] Using 240-day windows (±120 days) for optimal Venus coupling detection
[18:10:21] [INFO] Analyzing 2 Venus inferior conjunction events
[18:10:21] [INFO] Event window: ±120 days, Expected Amplitude: 0.100%
[18:10:21] [INFO] Venus synodic period: ~584 days (~19 months)
[18:10:21] [INFO] Data coverage: 2023-01-01 to 2025-06-30 (912 days)
[18:10:21] [PROCESS]   Processing event: venus_2023 (2023-08-13)
[18:10:22] [SUCCESS]     Significant detection for venus_2023: 5.4σ (exceeds 3.0σ threshold), 158.9% amplitude
[18:10:22] [PROCESS]   Processing event: venus_2025 (2025-03-23)
[18:10:24] [SUCCESS]     Significant detection for venus_2025: 3.0σ (exceeds 3.0σ threshold), 345.3% amplitude
[18:10:24] [SUCCESS] Venus inferior conjunction analysis complete: 2 events analyzed
[18:10:24] [PROCESS] Starting Mercury Inferior Conjunction Analysis...
[18:10:24] [INFO] Using 240-day windows (±120 days) for maximum sensitivity to weak Mercury signal
[18:10:24] [INFO] Analyzing 8 Mercury inferior conjunction events
[18:10:24] [INFO] Event window: ±120 days, Expected Amplitude: 0.0100%
[18:10:24] [INFO] Mercury synodic period: ~116 days (~4 months) - high frequency provides statistical power
[18:10:24] [INFO] Data coverage: 2023-01-01 to 2025-06-30 (912 days)
[18:10:24] [PROCESS]   Processing event: mercury_2023_01 (2023-01-07)
[18:10:24] [INFO]     Signal detected for mercury_2023_01: 1.1σ (below 3.0σ threshold), -31.0% amplitude
[18:10:24] [PROCESS]   Processing event: mercury_2023_05 (2023-05-01)
[18:10:25] [INFO]     Signal detected for mercury_2023_05: 1.2σ (below 3.0σ threshold), -58.0% amplitude
[18:10:25] [PROCESS]   Processing event: mercury_2023_09 (2023-08-28)
[18:10:25] [INFO]     Signal detected for mercury_2023_09: 2.5σ (below 3.0σ threshold), 122.6% amplitude
[18:10:25] [PROCESS]   Processing event: mercury_2023_12 (2023-12-22)
[18:10:26] [INFO]     Signal detected for mercury_2023_12: 1.2σ (below 3.0σ threshold), 127.4% amplitude
[18:10:26] [PROCESS]   Processing event: mercury_2024_04 (2024-04-11)
[18:10:28] [INFO]     Signal detected for mercury_2024_04: 1.0σ (below 3.0σ threshold), -32.9% amplitude
[18:10:28] [PROCESS]   Processing event: mercury_2024_08 (2024-08-05)
[18:10:30] [INFO]     Signal detected for mercury_2024_08: 2.2σ (below 3.0σ threshold), 149.6% amplitude
[18:10:30] [PROCESS]   Processing event: mercury_2024_11 (2024-11-26)
[18:10:32] [INFO]     Signal detected for mercury_2024_11: 0.7σ (below 3.0σ threshold), 82.1% amplitude
[18:10:32] [PROCESS]   Processing event: mercury_2025_03 (2025-03-15)
[18:10:35] [SUCCESS]     Significant detection for mercury_2025_03: 4.3σ (exceeds 3.0σ threshold), 257.9% amplitude
[18:10:35] [SUCCESS] Mercury inferior conjunction analysis complete: 8 events analyzed
[18:10:35] [PROCESS] Starting Solar Rotation Cycle Analysis...
[18:10:35] [INFO] Testing TEP coupling to rotating solar magnetic field (Carrington rotation)
[18:10:35] [INFO] Data coverage: 2023-01-01 to 2025-06-30 (912 days)
[18:10:35] [INFO] Solar rotation period: 27.0 days (~33.8 complete rotations)
[18:10:35] [INFO] Solar Rotation: Peak at 20.7 days but not significant
[18:10:35] [INFO]   Correlation: r=0.047, p=0.1572, SNR=7.9
[18:10:35] [SUCCESS] Solar rotation analysis complete
[18:10:35] [PROCESS] Starting Lunar Standstill Analysis (Event-Based)...
[18:10:36] [INFO] Data coverage: 2023-01-01 to 2025-06-30 (912 days)
[18:10:36] [INFO] Lunar standstill event window: ±180 days (±5.9 months)
[18:10:36] [INFO] Expected amplitude: 0.050%
[18:10:36] [INFO] Analyzing 1 lunar standstill event(s)
[18:10:36] [PROCESS]   Processing event: lunar_standstill_2025 (2025-06-01)
[18:10:38] [INFO]     Lunar standstill signal: 1.3σ (not significant)
[18:10:38] [SUCCESS] Lunar standstill analysis complete: No significant Lunar Standstill signals detected.
[18:10:39] [INFO] Memory usage: 2.3/24.0 GB (87.8%)
[18:10:39] [INFO] 
[18:10:39] [INFO] ================================================================================
[18:10:39] [INFO] JUPITER OPPOSITION ANALYSIS SUMMARY - IGS_COMBINED
[18:10:39] [INFO] ================================================================================
[18:10:39] [INFO] 
[18:10:39] [INFO] Jupiter Opposition: 1 NOTABLE DETECTION(S) (2.0-3.0σ)
[18:10:39] [INFO]    2024-12-07: 2.8σ, -78.3% amplitude (7x expected)
[18:10:39] [INFO] Statistical Summary:
[18:10:39] [INFO]    Total Events Analyzed: 2
[18:10:39] [INFO]    Detections ≥1.0σ: 2/2 (100.0%)
[18:10:39] [INFO]    Average Amplitude: 90.8% (expected: 0.220%)
[18:10:39] [INFO]    Maximum Amplitude: 103.2% (3x expected)
[18:10:39] [INFO]    Stacked Analysis: Deferred to Step 4.4 for comprehensive multi-planet correlation
[18:10:39] [INFO] --------------------------------------------------
[18:10:39] [INFO] 
[18:10:39] [INFO] ================================================================================
[18:10:39] [INFO] SATURN OPPOSITION ANALYSIS SUMMARY - IGS_COMBINED
[18:10:39] [INFO] ================================================================================
[18:10:39] [INFO] 
[18:10:39] [SUCCESS] Saturn Opposition: 1 SIGNIFICANT DETECTION(S) (≥3.0σ)
[18:10:39] [SUCCESS]    2024-09-08: 6.0σ enhancement at day -83.6
[18:10:39] [INFO]       Amplitude: 234.1% (expected: 0.019%, enhancement: 72x)
[18:10:39] [INFO] Statistical Summary:
[18:10:39] [INFO]    Total Events Analyzed: 3
[18:10:39] [INFO]    Detections ≥1.0σ: 2/3 (66.7%)
[18:10:39] [INFO]    Average Amplitude: 207.2% (expected: 0.019%)
[18:10:39] [INFO]    Maximum Amplitude: 264.4% (97x expected)
[18:10:39] [INFO]    Stacked Analysis: Deferred to Step 4.4 for comprehensive multi-planet correlation
[18:10:39] [INFO] --------------------------------------------------
[18:10:39] [INFO] 
[18:10:39] [INFO] ================================================================================
[18:10:39] [INFO] MARS OPPOSITION ANALYSIS SUMMARY - IGS_COMBINED
[18:10:39] [INFO] ================================================================================
[18:10:39] [INFO] 
[18:10:39] [SUCCESS] Mars Opposition: 1 SIGNIFICANT DETECTION(S) (≥3.0σ)
[18:10:39] [INFO]     REMARKABLE: Mars has the weakest expected signal (44x weaker than Jupiter)
[18:10:39] [SUCCESS]    2025-01-16: 4.5σ suppression at day -56.7
[18:10:39] [INFO]       Amplitude: -70.1% (expected: 0.0001%, enhancement: 201x)
[18:10:39] [INFO] Statistical Summary:
[18:10:39] [INFO]    Total Events Analyzed: 1
[18:10:39] [INFO]    Detections ≥1.0σ: 1/1 (100.0%)
[18:10:39] [INFO]    Average Amplitude: 70.1% (expected: 0.0050%)
[18:10:39] [INFO]    Maximum Amplitude: 70.1% (98x expected)
[18:10:39] [INFO]    Stacked Analysis: Deferred to Step 4.4 for comprehensive multi-planet correlation
[18:10:39] [INFO] --------------------------------------------------
[18:10:39] [PROCESS] Loading complete geospatial dataset from Step 2.1 for IGS_COMBINED...
[18:10:39] [INFO] Loading from /Users/matthewsmawfield/www/TEP-GNSS/data/processed/step_2_1_geospatial_igs_combined.csv
[18:10:39] [DEBUG] File size: 1660.6 MB
[18:10:39] [PROCESS] Reading CSV file into memory...
[18:10:48] [SUCCESS] CSV loaded successfully: 12,874,746 rows
[18:10:48] [PROCESS] Computing coherence values from plateau phase...
[18:10:48] [PROCESS] Cleaning and filtering data...
[18:10:53] [DEBUG] Data filtering: 12,874,746 → 12,874,746 → 12,874,746 → 12,874,746 → 12,874,746 pairs
[18:10:53] [SUCCESS] No pairs filtered - data is clean from Step 2.1
[18:10:53] [INFO] Data quality metrics:
[18:10:53] [INFO]   Coherence range: [-1.000000, 1.000000]
[18:10:53] [INFO]   Coherence mean: 0.013297 ± 0.716677
[18:10:53] [INFO]   Distance range: [1.0, 19937.3] km
[18:10:53] [INFO]   Distance mean: 9674.6 ± 4486.8 km
[18:10:55] [SUCCESS] Geospatial dataset loaded: 12,874,746 pairs, 2.52 GB
[18:10:55] [SUCCESS] Azimuth already computed in Step 2.1 - no redundant calculation needed
[18:10:55] [DEBUG] Step 2.1 log exists but no pair count found for igs_combined
[18:10:55] [PROCESS] Verifying required columns are present...
[18:10:55] [SUCCESS] All required columns present: ['azimuth', 'delta_longitude', 'delta_local_time']
[18:10:55] [INFO] Available columns: ['date', 'station_i', 'station_j', 'dist_km', 'plateau_phase', 'station1_lat', 'station1_lon', 'station2_lat', 'station2_lon', 'azimuth', 'delta_longitude', 'delta_local_time', 'coherence']
[18:10:55] [INFO] Memory usage: 2.6/24.0 GB (89.6%)
[18:10:55] [INFO] 
================================================================================
[18:10:55] [PROCESS] Starting Temporal Coherence Assessment...
[18:10:58] [SUCCESS] Temporal Coherence Assessment Complete
[18:10:58] [INFO]   Coherent Timescales: 2/4
[18:10:58] [INFO]   Spatial Bins Analyzed: 4
[18:10:58] [INFO]   Monthly: autocorr=0.502 (coherent)
[18:10:58] [INFO]   Biannual: autocorr=0.301 (coherent)
[18:10:58] [INFO] 

[18:10:58] [INFO] 
[18:10:58] [INFO] ================================================================================
[18:10:58] [INFO] ================================================================================
[18:10:58] [INFO] ================================================================================
[18:10:58] [INFO] 
[18:10:58] [INFO] 
[18:10:58] [INFO] ================================================================================
[18:10:58] [INFO] COMPREHENSIVE SCIENTIFIC SIGNIFICANCE REPORT - IGS_COMBINED
[18:10:58] [INFO] ================================================================================
[18:10:58] [INFO] 
[18:10:58] [INFO] 
[18:10:58] [INFO] ================================================================================
[18:10:58] [INFO] ================================================================================
[18:10:58] [INFO] ================================================================================
[18:10:58] [INFO] 
[18:10:58] [INFO] 
[18:10:58] [INFO] ================================================================================
[18:10:58] [INFO] 
1. PLANETARY GRAVITATIONAL EVENT ANALYSIS
[18:10:58] [INFO] ================================================================================
[18:10:58] [INFO] 
[18:10:58] [INFO]    Analysis of GPS timing correlation response to planetary configurations
[18:10:58] [INFO]    Detection threshold: 3.0σ (99.7% confidence)
[18:10:58] [INFO] 
[18:10:58] [INFO] ================================================================================
[18:10:58] [INFO] \n================================================================================
[18:10:58] [INFO] ================================================================================
[18:10:58] [INFO] 
[18:10:58] [INFO] 
[18:10:58] [INFO] ================================================================================
[18:10:58] [INFO] STATISTICAL SIGNIFICANCE CORRECTIONS
[18:10:58] [INFO] ================================================================================
[18:10:58] [INFO] 
[18:10:58] [INFO] 
[18:10:58] [INFO] ================================================================================
[18:10:58] [INFO] ================================================================================
[18:10:58] [INFO] ================================================================================
[18:10:58] [INFO] 
[18:10:58] [PROCESS] Testing gravitational scaling consistency...
[18:10:58] [INFO] Gravitational scaling test: r=0.780, p=0.2203
[18:10:58] [INFO] Multiple Testing Correction Results:
[18:10:58] [INFO]    Total tests: 5
[18:10:58] [INFO]    Uncorrected significant: 5
[18:10:58] [INFO]    Bonferroni significant: 5
[18:10:58] [INFO]    FDR significant: 5
[18:10:58] [INFO]    Bonferroni α: 0.010000
[18:10:58] [INFO] Gravitational Scaling Consistency:
[18:10:58] [INFO]    Mass-sigma correlation: r=0.780, p=0.2203
[18:10:58] [INFO]    Interpretation: inconsistent
[18:10:58] [INFO] 
   JUPITER:
[18:10:58] [INFO]       Events Analyzed: 2
[18:10:58] [INFO]       Expected Amplitude: 0.2200%
[18:10:58] [INFO]       Statistical Summary:
[18:10:58] [INFO]          Mean Sigma Level: 1.90σ
[18:10:58] [INFO]          Maximum Sigma Level: 2.79σ
[18:10:58] [INFO]          Mean Observed Amplitude: 90.76%
[18:10:58] [INFO]          Maximum Observed Amplitude: 103.18%
[18:10:58] [INFO]          Mean Enhancement Factor: 2.9x
[18:10:58] [INFO]          Maximum Enhancement Factor: 3.3x
[18:10:58] [INFO]       Notable Detections (2.0-3.0σ): 1
[18:10:58] [INFO]          2024-12-07: 2.79σ, 78.3%
[18:10:58] [INFO] 
   SATURN:
[18:10:58] [INFO]       Events Analyzed: 3
[18:10:58] [INFO]       Expected Amplitude: 0.0190%
[18:10:58] [INFO]       Statistical Summary:
[18:10:58] [INFO]          Mean Sigma Level: 2.81σ
[18:10:58] [INFO]          Maximum Sigma Level: 5.98σ
[18:10:58] [INFO]          Mean Observed Amplitude: 207.18%
[18:10:58] [INFO]          Maximum Observed Amplitude: 264.44%
[18:10:58] [INFO]          Mean Enhancement Factor: 76.3x
[18:10:58] [INFO]          Maximum Enhancement Factor: 97.4x
[18:10:58] [SUCCESS]       SIGNIFICANT DETECTIONS (≥3.0σ): 1
[18:10:58] [INFO]          2024-09-08: 5.98σ, 234.1% (72x expected)
[18:10:58] [INFO]       Notable Detections (2.0-3.0σ): 1
[18:10:58] [INFO]          2023-08-27: 2.45σ, 123.0%
[18:10:58] [INFO] 
   MARS:
[18:10:58] [INFO]       Events Analyzed: 1
[18:10:58] [INFO]       Expected Amplitude: 0.0050%
[18:10:58] [INFO]       Statistical Summary:
[18:10:58] [INFO]          Mean Sigma Level: 4.47σ
[18:10:58] [INFO]          Maximum Sigma Level: 4.47σ
[18:10:58] [INFO]          Mean Observed Amplitude: 70.10%
[18:10:58] [INFO]          Maximum Observed Amplitude: 70.10%
[18:10:58] [INFO]          Mean Enhancement Factor: 98.1x
[18:10:58] [INFO]          Maximum Enhancement Factor: 98.1x
[18:10:58] [SUCCESS]       SIGNIFICANT DETECTIONS (≥3.0σ): 1
[18:10:58] [INFO]          2025-01-16: 4.47σ, 70.1% (201x expected)
[18:10:58] [INFO] 
   VENUS:
[18:10:58] [INFO]       Events Analyzed: 2
[18:10:58] [INFO]       Expected Amplitude: 0.1000%
[18:10:58] [INFO]       Statistical Summary:
[18:10:58] [INFO]          Mean Sigma Level: 4.24σ
[18:10:58] [INFO]          Maximum Sigma Level: 5.44σ
[18:10:58] [INFO]          Mean Observed Amplitude: 252.08%
[18:10:58] [INFO]          Maximum Observed Amplitude: 345.26%
[18:10:58] [INFO]          Mean Enhancement Factor: 17.6x
[18:10:58] [INFO]          Maximum Enhancement Factor: 24.2x
[18:10:58] [SUCCESS]       SIGNIFICANT DETECTIONS (≥3.0σ): 2
[18:10:58] [INFO]          2023-08-13: 5.44σ, 158.9% (19x expected)
[18:10:58] [INFO]          2025-03-23: 3.04σ, 345.3% (37x expected)
[18:10:58] [INFO] 
   MERCURY:
[18:10:58] [INFO]       Events Analyzed: 8
[18:10:58] [INFO]       Expected Amplitude: 0.0100%
[18:10:58] [INFO]       Statistical Summary:
[18:10:58] [INFO]          Mean Sigma Level: 1.75σ
[18:10:58] [INFO]          Maximum Sigma Level: 4.28σ
[18:10:58] [INFO]          Mean Observed Amplitude: 107.70%
[18:10:58] [INFO]          Maximum Observed Amplitude: 257.93%
[18:10:58] [INFO]          Mean Enhancement Factor: 75.4x
[18:10:58] [INFO]          Maximum Enhancement Factor: 180.6x
[18:10:58] [SUCCESS]       SIGNIFICANT DETECTIONS (≥3.0σ): 1
[18:10:58] [INFO]          2025-03-15: 4.28σ, 257.9% (249x expected)
[18:10:58] [INFO]       Notable Detections (2.0-3.0σ): 2
[18:10:58] [INFO]          2023-08-28: 2.45σ, 122.6%
[18:10:58] [INFO]          2024-08-05: 2.21σ, 149.6%
[18:10:58] [INFO] 
[18:10:58] [INFO] ================================================================================
[18:10:58] [INFO] 
2. GEOPHYSICAL SIGNATURE ANALYSIS
[18:10:58] [INFO] ================================================================================
[18:10:58] [INFO] 
[18:10:58] [INFO]    Correlation with known Earth rotation and orbital parameters
[18:10:58] [INFO] 
   CHANDLER WOBBLE (14-month polar motion):
[18:10:58] [SUCCESS]       Detection Status: DETECTED (3.1σ equivalent)
[18:10:58] [INFO]       R² Correlation: 0.471 (threshold: >0.40, equivalent to >3.2σ)
[18:10:58] [INFO]       Period: 425 days (14.0 months)
[18:10:58] [INFO]       Temporal Coverage: 912 days (2.15 complete cycles)
[18:10:58] [INFO]       Interpretation: GPS timing correlations exhibit significant modulation
[18:10:58] [INFO]                      at Chandler wobble frequency, suggesting coupling to
[18:10:58] [INFO]                      Earth's polar motion dynamics
[18:10:58] [INFO] 
   EARTH ORBITAL MOTION (annual cycle):
[18:10:58] [SUCCESS]       Detection Status: DETECTED (5.6σ)
[18:10:58] [INFO]       Correlation Coefficient: r = -0.793 (threshold: |r| > 0.40, ≈3.2σ)
[18:10:58] [INFO]       Statistical Significance: p = 0.0000
[18:10:58] [INFO]       Temporal Samples: 34 (30-day windows)
[18:10:58] [INFO]       Interpretation: Directional anisotropy (E-W vs N-S) correlates with
[18:10:58] [INFO]                      Earth's position in orbit, suggesting orbital velocity
[18:10:58] [INFO]                      modulates GPS timing correlation structure
[18:10:58] [INFO] 
   MULTI-FREQUENCY BEAT PATTERNS:
[18:10:58] [INFO]       Significant Patterns: 0/0 (0.0%)
[18:10:58] [INFO]       Detection Threshold: p < 0.05, |r| > 0.3
[18:10:58] [INFO] 
[18:10:58] [INFO] ================================================================================
[18:10:58] [INFO] 
3. AMPLITUDE ENHANCEMENT ANALYSIS
[18:10:58] [INFO] ================================================================================
[18:10:58] [INFO] 
[18:10:58] [INFO]    Comparison of observed vs. expected gravitational coupling amplitudes
[18:10:58] [INFO] 
   Enhancement Factor Statistics (Observed/Expected Amplitude):
[18:10:58] [INFO]       Number of Significant Detections: 5
[18:10:58] [INFO]       Mean Enhancement: 115.5x
[18:10:58] [INFO]       Median Enhancement: 71.8x
[18:10:58] [INFO]       Standard Deviation: 92.0x
[18:10:58] [INFO]       Range: 19.5x - 248.5x
[18:10:58] [INFO]       Coefficient of Variation: 0.80
[18:10:58] [INFO] 
   Mechanistic Interpretation:
[18:10:58] [INFO]       Mean enhancement >100x indicates NON-LINEAR COUPLING mechanism.
[18:10:58] [INFO]       Such large amplification cannot be explained by direct
[18:10:58] [INFO]       gravitational effects and suggests resonance, tidal amplification,
[18:10:58] [INFO]       or parametric coupling processes with geophysical modes.
[18:10:58] [INFO] 
[18:10:58] [INFO] ================================================================================
[18:10:58] [INFO] 
4. TEP THEORY IMPLICATIONS
[18:10:58] [INFO] ================================================================================
[18:10:58] [INFO] 
[18:10:58] [INFO] 
   Evidence Summary for Temporal Equivalence Principle:
[18:10:58] [SUCCESS]       1. Planetary Gravitational Coupling: DETECTED
[18:10:58] [INFO]          5 significant event(s) with amplitude modulation
[18:10:58] [SUCCESS]       2. Chandler Wobble Correlation: DETECTED
[18:10:58] [INFO]          R² = 0.471
[18:10:58] [SUCCESS]       3. Orbital Motion Correlation: DETECTED
[18:10:58] [INFO]          r = -0.793
[18:10:58] [WARNING]       4. Multi-Frequency Coherence: NOT DETECTED
[18:10:58] [INFO] 
   Overall Assessment:
[18:10:58] [SUCCESS]       STRONG SUPPORT for TEP
[18:10:58] [INFO]       Multiple independent lines of evidence (3/4) demonstrate
[18:10:58] [INFO]       that GPS timing correlations exhibit systematic modulation by
[18:10:58] [INFO]       gravitational and rotational dynamics, consistent with TEP
[18:10:58] [INFO]       predictions of temporal field coupling to spacetime geometry.
[18:10:58] [INFO] 
[18:10:58] [INFO] ================================================================================
[18:10:58] [INFO] ================================================================================
[18:10:58] [INFO] ================================================================================
[18:10:58] [INFO] 
[18:10:58] [SUCCESS] Statistical validation complete for IGS_COMBINED in 172.2s
[18:10:58] [SUCCESS] Results saved: /Users/matthewsmawfield/www/TEP-GNSS/results/outputs/step_2_2_geospatial_temporal_analysis_igs_combined.json
[18:10:58] [INFO] 
============================================================
[18:10:58] [INFO] 
[18:10:58] [INFO] ================================================================================
[18:10:58] [INFO] PROCESSING ESA_FINAL - Geospatial Temporal Analysis
[18:10:58] [INFO] ================================================================================
[18:10:58] [INFO] 
[18:10:58] [INFO] ============================================================
[18:10:58] [INFO] Starting geospatial temporal analysis for ESA_FINAL
[18:10:58] [INFO] ============================================================
[18:10:58] [INFO] MULTI-SCALE TEMPORAL WINDOW STRATEGY:
[18:10:58] [INFO]   Temporal Orbital Tracking: 30-day windows (seasonal signal + noise reduction)
[18:10:58] [INFO]   Mesh Dance Analysis: OPTIMIZED (90d coherence + 30d oscillation/spiral)
[18:10:58] [INFO]   Planetary Oppositions: 240-day windows (optimal coupling timescale)
[18:10:58] [INFO]   Chandler Wobble: Full 433-day cycle (period-matched analysis)
[18:10:58] [INFO]   Beat Analysis: Period-specific windows (matched to each frequency)
[18:10:58] [INFO] Rationale: Each analysis uses windows matched to its characteristic physical timescale
[18:10:58] [INFO] Based on empirical analysis showing optimal coupling at 240 days (Savitzky-Golay)
[18:10:58] [INFO] ============================================================
[18:10:58] [PROCESS] Loading complete geospatial dataset from Step 2.1 for ESA_FINAL...
[18:10:58] [INFO] Loading from /Users/matthewsmawfield/www/TEP-GNSS/data/processed/step_2_1_geospatial_esa_final.csv
[18:10:58] [DEBUG] File size: 1395.7 MB
[18:10:58] [PROCESS] Reading CSV file into memory...
[18:11:06] [SUCCESS] CSV loaded successfully: 10,809,084 rows
[18:11:06] [PROCESS] Computing coherence values from plateau phase...
[18:11:06] [PROCESS] Cleaning and filtering data...
[18:11:10] [DEBUG] Data filtering: 10,809,084 → 10,809,084 → 10,809,084 → 10,809,084 → 10,809,084 pairs
[18:11:10] [SUCCESS] No pairs filtered - data is clean from Step 2.1
[18:11:10] [INFO] Data quality metrics:
[18:11:10] [INFO]   Coherence range: [-1.000000, 1.000000]
[18:11:10] [INFO]   Coherence mean: 0.010740 ± 0.713534
[18:11:10] [INFO]   Distance range: [2.6, 19937.3] km
[18:11:10] [INFO]   Distance mean: 9801.0 ± 4482.2 km
[18:11:11] [SUCCESS] Geospatial dataset loaded: 10,809,084 pairs, 2.11 GB
[18:11:11] [SUCCESS] Azimuth already computed in Step 2.1 - no redundant calculation needed
[18:11:11] [DEBUG] Step 2.1 log exists but no pair count found for esa_final
[18:11:11] [PROCESS] Verifying required columns are present...
[18:11:11] [SUCCESS] All required columns present: ['azimuth', 'delta_longitude', 'delta_local_time']
[18:11:11] [INFO] Available columns: ['date', 'station_i', 'station_j', 'dist_km', 'plateau_phase', 'station1_lat', 'station1_lon', 'station2_lat', 'station2_lon', 'azimuth', 'delta_longitude', 'delta_local_time', 'coherence']
[18:11:11] [INFO] Memory usage: 2.5/24.0 GB (89.2%)
[18:11:12] [PROCESS] Starting enhanced anisotropy analysis...
[18:11:13] [INFO] Analyzing 10,809,084 pairs with coordinate information
[18:11:13] [SUCCESS] Using pre-computed azimuths from Step 2.1
[18:11:13] [PROCESS] Classifying pairs into directional sectors...
[18:11:14] [PROCESS] Applying distance distribution matching guardrails...
[18:12:24] [SUCCESS] Distance distribution matching applied to 8 sectors
[18:12:24] [INFO] Analyzing 8 directional sectors with 40 distance bins
[18:12:24] [PROCESS] Processing sector 1/8: N (4,990 matched pairs from 1,527,362 original)
[18:12:24] [DEBUG]   Binning N matched data into 40 distance bins...
[18:12:24] [DEBUG]   N: 13 valid bins (min 50 pairs per bin)
[18:12:24] [DEBUG]   Fitting exponential correlation model to N matched data...
[18:12:24] [SUCCESS]   N fit successful: λ = 941.1 km, R² = 0.156 (distance-matched)
[18:12:24] [PROCESS] Processing sector 2/8: NE (4,990 matched pairs from 1,832,455 original)
[18:12:24] [DEBUG]   Binning NE matched data into 40 distance bins...
[18:12:24] [DEBUG]   NE: 13 valid bins (min 50 pairs per bin)
[18:12:24] [DEBUG]   Fitting exponential correlation model to NE matched data...
[18:12:24] [SUCCESS]   NE fit successful: λ = 9705.5 km, R² = 0.227 (distance-matched)
[18:12:24] [PROCESS] Processing sector 3/8: E (4,990 matched pairs from 1,253,299 original)
[18:12:24] [DEBUG]   Binning E matched data into 40 distance bins...
[18:12:24] [DEBUG]   E: 14 valid bins (min 50 pairs per bin)
[18:12:24] [DEBUG]   Fitting exponential correlation model to E matched data...
[18:12:24] [SUCCESS]   E fit successful: λ = 2822.3 km, R² = 0.515 (distance-matched)
[18:12:24] [PROCESS] Processing sector 4/8: SE (4,990 matched pairs from 1,148,683 original)
[18:12:24] [DEBUG]   Binning SE matched data into 40 distance bins...
[18:12:24] [DEBUG]   SE: 14 valid bins (min 50 pairs per bin)
[18:12:24] [DEBUG]   Fitting exponential correlation model to SE matched data...
[18:12:24] [SUCCESS]   SE fit successful: λ = 9695.1 km, R² = 0.298 (distance-matched)
[18:12:24] [PROCESS] Processing sector 5/8: S (4,990 matched pairs from 868,287 original)
[18:12:24] [DEBUG]   Binning S matched data into 40 distance bins...
[18:12:24] [DEBUG]   S: 15 valid bins (min 50 pairs per bin)
[18:12:24] [DEBUG]   Fitting exponential correlation model to S matched data...
[18:12:24] [SUCCESS]   S fit successful: λ = 4617.7 km, R² = 0.375 (distance-matched)
[18:12:24] [PROCESS] Processing sector 6/8: SW (4,990 matched pairs from 1,156,539 original)
[18:12:24] [DEBUG]   Binning SW matched data into 40 distance bins...
[18:12:24] [DEBUG]   SW: 14 valid bins (min 50 pairs per bin)
[18:12:24] [DEBUG]   Fitting exponential correlation model to SW matched data...
[18:12:24] [SUCCESS]   SW fit successful: λ = 4850.7 km, R² = 0.760 (distance-matched)
[18:12:24] [PROCESS] Processing sector 7/8: W (4,990 matched pairs from 1,191,038 original)
[18:12:24] [DEBUG]   Binning W matched data into 40 distance bins...
[18:12:24] [DEBUG]   W: 13 valid bins (min 50 pairs per bin)
[18:12:24] [DEBUG]   Fitting exponential correlation model to W matched data...
[18:12:24] [SUCCESS]   W fit successful: λ = 6199.7 km, R² = 0.529 (distance-matched)
[18:12:25] [PROCESS] Processing sector 8/8: NW (4,990 matched pairs from 1,831,421 original)
[18:12:25] [DEBUG]   Binning NW matched data into 40 distance bins...
[18:12:25] [DEBUG]   NW: 13 valid bins (min 50 pairs per bin)
[18:12:25] [DEBUG]   Fitting exponential correlation model to NW matched data...
[18:12:25] [SUCCESS]   NW fit successful: λ = 9722.9 km, R² = -0.000 (distance-matched)
[18:12:25] [PROCESS] Computing anisotropy statistics from 8 successful sector fits...
[18:12:25] [SUCCESS] Enhanced Anisotropy complete: 8 sectors, CV = 0.522
[18:12:25] [PROCESS] Starting Temporal Orbital Tracking Analysis...
[18:12:25] [PROCESS] Testing for seasonal orbital motion signatures in GPS timing correlations
[18:12:25] [INFO] Temporal range: 2023-01-01 00:00:00 to 2025-06-30 00:00:00
[18:12:25] [INFO] Day of year range: 1 to 366
[18:12:25] [SUCCESS] Using pre-computed azimuths from Step 2.1
[18:12:28] [PROCESS] Tracking E-W/N-S ratio across 34 temporal samples (each using 30-day windows)...
[18:12:28] [INFO] Window strategy: Each sample uses ±15 days (30-day total) to balance seasonal signal with noise reduction
[18:12:34] [SUCCESS] Robust correlation confirmed: E-W/N-S anisotropy correlates with Earth's orbital motion (r=-0.571, p=0.0004)
[18:12:34] [INFO] Results indicate GPS timing correlations may reflect Earth's orbital dynamics
[18:12:34] [SUCCESS] Temporal orbital tracking complete: 34 samples analyzed
[18:12:34] [PROCESS] Starting Chandler Wobble Analysis (14-month period)...
[18:12:34] [INFO] Temporal coverage: 912 days (2.15 Chandler cycles)
[18:12:40] [SUCCESS] Chandler wobble signature detected: R² = 0.453
[18:12:40] [SUCCESS] CHANDLER WOBBLE ANALYSIS RESULTS:
[18:12:40] [INFO]   Chandler Period: 14.0 months (433 days)
[18:12:40] [INFO]   Temporal Coverage: 912 days (2.11 Chandler cycles)
[18:12:40] [INFO]   Phase Bins Analyzed: 18
[18:12:40] [SUCCESS]   Chandler Signature: R² = 0.453 (DETECTED)
[18:12:40] [SUCCESS] Chandler wobble analysis complete: 18 phase bins analyzed
[18:12:40] [PROCESS] Starting 3D Spherical Harmonic Analysis...
[18:12:40] [SUCCESS] Using pre-computed azimuths from Step 2.1
[18:12:40] [PROCESS] Computing elevation angles for 3D analysis...
[18:12:44] [SUCCESS] Strong 3D anisotropy detected: strength = 1.981
[18:12:44] [SUCCESS] 3D SPHERICAL HARMONIC ANALYSIS RESULTS:
[18:12:44] [INFO]   3D Anisotropy Strength: 1.981
[18:12:44] [INFO]   Spherical Bins Analyzed: 16
[18:12:44] [INFO]   Azimuth Resolution: 16 bins (22.5° each)
[18:12:44] [INFO]   Elevation Resolution: 8 bins (0-90°)
[18:12:44] [SUCCESS]   Strong 3D Structure: 1.981 (DETECTED)
[18:12:44] [SUCCESS] 3D spherical harmonic analysis complete: 16 bins analyzed
[18:12:44] [PROCESS] Starting Multi-Frequency Beat Analysis (Aligned with Step 3.6)...
[18:12:44] [INFO] Analyzing 12 frequency bands aligned with Step 3.6
[18:12:44] [INFO]   tidal_diurnal: 15 µHz (0.8 day period)
[18:12:44] [INFO]   tidal_semidiurnal: 25 µHz (0.5 day period)
[18:12:44] [INFO]   post_tidal_30_40: 35 µHz (0.3 day period)
[18:12:44] [INFO]   post_tidal_40_50: 45 µHz (0.3 day period)
[18:12:44] [INFO]   post_tidal_50_100: 75 µHz (0.2 day period)
[18:12:44] [INFO]   intermediate_100_200: 150 µHz (0.1 day period)
[18:12:44] [INFO]   intermediate_200_350: 275 µHz (0.0 day period)
[18:12:44] [INFO]   intermediate_350_500: 425 µHz (0.0 day period)
[18:12:44] [INFO]   transition_500_750: 625 µHz (0.0 day period)
[18:12:44] [INFO]   transition_750_1000: 875 µHz (0.0 day period)
[18:12:44] [INFO]   control_1000_1500: 1250 µHz (0.0 day period)
[18:12:44] [INFO]   control_2000_3000: 2500 µHz (0.0 day period)
[18:12:44] [INFO] Analyzing short range (50-500 km): 22,394 pairs
[18:12:44] [INFO] Analyzing medium range (500-2000 km): 412,408 pairs
[18:12:45] [INFO] Analyzing long range (2000-10000 km): 5,221,005 pairs
[18:12:47] [INFO] Analyzing very_long range (10000-20000 km): 5,149,945 pairs
[18:12:47] [SUCCESS] MULTI-FREQUENCY BEAT ANALYSIS (STEP 3.6 ALIGNED) COMPLETE:
[18:12:47] [INFO]   Frequency Bands Analyzed: 12
[18:12:47] [INFO]   Significant Beat Patterns: 0
[18:12:47] [INFO]   Detection Threshold: |r| > 0.3
[18:12:47] [PROCESS] Starting Relative Motion Beat Analysis...
[18:12:53] [SUCCESS] RELATIVE MOTION BEAT ANALYSIS RESULTS:
[18:12:53] [INFO]   Significant Beat Patterns: 10
[18:12:53] [INFO]   Total Beat Patterns Analyzed: 12
[18:12:53] [INFO]   Detection Threshold: R² > 0.2
[18:12:53] [INFO]   ALL SIGNIFICANT RELATIVE MOTION BEAT PATTERNS:
[18:12:53] [INFO]     short_chandler_annual_sum: R²=0.402, Period=196.9 days, Amplitude=-0.0092, Range=short
[18:12:53] [INFO]     short_chandler_semiannual_sum: R²=0.617, Period=127.9 days, Amplitude=0.0052, Range=short
[18:12:53] [INFO]     short_rotation_tidal_beat: R²=0.378, Period=0.5 days, Amplitude=0.0089, Range=short
[18:12:53] [INFO]     medium_tidal_m2_tidal_s2_diff: R²=0.394, Period=14.8 days, Amplitude=-0.0033, Range=medium
[18:12:53] [INFO]     medium_chandler_annual_sum: R²=0.933, Period=196.9 days, Amplitude=0.0108, Range=medium
[18:12:53] [INFO]     medium_chandler_semiannual_sum: R²=0.822, Period=127.9 days, Amplitude=0.0119, Range=medium
[18:12:53] [INFO]     medium_rotation_tidal_beat: R²=0.616, Period=0.5 days, Amplitude=0.0053, Range=medium
[18:12:53] [INFO]     long_chandler_annual_sum: R²=0.285, Period=196.9 days, Amplitude=-0.0013, Range=long
[18:12:53] [INFO]     long_chandler_semiannual_sum: R²=0.633, Period=127.9 days, Amplitude=-0.0039, Range=long
[18:12:53] [INFO]     long_rotation_tidal_beat: R²=0.339, Period=0.5 days, Amplitude=0.0011, Range=long
[18:12:53] [SUCCESS] Relative motion beat analysis complete: 10 significant patterns detected
[18:12:53] [PROCESS] Starting Mesh Dance Analysis - Network Coherence Assessment
[18:12:53] [PROCESS] Analyzing coherent motion patterns of GPS station network...
[18:12:53] [INFO] Analyzing mesh coherence patterns...
[18:12:53] [INFO] Using OPTIMIZED windows: 90d for coherence (10 samples), 30d for oscillation/spiral
[18:12:58] [INFO] Using 31 high-resolution 30-day windows for spiral/oscillation detection
[18:12:58] [INFO] Analyzing spiral dynamics of mesh motion...
[18:12:58] [INFO] Analyzing collective mesh oscillation patterns...
[18:12:58] [INFO] Oscillation analysis using 31 samples (window size: 30d)
[18:12:58] [INFO] Analyzing spacetime coupling signatures...
[18:12:58] [INFO] Computing network coherence classification...
[18:12:58] [SUCCESS] MESH DANCE ANALYSIS RESULTS:
[18:12:58] [INFO]   Network Coherence Score: 0.489
[18:12:58] [INFO]   Dance Classification: WEAK NETWORK COHERENCE - Limited collective motion detected
[18:12:58] [INFO]   Time Windows Analyzed: 11
[18:12:58] [INFO]   Temporal Span: 900 days
[18:12:58] [INFO]   DEBUG - Component Scores:
[18:12:58] [INFO]     Mesh Coherence: 0.837 (base: 0.644)
[18:12:58] [INFO]     Spiral Score: 0.017 (detected: False)
[18:12:58] [INFO]     Oscillation Score: 0.465 (detected: True)
[18:12:58] [INFO]     Earth Coupling Score: 0.333 (detected: True)
[18:12:58] [INFO]     Significant Components: 2/3
[18:12:58] [INFO]     Boost Factor: 1.30x
[18:12:58] [INFO]     Base Score: 0.489 → Final Score: 0.489
[18:12:58] [INFO]   DEBUG - Best Oscillation Details:
[18:12:58] [INFO]     Period: 365.2 days
[18:12:58] [INFO]     Correlation: -0.465
[18:12:58] [INFO]     R²: 0.216
[18:12:58] [INFO]     P-value: 0.0085
[18:12:58] [INFO]   Best Collective Oscillation: 365.2 day period
[18:12:58] [INFO]      Oscillation R²: 0.216
[18:12:58] [INFO]      Significant Oscillations: 2
[18:12:58] [SUCCESS] MESH DANCE ANALYSIS COMPLETE: WEAK NETWORK COHERENCE - Limited collective motion detected
[18:12:58] [PROCESS] Starting Jupiter Opposition Pulse Analysis...
[18:12:58] [INFO] Data coverage: 2023-01-01 to 2025-06-30 (912 days)
[18:12:58] [INFO] Using 240-day windows (±120 days) for optimal gravitational coupling detection
[18:12:58] [INFO] Analyzing 2 Jupiter opposition events
[18:12:58] [INFO] Event window: ±120 days, Expected Amplitude: 0.220%
[18:12:58] [INFO] Jupiter orbital period: ~11.86 years, Opposition frequency: ~1.09 years
[18:12:58] [PROCESS]   Processing event: Jupiter_Opposition_2023 (2023-11-03)
[18:12:59] [INFO]     Signal detected for Jupiter_Opposition_2023: 1.0σ (below 3.0σ threshold), -55.0% amplitude
[18:12:59] [PROCESS]   Processing event: Jupiter_Opposition_2024 (2024-12-07)
[18:13:00] [INFO]     Signal detected for Jupiter_Opposition_2024: 1.9σ (below 3.0σ threshold), -77.9% amplitude
[18:13:00] [SUCCESS] Jupiter opposition analysis complete: 2 events analyzed
[18:13:00] [PROCESS] Starting Saturn Opposition Analysis...
[18:13:00] [INFO] Using 240-day windows (±120 days) aligned with optimal coupling timescale
[18:13:00] [INFO] Analyzing 3 Saturn opposition events
[18:13:00] [INFO] Event window: ±120 days, Expected Amplitude: 0.019%
[18:13:00] [INFO] Saturn orbital period: ~29.46 years, Opposition frequency: ~1.04 years
[18:13:01] [INFO] Data coverage: 2023-01-01 to 2025-06-30 (912 days)
[18:13:01] [PROCESS]   Processing event: saturn_2023 (2023-08-27)
[18:13:02] [INFO]     Signal detected for saturn_2023: 1.3σ (below 3.0σ threshold), 62.6% amplitude
[18:13:02] [PROCESS]   Processing event: saturn_2024 (2024-09-08)
[18:13:03] [INFO]     Signal detected for saturn_2024: 2.7σ (below 3.0σ threshold), 116.6% amplitude
[18:13:03] [PROCESS]   Processing event: saturn_2025 (2025-09-21)
[18:13:03] [INFO]     Signal detected for saturn_2025: 0.0σ (below 3.0σ threshold), 243.1% amplitude
[18:13:03] [SUCCESS] Saturn opposition analysis complete: 3 events analyzed
[18:13:03] [PROCESS] Starting Mars Opposition Analysis...
[18:13:03] [INFO] Using 240-day windows (±120 days) for maximum sensitivity to weak Mars signal
[18:13:03] [INFO] Analyzing 1 Mars opposition events
[18:13:03] [INFO] Event window: ±120 days, Expected Amplitude: 0.0050% (weakest expected signal)
[18:13:03] [INFO] Mars orbital period: ~1.88 years, Opposition frequency: ~2.13 years
[18:13:03] [INFO] Data coverage: 2023-01-01 to 2025-06-30 (912 days)
[18:13:03] [PROCESS]   Processing event: mars_2025 (2025-01-16)
[18:13:04] [INFO]     Signal detected for mars_2025: 1.9σ (below 3.0σ threshold), -101.0% amplitude
[18:13:04] [SUCCESS] Mars opposition analysis complete: 1 events analyzed
[18:13:04] [PROCESS] Starting Venus Inferior Conjunction Analysis...
[18:13:04] [INFO] Using 240-day windows (±120 days) for optimal Venus coupling detection
[18:13:04] [INFO] Analyzing 2 Venus inferior conjunction events
[18:13:04] [INFO] Event window: ±120 days, Expected Amplitude: 0.100%
[18:13:04] [INFO] Venus synodic period: ~584 days (~19 months)
[18:13:04] [INFO] Data coverage: 2023-01-01 to 2025-06-30 (912 days)
[18:13:04] [PROCESS]   Processing event: venus_2023 (2023-08-13)
[18:13:06] [INFO]     Signal detected for venus_2023: 1.6σ (below 3.0σ threshold), 72.6% amplitude
[18:13:06] [PROCESS]   Processing event: venus_2025 (2025-03-23)
[18:13:07] [SUCCESS]     Significant detection for venus_2025: 3.9σ (exceeds 3.0σ threshold), 187.5% amplitude
[18:13:07] [SUCCESS] Venus inferior conjunction analysis complete: 2 events analyzed
[18:13:07] [PROCESS] Starting Mercury Inferior Conjunction Analysis...
[18:13:07] [INFO] Using 240-day windows (±120 days) for maximum sensitivity to weak Mercury signal
[18:13:07] [INFO] Analyzing 8 Mercury inferior conjunction events
[18:13:07] [INFO] Event window: ±120 days, Expected Amplitude: 0.0100%
[18:13:07] [INFO] Mercury synodic period: ~116 days (~4 months) - high frequency provides statistical power
[18:13:07] [INFO] Data coverage: 2023-01-01 to 2025-06-30 (912 days)
[18:13:07] [PROCESS]   Processing event: mercury_2023_01 (2023-01-07)
[18:13:08] [INFO]     Signal detected for mercury_2023_01: 1.9σ (below 3.0σ threshold), 235.0% amplitude
[18:13:08] [PROCESS]   Processing event: mercury_2023_05 (2023-05-01)
[18:13:09] [INFO]     Signal detected for mercury_2023_05: 1.8σ (below 3.0σ threshold), 203.7% amplitude
[18:13:09] [PROCESS]   Processing event: mercury_2023_09 (2023-08-28)
[18:13:10] [INFO]     Signal detected for mercury_2023_09: 1.3σ (below 3.0σ threshold), 62.9% amplitude
[18:13:10] [PROCESS]   Processing event: mercury_2023_12 (2023-12-22)
[18:13:11] [INFO]     Signal detected for mercury_2023_12: 1.1σ (below 3.0σ threshold), -73.9% amplitude
[18:13:11] [PROCESS]   Processing event: mercury_2024_04 (2024-04-11)
[18:13:12] [INFO]     Signal detected for mercury_2024_04: 1.5σ (below 3.0σ threshold), 194.1% amplitude
[18:13:12] [PROCESS]   Processing event: mercury_2024_08 (2024-08-05)
[18:13:13] [INFO]     Signal detected for mercury_2024_08: 2.1σ (below 3.0σ threshold), 179.5% amplitude
[18:13:13] [PROCESS]   Processing event: mercury_2024_11 (2024-11-26)
[18:13:15] [INFO]     Signal detected for mercury_2024_11: 2.3σ (below 3.0σ threshold), 292.1% amplitude
[18:13:15] [PROCESS]   Processing event: mercury_2025_03 (2025-03-15)
[18:13:16] [SUCCESS]     Significant detection for mercury_2025_03: 3.8σ (exceeds 3.0σ threshold), 182.7% amplitude
[18:13:16] [SUCCESS] Mercury inferior conjunction analysis complete: 8 events analyzed
[18:13:16] [PROCESS] Starting Solar Rotation Cycle Analysis...
[18:13:16] [INFO] Testing TEP coupling to rotating solar magnetic field (Carrington rotation)
[18:13:17] [INFO] Data coverage: 2023-01-01 to 2025-06-30 (912 days)
[18:13:17] [INFO] Solar rotation period: 27.0 days (~33.8 complete rotations)
[18:13:17] [INFO] Solar Rotation: Peak at 21.7 days but not significant
[18:13:17] [INFO]   Correlation: r=-0.076, p=0.0221, SNR=6.2
[18:13:17] [SUCCESS] Solar rotation analysis complete
[18:13:17] [PROCESS] Starting Lunar Standstill Analysis (Event-Based)...
[18:13:17] [INFO] Data coverage: 2023-01-01 to 2025-06-30 (912 days)
[18:13:17] [INFO] Lunar standstill event window: ±180 days (±5.9 months)
[18:13:17] [INFO] Expected amplitude: 0.050%
[18:13:17] [INFO] Analyzing 1 lunar standstill event(s)
[18:13:17] [PROCESS]   Processing event: lunar_standstill_2025 (2025-06-01)
[18:13:18] [SUCCESS]     SIGNIFICANT lunar standstill signal: 3.8σ
[18:13:18] [SUCCESS] Lunar standstill analysis complete: Significant Lunar Standstill signal(s) detected: 1
[18:13:18] [INFO] Memory usage: 2.0/24.0 GB (89.1%)
[18:13:18] [INFO] 
[18:13:18] [INFO] ================================================================================
[18:13:18] [INFO] JUPITER OPPOSITION ANALYSIS SUMMARY - ESA_FINAL
[18:13:18] [INFO] ================================================================================
[18:13:18] [INFO] 
[18:13:18] [INFO] Jupiter Opposition: 1 SUB-SIGNIFICANT DETECTION(S) (1.0-2.0σ)
[18:13:18] [INFO]    2024-12-07: 1.9σ, -77.9% amplitude
[18:13:18] [INFO] Statistical Summary:
[18:13:18] [INFO]    Total Events Analyzed: 2
[18:13:18] [INFO]    Detections ≥1.0σ: 1/2 (50.0%)
[18:13:18] [INFO]    Average Amplitude: 66.4% (expected: 0.220%)
[18:13:18] [INFO]    Maximum Amplitude: 77.9% (2x expected)
[18:13:18] [INFO]    Stacked Analysis: Deferred to Step 4.4 for comprehensive multi-planet correlation
[18:13:18] [INFO] --------------------------------------------------
[18:13:18] [INFO] 
[18:13:18] [INFO] ================================================================================
[18:13:18] [INFO] SATURN OPPOSITION ANALYSIS SUMMARY - ESA_FINAL
[18:13:18] [INFO] ================================================================================
[18:13:18] [INFO] 
[18:13:18] [INFO] Saturn Opposition: 1 NOTABLE DETECTION(S) (2.0-3.0σ)
[18:13:18] [INFO]    2024-09-08: 2.7σ, 116.6% amplitude (6138x expected)
[18:13:18] [INFO] Statistical Summary:
[18:13:18] [INFO]    Total Events Analyzed: 3
[18:13:18] [INFO]    Detections ≥1.0σ: 2/3 (66.7%)
[18:13:18] [INFO]    Average Amplitude: 140.8% (expected: 0.019%)
[18:13:18] [INFO]    Maximum Amplitude: 243.1% (90x expected)
[18:13:18] [INFO]    Stacked Analysis: Deferred to Step 4.4 for comprehensive multi-planet correlation
[18:13:18] [INFO] --------------------------------------------------
[18:13:18] [INFO] 
[18:13:18] [INFO] ================================================================================
[18:13:18] [INFO] MARS OPPOSITION ANALYSIS SUMMARY - ESA_FINAL
[18:13:18] [INFO] ================================================================================
[18:13:18] [INFO] 
[18:13:18] [INFO] Mars Opposition: 1 SUB-SIGNIFICANT DETECTION(S) (1.0-2.0σ)
[18:13:18] [INFO]    2025-01-16: 1.9σ, -101.0% amplitude
[18:13:18] [INFO] Statistical Summary:
[18:13:18] [INFO]    Total Events Analyzed: 1
[18:13:18] [INFO]    Detections ≥1.0σ: 1/1 (100.0%)
[18:13:18] [INFO]    Average Amplitude: 101.0% (expected: 0.0050%)
[18:13:18] [INFO]    Maximum Amplitude: 101.0% (141x expected)
[18:13:18] [INFO]    Stacked Analysis: Deferred to Step 4.4 for comprehensive multi-planet correlation
[18:13:18] [INFO] --------------------------------------------------
[18:13:18] [PROCESS] Loading complete geospatial dataset from Step 2.1 for ESA_FINAL...
[18:13:18] [INFO] Loading from /Users/matthewsmawfield/www/TEP-GNSS/data/processed/step_2_1_geospatial_esa_final.csv
[18:13:18] [DEBUG] File size: 1395.7 MB
[18:13:18] [PROCESS] Reading CSV file into memory...
[18:13:26] [SUCCESS] CSV loaded successfully: 10,809,084 rows
[18:13:26] [PROCESS] Computing coherence values from plateau phase...
[18:13:26] [PROCESS] Cleaning and filtering data...
[18:13:30] [DEBUG] Data filtering: 10,809,084 → 10,809,084 → 10,809,084 → 10,809,084 → 10,809,084 pairs
[18:13:30] [SUCCESS] No pairs filtered - data is clean from Step 2.1
[18:13:30] [INFO] Data quality metrics:
[18:13:30] [INFO]   Coherence range: [-1.000000, 1.000000]
[18:13:30] [INFO]   Coherence mean: 0.010740 ± 0.713534
[18:13:30] [INFO]   Distance range: [2.6, 19937.3] km
[18:13:30] [INFO]   Distance mean: 9801.0 ± 4482.2 km
[18:13:31] [SUCCESS] Geospatial dataset loaded: 10,809,084 pairs, 2.11 GB
[18:13:31] [SUCCESS] Azimuth already computed in Step 2.1 - no redundant calculation needed
[18:13:31] [DEBUG] Step 2.1 log exists but no pair count found for esa_final
[18:13:31] [PROCESS] Verifying required columns are present...
[18:13:31] [SUCCESS] All required columns present: ['azimuth', 'delta_longitude', 'delta_local_time']
[18:13:31] [INFO] Available columns: ['date', 'station_i', 'station_j', 'dist_km', 'plateau_phase', 'station1_lat', 'station1_lon', 'station2_lat', 'station2_lon', 'azimuth', 'delta_longitude', 'delta_local_time', 'coherence']
[18:13:31] [INFO] Memory usage: 2.3/24.0 GB (89.7%)
[18:13:31] [INFO] 
================================================================================
[18:13:31] [PROCESS] Starting Temporal Coherence Assessment...
[18:13:34] [SUCCESS] Temporal Coherence Assessment Complete
[18:13:34] [INFO]   Coherent Timescales: 4/4
[18:13:34] [INFO]   Spatial Bins Analyzed: 4
[18:13:34] [INFO]   Weekly: autocorr=0.377 (coherent)
[18:13:34] [INFO]   Monthly: autocorr=0.646 (coherent)
[18:13:34] [INFO]   Quarterly: autocorr=0.659 (coherent)
[18:13:34] [INFO]   Biannual: autocorr=0.596 (coherent)
[18:13:34] [INFO] 

[18:13:34] [INFO] 
[18:13:34] [INFO] ================================================================================
[18:13:34] [INFO] ================================================================================
[18:13:34] [INFO] ================================================================================
[18:13:34] [INFO] 
[18:13:34] [INFO] 
[18:13:34] [INFO] ================================================================================
[18:13:34] [INFO] COMPREHENSIVE SCIENTIFIC SIGNIFICANCE REPORT - ESA_FINAL
[18:13:34] [INFO] ================================================================================
[18:13:34] [INFO] 
[18:13:34] [INFO] 
[18:13:34] [INFO] ================================================================================
[18:13:34] [INFO] ================================================================================
[18:13:34] [INFO] ================================================================================
[18:13:34] [INFO] 
[18:13:34] [INFO] 
[18:13:34] [INFO] ================================================================================
[18:13:34] [INFO] 
1. PLANETARY GRAVITATIONAL EVENT ANALYSIS
[18:13:34] [INFO] ================================================================================
[18:13:34] [INFO] 
[18:13:34] [INFO]    Analysis of GPS timing correlation response to planetary configurations
[18:13:34] [INFO]    Detection threshold: 3.0σ (99.7% confidence)
[18:13:34] [INFO] 
[18:13:34] [INFO] ================================================================================
[18:13:34] [INFO] \n================================================================================
[18:13:34] [INFO] ================================================================================
[18:13:34] [INFO] 
[18:13:34] [INFO] 
[18:13:34] [INFO] ================================================================================
[18:13:34] [INFO] STATISTICAL SIGNIFICANCE CORRECTIONS
[18:13:34] [INFO] ================================================================================
[18:13:34] [INFO] 
[18:13:34] [INFO] 
[18:13:34] [INFO] ================================================================================
[18:13:34] [INFO] ================================================================================
[18:13:34] [INFO] ================================================================================
[18:13:34] [INFO] 
[18:13:34] [PROCESS] Testing gravitational scaling consistency...
[18:13:34] [INFO] Multiple Testing Correction Results:
[18:13:34] [INFO]    Total tests: 2
[18:13:34] [INFO]    Uncorrected significant: 2
[18:13:34] [INFO]    Bonferroni significant: 2
[18:13:34] [INFO]    FDR significant: 2
[18:13:34] [INFO]    Bonferroni α: 0.025000
[18:13:34] [INFO] 
   JUPITER:
[18:13:34] [INFO]       Events Analyzed: 2
[18:13:34] [INFO]       Expected Amplitude: 0.2200%
[18:13:34] [INFO]       Statistical Summary:
[18:13:34] [INFO]          Mean Sigma Level: 1.45σ
[18:13:34] [INFO]          Maximum Sigma Level: 1.92σ
[18:13:34] [INFO]          Mean Observed Amplitude: 66.44%
[18:13:34] [INFO]          Maximum Observed Amplitude: 77.88%
[18:13:34] [INFO]          Mean Enhancement Factor: 2.1x
[18:13:34] [INFO]          Maximum Enhancement Factor: 2.5x
[18:13:34] [INFO] 
   SATURN:
[18:13:34] [INFO]       Events Analyzed: 3
[18:13:34] [INFO]       Expected Amplitude: 0.0190%
[18:13:34] [INFO]       Statistical Summary:
[18:13:34] [INFO]          Mean Sigma Level: 1.34σ
[18:13:34] [INFO]          Maximum Sigma Level: 2.71σ
[18:13:34] [INFO]          Mean Observed Amplitude: 140.77%
[18:13:34] [INFO]          Maximum Observed Amplitude: 243.09%
[18:13:34] [INFO]          Mean Enhancement Factor: 51.9x
[18:13:34] [INFO]          Maximum Enhancement Factor: 89.6x
[18:13:34] [INFO]       Notable Detections (2.0-3.0σ): 1
[18:13:34] [INFO]          2024-09-08: 2.71σ, 116.6%
[18:13:34] [INFO] 
   MARS:
[18:13:34] [INFO]       Events Analyzed: 1
[18:13:34] [INFO]       Expected Amplitude: 0.0050%
[18:13:34] [INFO]       Statistical Summary:
[18:13:34] [INFO]          Mean Sigma Level: 1.94σ
[18:13:34] [INFO]          Maximum Sigma Level: 1.94σ
[18:13:34] [INFO]          Mean Observed Amplitude: 101.02%
[18:13:34] [INFO]          Maximum Observed Amplitude: 101.02%
[18:13:34] [INFO]          Mean Enhancement Factor: 141.4x
[18:13:34] [INFO]          Maximum Enhancement Factor: 141.4x
[18:13:34] [INFO] 
   VENUS:
[18:13:34] [INFO]       Events Analyzed: 2
[18:13:34] [INFO]       Expected Amplitude: 0.1000%
[18:13:34] [INFO]       Statistical Summary:
[18:13:34] [INFO]          Mean Sigma Level: 2.73σ
[18:13:34] [INFO]          Maximum Sigma Level: 3.88σ
[18:13:34] [INFO]          Mean Observed Amplitude: 130.06%
[18:13:34] [INFO]          Maximum Observed Amplitude: 187.52%
[18:13:34] [INFO]          Mean Enhancement Factor: 9.1x
[18:13:34] [INFO]          Maximum Enhancement Factor: 13.1x
[18:13:34] [SUCCESS]       SIGNIFICANT DETECTIONS (≥3.0σ): 1
[18:13:34] [INFO]          2025-03-23: 3.88σ, 187.5% (23x expected)
[18:13:34] [INFO] 
   MERCURY:
[18:13:34] [INFO]       Events Analyzed: 8
[18:13:34] [INFO]       Expected Amplitude: 0.0100%
[18:13:34] [INFO]       Statistical Summary:
[18:13:34] [INFO]          Mean Sigma Level: 1.97σ
[18:13:34] [INFO]          Maximum Sigma Level: 3.78σ
[18:13:34] [INFO]          Mean Observed Amplitude: 177.97%
[18:13:34] [INFO]          Maximum Observed Amplitude: 292.09%
[18:13:34] [INFO]          Mean Enhancement Factor: 124.6x
[18:13:34] [INFO]          Maximum Enhancement Factor: 204.5x
[18:13:34] [SUCCESS]       SIGNIFICANT DETECTIONS (≥3.0σ): 1
[18:13:34] [INFO]          2025-03-15: 3.78σ, 182.7% (226x expected)
[18:13:34] [INFO]       Notable Detections (2.0-3.0σ): 2
[18:13:34] [INFO]          2024-08-05: 2.12σ, 179.5%
[18:13:34] [INFO]          2024-11-26: 2.34σ, 292.1%
[18:13:34] [INFO] 
[18:13:34] [INFO] ================================================================================
[18:13:34] [INFO] 
2. GEOPHYSICAL SIGNATURE ANALYSIS
[18:13:34] [INFO] ================================================================================
[18:13:34] [INFO] 
[18:13:34] [INFO]    Correlation with known Earth rotation and orbital parameters
[18:13:34] [INFO] 
   CHANDLER WOBBLE (14-month polar motion):
[18:13:34] [SUCCESS]       Detection Status: DETECTED (3.1σ equivalent)
[18:13:34] [INFO]       R² Correlation: 0.453 (threshold: >0.40, equivalent to >3.2σ)
[18:13:34] [INFO]       Period: 425 days (14.0 months)
[18:13:34] [INFO]       Temporal Coverage: 912 days (2.15 complete cycles)
[18:13:34] [INFO]       Interpretation: GPS timing correlations exhibit significant modulation
[18:13:34] [INFO]                      at Chandler wobble frequency, suggesting coupling to
[18:13:34] [INFO]                      Earth's polar motion dynamics
[18:13:34] [INFO] 
   EARTH ORBITAL MOTION (annual cycle):
[18:13:34] [SUCCESS]       Detection Status: DETECTED (3.5σ)
[18:13:34] [INFO]       Correlation Coefficient: r = -0.571 (threshold: |r| > 0.40, ≈3.2σ)
[18:13:34] [INFO]       Statistical Significance: p = 0.0004
[18:13:34] [INFO]       Temporal Samples: 34 (30-day windows)
[18:13:34] [INFO]       Interpretation: Directional anisotropy (E-W vs N-S) correlates with
[18:13:34] [INFO]                      Earth's position in orbit, suggesting orbital velocity
[18:13:34] [INFO]                      modulates GPS timing correlation structure
[18:13:34] [INFO] 
   MULTI-FREQUENCY BEAT PATTERNS:
[18:13:34] [INFO]       Significant Patterns: 0/0 (0.0%)
[18:13:34] [INFO]       Detection Threshold: p < 0.05, |r| > 0.3
[18:13:34] [INFO] 
[18:13:34] [INFO] ================================================================================
[18:13:34] [INFO] 
3. AMPLITUDE ENHANCEMENT ANALYSIS
[18:13:34] [INFO] ================================================================================
[18:13:34] [INFO] 
[18:13:34] [INFO]    Comparison of observed vs. expected gravitational coupling amplitudes
[18:13:34] [INFO] 
   Enhancement Factor Statistics (Observed/Expected Amplitude):
[18:13:34] [INFO]       Number of Significant Detections: 2
[18:13:34] [INFO]       Mean Enhancement: 124.4x
[18:13:34] [INFO]       Median Enhancement: 124.4x
[18:13:34] [INFO]       Standard Deviation: 101.6x
[18:13:34] [INFO]       Range: 22.8x - 226.0x
[18:13:34] [INFO]       Coefficient of Variation: 0.82
[18:13:34] [INFO] 
   Mechanistic Interpretation:
[18:13:34] [INFO]       Mean enhancement >100x indicates NON-LINEAR COUPLING mechanism.
[18:13:34] [INFO]       Such large amplification cannot be explained by direct
[18:13:34] [INFO]       gravitational effects and suggests resonance, tidal amplification,
[18:13:34] [INFO]       or parametric coupling processes with geophysical modes.
[18:13:34] [INFO] 
[18:13:34] [INFO] ================================================================================
[18:13:34] [INFO] 
4. TEP THEORY IMPLICATIONS
[18:13:34] [INFO] ================================================================================
[18:13:34] [INFO] 
[18:13:34] [INFO] 
   Evidence Summary for Temporal Equivalence Principle:
[18:13:34] [SUCCESS]       1. Planetary Gravitational Coupling: DETECTED
[18:13:34] [INFO]          2 significant event(s) with amplitude modulation
[18:13:34] [SUCCESS]       2. Chandler Wobble Correlation: DETECTED
[18:13:34] [INFO]          R² = 0.453
[18:13:34] [SUCCESS]       3. Orbital Motion Correlation: DETECTED
[18:13:34] [INFO]          r = -0.571
[18:13:34] [WARNING]       4. Multi-Frequency Coherence: NOT DETECTED
[18:13:34] [INFO] 
   Overall Assessment:
[18:13:34] [SUCCESS]       STRONG SUPPORT for TEP
[18:13:34] [INFO]       Multiple independent lines of evidence (3/4) demonstrate
[18:13:34] [INFO]       that GPS timing correlations exhibit systematic modulation by
[18:13:34] [INFO]       gravitational and rotational dynamics, consistent with TEP
[18:13:34] [INFO]       predictions of temporal field coupling to spacetime geometry.
[18:13:34] [INFO] 
[18:13:34] [INFO] ================================================================================
[18:13:34] [INFO] ================================================================================
[18:13:34] [INFO] ================================================================================
[18:13:34] [INFO] 
[18:13:34] [SUCCESS] Statistical validation complete for ESA_FINAL in 140.3s
[18:13:34] [SUCCESS] Results saved: /Users/matthewsmawfield/www/TEP-GNSS/results/outputs/step_2_2_geospatial_temporal_analysis_esa_final.json
[18:13:34] [INFO] 
================================================================================
[18:13:34] [INFO] 
[18:13:34] [INFO] ================================================================================
[18:13:34] [INFO] GEOSPATIAL TEMPORAL ANALYSIS COMPLETE
[18:13:34] [INFO] ================================================================================
[18:13:34] [INFO] 
[18:13:34] [INFO] ================================================================================
[18:13:34] [SUCCESS] Validation Summary:
[18:13:34] [INFO]   CODE:
[18:13:34] [INFO]     Enhanced Anisotropy: 8 sectors, CV = 0.561 (moderate)
[18:13:34] [INFO]   IGS_COMBINED:
[18:13:34] [INFO]     Enhanced Anisotropy: 8 sectors, CV = 0.334 (moderate)
[18:13:34] [INFO]   ESA_FINAL:
[18:13:34] [INFO]     Enhanced Anisotropy: 8 sectors, CV = 0.522 (moderate)
[18:13:34] [INFO] Total execution time: 1102.1 seconds
[18:33:54] [INFO] 
[18:33:54] [INFO] ================================================================================
[18:33:54] [INFO] TEP GNSS Analysis Package v0.15.1 (Jaipur-Updated) - STEP 2.2: Geospatial Temporal Analysis
[18:33:54] [INFO] ================================================================================
[18:33:54] [INFO] 
[18:33:54] [INFO] Memory usage: 3.0/24.0 GB (89.4%)
[18:33:54] [INFO] 
============================================================
[18:33:54] [INFO] 
[18:33:54] [INFO] ================================================================================
[18:33:54] [INFO] PROCESSING CODE - Geospatial Temporal Analysis
[18:33:54] [INFO] ================================================================================
[18:33:54] [INFO] 
[18:33:54] [INFO] ============================================================
[18:33:54] [INFO] Starting geospatial temporal analysis for CODE
[18:33:54] [INFO] ============================================================
[18:33:54] [INFO] MULTI-SCALE TEMPORAL WINDOW STRATEGY:
[18:33:54] [INFO]   Temporal Orbital Tracking: 30-day windows (seasonal signal + noise reduction)
[18:33:54] [INFO]   Mesh Dance Analysis: OPTIMIZED (90d coherence + 30d oscillation/spiral)
[18:33:54] [INFO]   Planetary Oppositions: 240-day windows (optimal coupling timescale)
[18:33:54] [INFO]   Chandler Wobble: Full 433-day cycle (period-matched analysis)
[18:33:54] [INFO]   Beat Analysis: Period-specific windows (matched to each frequency)
[18:33:54] [INFO] Rationale: Each analysis uses windows matched to its characteristic physical timescale
[18:33:54] [INFO] Based on empirical analysis showing optimal coupling at 240 days (Savitzky-Golay)
[18:33:54] [INFO] ============================================================
[18:33:54] [PROCESS] Loading complete geospatial dataset from Step 2.1 for CODE...
[18:33:54] [INFO] Loading from /Users/matthewsmawfield/www/TEP-GNSS/data/processed/step_2_1_geospatial_code.csv
[18:33:54] [DEBUG] File size: 5387.1 MB
[18:33:54] [PROCESS] Reading CSV file into memory...
[18:34:36] [SUCCESS] CSV loaded successfully: 39,047,074 rows
[18:34:36] [PROCESS] Computing coherence values from plateau phase...
[18:34:37] [PROCESS] Cleaning and filtering data...
[18:34:56] [DEBUG] Data filtering: 39,047,074 → 39,047,074 → 39,047,074 → 39,047,074 → 39,047,074 pairs
[18:34:56] [SUCCESS] No pairs filtered - data is clean from Step 2.1
[18:34:56] [INFO] Data quality metrics:
[18:34:56] [INFO]   Coherence range: [-1.000000, 1.000000]
[18:34:56] [INFO]   Coherence mean: 0.006529 ± 0.716118
[18:34:56] [INFO]   Distance range: [1.8, 19937.3] km
[18:34:57] [INFO]   Distance mean: 9125.0 ± 4672.0 km
[18:35:03] [SUCCESS] Geospatial dataset loaded: 39,047,074 pairs, 8.00 GB
[18:35:03] [SUCCESS] Azimuth already computed in Step 2.1 - no redundant calculation needed
[18:35:03] [DEBUG] Step 2.1 log exists but no pair count found for code
[18:35:03] [PROCESS] Verifying required columns are present...
[18:35:03] [SUCCESS] All required columns present: ['azimuth', 'delta_longitude', 'delta_local_time']
[18:35:03] [INFO] Available columns: ['date', 'station_i', 'station_j', 'dist_km', 'plateau_phase', 'station1_lat', 'station1_lon', 'station2_lat', 'station2_lon', 'azimuth', 'delta_longitude', 'delta_local_time', 'coherence']
[18:35:03] [INFO] Memory usage: 2.6/24.0 GB (89.2%)
[18:35:07] [PROCESS] Starting enhanced anisotropy analysis...
[18:35:10] [INFO] Analyzing 39,047,074 pairs with coordinate information
[18:35:10] [SUCCESS] Using pre-computed azimuths from Step 2.1
[18:35:10] [PROCESS] Classifying pairs into directional sectors...
[18:35:17] [PROCESS] Applying distance distribution matching guardrails...
[18:40:07] [SUCCESS] Distance distribution matching applied to 8 sectors
[18:40:07] [INFO] Analyzing 8 directional sectors with 40 distance bins
[18:40:07] [PROCESS] Processing sector 1/8: N (4,989 matched pairs from 6,204,337 original)
[18:40:07] [DEBUG]   Binning N matched data into 40 distance bins...
[18:40:07] [DEBUG]   N: 15 valid bins (min 50 pairs per bin)
[18:40:07] [DEBUG]   Fitting exponential correlation model to N matched data...
[18:40:08] [SUCCESS]   N fit successful: λ = 100.2 km, R² = -0.000 (distance-matched)
[18:40:09] [PROCESS] Processing sector 2/8: NE (4,989 matched pairs from 8,325,320 original)
[18:40:09] [DEBUG]   Binning NE matched data into 40 distance bins...
[18:40:09] [DEBUG]   NE: 16 valid bins (min 50 pairs per bin)
[18:40:09] [DEBUG]   Fitting exponential correlation model to NE matched data...
[18:40:09] [SUCCESS]   NE fit successful: λ = 9730.6 km, R² = 0.331 (distance-matched)
[18:40:10] [PROCESS] Processing sector 3/8: E (4,989 matched pairs from 3,906,012 original)
[18:40:10] [DEBUG]   Binning E matched data into 40 distance bins...
[18:40:10] [DEBUG]   E: 15 valid bins (min 50 pairs per bin)
[18:40:10] [DEBUG]   Fitting exponential correlation model to E matched data...
[18:40:10] [SUCCESS]   E fit successful: λ = 432.8 km, R² = 0.175 (distance-matched)
[18:40:11] [PROCESS] Processing sector 4/8: SE (4,989 matched pairs from 2,895,444 original)
[18:40:11] [DEBUG]   Binning SE matched data into 40 distance bins...
[18:40:11] [DEBUG]   SE: 15 valid bins (min 50 pairs per bin)
[18:40:11] [DEBUG]   Fitting exponential correlation model to SE matched data...
[18:40:11] [SUCCESS]   SE fit successful: λ = 9694.4 km, R² = 0.272 (distance-matched)
[18:40:12] [PROCESS] Processing sector 5/8: S (4,989 matched pairs from 2,808,550 original)
[18:40:12] [DEBUG]   Binning S matched data into 40 distance bins...
[18:40:12] [DEBUG]   S: 15 valid bins (min 50 pairs per bin)
[18:40:12] [DEBUG]   Fitting exponential correlation model to S matched data...
[18:40:12] [SUCCESS]   S fit successful: λ = 9786.8 km, R² = 0.119 (distance-matched)
[18:40:12] [PROCESS] Processing sector 6/8: SW (4,989 matched pairs from 3,464,280 original)
[18:40:12] [DEBUG]   Binning SW matched data into 40 distance bins...
[18:40:12] [DEBUG]   SW: 14 valid bins (min 50 pairs per bin)
[18:40:12] [DEBUG]   Fitting exponential correlation model to SW matched data...
[18:40:12] [SUCCESS]   SW fit successful: λ = 8058.8 km, R² = 0.233 (distance-matched)
[18:40:12] [PROCESS] Processing sector 7/8: W (4,989 matched pairs from 3,387,922 original)
[18:40:12] [DEBUG]   Binning W matched data into 40 distance bins...
[18:40:12] [DEBUG]   W: 16 valid bins (min 50 pairs per bin)
[18:40:12] [DEBUG]   Fitting exponential correlation model to W matched data...
[18:40:12] [SUCCESS]   W fit successful: λ = 9714.4 km, R² = 0.291 (distance-matched)
[18:40:13] [PROCESS] Processing sector 8/8: NW (4,989 matched pairs from 8,055,209 original)
[18:40:13] [DEBUG]   Binning NW matched data into 40 distance bins...
[18:40:13] [DEBUG]   NW: 15 valid bins (min 50 pairs per bin)
[18:40:13] [DEBUG]   Fitting exponential correlation model to NW matched data...
[18:40:13] [SUCCESS]   NW fit successful: λ = 9723.4 km, R² = 0.230 (distance-matched)
[18:40:14] [PROCESS] Computing anisotropy statistics from 8 successful sector fits...
[18:40:14] [SUCCESS] Enhanced Anisotropy complete: 8 sectors, CV = 0.561
[18:40:15] [PROCESS] Starting Temporal Orbital Tracking Analysis...
[18:40:15] [PROCESS] Testing for seasonal orbital motion signatures in GPS timing correlations
[18:40:18] [INFO] Temporal range: 2023-01-01 00:00:00 to 2025-06-30 00:00:00
[18:40:18] [INFO] Day of year range: 1 to 366
[18:40:18] [SUCCESS] Using pre-computed azimuths from Step 2.1
[18:40:27] [PROCESS] Tracking E-W/N-S ratio across 34 temporal samples (each using 30-day windows)...
[18:40:27] [INFO] Window strategy: Each sample uses ±15 days (30-day total) to balance seasonal signal with noise reduction
[18:40:59] [SUCCESS] Robust correlation confirmed: E-W/N-S anisotropy correlates with Earth's orbital motion (r=-0.701, p=0.0000)
[18:40:59] [INFO] Results indicate GPS timing correlations may reflect Earth's orbital dynamics
[18:40:59] [SUCCESS] Temporal orbital tracking complete: 34 samples analyzed
[18:40:59] [PROCESS] Starting Chandler Wobble Analysis (14-month period)...
[18:41:00] [INFO] Temporal coverage: 912 days (2.15 Chandler cycles)
[18:41:25] [SUCCESS] Chandler wobble signature detected: R² = 0.377
[18:41:25] [SUCCESS] CHANDLER WOBBLE ANALYSIS RESULTS:
[18:41:25] [INFO]   Chandler Period: 14.0 months (433 days)
[18:41:25] [INFO]   Temporal Coverage: 912 days (2.11 Chandler cycles)
[18:41:25] [INFO]   Phase Bins Analyzed: 18
[18:41:25] [SUCCESS]   Chandler Signature: R² = 0.377 (DETECTED)
[18:41:25] [SUCCESS] Chandler wobble analysis complete: 18 phase bins analyzed
[18:41:25] [PROCESS] Starting 3D Spherical Harmonic Analysis...
[18:41:25] [SUCCESS] Using pre-computed azimuths from Step 2.1
[18:41:25] [PROCESS] Computing elevation angles for 3D analysis...
[18:41:48] [SUCCESS] Strong 3D anisotropy detected: strength = 1.981
[18:41:48] [SUCCESS] 3D SPHERICAL HARMONIC ANALYSIS RESULTS:
[18:41:48] [INFO]   3D Anisotropy Strength: 1.981
[18:41:48] [INFO]   Spherical Bins Analyzed: 16
[18:41:48] [INFO]   Azimuth Resolution: 16 bins (22.5° each)
[18:41:48] [INFO]   Elevation Resolution: 8 bins (0-90°)
[18:41:48] [SUCCESS]   Strong 3D Structure: 1.981 (DETECTED)
[18:41:48] [SUCCESS] 3D spherical harmonic analysis complete: 16 bins analyzed
[18:41:48] [PROCESS] Starting Multi-Frequency Beat Analysis (Aligned with Step 3.6)...
[18:41:48] [INFO] Analyzing 12 frequency bands aligned with Step 3.6
[18:41:48] [INFO]   tidal_diurnal: 15 µHz (0.8 day period)
[18:41:48] [INFO]   tidal_semidiurnal: 25 µHz (0.5 day period)
[18:41:48] [INFO]   post_tidal_30_40: 35 µHz (0.3 day period)
[18:41:48] [INFO]   post_tidal_40_50: 45 µHz (0.3 day period)
[18:41:48] [INFO]   post_tidal_50_100: 75 µHz (0.2 day period)
[18:41:48] [INFO]   intermediate_100_200: 150 µHz (0.1 day period)
[18:41:48] [INFO]   intermediate_200_350: 275 µHz (0.0 day period)
[18:41:48] [INFO]   intermediate_350_500: 425 µHz (0.0 day period)
[18:41:48] [INFO]   transition_500_750: 625 µHz (0.0 day period)
[18:41:48] [INFO]   transition_750_1000: 875 µHz (0.0 day period)
[18:41:48] [INFO]   control_1000_1500: 1250 µHz (0.0 day period)
[18:41:48] [INFO]   control_2000_3000: 2500 µHz (0.0 day period)
[18:41:49] [INFO] Analyzing short range (50-500 km): 352,905 pairs
[18:41:50] [INFO] Analyzing medium range (500-2000 km): 2,529,026 pairs
[18:42:00] [INFO] Analyzing long range (2000-10000 km): 20,131,266 pairs
[18:42:24] [INFO] Analyzing very_long range (10000-20000 km): 16,004,184 pairs
[18:42:28] [SUCCESS] MULTI-FREQUENCY BEAT ANALYSIS (STEP 3.6 ALIGNED) COMPLETE:
[18:42:28] [INFO]   Frequency Bands Analyzed: 12
[18:42:28] [INFO]   Significant Beat Patterns: 0
[18:42:28] [INFO]   Detection Threshold: |r| > 0.3
[18:42:28] [PROCESS] Starting Relative Motion Beat Analysis...
[18:43:05] [SUCCESS] RELATIVE MOTION BEAT ANALYSIS RESULTS:
[18:43:05] [INFO]   Significant Beat Patterns: 11
[18:43:05] [INFO]   Total Beat Patterns Analyzed: 12
[18:43:05] [INFO]   Detection Threshold: R² > 0.2
[18:43:05] [INFO]   ALL SIGNIFICANT RELATIVE MOTION BEAT PATTERNS:
[18:43:05] [INFO]     short_tidal_m2_tidal_s2_diff: R²=0.600, Period=14.8 days, Amplitude=-0.0044, Range=short
[18:43:05] [INFO]     short_chandler_annual_sum: R²=0.861, Period=196.9 days, Amplitude=0.0081, Range=short
[18:43:05] [INFO]     short_chandler_semiannual_sum: R²=0.621, Period=127.9 days, Amplitude=0.0060, Range=short
[18:43:05] [INFO]     short_rotation_tidal_beat: R²=0.561, Period=0.5 days, Amplitude=-0.0011, Range=short
[18:43:05] [INFO]     medium_tidal_m2_tidal_s2_diff: R²=0.824, Period=14.8 days, Amplitude=-0.0051, Range=medium
[18:43:05] [INFO]     medium_chandler_annual_sum: R²=0.822, Period=196.9 days, Amplitude=0.0066, Range=medium
[18:43:05] [INFO]     medium_chandler_semiannual_sum: R²=0.436, Period=127.9 days, Amplitude=0.0036, Range=medium
[18:43:05] [INFO]     medium_rotation_tidal_beat: R²=0.657, Period=0.5 days, Amplitude=0.0025, Range=medium
[18:43:05] [INFO]     long_tidal_m2_tidal_s2_diff: R²=0.559, Period=14.8 days, Amplitude=0.0014, Range=long
[18:43:05] [INFO]     long_chandler_annual_sum: R²=0.371, Period=196.9 days, Amplitude=-0.0012, Range=long
[18:43:05] [INFO]     long_chandler_semiannual_sum: R²=0.899, Period=127.9 days, Amplitude=-0.0037, Range=long
[18:43:05] [SUCCESS] Relative motion beat analysis complete: 11 significant patterns detected
[18:43:05] [PROCESS] Starting Mesh Dance Analysis - Network Coherence Assessment
[18:43:05] [PROCESS] Analyzing coherent motion patterns of GPS station network...
[18:43:06] [INFO] Analyzing mesh coherence patterns...
[18:43:06] [INFO] Using OPTIMIZED windows: 90d for coherence (10 samples), 30d for oscillation/spiral
[18:43:39] [INFO] Using 31 high-resolution 30-day windows for spiral/oscillation detection
[18:43:39] [INFO] Analyzing spiral dynamics of mesh motion...
[18:43:39] [INFO] Analyzing collective mesh oscillation patterns...
[18:43:39] [INFO] Oscillation analysis using 31 samples (window size: 30d)
[18:43:39] [INFO] Analyzing spacetime coupling signatures...
[18:43:39] [INFO] Computing network coherence classification...
[18:43:39] [SUCCESS] MESH DANCE ANALYSIS RESULTS:
[18:43:39] [INFO]   Network Coherence Score: 0.560
[18:43:39] [INFO]   Dance Classification: WEAK NETWORK COHERENCE - Limited collective motion detected
[18:43:39] [INFO]   Time Windows Analyzed: 11
[18:43:39] [INFO]   Temporal Span: 900 days
[18:43:39] [INFO]   DEBUG - Component Scores:
[18:43:39] [INFO]     Mesh Coherence: 0.933 (base: 0.644)
[18:43:39] [INFO]     Spiral Score: 0.023 (detected: True)
[18:43:39] [INFO]     Oscillation Score: 0.591 (detected: True)
[18:43:39] [INFO]     Earth Coupling Score: 0.333 (detected: True)
[18:43:39] [INFO]     Significant Components: 3/3
[18:43:39] [INFO]     Boost Factor: 1.45x
[18:43:39] [INFO]     Base Score: 0.560 → Final Score: 0.560
[18:43:39] [INFO]   DEBUG - Best Oscillation Details:
[18:43:39] [INFO]     Period: 365.2 days
[18:43:39] [INFO]     Correlation: 0.591
[18:43:39] [INFO]     R²: 0.349
[18:43:39] [INFO]     P-value: 0.0005
[18:43:39] [INFO]   Best Collective Oscillation: 365.2 day period
[18:43:39] [INFO]      Oscillation R²: 0.349
[18:43:39] [INFO]      Significant Oscillations: 2
[18:43:39] [SUCCESS] MESH DANCE ANALYSIS COMPLETE: WEAK NETWORK COHERENCE - Limited collective motion detected
[18:43:39] [PROCESS] Starting Jupiter Opposition Pulse Analysis...
[18:43:39] [INFO] Data coverage: 2023-01-01 to 2025-06-30 (912 days)
[18:43:39] [INFO] Using 240-day windows (±120 days) for optimal gravitational coupling detection
[18:43:39] [INFO] Analyzing 2 Jupiter opposition events
[18:43:39] [INFO] Event window: ±120 days, Expected Amplitude: 0.220%
[18:43:39] [INFO] Jupiter orbital period: ~11.86 years, Opposition frequency: ~1.09 years
[18:43:39] [PROCESS]   Processing event: Jupiter_Opposition_2023 (2023-11-03)
[18:43:45] [INFO]     Signal detected for Jupiter_Opposition_2023: 1.2σ (below 3.0σ threshold), 99.6% amplitude
[18:43:45] [PROCESS]   Processing event: Jupiter_Opposition_2024 (2024-12-07)
[18:43:50] [INFO]     Signal detected for Jupiter_Opposition_2024: 1.7σ (below 3.0σ threshold), 168.3% amplitude
[18:43:50] [SUCCESS] Jupiter opposition analysis complete: 2 events analyzed
[18:43:51] [PROCESS] Starting Saturn Opposition Analysis...
[18:43:51] [INFO] Using 240-day windows (±120 days) aligned with optimal coupling timescale
[18:43:51] [INFO] Analyzing 3 Saturn opposition events
[18:43:51] [INFO] Event window: ±120 days, Expected Amplitude: 0.019%
[18:43:51] [INFO] Saturn orbital period: ~29.46 years, Opposition frequency: ~1.04 years
[18:43:51] [INFO] Data coverage: 2023-01-01 to 2025-06-30 (912 days)
[18:43:51] [PROCESS]   Processing event: saturn_2023 (2023-08-27)
[18:43:57] [INFO]     Signal detected for saturn_2023: 1.6σ (below 3.0σ threshold), 150.4% amplitude
[18:43:57] [PROCESS]   Processing event: saturn_2024 (2024-09-08)
[18:44:03] [INFO]     Signal detected for saturn_2024: 0.4σ (below 3.0σ threshold), 16.8% amplitude
[18:44:03] [PROCESS]   Processing event: saturn_2025 (2025-09-21)
[18:44:03] [INFO]     Signal detected for saturn_2025: 0.0σ (below 3.0σ threshold), 208.8% amplitude
[18:44:03] [SUCCESS] Saturn opposition analysis complete: 3 events analyzed
[18:44:04] [PROCESS] Starting Mars Opposition Analysis...
[18:44:04] [INFO] Using 240-day windows (±120 days) for maximum sensitivity to weak Mars signal
[18:44:04] [INFO] Analyzing 1 Mars opposition events
[18:44:04] [INFO] Event window: ±120 days, Expected Amplitude: 0.0050% (weakest expected signal)
[18:44:04] [INFO] Mars orbital period: ~1.88 years, Opposition frequency: ~2.13 years
[18:44:04] [INFO] Data coverage: 2023-01-01 to 2025-06-30 (912 days)
[18:44:04] [PROCESS]   Processing event: mars_2025 (2025-01-16)
[18:44:09] [INFO]     Signal detected for mars_2025: 1.9σ (below 3.0σ threshold), 190.7% amplitude
[18:44:09] [SUCCESS] Mars opposition analysis complete: 1 events analyzed
[18:44:09] [PROCESS] Starting Venus Inferior Conjunction Analysis...
[18:44:09] [INFO] Using 240-day windows (±120 days) for optimal Venus coupling detection
[18:44:09] [INFO] Analyzing 2 Venus inferior conjunction events
[18:44:09] [INFO] Event window: ±120 days, Expected Amplitude: 0.100%
[18:44:09] [INFO] Venus synodic period: ~584 days (~19 months)
[18:44:10] [INFO] Data coverage: 2023-01-01 to 2025-06-30 (912 days)
[18:44:10] [PROCESS]   Processing event: venus_2023 (2023-08-13)
[18:44:16] [INFO]     Signal detected for venus_2023: 1.6σ (below 3.0σ threshold), -89.6% amplitude
[18:44:16] [PROCESS]   Processing event: venus_2025 (2025-03-23)
[18:44:24] [INFO]     Signal detected for venus_2025: 2.0σ (below 3.0σ threshold), 191.8% amplitude
[18:44:24] [SUCCESS] Venus inferior conjunction analysis complete: 2 events analyzed
[18:44:25] [PROCESS] Starting Mercury Inferior Conjunction Analysis...
[18:44:25] [INFO] Using 240-day windows (±120 days) for maximum sensitivity to weak Mercury signal
[18:44:25] [INFO] Analyzing 8 Mercury inferior conjunction events
[18:44:25] [INFO] Event window: ±120 days, Expected Amplitude: 0.0100%
[18:44:25] [INFO] Mercury synodic period: ~116 days (~4 months) - high frequency provides statistical power
[18:44:25] [INFO] Data coverage: 2023-01-01 to 2025-06-30 (912 days)
[18:44:25] [PROCESS]   Processing event: mercury_2023_01 (2023-01-07)
[18:44:28] [INFO]     Signal detected for mercury_2023_01: 0.8σ (below 3.0σ threshold), 84.1% amplitude
[18:44:28] [PROCESS]   Processing event: mercury_2023_05 (2023-05-01)
[18:44:35] [SUCCESS]     Significant detection for mercury_2023_05: 3.5σ (exceeds 3.0σ threshold), 199.4% amplitude
[18:44:35] [PROCESS]   Processing event: mercury_2023_09 (2023-08-28)
[18:44:41] [INFO]     Signal detected for mercury_2023_09: 1.6σ (below 3.0σ threshold), 151.7% amplitude
[18:44:41] [PROCESS]   Processing event: mercury_2023_12 (2023-12-22)
[18:44:49] [INFO]     Signal detected for mercury_2023_12: 2.0σ (below 3.0σ threshold), -97.9% amplitude
[18:44:49] [PROCESS]   Processing event: mercury_2024_04 (2024-04-11)
[18:44:56] [INFO]     Signal detected for mercury_2024_04: 1.4σ (below 3.0σ threshold), 143.0% amplitude
[18:44:56] [PROCESS]   Processing event: mercury_2024_08 (2024-08-05)
[18:45:04] [INFO]     Signal detected for mercury_2024_08: 1.4σ (below 3.0σ threshold), 168.4% amplitude
[18:45:04] [PROCESS]   Processing event: mercury_2024_11 (2024-11-26)
[18:45:14] [INFO]     Signal detected for mercury_2024_11: 2.0σ (below 3.0σ threshold), 46.6% amplitude
[18:45:14] [PROCESS]   Processing event: mercury_2025_03 (2025-03-15)
[18:45:21] [INFO]     Signal detected for mercury_2025_03: 1.2σ (below 3.0σ threshold), 39.6% amplitude
[18:45:21] [SUCCESS] Mercury inferior conjunction analysis complete: 8 events analyzed
[18:45:23] [PROCESS] Starting Solar Rotation Cycle Analysis...
[18:45:23] [INFO] Testing TEP coupling to rotating solar magnetic field (Carrington rotation)
[18:45:24] [INFO] Data coverage: 2023-01-01 to 2025-06-30 (912 days)
[18:45:24] [INFO] Solar rotation period: 27.0 days (~33.8 complete rotations)
[18:45:27] [INFO] Solar Rotation: Peak at 20.3 days but not significant
[18:45:27] [INFO]   Correlation: r=0.035, p=0.2881, SNR=3.5
[18:45:27] [SUCCESS] Solar rotation analysis complete
[18:45:27] [PROCESS] Starting Lunar Standstill Analysis (Event-Based)...
[18:45:28] [INFO] Data coverage: 2023-01-01 to 2025-06-30 (912 days)
[18:45:28] [INFO] Lunar standstill event window: ±180 days (±5.9 months)
[18:45:28] [INFO] Expected amplitude: 0.050%
[18:45:28] [INFO] Analyzing 1 lunar standstill event(s)
[18:45:28] [PROCESS]   Processing event: lunar_standstill_2025 (2025-06-01)
[18:45:33] [INFO]     Lunar standstill signal: 1.2σ (not significant)
[18:45:33] [SUCCESS] Lunar standstill analysis complete: No significant Lunar Standstill signals detected.
[18:45:37] [INFO] Memory usage: 2.1/24.0 GB (85.6%)
[18:45:37] [INFO] 
[18:45:37] [INFO] ================================================================================
[18:45:37] [INFO] JUPITER OPPOSITION ANALYSIS SUMMARY - CODE
[18:45:37] [INFO] ================================================================================
[18:45:37] [INFO] 
[18:45:37] [INFO] Jupiter Opposition: 2 SUB-SIGNIFICANT DETECTION(S) (1.0-2.0σ)
[18:45:37] [INFO]    2023-11-03: 1.2σ, 99.6% amplitude
[18:45:37] [INFO]    2024-12-07: 1.7σ, 168.3% amplitude
[18:45:37] [INFO] Statistical Summary:
[18:45:37] [INFO]    Total Events Analyzed: 2
[18:45:37] [INFO]    Detections ≥1.0σ: 2/2 (100.0%)
[18:45:37] [INFO]    Average Amplitude: 134.0% (expected: 0.220%)
[18:45:37] [INFO]    Maximum Amplitude: 168.3% (5x expected)
[18:45:37] [INFO]    Stacked Analysis: Deferred to Step 4.4 for comprehensive multi-planet correlation
[18:45:37] [INFO] --------------------------------------------------
[18:45:37] [INFO] 
[18:45:37] [INFO] ================================================================================
[18:45:37] [INFO] SATURN OPPOSITION ANALYSIS SUMMARY - CODE
[18:45:37] [INFO] ================================================================================
[18:45:37] [INFO] 
[18:45:37] [INFO] Saturn Opposition: 1 SUB-SIGNIFICANT DETECTION(S) (1.0-2.0σ)
[18:45:37] [INFO]    2023-08-27: 1.6σ, 150.4% amplitude
[18:45:37] [INFO] Statistical Summary:
[18:45:37] [INFO]    Total Events Analyzed: 3
[18:45:37] [INFO]    Detections ≥1.0σ: 1/3 (33.3%)
[18:45:37] [INFO]    Average Amplitude: 125.3% (expected: 0.019%)
[18:45:37] [INFO]    Maximum Amplitude: 208.8% (77x expected)
[18:45:37] [INFO]    Stacked Analysis: Deferred to Step 4.4 for comprehensive multi-planet correlation
[18:45:37] [INFO] --------------------------------------------------
[18:45:37] [INFO] 
[18:45:37] [INFO] ================================================================================
[18:45:37] [INFO] MARS OPPOSITION ANALYSIS SUMMARY - CODE
[18:45:37] [INFO] ================================================================================
[18:45:37] [INFO] 
[18:45:37] [INFO] Mars Opposition: 1 SUB-SIGNIFICANT DETECTION(S) (1.0-2.0σ)
[18:45:37] [INFO]    2025-01-16: 1.9σ, 190.7% amplitude
[18:45:37] [INFO] Statistical Summary:
[18:45:37] [INFO]    Total Events Analyzed: 1
[18:45:37] [INFO]    Detections ≥1.0σ: 1/1 (100.0%)
[18:45:37] [INFO]    Average Amplitude: 190.7% (expected: 0.0050%)
[18:45:37] [INFO]    Maximum Amplitude: 190.7% (267x expected)
[18:45:37] [INFO]    Stacked Analysis: Deferred to Step 4.4 for comprehensive multi-planet correlation
[18:45:37] [INFO] --------------------------------------------------
[18:45:37] [PROCESS] Loading complete geospatial dataset from Step 2.1 for CODE...
[18:45:37] [INFO] Loading from /Users/matthewsmawfield/www/TEP-GNSS/data/processed/step_2_1_geospatial_code.csv
[18:45:37] [DEBUG] File size: 5387.1 MB
[18:45:37] [PROCESS] Reading CSV file into memory...
[18:46:13] [SUCCESS] CSV loaded successfully: 39,047,074 rows
[18:46:13] [PROCESS] Computing coherence values from plateau phase...
[18:46:14] [PROCESS] Cleaning and filtering data...
[18:46:38] [DEBUG] Data filtering: 39,047,074 → 39,047,074 → 39,047,074 → 39,047,074 → 39,047,074 pairs
[18:46:38] [SUCCESS] No pairs filtered - data is clean from Step 2.1
[18:46:38] [INFO] Data quality metrics:
[18:46:38] [INFO]   Coherence range: [-1.000000, 1.000000]
[18:46:39] [INFO]   Coherence mean: 0.006529 ± 0.716118
[18:46:39] [INFO]   Distance range: [1.8, 19937.3] km
[18:46:39] [INFO]   Distance mean: 9125.0 ± 4672.0 km
[18:46:44] [SUCCESS] Geospatial dataset loaded: 39,047,074 pairs, 8.00 GB
[18:46:44] [SUCCESS] Azimuth already computed in Step 2.1 - no redundant calculation needed
[18:46:44] [DEBUG] Step 2.1 log exists but no pair count found for code
[18:46:44] [PROCESS] Verifying required columns are present...
[18:46:44] [SUCCESS] All required columns present: ['azimuth', 'delta_longitude', 'delta_local_time']
[18:46:44] [INFO] Available columns: ['date', 'station_i', 'station_j', 'dist_km', 'plateau_phase', 'station1_lat', 'station1_lon', 'station2_lat', 'station2_lon', 'azimuth', 'delta_longitude', 'delta_local_time', 'coherence']
[18:46:44] [INFO] Memory usage: 2.1/24.0 GB (87.5%)
[18:46:44] [INFO] 
================================================================================
[18:46:44] [PROCESS] Starting Temporal Coherence Assessment...
[18:46:56] [SUCCESS] Temporal Coherence Assessment Complete
[18:46:56] [INFO]   Coherent Timescales: 0/4
[18:46:56] [INFO]   Spatial Bins Analyzed: 4
[18:46:57] [INFO] 

[18:46:57] [INFO] 
[18:46:57] [INFO] ================================================================================
[18:46:57] [INFO] ================================================================================
[18:46:57] [INFO] ================================================================================
[18:46:57] [INFO] 
[18:46:57] [INFO] 
[18:46:57] [INFO] ================================================================================
[18:46:57] [INFO] COMPREHENSIVE SCIENTIFIC SIGNIFICANCE REPORT - CODE
[18:46:57] [INFO] ================================================================================
[18:46:57] [INFO] 
[18:46:57] [INFO] 
[18:46:57] [INFO] ================================================================================
[18:46:57] [INFO] ================================================================================
[18:46:57] [INFO] ================================================================================
[18:46:57] [INFO] 
[18:46:57] [INFO] 
[18:46:57] [INFO] ================================================================================
[18:46:57] [INFO] 
1. PLANETARY GRAVITATIONAL EVENT ANALYSIS
[18:46:57] [INFO] ================================================================================
[18:46:57] [INFO] 
[18:46:57] [INFO]    Analysis of GPS timing correlation response to planetary configurations
[18:46:57] [INFO]    Detection threshold: 3.0σ (99.7% confidence)
[18:46:57] [INFO] 
[18:46:57] [INFO] ================================================================================
[18:46:57] [INFO] \n================================================================================
[18:46:57] [INFO] ================================================================================
[18:46:57] [INFO] 
[18:46:57] [INFO] 
[18:46:57] [INFO] ================================================================================
[18:46:57] [INFO] STATISTICAL SIGNIFICANCE CORRECTIONS
[18:46:57] [INFO] ================================================================================
[18:46:57] [INFO] 
[18:46:57] [INFO] 
[18:46:57] [INFO] ================================================================================
[18:46:57] [INFO] ================================================================================
[18:46:57] [INFO] ================================================================================
[18:46:57] [INFO] 
[18:46:57] [PROCESS] Testing gravitational scaling consistency...
[18:46:57] [INFO] Multiple Testing Correction Results:
[18:46:57] [INFO]    Total tests: 1
[18:46:57] [INFO]    Uncorrected significant: 1
[18:46:57] [INFO]    Bonferroni significant: 1
[18:46:57] [INFO]    FDR significant: 1
[18:46:57] [INFO]    Bonferroni α: 0.050000
[18:46:57] [INFO] 
   JUPITER:
[18:46:57] [INFO]       Events Analyzed: 2
[18:46:57] [INFO]       Expected Amplitude: 0.2200%
[18:46:57] [INFO]       Statistical Summary:
[18:46:57] [INFO]          Mean Sigma Level: 1.42σ
[18:46:57] [INFO]          Maximum Sigma Level: 1.69σ
[18:46:57] [INFO]          Mean Observed Amplitude: 133.98%
[18:46:57] [INFO]          Maximum Observed Amplitude: 168.31%
[18:46:57] [INFO]          Mean Enhancement Factor: 4.3x
[18:46:57] [INFO]          Maximum Enhancement Factor: 5.4x
[18:46:57] [INFO] 
   SATURN:
[18:46:57] [INFO]       Events Analyzed: 3
[18:46:57] [INFO]       Expected Amplitude: 0.0190%
[18:46:57] [INFO]       Statistical Summary:
[18:46:57] [INFO]          Mean Sigma Level: 0.66σ
[18:46:57] [INFO]          Maximum Sigma Level: 1.56σ
[18:46:57] [INFO]          Mean Observed Amplitude: 125.30%
[18:46:57] [INFO]          Maximum Observed Amplitude: 208.78%
[18:46:57] [INFO]          Mean Enhancement Factor: 46.2x
[18:46:57] [INFO]          Maximum Enhancement Factor: 76.9x
[18:46:57] [INFO] 
   MARS:
[18:46:57] [INFO]       Events Analyzed: 1
[18:46:57] [INFO]       Expected Amplitude: 0.0050%
[18:46:57] [INFO]       Statistical Summary:
[18:46:57] [INFO]          Mean Sigma Level: 1.90σ
[18:46:57] [INFO]          Maximum Sigma Level: 1.90σ
[18:46:57] [INFO]          Mean Observed Amplitude: 190.71%
[18:46:57] [INFO]          Maximum Observed Amplitude: 190.71%
[18:46:57] [INFO]          Mean Enhancement Factor: 267.0x
[18:46:57] [INFO]          Maximum Enhancement Factor: 267.0x
[18:46:57] [INFO] 
   VENUS:
[18:46:57] [INFO]       Events Analyzed: 2
[18:46:57] [INFO]       Expected Amplitude: 0.1000%
[18:46:57] [INFO]       Statistical Summary:
[18:46:57] [INFO]          Mean Sigma Level: 1.78σ
[18:46:57] [INFO]          Maximum Sigma Level: 1.96σ
[18:46:57] [INFO]          Mean Observed Amplitude: 140.68%
[18:46:57] [INFO]          Maximum Observed Amplitude: 191.77%
[18:46:57] [INFO]          Mean Enhancement Factor: 9.8x
[18:46:57] [INFO]          Maximum Enhancement Factor: 13.4x
[18:46:57] [INFO] 
   MERCURY:
[18:46:57] [INFO]       Events Analyzed: 8
[18:46:57] [INFO]       Expected Amplitude: 0.0100%
[18:46:57] [INFO]       Statistical Summary:
[18:46:57] [INFO]          Mean Sigma Level: 1.73σ
[18:46:57] [INFO]          Maximum Sigma Level: 3.49σ
[18:46:57] [INFO]          Mean Observed Amplitude: 116.34%
[18:46:57] [INFO]          Maximum Observed Amplitude: 199.44%
[18:46:57] [INFO]          Mean Enhancement Factor: 81.4x
[18:46:57] [INFO]          Maximum Enhancement Factor: 139.6x
[18:46:57] [SUCCESS]       SIGNIFICANT DETECTIONS (≥3.0σ): 1
[18:46:57] [INFO]          2023-05-01: 3.49σ, 199.4% (117x expected)
[18:46:57] [INFO]       Notable Detections (2.0-3.0σ): 1
[18:46:57] [INFO]          2023-12-22: 2.00σ, 97.9%
[18:46:57] [INFO] 
[18:46:57] [INFO] ================================================================================
[18:46:57] [INFO] 
2. GEOPHYSICAL SIGNATURE ANALYSIS
[18:46:57] [INFO] ================================================================================
[18:46:57] [INFO] 
[18:46:57] [INFO]    Correlation with known Earth rotation and orbital parameters
[18:46:57] [INFO] 
   CHANDLER WOBBLE (14-month polar motion):
[18:46:57] [INFO]       Detection Status: BORDERLINE DETECTED (2.7σ equivalent)
[18:46:57] [INFO]       R² Correlation: 0.377 (threshold: >0.40, equivalent to >3.2σ)
[18:46:57] [INFO]       Period: 425 days (14.0 months)
[18:46:57] [INFO]       Temporal Coverage: 912 days (2.15 complete cycles)
[18:46:57] [INFO]       Interpretation: Borderline Chandler wobble coupling detected (p ≈ 0.0067).
[18:46:57] [INFO]                      Signal is conventionally significant but slightly below
[18:46:57] [INFO]                      analysis threshold. Suggests weak to moderate polar motion coupling.
[18:46:57] [INFO] 
   EARTH ORBITAL MOTION (annual cycle):
[18:46:57] [SUCCESS]       Detection Status: DETECTED (4.6σ)
[18:46:57] [INFO]       Correlation Coefficient: r = -0.701 (threshold: |r| > 0.40, ≈3.2σ)
[18:46:57] [INFO]       Statistical Significance: p = 0.0000
[18:46:57] [INFO]       Temporal Samples: 34 (30-day windows)
[18:46:57] [INFO]       Interpretation: Directional anisotropy (E-W vs N-S) correlates with
[18:46:57] [INFO]                      Earth's position in orbit, suggesting orbital velocity
[18:46:57] [INFO]                      modulates GPS timing correlation structure
[18:46:57] [INFO] 
   MULTI-FREQUENCY BEAT PATTERNS:
[18:46:57] [INFO]       Significant Patterns: 0/0 (0.0%)
[18:46:57] [INFO]       Detection Threshold: p < 0.05, |r| > 0.3
[18:46:57] [INFO] 
[18:46:57] [INFO] ================================================================================
[18:46:57] [INFO] 
3. AMPLITUDE ENHANCEMENT ANALYSIS
[18:46:57] [INFO] ================================================================================
[18:46:57] [INFO] 
[18:46:57] [INFO]    Comparison of observed vs. expected gravitational coupling amplitudes
[18:46:57] [INFO] 
   Enhancement Factor Statistics (Observed/Expected Amplitude):
[18:46:57] [INFO]       Number of Significant Detections: 1
[18:46:57] [INFO]       Mean Enhancement: 117.4x
[18:46:57] [INFO]       Median Enhancement: 117.4x
[18:46:57] [INFO]       Standard Deviation: nanx
[18:46:57] [INFO]       Range: 117.4x - 117.4x
[18:46:57] [INFO]       Coefficient of Variation: nan
[18:46:57] [INFO] 
   Mechanistic Interpretation:
[18:46:57] [INFO]       Mean enhancement >100x indicates NON-LINEAR COUPLING mechanism.
[18:46:57] [INFO]       Such large amplification cannot be explained by direct
[18:46:57] [INFO]       gravitational effects and suggests resonance, tidal amplification,
[18:46:57] [INFO]       or parametric coupling processes with geophysical modes.
[18:46:57] [INFO] 
[18:46:57] [INFO] ================================================================================
[18:46:57] [INFO] 
4. TEP THEORY IMPLICATIONS
[18:46:57] [INFO] ================================================================================
[18:46:57] [INFO] 
[18:46:57] [INFO] 
   Evidence Summary for Temporal Equivalence Principle:
[18:46:57] [SUCCESS]       1. Planetary Gravitational Coupling: DETECTED
[18:46:57] [INFO]          1 significant event(s) with amplitude modulation
[18:46:57] [INFO]       2. Chandler Wobble Correlation: BORDERLINE DETECTED
[18:46:57] [INFO]          R² = 0.377
[18:46:57] [SUCCESS]       3. Orbital Motion Correlation: DETECTED
[18:46:57] [INFO]          r = -0.701
[18:46:57] [WARNING]       4. Multi-Frequency Coherence: NOT DETECTED
[18:46:57] [INFO] 
   Overall Assessment:
[18:46:57] [INFO]       MODERATE SUPPORT for TEP
[18:46:57] [INFO]       2.5/4 evidence categories detected. Results suggest
[18:46:57] [INFO]       partial coupling between timing correlations and gravitational
[18:46:57] [INFO]       dynamics, but additional data needed for confirmation.
[18:46:57] [INFO] 
[18:46:57] [INFO] ================================================================================
[18:46:57] [INFO] ================================================================================
[18:46:57] [INFO] ================================================================================
[18:46:57] [INFO] 
[18:46:57] [SUCCESS] Statistical validation complete for CODE in 702.4s
[18:46:57] [SUCCESS] Results saved: /Users/matthewsmawfield/www/TEP-GNSS/results/outputs/step_2_2_geospatial_temporal_analysis_code.json
[18:46:57] [INFO] 
============================================================
[18:46:57] [INFO] 
[18:46:57] [INFO] ================================================================================
[18:46:57] [INFO] PROCESSING IGS_COMBINED - Geospatial Temporal Analysis
[18:46:57] [INFO] ================================================================================
[18:46:57] [INFO] 
[18:46:57] [INFO] ============================================================
[18:46:57] [INFO] Starting geospatial temporal analysis for IGS_COMBINED
[18:46:57] [INFO] ============================================================
[18:46:57] [INFO] MULTI-SCALE TEMPORAL WINDOW STRATEGY:
[18:46:57] [INFO]   Temporal Orbital Tracking: 30-day windows (seasonal signal + noise reduction)
[18:46:57] [INFO]   Mesh Dance Analysis: OPTIMIZED (90d coherence + 30d oscillation/spiral)
[18:46:57] [INFO]   Planetary Oppositions: 240-day windows (optimal coupling timescale)
[18:46:57] [INFO]   Chandler Wobble: Full 433-day cycle (period-matched analysis)
[18:46:57] [INFO]   Beat Analysis: Period-specific windows (matched to each frequency)
[18:46:57] [INFO] Rationale: Each analysis uses windows matched to its characteristic physical timescale
[18:46:57] [INFO] Based on empirical analysis showing optimal coupling at 240 days (Savitzky-Golay)
[18:46:57] [INFO] ============================================================
[18:46:57] [PROCESS] Loading complete geospatial dataset from Step 2.1 for IGS_COMBINED...
[18:46:57] [INFO] Loading from /Users/matthewsmawfield/www/TEP-GNSS/data/processed/step_2_1_geospatial_igs_combined.csv
[18:46:57] [DEBUG] File size: 1660.6 MB
[18:46:57] [PROCESS] Reading CSV file into memory...
[18:47:07] [SUCCESS] CSV loaded successfully: 12,874,746 rows
[18:47:07] [PROCESS] Computing coherence values from plateau phase...
[18:47:07] [PROCESS] Cleaning and filtering data...
[18:47:12] [DEBUG] Data filtering: 12,874,746 → 12,874,746 → 12,874,746 → 12,874,746 → 12,874,746 pairs
[18:47:12] [SUCCESS] No pairs filtered - data is clean from Step 2.1
[18:47:12] [INFO] Data quality metrics:
[18:47:12] [INFO]   Coherence range: [-1.000000, 1.000000]
[18:47:12] [INFO]   Coherence mean: 0.013297 ± 0.716677
[18:47:12] [INFO]   Distance range: [1.0, 19937.3] km
[18:47:12] [INFO]   Distance mean: 9674.6 ± 4486.8 km
[18:47:14] [SUCCESS] Geospatial dataset loaded: 12,874,746 pairs, 2.52 GB
[18:47:14] [SUCCESS] Azimuth already computed in Step 2.1 - no redundant calculation needed
[18:47:14] [DEBUG] Step 2.1 log exists but no pair count found for igs_combined
[18:47:14] [PROCESS] Verifying required columns are present...
[18:47:14] [SUCCESS] All required columns present: ['azimuth', 'delta_longitude', 'delta_local_time']
[18:47:14] [INFO] Available columns: ['date', 'station_i', 'station_j', 'dist_km', 'plateau_phase', 'station1_lat', 'station1_lon', 'station2_lat', 'station2_lon', 'azimuth', 'delta_longitude', 'delta_local_time', 'coherence']
[18:47:14] [INFO] Memory usage: 2.5/24.0 GB (89.5%)
[18:47:15] [PROCESS] Starting enhanced anisotropy analysis...
[18:47:15] [INFO] Analyzing 12,874,746 pairs with coordinate information
[18:47:15] [SUCCESS] Using pre-computed azimuths from Step 2.1
[18:47:15] [PROCESS] Classifying pairs into directional sectors...
[18:47:18] [PROCESS] Applying distance distribution matching guardrails...
[18:48:42] [SUCCESS] Distance distribution matching applied to 8 sectors
[18:48:42] [INFO] Analyzing 8 directional sectors with 40 distance bins
[18:48:42] [PROCESS] Processing sector 1/8: N (4,991 matched pairs from 2,020,118 original)
[18:48:42] [DEBUG]   Binning N matched data into 40 distance bins...
[18:48:42] [DEBUG]   N: 14 valid bins (min 50 pairs per bin)
[18:48:42] [DEBUG]   Fitting exponential correlation model to N matched data...
[18:48:42] [SUCCESS]   N fit successful: λ = 1342.7 km, R² = 0.384 (distance-matched)
[18:48:42] [PROCESS] Processing sector 2/8: NE (4,991 matched pairs from 2,248,852 original)
[18:48:42] [DEBUG]   Binning NE matched data into 40 distance bins...
[18:48:42] [DEBUG]   NE: 13 valid bins (min 50 pairs per bin)
[18:48:42] [DEBUG]   Fitting exponential correlation model to NE matched data...
[18:48:42] [SUCCESS]   NE fit successful: λ = 1304.2 km, R² = 0.332 (distance-matched)
[18:48:42] [PROCESS] Processing sector 3/8: E (4,991 matched pairs from 1,409,948 original)
[18:48:42] [DEBUG]   Binning E matched data into 40 distance bins...
[18:48:42] [DEBUG]   E: 13 valid bins (min 50 pairs per bin)
[18:48:42] [DEBUG]   Fitting exponential correlation model to E matched data...
[18:48:42] [SUCCESS]   E fit successful: λ = 2954.2 km, R² = 0.395 (distance-matched)
[18:48:42] [PROCESS] Processing sector 4/8: SE (4,991 matched pairs from 1,248,446 original)
[18:48:42] [DEBUG]   Binning SE matched data into 40 distance bins...
[18:48:42] [DEBUG]   SE: 13 valid bins (min 50 pairs per bin)
[18:48:42] [DEBUG]   Fitting exponential correlation model to SE matched data...
[18:48:42] [SUCCESS]   SE fit successful: λ = 2898.8 km, R² = 0.200 (distance-matched)
[18:48:42] [PROCESS] Processing sector 5/8: S (4,991 matched pairs from 1,104,741 original)
[18:48:42] [DEBUG]   Binning S matched data into 40 distance bins...
[18:48:42] [DEBUG]   S: 14 valid bins (min 50 pairs per bin)
[18:48:42] [DEBUG]   Fitting exponential correlation model to S matched data...
[18:48:42] [SUCCESS]   S fit successful: λ = 1848.9 km, R² = 0.004 (distance-matched)
[18:48:42] [PROCESS] Processing sector 6/8: SW (4,991 matched pairs from 1,301,874 original)
[18:48:42] [DEBUG]   Binning SW matched data into 40 distance bins...
[18:48:42] [DEBUG]   SW: 14 valid bins (min 50 pairs per bin)
[18:48:42] [DEBUG]   Fitting exponential correlation model to SW matched data...
[18:48:42] [SUCCESS]   SW fit successful: λ = 3440.1 km, R² = 0.247 (distance-matched)
[18:48:42] [PROCESS] Processing sector 7/8: W (4,991 matched pairs from 1,285,162 original)
[18:48:42] [DEBUG]   Binning W matched data into 40 distance bins...
[18:48:42] [DEBUG]   W: 12 valid bins (min 50 pairs per bin)
[18:48:42] [DEBUG]   Fitting exponential correlation model to W matched data...
[18:48:42] [SUCCESS]   W fit successful: λ = 3433.6 km, R² = 0.748 (distance-matched)
[18:48:43] [PROCESS] Processing sector 8/8: NW (4,991 matched pairs from 2,255,605 original)
[18:48:43] [DEBUG]   Binning NW matched data into 40 distance bins...
[18:48:43] [DEBUG]   NW: 13 valid bins (min 50 pairs per bin)
[18:48:43] [DEBUG]   Fitting exponential correlation model to NW matched data...
[18:48:43] [SUCCESS]   NW fit successful: λ = 3245.8 km, R² = 0.103 (distance-matched)
[18:48:43] [PROCESS] Computing anisotropy statistics from 8 successful sector fits...
[18:48:43] [SUCCESS] Enhanced Anisotropy complete: 8 sectors, CV = 0.334
[18:48:43] [PROCESS] Starting Temporal Orbital Tracking Analysis...
[18:48:43] [PROCESS] Testing for seasonal orbital motion signatures in GPS timing correlations
[18:48:43] [INFO] Temporal range: 2023-01-01 00:00:00 to 2025-06-30 00:00:00
[18:48:43] [INFO] Day of year range: 1 to 366
[18:48:43] [SUCCESS] Using pre-computed azimuths from Step 2.1
[18:48:46] [PROCESS] Tracking E-W/N-S ratio across 34 temporal samples (each using 30-day windows)...
[18:48:46] [INFO] Window strategy: Each sample uses ±15 days (30-day total) to balance seasonal signal with noise reduction
[18:48:54] [SUCCESS] Robust correlation confirmed: E-W/N-S anisotropy correlates with Earth's orbital motion (r=-0.793, p=0.0000)
[18:48:54] [INFO] Results indicate GPS timing correlations may reflect Earth's orbital dynamics
[18:48:54] [SUCCESS] Temporal orbital tracking complete: 34 samples analyzed
[18:48:54] [PROCESS] Starting Chandler Wobble Analysis (14-month period)...
[18:48:54] [INFO] Temporal coverage: 912 days (2.15 Chandler cycles)
[18:49:00] [SUCCESS] Chandler wobble signature detected: R² = 0.471
[18:49:00] [SUCCESS] CHANDLER WOBBLE ANALYSIS RESULTS:
[18:49:00] [INFO]   Chandler Period: 14.0 months (433 days)
[18:49:00] [INFO]   Temporal Coverage: 912 days (2.11 Chandler cycles)
[18:49:00] [INFO]   Phase Bins Analyzed: 18
[18:49:00] [SUCCESS]   Chandler Signature: R² = 0.471 (DETECTED)
[18:49:00] [SUCCESS] Chandler wobble analysis complete: 18 phase bins analyzed
[18:49:00] [PROCESS] Starting 3D Spherical Harmonic Analysis...
[18:49:00] [SUCCESS] Using pre-computed azimuths from Step 2.1
[18:49:00] [PROCESS] Computing elevation angles for 3D analysis...
[18:49:05] [SUCCESS] Strong 3D anisotropy detected: strength = 1.981
[18:49:05] [SUCCESS] 3D SPHERICAL HARMONIC ANALYSIS RESULTS:
[18:49:05] [INFO]   3D Anisotropy Strength: 1.981
[18:49:05] [INFO]   Spherical Bins Analyzed: 16
[18:49:05] [INFO]   Azimuth Resolution: 16 bins (22.5° each)
[18:49:05] [INFO]   Elevation Resolution: 8 bins (0-90°)
[18:49:05] [SUCCESS]   Strong 3D Structure: 1.981 (DETECTED)
[18:49:05] [SUCCESS] 3D spherical harmonic analysis complete: 16 bins analyzed
[18:49:05] [PROCESS] Starting Multi-Frequency Beat Analysis (Aligned with Step 3.6)...
[18:49:05] [INFO] Analyzing 12 frequency bands aligned with Step 3.6
[18:49:05] [INFO]   tidal_diurnal: 15 µHz (0.8 day period)
[18:49:05] [INFO]   tidal_semidiurnal: 25 µHz (0.5 day period)
[18:49:05] [INFO]   post_tidal_30_40: 35 µHz (0.3 day period)
[18:49:05] [INFO]   post_tidal_40_50: 45 µHz (0.3 day period)
[18:49:05] [INFO]   post_tidal_50_100: 75 µHz (0.2 day period)
[18:49:05] [INFO]   intermediate_100_200: 150 µHz (0.1 day period)
[18:49:05] [INFO]   intermediate_200_350: 275 µHz (0.0 day period)
[18:49:05] [INFO]   intermediate_350_500: 425 µHz (0.0 day period)
[18:49:05] [INFO]   transition_500_750: 625 µHz (0.0 day period)
[18:49:05] [INFO]   transition_750_1000: 875 µHz (0.0 day period)
[18:49:05] [INFO]   control_1000_1500: 1250 µHz (0.0 day period)
[18:49:05] [INFO]   control_2000_3000: 2500 µHz (0.0 day period)
[18:49:05] [INFO] Analyzing short range (50-500 km): 44,469 pairs
[18:49:05] [INFO] Analyzing medium range (500-2000 km): 509,757 pairs
[18:49:07] [INFO] Analyzing long range (2000-10000 km): 6,367,105 pairs
[18:49:10] [INFO] Analyzing very_long range (10000-20000 km): 5,947,366 pairs
[18:49:12] [SUCCESS] MULTI-FREQUENCY BEAT ANALYSIS (STEP 3.6 ALIGNED) COMPLETE:
[18:49:12] [INFO]   Frequency Bands Analyzed: 12
[18:49:12] [INFO]   Significant Beat Patterns: 0
[18:49:12] [INFO]   Detection Threshold: |r| > 0.3
[18:49:12] [PROCESS] Starting Relative Motion Beat Analysis...
[18:49:19] [SUCCESS] RELATIVE MOTION BEAT ANALYSIS RESULTS:
[18:49:19] [INFO]   Significant Beat Patterns: 9
[18:49:19] [INFO]   Total Beat Patterns Analyzed: 12
[18:49:19] [INFO]   Detection Threshold: R² > 0.2
[18:49:19] [INFO]   ALL SIGNIFICANT RELATIVE MOTION BEAT PATTERNS:
[18:49:19] [INFO]     short_chandler_annual_sum: R²=0.925, Period=196.9 days, Amplitude=-0.0162, Range=short
[18:49:19] [INFO]     short_chandler_semiannual_sum: R²=0.710, Period=127.9 days, Amplitude=0.0115, Range=short
[18:49:19] [INFO]     short_rotation_tidal_beat: R²=0.336, Period=0.5 days, Amplitude=-0.0084, Range=short
[18:49:19] [INFO]     medium_tidal_m2_tidal_s2_diff: R²=0.484, Period=14.8 days, Amplitude=-0.0021, Range=medium
[18:49:19] [INFO]     medium_chandler_annual_sum: R²=0.793, Period=196.9 days, Amplitude=0.0117, Range=medium
[18:49:19] [INFO]     medium_chandler_semiannual_sum: R²=0.785, Period=127.9 days, Amplitude=0.0085, Range=medium
[18:49:19] [INFO]     long_chandler_annual_sum: R²=0.850, Period=196.9 days, Amplitude=-0.0043, Range=long
[18:49:19] [INFO]     long_chandler_semiannual_sum: R²=0.838, Period=127.9 days, Amplitude=-0.0037, Range=long
[18:49:19] [INFO]     long_rotation_tidal_beat: R²=0.298, Period=0.5 days, Amplitude=-0.0017, Range=long
[18:49:19] [SUCCESS] Relative motion beat analysis complete: 9 significant patterns detected
[18:49:19] [PROCESS] Starting Mesh Dance Analysis - Network Coherence Assessment
[18:49:19] [PROCESS] Analyzing coherent motion patterns of GPS station network...
[18:49:20] [INFO] Analyzing mesh coherence patterns...
[18:49:20] [INFO] Using OPTIMIZED windows: 90d for coherence (10 samples), 30d for oscillation/spiral
[18:49:27] [INFO] Using 31 high-resolution 30-day windows for spiral/oscillation detection
[18:49:27] [INFO] Analyzing spiral dynamics of mesh motion...
[18:49:27] [INFO] Analyzing collective mesh oscillation patterns...
[18:49:27] [INFO] Oscillation analysis using 31 samples (window size: 30d)
[18:49:27] [INFO] Analyzing spacetime coupling signatures...
[18:49:27] [INFO] Computing network coherence classification...
[18:49:27] [SUCCESS] MESH DANCE ANALYSIS RESULTS:
[18:49:27] [INFO]   Network Coherence Score: 0.454
[18:49:27] [INFO]   Dance Classification: WEAK NETWORK COHERENCE - Limited collective motion detected
[18:49:27] [INFO]   Time Windows Analyzed: 11
[18:49:27] [INFO]   Temporal Span: 900 days
[18:49:27] [INFO]   DEBUG - Component Scores:
[18:49:27] [INFO]     Mesh Coherence: 0.836 (base: 0.643)
[18:49:27] [INFO]     Spiral Score: 0.021 (detected: False)
[18:49:27] [INFO]     Oscillation Score: 0.325 (detected: True)
[18:49:27] [INFO]     Earth Coupling Score: 0.333 (detected: True)
[18:49:27] [INFO]     Significant Components: 2/3
[18:49:27] [INFO]     Boost Factor: 1.30x
[18:49:27] [INFO]     Base Score: 0.454 → Final Score: 0.454
[18:49:27] [INFO]   DEBUG - Best Oscillation Details:
[18:49:27] [INFO]     Period: 427.0 days
[18:49:27] [INFO]     Correlation: 0.325
[18:49:27] [INFO]     R²: 0.105
[18:49:27] [INFO]     P-value: 0.0747
[18:49:27] [INFO]   Best Collective Oscillation: 427.0 day period
[18:49:27] [INFO]      Oscillation R²: 0.105
[18:49:27] [INFO]      Significant Oscillations: 1
[18:49:27] [SUCCESS] MESH DANCE ANALYSIS COMPLETE: WEAK NETWORK COHERENCE - Limited collective motion detected
[18:49:27] [PROCESS] Starting Jupiter Opposition Pulse Analysis...
[18:49:27] [INFO] Data coverage: 2023-01-01 to 2025-06-30 (912 days)
[18:49:27] [INFO] Using 240-day windows (±120 days) for optimal gravitational coupling detection
[18:49:27] [INFO] Analyzing 2 Jupiter opposition events
[18:49:27] [INFO] Event window: ±120 days, Expected Amplitude: 0.220%
[18:49:27] [INFO] Jupiter orbital period: ~11.86 years, Opposition frequency: ~1.09 years
[18:49:27] [PROCESS]   Processing event: Jupiter_Opposition_2023 (2023-11-03)
[18:49:28] [INFO]     Signal detected for Jupiter_Opposition_2023: 1.0σ (below 3.0σ threshold), -103.2% amplitude
[18:49:28] [PROCESS]   Processing event: Jupiter_Opposition_2024 (2024-12-07)
[18:49:31] [INFO]     Signal detected for Jupiter_Opposition_2024: 2.8σ (below 3.0σ threshold), -78.3% amplitude
[18:49:31] [SUCCESS] Jupiter opposition analysis complete: 2 events analyzed
[18:49:31] [PROCESS] Starting Saturn Opposition Analysis...
[18:49:31] [INFO] Using 240-day windows (±120 days) aligned with optimal coupling timescale
[18:49:31] [INFO] Analyzing 3 Saturn opposition events
[18:49:31] [INFO] Event window: ±120 days, Expected Amplitude: 0.019%
[18:49:31] [INFO] Saturn orbital period: ~29.46 years, Opposition frequency: ~1.04 years
[18:49:31] [INFO] Data coverage: 2023-01-01 to 2025-06-30 (912 days)
[18:49:31] [PROCESS]   Processing event: saturn_2023 (2023-08-27)
[18:49:32] [INFO]     Signal detected for saturn_2023: 2.5σ (below 3.0σ threshold), 123.0% amplitude
[18:49:32] [PROCESS]   Processing event: saturn_2024 (2024-09-08)
[18:49:34] [SUCCESS]     Significant detection for saturn_2024: 6.0σ (exceeds 3.0σ threshold), 234.1% amplitude
[18:49:34] [PROCESS]   Processing event: saturn_2025 (2025-09-21)
[18:49:35] [INFO]     Signal detected for saturn_2025: 0.0σ (below 3.0σ threshold), 264.4% amplitude
[18:49:35] [SUCCESS] Saturn opposition analysis complete: 3 events analyzed
[18:49:35] [PROCESS] Starting Mars Opposition Analysis...
[18:49:35] [INFO] Using 240-day windows (±120 days) for maximum sensitivity to weak Mars signal
[18:49:35] [INFO] Analyzing 1 Mars opposition events
[18:49:35] [INFO] Event window: ±120 days, Expected Amplitude: 0.0050% (weakest expected signal)
[18:49:35] [INFO] Mars orbital period: ~1.88 years, Opposition frequency: ~2.13 years
[18:49:35] [INFO] Data coverage: 2023-01-01 to 2025-06-30 (912 days)
[18:49:35] [PROCESS]   Processing event: mars_2025 (2025-01-16)
[18:49:38] [SUCCESS]     Significant detection for mars_2025: 4.5σ (exceeds 3.0σ threshold), -70.1% amplitude
[18:49:38] [SUCCESS] Mars opposition analysis complete: 1 events analyzed
[18:49:38] [PROCESS] Starting Venus Inferior Conjunction Analysis...
[18:49:38] [INFO] Using 240-day windows (±120 days) for optimal Venus coupling detection
[18:49:38] [INFO] Analyzing 2 Venus inferior conjunction events
[18:49:38] [INFO] Event window: ±120 days, Expected Amplitude: 0.100%
[18:49:38] [INFO] Venus synodic period: ~584 days (~19 months)
[18:49:38] [INFO] Data coverage: 2023-01-01 to 2025-06-30 (912 days)
[18:49:38] [PROCESS]   Processing event: venus_2023 (2023-08-13)
[18:49:38] [SUCCESS]     Significant detection for venus_2023: 5.4σ (exceeds 3.0σ threshold), 158.9% amplitude
[18:49:38] [PROCESS]   Processing event: venus_2025 (2025-03-23)
[18:49:41] [SUCCESS]     Significant detection for venus_2025: 3.0σ (exceeds 3.0σ threshold), 345.3% amplitude
[18:49:41] [SUCCESS] Venus inferior conjunction analysis complete: 2 events analyzed
[18:49:41] [PROCESS] Starting Mercury Inferior Conjunction Analysis...
[18:49:41] [INFO] Using 240-day windows (±120 days) for maximum sensitivity to weak Mercury signal
[18:49:41] [INFO] Analyzing 8 Mercury inferior conjunction events
[18:49:41] [INFO] Event window: ±120 days, Expected Amplitude: 0.0100%
[18:49:41] [INFO] Mercury synodic period: ~116 days (~4 months) - high frequency provides statistical power
[18:49:41] [INFO] Data coverage: 2023-01-01 to 2025-06-30 (912 days)
[18:49:41] [PROCESS]   Processing event: mercury_2023_01 (2023-01-07)
[18:49:41] [INFO]     Signal detected for mercury_2023_01: 1.1σ (below 3.0σ threshold), -31.0% amplitude
[18:49:41] [PROCESS]   Processing event: mercury_2023_05 (2023-05-01)
[18:49:42] [INFO]     Signal detected for mercury_2023_05: 1.2σ (below 3.0σ threshold), -58.0% amplitude
[18:49:42] [PROCESS]   Processing event: mercury_2023_09 (2023-08-28)
[18:49:42] [INFO]     Signal detected for mercury_2023_09: 2.5σ (below 3.0σ threshold), 122.6% amplitude
[18:49:42] [PROCESS]   Processing event: mercury_2023_12 (2023-12-22)
[18:49:43] [INFO]     Signal detected for mercury_2023_12: 1.2σ (below 3.0σ threshold), 127.4% amplitude
[18:49:43] [PROCESS]   Processing event: mercury_2024_04 (2024-04-11)
[18:49:45] [INFO]     Signal detected for mercury_2024_04: 1.0σ (below 3.0σ threshold), -32.9% amplitude
[18:49:45] [PROCESS]   Processing event: mercury_2024_08 (2024-08-05)
[18:49:47] [INFO]     Signal detected for mercury_2024_08: 2.2σ (below 3.0σ threshold), 149.6% amplitude
[18:49:47] [PROCESS]   Processing event: mercury_2024_11 (2024-11-26)
[18:49:50] [INFO]     Signal detected for mercury_2024_11: 0.7σ (below 3.0σ threshold), 82.1% amplitude
[18:49:50] [PROCESS]   Processing event: mercury_2025_03 (2025-03-15)
[18:49:52] [SUCCESS]     Significant detection for mercury_2025_03: 4.3σ (exceeds 3.0σ threshold), 257.9% amplitude
[18:49:52] [SUCCESS] Mercury inferior conjunction analysis complete: 8 events analyzed
[18:49:53] [PROCESS] Starting Solar Rotation Cycle Analysis...
[18:49:53] [INFO] Testing TEP coupling to rotating solar magnetic field (Carrington rotation)
[18:49:53] [INFO] Data coverage: 2023-01-01 to 2025-06-30 (912 days)
[18:49:53] [INFO] Solar rotation period: 27.0 days (~33.8 complete rotations)
[18:49:53] [INFO] Solar Rotation: Peak at 20.7 days but not significant
[18:49:53] [INFO]   Correlation: r=0.047, p=0.1572, SNR=7.9
[18:49:53] [SUCCESS] Solar rotation analysis complete
[18:49:53] [PROCESS] Starting Lunar Standstill Analysis (Event-Based)...
[18:49:53] [INFO] Data coverage: 2023-01-01 to 2025-06-30 (912 days)
[18:49:53] [INFO] Lunar standstill event window: ±180 days (±5.9 months)
[18:49:53] [INFO] Expected amplitude: 0.050%
[18:49:53] [INFO] Analyzing 1 lunar standstill event(s)
[18:49:53] [PROCESS]   Processing event: lunar_standstill_2025 (2025-06-01)
[18:49:55] [INFO]     Lunar standstill signal: 1.3σ (not significant)
[18:49:55] [SUCCESS] Lunar standstill analysis complete: No significant Lunar Standstill signals detected.
[18:49:56] [INFO] Memory usage: 1.5/24.0 GB (87.0%)
[18:49:56] [INFO] 
[18:49:56] [INFO] ================================================================================
[18:49:56] [INFO] JUPITER OPPOSITION ANALYSIS SUMMARY - IGS_COMBINED
[18:49:56] [INFO] ================================================================================
[18:49:56] [INFO] 
[18:49:56] [INFO] Jupiter Opposition: 1 NOTABLE DETECTION(S) (2.0-3.0σ)
[18:49:56] [INFO]    2024-12-07: 2.8σ, -78.3% amplitude (7x expected)
[18:49:56] [INFO] Statistical Summary:
[18:49:56] [INFO]    Total Events Analyzed: 2
[18:49:56] [INFO]    Detections ≥1.0σ: 2/2 (100.0%)
[18:49:56] [INFO]    Average Amplitude: 90.8% (expected: 0.220%)
[18:49:56] [INFO]    Maximum Amplitude: 103.2% (3x expected)
[18:49:56] [INFO]    Stacked Analysis: Deferred to Step 4.4 for comprehensive multi-planet correlation
[18:49:56] [INFO] --------------------------------------------------
[18:49:56] [INFO] 
[18:49:56] [INFO] ================================================================================
[18:49:56] [INFO] SATURN OPPOSITION ANALYSIS SUMMARY - IGS_COMBINED
[18:49:56] [INFO] ================================================================================
[18:49:56] [INFO] 
[18:49:56] [SUCCESS] Saturn Opposition: 1 SIGNIFICANT DETECTION(S) (≥3.0σ)
[18:49:56] [SUCCESS]    2024-09-08: 6.0σ enhancement at day -83.6
[18:49:56] [INFO]       Amplitude: 234.1% (expected: 0.019%, enhancement: 72x)
[18:49:56] [INFO] Statistical Summary:
[18:49:56] [INFO]    Total Events Analyzed: 3
[18:49:56] [INFO]    Detections ≥1.0σ: 2/3 (66.7%)
[18:49:56] [INFO]    Average Amplitude: 207.2% (expected: 0.019%)
[18:49:56] [INFO]    Maximum Amplitude: 264.4% (97x expected)
[18:49:56] [INFO]    Stacked Analysis: Deferred to Step 4.4 for comprehensive multi-planet correlation
[18:49:56] [INFO] --------------------------------------------------
[18:49:56] [INFO] 
[18:49:56] [INFO] ================================================================================
[18:49:56] [INFO] MARS OPPOSITION ANALYSIS SUMMARY - IGS_COMBINED
[18:49:56] [INFO] ================================================================================
[18:49:56] [INFO] 
[18:49:56] [SUCCESS] Mars Opposition: 1 SIGNIFICANT DETECTION(S) (≥3.0σ)
[18:49:56] [INFO]     REMARKABLE: Mars has the weakest expected signal (44x weaker than Jupiter)
[18:49:56] [SUCCESS]    2025-01-16: 4.5σ suppression at day -56.7
[18:49:56] [INFO]       Amplitude: -70.1% (expected: 0.0001%, enhancement: 201x)
[18:49:56] [INFO] Statistical Summary:
[18:49:56] [INFO]    Total Events Analyzed: 1
[18:49:56] [INFO]    Detections ≥1.0σ: 1/1 (100.0%)
[18:49:56] [INFO]    Average Amplitude: 70.1% (expected: 0.0050%)
[18:49:56] [INFO]    Maximum Amplitude: 70.1% (98x expected)
[18:49:56] [INFO]    Stacked Analysis: Deferred to Step 4.4 for comprehensive multi-planet correlation
[18:49:56] [INFO] --------------------------------------------------
[18:49:56] [PROCESS] Loading complete geospatial dataset from Step 2.1 for IGS_COMBINED...
[18:49:56] [INFO] Loading from /Users/matthewsmawfield/www/TEP-GNSS/data/processed/step_2_1_geospatial_igs_combined.csv
[18:49:56] [DEBUG] File size: 1660.6 MB
[18:49:56] [PROCESS] Reading CSV file into memory...
[18:50:05] [SUCCESS] CSV loaded successfully: 12,874,746 rows
[18:50:05] [PROCESS] Computing coherence values from plateau phase...
[18:50:05] [PROCESS] Cleaning and filtering data...
[18:50:09] [DEBUG] Data filtering: 12,874,746 → 12,874,746 → 12,874,746 → 12,874,746 → 12,874,746 pairs
[18:50:09] [SUCCESS] No pairs filtered - data is clean from Step 2.1
[18:50:09] [INFO] Data quality metrics:
[18:50:09] [INFO]   Coherence range: [-1.000000, 1.000000]
[18:50:09] [INFO]   Coherence mean: 0.013297 ± 0.716677
[18:50:09] [INFO]   Distance range: [1.0, 19937.3] km
[18:50:09] [INFO]   Distance mean: 9674.6 ± 4486.8 km
[18:50:11] [SUCCESS] Geospatial dataset loaded: 12,874,746 pairs, 2.52 GB
[18:50:11] [SUCCESS] Azimuth already computed in Step 2.1 - no redundant calculation needed
[18:50:11] [DEBUG] Step 2.1 log exists but no pair count found for igs_combined
[18:50:11] [PROCESS] Verifying required columns are present...
[18:50:11] [SUCCESS] All required columns present: ['azimuth', 'delta_longitude', 'delta_local_time']
[18:50:11] [INFO] Available columns: ['date', 'station_i', 'station_j', 'dist_km', 'plateau_phase', 'station1_lat', 'station1_lon', 'station2_lat', 'station2_lon', 'azimuth', 'delta_longitude', 'delta_local_time', 'coherence']
[18:50:11] [INFO] Memory usage: 2.2/24.0 GB (88.9%)
[18:50:11] [INFO] 
================================================================================
[18:50:11] [PROCESS] Starting Temporal Coherence Assessment...
[18:50:13] [SUCCESS] Temporal Coherence Assessment Complete
[18:50:13] [INFO]   Coherent Timescales: 2/4
[18:50:13] [INFO]   Spatial Bins Analyzed: 4
[18:50:13] [INFO]   Monthly: autocorr=0.502 (coherent)
[18:50:13] [INFO]   Biannual: autocorr=0.301 (coherent)
[18:50:14] [INFO] 

[18:50:14] [INFO] 
[18:50:14] [INFO] ================================================================================
[18:50:14] [INFO] ================================================================================
[18:50:14] [INFO] ================================================================================
[18:50:14] [INFO] 
[18:50:14] [INFO] 
[18:50:14] [INFO] ================================================================================
[18:50:14] [INFO] COMPREHENSIVE SCIENTIFIC SIGNIFICANCE REPORT - IGS_COMBINED
[18:50:14] [INFO] ================================================================================
[18:50:14] [INFO] 
[18:50:14] [INFO] 
[18:50:14] [INFO] ================================================================================
[18:50:14] [INFO] ================================================================================
[18:50:14] [INFO] ================================================================================
[18:50:14] [INFO] 
[18:50:14] [INFO] 
[18:50:14] [INFO] ================================================================================
[18:50:14] [INFO] 
1. PLANETARY GRAVITATIONAL EVENT ANALYSIS
[18:50:14] [INFO] ================================================================================
[18:50:14] [INFO] 
[18:50:14] [INFO]    Analysis of GPS timing correlation response to planetary configurations
[18:50:14] [INFO]    Detection threshold: 3.0σ (99.7% confidence)
[18:50:14] [INFO] 
[18:50:14] [INFO] ================================================================================
[18:50:14] [INFO] \n================================================================================
[18:50:14] [INFO] ================================================================================
[18:50:14] [INFO] 
[18:50:14] [INFO] 
[18:50:14] [INFO] ================================================================================
[18:50:14] [INFO] STATISTICAL SIGNIFICANCE CORRECTIONS
[18:50:14] [INFO] ================================================================================
[18:50:14] [INFO] 
[18:50:14] [INFO] 
[18:50:14] [INFO] ================================================================================
[18:50:14] [INFO] ================================================================================
[18:50:14] [INFO] ================================================================================
[18:50:14] [INFO] 
[18:50:14] [PROCESS] Testing gravitational scaling consistency...
[18:50:14] [INFO] Gravitational scaling test: r=0.780, p=0.2203
[18:50:14] [INFO] Multiple Testing Correction Results:
[18:50:14] [INFO]    Total tests: 5
[18:50:14] [INFO]    Uncorrected significant: 5
[18:50:14] [INFO]    Bonferroni significant: 5
[18:50:14] [INFO]    FDR significant: 5
[18:50:14] [INFO]    Bonferroni α: 0.010000
[18:50:14] [INFO] Gravitational Scaling Consistency:
[18:50:14] [INFO]    Mass-sigma correlation: r=0.780, p=0.2203
[18:50:14] [INFO]    Interpretation: inconsistent
[18:50:14] [INFO] 
   JUPITER:
[18:50:14] [INFO]       Events Analyzed: 2
[18:50:14] [INFO]       Expected Amplitude: 0.2200%
[18:50:14] [INFO]       Statistical Summary:
[18:50:14] [INFO]          Mean Sigma Level: 1.90σ
[18:50:14] [INFO]          Maximum Sigma Level: 2.79σ
[18:50:14] [INFO]          Mean Observed Amplitude: 90.76%
[18:50:14] [INFO]          Maximum Observed Amplitude: 103.18%
[18:50:14] [INFO]          Mean Enhancement Factor: 2.9x
[18:50:14] [INFO]          Maximum Enhancement Factor: 3.3x
[18:50:14] [INFO]       Notable Detections (2.0-3.0σ): 1
[18:50:14] [INFO]          2024-12-07: 2.79σ, 78.3%
[18:50:14] [INFO] 
   SATURN:
[18:50:14] [INFO]       Events Analyzed: 3
[18:50:14] [INFO]       Expected Amplitude: 0.0190%
[18:50:14] [INFO]       Statistical Summary:
[18:50:14] [INFO]          Mean Sigma Level: 2.81σ
[18:50:14] [INFO]          Maximum Sigma Level: 5.98σ
[18:50:14] [INFO]          Mean Observed Amplitude: 207.18%
[18:50:14] [INFO]          Maximum Observed Amplitude: 264.44%
[18:50:14] [INFO]          Mean Enhancement Factor: 76.3x
[18:50:14] [INFO]          Maximum Enhancement Factor: 97.4x
[18:50:14] [SUCCESS]       SIGNIFICANT DETECTIONS (≥3.0σ): 1
[18:50:14] [INFO]          2024-09-08: 5.98σ, 234.1% (72x expected)
[18:50:14] [INFO]       Notable Detections (2.0-3.0σ): 1
[18:50:14] [INFO]          2023-08-27: 2.45σ, 123.0%
[18:50:14] [INFO] 
   MARS:
[18:50:14] [INFO]       Events Analyzed: 1
[18:50:14] [INFO]       Expected Amplitude: 0.0050%
[18:50:14] [INFO]       Statistical Summary:
[18:50:14] [INFO]          Mean Sigma Level: 4.47σ
[18:50:14] [INFO]          Maximum Sigma Level: 4.47σ
[18:50:14] [INFO]          Mean Observed Amplitude: 70.10%
[18:50:14] [INFO]          Maximum Observed Amplitude: 70.10%
[18:50:14] [INFO]          Mean Enhancement Factor: 98.1x
[18:50:14] [INFO]          Maximum Enhancement Factor: 98.1x
[18:50:14] [SUCCESS]       SIGNIFICANT DETECTIONS (≥3.0σ): 1
[18:50:14] [INFO]          2025-01-16: 4.47σ, 70.1% (201x expected)
[18:50:14] [INFO] 
   VENUS:
[18:50:14] [INFO]       Events Analyzed: 2
[18:50:14] [INFO]       Expected Amplitude: 0.1000%
[18:50:14] [INFO]       Statistical Summary:
[18:50:14] [INFO]          Mean Sigma Level: 4.24σ
[18:50:14] [INFO]          Maximum Sigma Level: 5.44σ
[18:50:14] [INFO]          Mean Observed Amplitude: 252.08%
[18:50:14] [INFO]          Maximum Observed Amplitude: 345.26%
[18:50:14] [INFO]          Mean Enhancement Factor: 17.6x
[18:50:14] [INFO]          Maximum Enhancement Factor: 24.2x
[18:50:14] [SUCCESS]       SIGNIFICANT DETECTIONS (≥3.0σ): 2
[18:50:14] [INFO]          2023-08-13: 5.44σ, 158.9% (19x expected)
[18:50:14] [INFO]          2025-03-23: 3.04σ, 345.3% (37x expected)
[18:50:14] [INFO] 
   MERCURY:
[18:50:14] [INFO]       Events Analyzed: 8
[18:50:14] [INFO]       Expected Amplitude: 0.0100%
[18:50:14] [INFO]       Statistical Summary:
[18:50:14] [INFO]          Mean Sigma Level: 1.75σ
[18:50:14] [INFO]          Maximum Sigma Level: 4.28σ
[18:50:14] [INFO]          Mean Observed Amplitude: 107.70%
[18:50:14] [INFO]          Maximum Observed Amplitude: 257.93%
[18:50:14] [INFO]          Mean Enhancement Factor: 75.4x
[18:50:14] [INFO]          Maximum Enhancement Factor: 180.6x
[18:50:14] [SUCCESS]       SIGNIFICANT DETECTIONS (≥3.0σ): 1
[18:50:14] [INFO]          2025-03-15: 4.28σ, 257.9% (249x expected)
[18:50:14] [INFO]       Notable Detections (2.0-3.0σ): 2
[18:50:14] [INFO]          2023-08-28: 2.45σ, 122.6%
[18:50:14] [INFO]          2024-08-05: 2.21σ, 149.6%
[18:50:14] [INFO] 
[18:50:14] [INFO] ================================================================================
[18:50:14] [INFO] 
2. GEOPHYSICAL SIGNATURE ANALYSIS
[18:50:14] [INFO] ================================================================================
[18:50:14] [INFO] 
[18:50:14] [INFO]    Correlation with known Earth rotation and orbital parameters
[18:50:14] [INFO] 
   CHANDLER WOBBLE (14-month polar motion):
[18:50:14] [SUCCESS]       Detection Status: DETECTED (3.1σ equivalent)
[18:50:14] [INFO]       R² Correlation: 0.471 (threshold: >0.40, equivalent to >3.2σ)
[18:50:14] [INFO]       Period: 425 days (14.0 months)
[18:50:14] [INFO]       Temporal Coverage: 912 days (2.15 complete cycles)
[18:50:14] [INFO]       Interpretation: GPS timing correlations exhibit significant modulation
[18:50:14] [INFO]                      at Chandler wobble frequency, suggesting coupling to
[18:50:14] [INFO]                      Earth's polar motion dynamics
[18:50:14] [INFO] 
   EARTH ORBITAL MOTION (annual cycle):
[18:50:14] [SUCCESS]       Detection Status: DETECTED (5.6σ)
[18:50:14] [INFO]       Correlation Coefficient: r = -0.793 (threshold: |r| > 0.40, ≈3.2σ)
[18:50:14] [INFO]       Statistical Significance: p = 0.0000
[18:50:14] [INFO]       Temporal Samples: 34 (30-day windows)
[18:50:14] [INFO]       Interpretation: Directional anisotropy (E-W vs N-S) correlates with
[18:50:14] [INFO]                      Earth's position in orbit, suggesting orbital velocity
[18:50:14] [INFO]                      modulates GPS timing correlation structure
[18:50:14] [INFO] 
   MULTI-FREQUENCY BEAT PATTERNS:
[18:50:14] [INFO]       Significant Patterns: 0/0 (0.0%)
[18:50:14] [INFO]       Detection Threshold: p < 0.05, |r| > 0.3
[18:50:14] [INFO] 
[18:50:14] [INFO] ================================================================================
[18:50:14] [INFO] 
3. AMPLITUDE ENHANCEMENT ANALYSIS
[18:50:14] [INFO] ================================================================================
[18:50:14] [INFO] 
[18:50:14] [INFO]    Comparison of observed vs. expected gravitational coupling amplitudes
[18:50:14] [INFO] 
   Enhancement Factor Statistics (Observed/Expected Amplitude):
[18:50:14] [INFO]       Number of Significant Detections: 5
[18:50:14] [INFO]       Mean Enhancement: 115.5x
[18:50:14] [INFO]       Median Enhancement: 71.8x
[18:50:14] [INFO]       Standard Deviation: 92.0x
[18:50:14] [INFO]       Range: 19.5x - 248.5x
[18:50:14] [INFO]       Coefficient of Variation: 0.80
[18:50:14] [INFO] 
   Mechanistic Interpretation:
[18:50:14] [INFO]       Mean enhancement >100x indicates NON-LINEAR COUPLING mechanism.
[18:50:14] [INFO]       Such large amplification cannot be explained by direct
[18:50:14] [INFO]       gravitational effects and suggests resonance, tidal amplification,
[18:50:14] [INFO]       or parametric coupling processes with geophysical modes.
[18:50:14] [INFO] 
[18:50:14] [INFO] ================================================================================
[18:50:14] [INFO] 
4. TEP THEORY IMPLICATIONS
[18:50:14] [INFO] ================================================================================
[18:50:14] [INFO] 
[18:50:14] [INFO] 
   Evidence Summary for Temporal Equivalence Principle:
[18:50:14] [SUCCESS]       1. Planetary Gravitational Coupling: DETECTED
[18:50:14] [INFO]          5 significant event(s) with amplitude modulation
[18:50:14] [SUCCESS]       2. Chandler Wobble Correlation: DETECTED
[18:50:14] [INFO]          R² = 0.471
[18:50:14] [SUCCESS]       3. Orbital Motion Correlation: DETECTED
[18:50:14] [INFO]          r = -0.793
[18:50:14] [WARNING]       4. Multi-Frequency Coherence: NOT DETECTED
[18:50:14] [INFO] 
   Overall Assessment:
[18:50:14] [SUCCESS]       STRONG SUPPORT for TEP
[18:50:14] [INFO]       Multiple independent lines of evidence (3/4) demonstrate
[18:50:14] [INFO]       that GPS timing correlations exhibit systematic modulation by
[18:50:14] [INFO]       gravitational and rotational dynamics, consistent with TEP
[18:50:14] [INFO]       predictions of temporal field coupling to spacetime geometry.
[18:50:14] [INFO] 
[18:50:14] [INFO] ================================================================================
[18:50:14] [INFO] ================================================================================
[18:50:14] [INFO] ================================================================================
[18:50:14] [INFO] 
[18:50:14] [SUCCESS] Statistical validation complete for IGS_COMBINED in 178.7s
[18:50:14] [SUCCESS] Results saved: /Users/matthewsmawfield/www/TEP-GNSS/results/outputs/step_2_2_geospatial_temporal_analysis_igs_combined.json
[18:50:14] [INFO] 
============================================================
[18:50:14] [INFO] 
[18:50:14] [INFO] ================================================================================
[18:50:14] [INFO] PROCESSING ESA_FINAL - Geospatial Temporal Analysis
[18:50:14] [INFO] ================================================================================
[18:50:14] [INFO] 
[18:50:14] [INFO] ============================================================
[18:50:14] [INFO] Starting geospatial temporal analysis for ESA_FINAL
[18:50:14] [INFO] ============================================================
[18:50:14] [INFO] MULTI-SCALE TEMPORAL WINDOW STRATEGY:
[18:50:14] [INFO]   Temporal Orbital Tracking: 30-day windows (seasonal signal + noise reduction)
[18:50:14] [INFO]   Mesh Dance Analysis: OPTIMIZED (90d coherence + 30d oscillation/spiral)
[18:50:14] [INFO]   Planetary Oppositions: 240-day windows (optimal coupling timescale)
[18:50:14] [INFO]   Chandler Wobble: Full 433-day cycle (period-matched analysis)
[18:50:14] [INFO]   Beat Analysis: Period-specific windows (matched to each frequency)
[18:50:14] [INFO] Rationale: Each analysis uses windows matched to its characteristic physical timescale
[18:50:14] [INFO] Based on empirical analysis showing optimal coupling at 240 days (Savitzky-Golay)
[18:50:14] [INFO] ============================================================
[18:50:14] [PROCESS] Loading complete geospatial dataset from Step 2.1 for ESA_FINAL...
[18:50:14] [INFO] Loading from /Users/matthewsmawfield/www/TEP-GNSS/data/processed/step_2_1_geospatial_esa_final.csv
[18:50:14] [DEBUG] File size: 1395.7 MB
[18:50:14] [PROCESS] Reading CSV file into memory...
[18:50:22] [SUCCESS] CSV loaded successfully: 10,809,084 rows
[18:50:22] [PROCESS] Computing coherence values from plateau phase...
[18:50:22] [PROCESS] Cleaning and filtering data...
[18:50:26] [DEBUG] Data filtering: 10,809,084 → 10,809,084 → 10,809,084 → 10,809,084 → 10,809,084 pairs
[18:50:26] [SUCCESS] No pairs filtered - data is clean from Step 2.1
[18:50:26] [INFO] Data quality metrics:
[18:50:26] [INFO]   Coherence range: [-1.000000, 1.000000]
[18:50:26] [INFO]   Coherence mean: 0.010740 ± 0.713534
[18:50:26] [INFO]   Distance range: [2.6, 19937.3] km
[18:50:26] [INFO]   Distance mean: 9801.0 ± 4482.2 km
[18:50:27] [SUCCESS] Geospatial dataset loaded: 10,809,084 pairs, 2.11 GB
[18:50:27] [SUCCESS] Azimuth already computed in Step 2.1 - no redundant calculation needed
[18:50:27] [DEBUG] Step 2.1 log exists but no pair count found for esa_final
[18:50:27] [PROCESS] Verifying required columns are present...
[18:50:27] [SUCCESS] All required columns present: ['azimuth', 'delta_longitude', 'delta_local_time']
[18:50:27] [INFO] Available columns: ['date', 'station_i', 'station_j', 'dist_km', 'plateau_phase', 'station1_lat', 'station1_lon', 'station2_lat', 'station2_lon', 'azimuth', 'delta_longitude', 'delta_local_time', 'coherence']
[18:50:27] [INFO] Memory usage: 2.4/24.0 GB (90.0%)
[18:50:28] [PROCESS] Starting enhanced anisotropy analysis...
[18:50:29] [INFO] Analyzing 10,809,084 pairs with coordinate information
[18:50:29] [SUCCESS] Using pre-computed azimuths from Step 2.1
[18:50:29] [PROCESS] Classifying pairs into directional sectors...
[18:50:30] [PROCESS] Applying distance distribution matching guardrails...
[18:51:40] [SUCCESS] Distance distribution matching applied to 8 sectors
[18:51:40] [INFO] Analyzing 8 directional sectors with 40 distance bins
[18:51:40] [PROCESS] Processing sector 1/8: N (4,990 matched pairs from 1,527,362 original)
[18:51:40] [DEBUG]   Binning N matched data into 40 distance bins...
[18:51:40] [DEBUG]   N: 13 valid bins (min 50 pairs per bin)
[18:51:40] [DEBUG]   Fitting exponential correlation model to N matched data...
[18:51:40] [SUCCESS]   N fit successful: λ = 941.1 km, R² = 0.156 (distance-matched)
[18:51:40] [PROCESS] Processing sector 2/8: NE (4,990 matched pairs from 1,832,455 original)
[18:51:40] [DEBUG]   Binning NE matched data into 40 distance bins...
[18:51:40] [DEBUG]   NE: 13 valid bins (min 50 pairs per bin)
[18:51:40] [DEBUG]   Fitting exponential correlation model to NE matched data...
[18:51:40] [SUCCESS]   NE fit successful: λ = 9705.5 km, R² = 0.227 (distance-matched)
[18:51:40] [PROCESS] Processing sector 3/8: E (4,990 matched pairs from 1,253,299 original)
[18:51:40] [DEBUG]   Binning E matched data into 40 distance bins...
[18:51:40] [DEBUG]   E: 14 valid bins (min 50 pairs per bin)
[18:51:40] [DEBUG]   Fitting exponential correlation model to E matched data...
[18:51:40] [SUCCESS]   E fit successful: λ = 2822.3 km, R² = 0.515 (distance-matched)
[18:51:40] [PROCESS] Processing sector 4/8: SE (4,990 matched pairs from 1,148,683 original)
[18:51:40] [DEBUG]   Binning SE matched data into 40 distance bins...
[18:51:40] [DEBUG]   SE: 14 valid bins (min 50 pairs per bin)
[18:51:40] [DEBUG]   Fitting exponential correlation model to SE matched data...
[18:51:40] [SUCCESS]   SE fit successful: λ = 9695.1 km, R² = 0.298 (distance-matched)
[18:51:40] [PROCESS] Processing sector 5/8: S (4,990 matched pairs from 868,287 original)
[18:51:40] [DEBUG]   Binning S matched data into 40 distance bins...
[18:51:40] [DEBUG]   S: 15 valid bins (min 50 pairs per bin)
[18:51:40] [DEBUG]   Fitting exponential correlation model to S matched data...
[18:51:40] [SUCCESS]   S fit successful: λ = 4617.7 km, R² = 0.375 (distance-matched)
[18:51:40] [PROCESS] Processing sector 6/8: SW (4,990 matched pairs from 1,156,539 original)
[18:51:40] [DEBUG]   Binning SW matched data into 40 distance bins...
[18:51:40] [DEBUG]   SW: 14 valid bins (min 50 pairs per bin)
[18:51:40] [DEBUG]   Fitting exponential correlation model to SW matched data...
[18:51:40] [SUCCESS]   SW fit successful: λ = 4850.7 km, R² = 0.760 (distance-matched)
[18:51:41] [PROCESS] Processing sector 7/8: W (4,990 matched pairs from 1,191,038 original)
[18:51:41] [DEBUG]   Binning W matched data into 40 distance bins...
[18:51:41] [DEBUG]   W: 13 valid bins (min 50 pairs per bin)
[18:51:41] [DEBUG]   Fitting exponential correlation model to W matched data...
[18:51:41] [SUCCESS]   W fit successful: λ = 6199.7 km, R² = 0.529 (distance-matched)
[18:51:41] [PROCESS] Processing sector 8/8: NW (4,990 matched pairs from 1,831,421 original)
[18:51:41] [DEBUG]   Binning NW matched data into 40 distance bins...
[18:51:41] [DEBUG]   NW: 13 valid bins (min 50 pairs per bin)
[18:51:41] [DEBUG]   Fitting exponential correlation model to NW matched data...
[18:51:41] [SUCCESS]   NW fit successful: λ = 9722.9 km, R² = -0.000 (distance-matched)
[18:51:41] [PROCESS] Computing anisotropy statistics from 8 successful sector fits...
[18:51:41] [SUCCESS] Enhanced Anisotropy complete: 8 sectors, CV = 0.522
[18:51:41] [PROCESS] Starting Temporal Orbital Tracking Analysis...
[18:51:41] [PROCESS] Testing for seasonal orbital motion signatures in GPS timing correlations
[18:51:41] [INFO] Temporal range: 2023-01-01 00:00:00 to 2025-06-30 00:00:00
[18:51:41] [INFO] Day of year range: 1 to 366
[18:51:41] [SUCCESS] Using pre-computed azimuths from Step 2.1
[18:51:44] [PROCESS] Tracking E-W/N-S ratio across 34 temporal samples (each using 30-day windows)...
[18:51:44] [INFO] Window strategy: Each sample uses ±15 days (30-day total) to balance seasonal signal with noise reduction
[18:51:50] [SUCCESS] Robust correlation confirmed: E-W/N-S anisotropy correlates with Earth's orbital motion (r=-0.571, p=0.0004)
[18:51:50] [INFO] Results indicate GPS timing correlations may reflect Earth's orbital dynamics
[18:51:50] [SUCCESS] Temporal orbital tracking complete: 34 samples analyzed
[18:51:50] [PROCESS] Starting Chandler Wobble Analysis (14-month period)...
[18:51:51] [INFO] Temporal coverage: 912 days (2.15 Chandler cycles)
[18:51:55] [SUCCESS] Chandler wobble signature detected: R² = 0.453
[18:51:55] [SUCCESS] CHANDLER WOBBLE ANALYSIS RESULTS:
[18:51:55] [INFO]   Chandler Period: 14.0 months (433 days)
[18:51:55] [INFO]   Temporal Coverage: 912 days (2.11 Chandler cycles)
[18:51:55] [INFO]   Phase Bins Analyzed: 18
[18:51:55] [SUCCESS]   Chandler Signature: R² = 0.453 (DETECTED)
[18:51:55] [SUCCESS] Chandler wobble analysis complete: 18 phase bins analyzed
[18:51:55] [PROCESS] Starting 3D Spherical Harmonic Analysis...
[18:51:55] [SUCCESS] Using pre-computed azimuths from Step 2.1
[18:51:55] [PROCESS] Computing elevation angles for 3D analysis...
[18:51:59] [SUCCESS] Strong 3D anisotropy detected: strength = 1.981
[18:51:59] [SUCCESS] 3D SPHERICAL HARMONIC ANALYSIS RESULTS:
[18:51:59] [INFO]   3D Anisotropy Strength: 1.981
[18:51:59] [INFO]   Spherical Bins Analyzed: 16
[18:51:59] [INFO]   Azimuth Resolution: 16 bins (22.5° each)
[18:51:59] [INFO]   Elevation Resolution: 8 bins (0-90°)
[18:51:59] [SUCCESS]   Strong 3D Structure: 1.981 (DETECTED)
[18:51:59] [SUCCESS] 3D spherical harmonic analysis complete: 16 bins analyzed
[18:51:59] [PROCESS] Starting Multi-Frequency Beat Analysis (Aligned with Step 3.6)...
[18:51:59] [INFO] Analyzing 12 frequency bands aligned with Step 3.6
[18:51:59] [INFO]   tidal_diurnal: 15 µHz (0.8 day period)
[18:51:59] [INFO]   tidal_semidiurnal: 25 µHz (0.5 day period)
[18:51:59] [INFO]   post_tidal_30_40: 35 µHz (0.3 day period)
[18:51:59] [INFO]   post_tidal_40_50: 45 µHz (0.3 day period)
[18:51:59] [INFO]   post_tidal_50_100: 75 µHz (0.2 day period)
[18:51:59] [INFO]   intermediate_100_200: 150 µHz (0.1 day period)
[18:51:59] [INFO]   intermediate_200_350: 275 µHz (0.0 day period)
[18:51:59] [INFO]   intermediate_350_500: 425 µHz (0.0 day period)
[18:51:59] [INFO]   transition_500_750: 625 µHz (0.0 day period)
[18:51:59] [INFO]   transition_750_1000: 875 µHz (0.0 day period)
[18:51:59] [INFO]   control_1000_1500: 1250 µHz (0.0 day period)
[18:51:59] [INFO]   control_2000_3000: 2500 µHz (0.0 day period)
[18:51:59] [INFO] Analyzing short range (50-500 km): 22,394 pairs
[18:51:59] [INFO] Analyzing medium range (500-2000 km): 412,408 pairs
[18:52:01] [INFO] Analyzing long range (2000-10000 km): 5,221,005 pairs
[18:52:03] [INFO] Analyzing very_long range (10000-20000 km): 5,149,945 pairs
[18:52:04] [SUCCESS] MULTI-FREQUENCY BEAT ANALYSIS (STEP 3.6 ALIGNED) COMPLETE:
[18:52:04] [INFO]   Frequency Bands Analyzed: 12
[18:52:04] [INFO]   Significant Beat Patterns: 0
[18:52:04] [INFO]   Detection Threshold: |r| > 0.3
[18:52:04] [PROCESS] Starting Relative Motion Beat Analysis...
[18:52:09] [SUCCESS] RELATIVE MOTION BEAT ANALYSIS RESULTS:
[18:52:09] [INFO]   Significant Beat Patterns: 10
[18:52:09] [INFO]   Total Beat Patterns Analyzed: 12
[18:52:09] [INFO]   Detection Threshold: R² > 0.2
[18:52:09] [INFO]   ALL SIGNIFICANT RELATIVE MOTION BEAT PATTERNS:
[18:52:09] [INFO]     short_chandler_annual_sum: R²=0.402, Period=196.9 days, Amplitude=-0.0092, Range=short
[18:52:09] [INFO]     short_chandler_semiannual_sum: R²=0.617, Period=127.9 days, Amplitude=0.0052, Range=short
[18:52:09] [INFO]     short_rotation_tidal_beat: R²=0.378, Period=0.5 days, Amplitude=0.0089, Range=short
[18:52:09] [INFO]     medium_tidal_m2_tidal_s2_diff: R²=0.394, Period=14.8 days, Amplitude=-0.0033, Range=medium
[18:52:09] [INFO]     medium_chandler_annual_sum: R²=0.933, Period=196.9 days, Amplitude=0.0108, Range=medium
[18:52:09] [INFO]     medium_chandler_semiannual_sum: R²=0.822, Period=127.9 days, Amplitude=0.0119, Range=medium
[18:52:09] [INFO]     medium_rotation_tidal_beat: R²=0.616, Period=0.5 days, Amplitude=0.0053, Range=medium
[18:52:09] [INFO]     long_chandler_annual_sum: R²=0.285, Period=196.9 days, Amplitude=-0.0013, Range=long
[18:52:09] [INFO]     long_chandler_semiannual_sum: R²=0.633, Period=127.9 days, Amplitude=-0.0039, Range=long
[18:52:09] [INFO]     long_rotation_tidal_beat: R²=0.339, Period=0.5 days, Amplitude=0.0011, Range=long
[18:52:09] [SUCCESS] Relative motion beat analysis complete: 10 significant patterns detected
[18:52:09] [PROCESS] Starting Mesh Dance Analysis - Network Coherence Assessment
[18:52:09] [PROCESS] Analyzing coherent motion patterns of GPS station network...
[18:52:10] [INFO] Analyzing mesh coherence patterns...
[18:52:10] [INFO] Using OPTIMIZED windows: 90d for coherence (10 samples), 30d for oscillation/spiral
[18:52:15] [INFO] Using 31 high-resolution 30-day windows for spiral/oscillation detection
[18:52:15] [INFO] Analyzing spiral dynamics of mesh motion...
[18:52:15] [INFO] Analyzing collective mesh oscillation patterns...
[18:52:15] [INFO] Oscillation analysis using 31 samples (window size: 30d)
[18:52:15] [INFO] Analyzing spacetime coupling signatures...
[18:52:15] [INFO] Computing network coherence classification...
[18:52:15] [SUCCESS] MESH DANCE ANALYSIS RESULTS:
[18:52:15] [INFO]   Network Coherence Score: 0.489
[18:52:15] [INFO]   Dance Classification: WEAK NETWORK COHERENCE - Limited collective motion detected
[18:52:15] [INFO]   Time Windows Analyzed: 11
[18:52:15] [INFO]   Temporal Span: 900 days
[18:52:15] [INFO]   DEBUG - Component Scores:
[18:52:15] [INFO]     Mesh Coherence: 0.837 (base: 0.644)
[18:52:15] [INFO]     Spiral Score: 0.017 (detected: False)
[18:52:15] [INFO]     Oscillation Score: 0.465 (detected: True)
[18:52:15] [INFO]     Earth Coupling Score: 0.333 (detected: True)
[18:52:15] [INFO]     Significant Components: 2/3
[18:52:15] [INFO]     Boost Factor: 1.30x
[18:52:15] [INFO]     Base Score: 0.489 → Final Score: 0.489
[18:52:15] [INFO]   DEBUG - Best Oscillation Details:
[18:52:15] [INFO]     Period: 365.2 days
[18:52:15] [INFO]     Correlation: -0.465
[18:52:15] [INFO]     R²: 0.216
[18:52:15] [INFO]     P-value: 0.0085
[18:52:15] [INFO]   Best Collective Oscillation: 365.2 day period
[18:52:15] [INFO]      Oscillation R²: 0.216
[18:52:15] [INFO]      Significant Oscillations: 2
[18:52:15] [SUCCESS] MESH DANCE ANALYSIS COMPLETE: WEAK NETWORK COHERENCE - Limited collective motion detected
[18:52:15] [PROCESS] Starting Jupiter Opposition Pulse Analysis...
[18:52:15] [INFO] Data coverage: 2023-01-01 to 2025-06-30 (912 days)
[18:52:15] [INFO] Using 240-day windows (±120 days) for optimal gravitational coupling detection
[18:52:15] [INFO] Analyzing 2 Jupiter opposition events
[18:52:15] [INFO] Event window: ±120 days, Expected Amplitude: 0.220%
[18:52:15] [INFO] Jupiter orbital period: ~11.86 years, Opposition frequency: ~1.09 years
[18:52:15] [PROCESS]   Processing event: Jupiter_Opposition_2023 (2023-11-03)
[18:52:16] [INFO]     Signal detected for Jupiter_Opposition_2023: 1.0σ (below 3.0σ threshold), -55.0% amplitude
[18:52:16] [PROCESS]   Processing event: Jupiter_Opposition_2024 (2024-12-07)
[18:52:17] [INFO]     Signal detected for Jupiter_Opposition_2024: 1.9σ (below 3.0σ threshold), -77.9% amplitude
[18:52:17] [SUCCESS] Jupiter opposition analysis complete: 2 events analyzed
[18:52:17] [PROCESS] Starting Saturn Opposition Analysis...
[18:52:17] [INFO] Using 240-day windows (±120 days) aligned with optimal coupling timescale
[18:52:17] [INFO] Analyzing 3 Saturn opposition events
[18:52:17] [INFO] Event window: ±120 days, Expected Amplitude: 0.019%
[18:52:17] [INFO] Saturn orbital period: ~29.46 years, Opposition frequency: ~1.04 years
[18:52:17] [INFO] Data coverage: 2023-01-01 to 2025-06-30 (912 days)
[18:52:17] [PROCESS]   Processing event: saturn_2023 (2023-08-27)
[18:52:18] [INFO]     Signal detected for saturn_2023: 1.3σ (below 3.0σ threshold), 62.6% amplitude
[18:52:18] [PROCESS]   Processing event: saturn_2024 (2024-09-08)
[18:52:19] [INFO]     Signal detected for saturn_2024: 2.7σ (below 3.0σ threshold), 116.6% amplitude
[18:52:19] [PROCESS]   Processing event: saturn_2025 (2025-09-21)
[18:52:19] [INFO]     Signal detected for saturn_2025: 0.0σ (below 3.0σ threshold), 243.1% amplitude
[18:52:19] [SUCCESS] Saturn opposition analysis complete: 3 events analyzed
[18:52:19] [PROCESS] Starting Mars Opposition Analysis...
[18:52:20] [INFO] Using 240-day windows (±120 days) for maximum sensitivity to weak Mars signal
[18:52:20] [INFO] Analyzing 1 Mars opposition events
[18:52:20] [INFO] Event window: ±120 days, Expected Amplitude: 0.0050% (weakest expected signal)
[18:52:20] [INFO] Mars orbital period: ~1.88 years, Opposition frequency: ~2.13 years
[18:52:20] [INFO] Data coverage: 2023-01-01 to 2025-06-30 (912 days)
[18:52:20] [PROCESS]   Processing event: mars_2025 (2025-01-16)
[18:52:21] [INFO]     Signal detected for mars_2025: 1.9σ (below 3.0σ threshold), -101.0% amplitude
[18:52:21] [SUCCESS] Mars opposition analysis complete: 1 events analyzed
[18:52:21] [PROCESS] Starting Venus Inferior Conjunction Analysis...
[18:52:21] [INFO] Using 240-day windows (±120 days) for optimal Venus coupling detection
[18:52:21] [INFO] Analyzing 2 Venus inferior conjunction events
[18:52:21] [INFO] Event window: ±120 days, Expected Amplitude: 0.100%
[18:52:21] [INFO] Venus synodic period: ~584 days (~19 months)
[18:52:21] [INFO] Data coverage: 2023-01-01 to 2025-06-30 (912 days)
[18:52:21] [PROCESS]   Processing event: venus_2023 (2023-08-13)
[18:52:22] [INFO]     Signal detected for venus_2023: 1.6σ (below 3.0σ threshold), 72.6% amplitude
[18:52:22] [PROCESS]   Processing event: venus_2025 (2025-03-23)
[18:52:23] [SUCCESS]     Significant detection for venus_2025: 3.9σ (exceeds 3.0σ threshold), 187.5% amplitude
[18:52:23] [SUCCESS] Venus inferior conjunction analysis complete: 2 events analyzed
[18:52:23] [PROCESS] Starting Mercury Inferior Conjunction Analysis...
[18:52:23] [INFO] Using 240-day windows (±120 days) for maximum sensitivity to weak Mercury signal
[18:52:23] [INFO] Analyzing 8 Mercury inferior conjunction events
[18:52:23] [INFO] Event window: ±120 days, Expected Amplitude: 0.0100%
[18:52:23] [INFO] Mercury synodic period: ~116 days (~4 months) - high frequency provides statistical power
[18:52:23] [INFO] Data coverage: 2023-01-01 to 2025-06-30 (912 days)
[18:52:23] [PROCESS]   Processing event: mercury_2023_01 (2023-01-07)
[18:52:24] [INFO]     Signal detected for mercury_2023_01: 1.9σ (below 3.0σ threshold), 235.0% amplitude
[18:52:24] [PROCESS]   Processing event: mercury_2023_05 (2023-05-01)
[18:52:25] [INFO]     Signal detected for mercury_2023_05: 1.8σ (below 3.0σ threshold), 203.7% amplitude
[18:52:25] [PROCESS]   Processing event: mercury_2023_09 (2023-08-28)
[18:52:26] [INFO]     Signal detected for mercury_2023_09: 1.3σ (below 3.0σ threshold), 62.9% amplitude
[18:52:26] [PROCESS]   Processing event: mercury_2023_12 (2023-12-22)
[18:52:27] [INFO]     Signal detected for mercury_2023_12: 1.1σ (below 3.0σ threshold), -73.9% amplitude
[18:52:27] [PROCESS]   Processing event: mercury_2024_04 (2024-04-11)
[18:52:28] [INFO]     Signal detected for mercury_2024_04: 1.5σ (below 3.0σ threshold), 194.1% amplitude
[18:52:28] [PROCESS]   Processing event: mercury_2024_08 (2024-08-05)
[18:52:29] [INFO]     Signal detected for mercury_2024_08: 2.1σ (below 3.0σ threshold), 179.5% amplitude
[18:52:29] [PROCESS]   Processing event: mercury_2024_11 (2024-11-26)
[18:52:31] [INFO]     Signal detected for mercury_2024_11: 2.3σ (below 3.0σ threshold), 292.1% amplitude
[18:52:31] [PROCESS]   Processing event: mercury_2025_03 (2025-03-15)
[18:52:32] [SUCCESS]     Significant detection for mercury_2025_03: 3.8σ (exceeds 3.0σ threshold), 182.7% amplitude
[18:52:32] [SUCCESS] Mercury inferior conjunction analysis complete: 8 events analyzed
[18:52:33] [PROCESS] Starting Solar Rotation Cycle Analysis...
[18:52:33] [INFO] Testing TEP coupling to rotating solar magnetic field (Carrington rotation)
[18:52:33] [INFO] Data coverage: 2023-01-01 to 2025-06-30 (912 days)
[18:52:33] [INFO] Solar rotation period: 27.0 days (~33.8 complete rotations)
[18:52:33] [INFO] Solar Rotation: Peak at 21.7 days but not significant
[18:52:33] [INFO]   Correlation: r=-0.076, p=0.0221, SNR=6.2
[18:52:33] [SUCCESS] Solar rotation analysis complete
[18:52:33] [PROCESS] Starting Lunar Standstill Analysis (Event-Based)...
[18:52:33] [INFO] Data coverage: 2023-01-01 to 2025-06-30 (912 days)
[18:52:33] [INFO] Lunar standstill event window: ±180 days (±5.9 months)
[18:52:33] [INFO] Expected amplitude: 0.050%
[18:52:33] [INFO] Analyzing 1 lunar standstill event(s)
[18:52:33] [PROCESS]   Processing event: lunar_standstill_2025 (2025-06-01)
[18:52:34] [SUCCESS]     SIGNIFICANT lunar standstill signal: 3.8σ
[18:52:34] [SUCCESS] Lunar standstill analysis complete: Significant Lunar Standstill signal(s) detected: 1
[18:52:34] [INFO] Memory usage: 2.1/24.0 GB (88.2%)
[18:52:34] [INFO] 
[18:52:34] [INFO] ================================================================================
[18:52:34] [INFO] JUPITER OPPOSITION ANALYSIS SUMMARY - ESA_FINAL
[18:52:34] [INFO] ================================================================================
[18:52:34] [INFO] 
[18:52:34] [INFO] Jupiter Opposition: 1 SUB-SIGNIFICANT DETECTION(S) (1.0-2.0σ)
[18:52:34] [INFO]    2024-12-07: 1.9σ, -77.9% amplitude
[18:52:34] [INFO] Statistical Summary:
[18:52:34] [INFO]    Total Events Analyzed: 2
[18:52:34] [INFO]    Detections ≥1.0σ: 1/2 (50.0%)
[18:52:34] [INFO]    Average Amplitude: 66.4% (expected: 0.220%)
[18:52:34] [INFO]    Maximum Amplitude: 77.9% (2x expected)
[18:52:34] [INFO]    Stacked Analysis: Deferred to Step 4.4 for comprehensive multi-planet correlation
[18:52:34] [INFO] --------------------------------------------------
[18:52:34] [INFO] 
[18:52:34] [INFO] ================================================================================
[18:52:34] [INFO] SATURN OPPOSITION ANALYSIS SUMMARY - ESA_FINAL
[18:52:34] [INFO] ================================================================================
[18:52:34] [INFO] 
[18:52:34] [INFO] Saturn Opposition: 1 NOTABLE DETECTION(S) (2.0-3.0σ)
[18:52:34] [INFO]    2024-09-08: 2.7σ, 116.6% amplitude (6138x expected)
[18:52:34] [INFO] Statistical Summary:
[18:52:34] [INFO]    Total Events Analyzed: 3
[18:52:34] [INFO]    Detections ≥1.0σ: 2/3 (66.7%)
[18:52:34] [INFO]    Average Amplitude: 140.8% (expected: 0.019%)
[18:52:34] [INFO]    Maximum Amplitude: 243.1% (90x expected)
[18:52:34] [INFO]    Stacked Analysis: Deferred to Step 4.4 for comprehensive multi-planet correlation
[18:52:34] [INFO] --------------------------------------------------
[18:52:34] [INFO] 
[18:52:34] [INFO] ================================================================================
[18:52:34] [INFO] MARS OPPOSITION ANALYSIS SUMMARY - ESA_FINAL
[18:52:34] [INFO] ================================================================================
[18:52:34] [INFO] 
[18:52:34] [INFO] Mars Opposition: 1 SUB-SIGNIFICANT DETECTION(S) (1.0-2.0σ)
[18:52:34] [INFO]    2025-01-16: 1.9σ, -101.0% amplitude
[18:52:34] [INFO] Statistical Summary:
[18:52:34] [INFO]    Total Events Analyzed: 1
[18:52:34] [INFO]    Detections ≥1.0σ: 1/1 (100.0%)
[18:52:34] [INFO]    Average Amplitude: 101.0% (expected: 0.0050%)
[18:52:34] [INFO]    Maximum Amplitude: 101.0% (141x expected)
[18:52:34] [INFO]    Stacked Analysis: Deferred to Step 4.4 for comprehensive multi-planet correlation
[18:52:34] [INFO] --------------------------------------------------
[18:52:34] [PROCESS] Loading complete geospatial dataset from Step 2.1 for ESA_FINAL...
[18:52:34] [INFO] Loading from /Users/matthewsmawfield/www/TEP-GNSS/data/processed/step_2_1_geospatial_esa_final.csv
[18:52:34] [DEBUG] File size: 1395.7 MB
[18:52:34] [PROCESS] Reading CSV file into memory...
[18:52:42] [SUCCESS] CSV loaded successfully: 10,809,084 rows
[18:52:42] [PROCESS] Computing coherence values from plateau phase...
[18:52:43] [PROCESS] Cleaning and filtering data...
[18:52:46] [DEBUG] Data filtering: 10,809,084 → 10,809,084 → 10,809,084 → 10,809,084 → 10,809,084 pairs
[18:52:46] [SUCCESS] No pairs filtered - data is clean from Step 2.1
[18:52:46] [INFO] Data quality metrics:
[18:52:46] [INFO]   Coherence range: [-1.000000, 1.000000]
[18:52:47] [INFO]   Coherence mean: 0.010740 ± 0.713534
[18:52:47] [INFO]   Distance range: [2.6, 19937.3] km
[18:52:47] [INFO]   Distance mean: 9801.0 ± 4482.2 km
[18:52:48] [SUCCESS] Geospatial dataset loaded: 10,809,084 pairs, 2.11 GB
[18:52:48] [SUCCESS] Azimuth already computed in Step 2.1 - no redundant calculation needed
[18:52:48] [DEBUG] Step 2.1 log exists but no pair count found for esa_final
[18:52:48] [PROCESS] Verifying required columns are present...
[18:52:48] [SUCCESS] All required columns present: ['azimuth', 'delta_longitude', 'delta_local_time']
[18:52:48] [INFO] Available columns: ['date', 'station_i', 'station_j', 'dist_km', 'plateau_phase', 'station1_lat', 'station1_lon', 'station2_lat', 'station2_lon', 'azimuth', 'delta_longitude', 'delta_local_time', 'coherence']
[18:52:48] [INFO] Memory usage: 2.4/24.0 GB (89.4%)
[18:52:48] [INFO] 
================================================================================
[18:52:48] [PROCESS] Starting Temporal Coherence Assessment...
[18:52:50] [SUCCESS] Temporal Coherence Assessment Complete
[18:52:50] [INFO]   Coherent Timescales: 4/4
[18:52:50] [INFO]   Spatial Bins Analyzed: 4
[18:52:50] [INFO]   Weekly: autocorr=0.377 (coherent)
[18:52:50] [INFO]   Monthly: autocorr=0.646 (coherent)
[18:52:50] [INFO]   Quarterly: autocorr=0.659 (coherent)
[18:52:50] [INFO]   Biannual: autocorr=0.596 (coherent)
[18:52:50] [INFO] 

[18:52:50] [INFO] 
[18:52:50] [INFO] ================================================================================
[18:52:50] [INFO] ================================================================================
[18:52:50] [INFO] ================================================================================
[18:52:50] [INFO] 
[18:52:50] [INFO] 
[18:52:50] [INFO] ================================================================================
[18:52:50] [INFO] COMPREHENSIVE SCIENTIFIC SIGNIFICANCE REPORT - ESA_FINAL
[18:52:50] [INFO] ================================================================================
[18:52:50] [INFO] 
[18:52:50] [INFO] 
[18:52:50] [INFO] ================================================================================
[18:52:50] [INFO] ================================================================================
[18:52:50] [INFO] ================================================================================
[18:52:50] [INFO] 
[18:52:50] [INFO] 
[18:52:50] [INFO] ================================================================================
[18:52:50] [INFO] 
1. PLANETARY GRAVITATIONAL EVENT ANALYSIS
[18:52:50] [INFO] ================================================================================
[18:52:50] [INFO] 
[18:52:50] [INFO]    Analysis of GPS timing correlation response to planetary configurations
[18:52:50] [INFO]    Detection threshold: 3.0σ (99.7% confidence)
[18:52:50] [INFO] 
[18:52:50] [INFO] ================================================================================
[18:52:50] [INFO] \n================================================================================
[18:52:50] [INFO] ================================================================================
[18:52:50] [INFO] 
[18:52:50] [INFO] 
[18:52:50] [INFO] ================================================================================
[18:52:50] [INFO] STATISTICAL SIGNIFICANCE CORRECTIONS
[18:52:50] [INFO] ================================================================================
[18:52:50] [INFO] 
[18:52:50] [INFO] 
[18:52:50] [INFO] ================================================================================
[18:52:50] [INFO] ================================================================================
[18:52:50] [INFO] ================================================================================
[18:52:50] [INFO] 
[18:52:50] [PROCESS] Testing gravitational scaling consistency...
[18:52:50] [INFO] Multiple Testing Correction Results:
[18:52:50] [INFO]    Total tests: 2
[18:52:50] [INFO]    Uncorrected significant: 2
[18:52:50] [INFO]    Bonferroni significant: 2
[18:52:50] [INFO]    FDR significant: 2
[18:52:50] [INFO]    Bonferroni α: 0.025000
[18:52:50] [INFO] 
   JUPITER:
[18:52:50] [INFO]       Events Analyzed: 2
[18:52:50] [INFO]       Expected Amplitude: 0.2200%
[18:52:50] [INFO]       Statistical Summary:
[18:52:50] [INFO]          Mean Sigma Level: 1.45σ
[18:52:50] [INFO]          Maximum Sigma Level: 1.92σ
[18:52:50] [INFO]          Mean Observed Amplitude: 66.44%
[18:52:50] [INFO]          Maximum Observed Amplitude: 77.88%
[18:52:50] [INFO]          Mean Enhancement Factor: 2.1x
[18:52:50] [INFO]          Maximum Enhancement Factor: 2.5x
[18:52:50] [INFO] 
   SATURN:
[18:52:50] [INFO]       Events Analyzed: 3
[18:52:50] [INFO]       Expected Amplitude: 0.0190%
[18:52:50] [INFO]       Statistical Summary:
[18:52:50] [INFO]          Mean Sigma Level: 1.34σ
[18:52:50] [INFO]          Maximum Sigma Level: 2.71σ
[18:52:50] [INFO]          Mean Observed Amplitude: 140.77%
[18:52:50] [INFO]          Maximum Observed Amplitude: 243.09%
[18:52:50] [INFO]          Mean Enhancement Factor: 51.9x
[18:52:50] [INFO]          Maximum Enhancement Factor: 89.6x
[18:52:50] [INFO]       Notable Detections (2.0-3.0σ): 1
[18:52:50] [INFO]          2024-09-08: 2.71σ, 116.6%
[18:52:50] [INFO] 
   MARS:
[18:52:50] [INFO]       Events Analyzed: 1
[18:52:50] [INFO]       Expected Amplitude: 0.0050%
[18:52:50] [INFO]       Statistical Summary:
[18:52:50] [INFO]          Mean Sigma Level: 1.94σ
[18:52:50] [INFO]          Maximum Sigma Level: 1.94σ
[18:52:50] [INFO]          Mean Observed Amplitude: 101.02%
[18:52:50] [INFO]          Maximum Observed Amplitude: 101.02%
[18:52:50] [INFO]          Mean Enhancement Factor: 141.4x
[18:52:50] [INFO]          Maximum Enhancement Factor: 141.4x
[18:52:50] [INFO] 
   VENUS:
[18:52:50] [INFO]       Events Analyzed: 2
[18:52:50] [INFO]       Expected Amplitude: 0.1000%
[18:52:50] [INFO]       Statistical Summary:
[18:52:50] [INFO]          Mean Sigma Level: 2.73σ
[18:52:50] [INFO]          Maximum Sigma Level: 3.88σ
[18:52:50] [INFO]          Mean Observed Amplitude: 130.06%
[18:52:50] [INFO]          Maximum Observed Amplitude: 187.52%
[18:52:50] [INFO]          Mean Enhancement Factor: 9.1x
[18:52:50] [INFO]          Maximum Enhancement Factor: 13.1x
[18:52:50] [SUCCESS]       SIGNIFICANT DETECTIONS (≥3.0σ): 1
[18:52:50] [INFO]          2025-03-23: 3.88σ, 187.5% (23x expected)
[18:52:50] [INFO] 
   MERCURY:
[18:52:50] [INFO]       Events Analyzed: 8
[18:52:50] [INFO]       Expected Amplitude: 0.0100%
[18:52:50] [INFO]       Statistical Summary:
[18:52:50] [INFO]          Mean Sigma Level: 1.97σ
[18:52:50] [INFO]          Maximum Sigma Level: 3.78σ
[18:52:50] [INFO]          Mean Observed Amplitude: 177.97%
[18:52:50] [INFO]          Maximum Observed Amplitude: 292.09%
[18:52:50] [INFO]          Mean Enhancement Factor: 124.6x
[18:52:50] [INFO]          Maximum Enhancement Factor: 204.5x
[18:52:50] [SUCCESS]       SIGNIFICANT DETECTIONS (≥3.0σ): 1
[18:52:50] [INFO]          2025-03-15: 3.78σ, 182.7% (226x expected)
[18:52:50] [INFO]       Notable Detections (2.0-3.0σ): 2
[18:52:50] [INFO]          2024-08-05: 2.12σ, 179.5%
[18:52:50] [INFO]          2024-11-26: 2.34σ, 292.1%
[18:52:50] [INFO] 
[18:52:50] [INFO] ================================================================================
[18:52:50] [INFO] 
2. GEOPHYSICAL SIGNATURE ANALYSIS
[18:52:50] [INFO] ================================================================================
[18:52:50] [INFO] 
[18:52:50] [INFO]    Correlation with known Earth rotation and orbital parameters
[18:52:50] [INFO] 
   CHANDLER WOBBLE (14-month polar motion):
[18:52:50] [SUCCESS]       Detection Status: DETECTED (3.1σ equivalent)
[18:52:50] [INFO]       R² Correlation: 0.453 (threshold: >0.40, equivalent to >3.2σ)
[18:52:50] [INFO]       Period: 425 days (14.0 months)
[18:52:50] [INFO]       Temporal Coverage: 912 days (2.15 complete cycles)
[18:52:50] [INFO]       Interpretation: GPS timing correlations exhibit significant modulation
[18:52:50] [INFO]                      at Chandler wobble frequency, suggesting coupling to
[18:52:50] [INFO]                      Earth's polar motion dynamics
[18:52:50] [INFO] 
   EARTH ORBITAL MOTION (annual cycle):
[18:52:50] [SUCCESS]       Detection Status: DETECTED (3.5σ)
[18:52:50] [INFO]       Correlation Coefficient: r = -0.571 (threshold: |r| > 0.40, ≈3.2σ)
[18:52:50] [INFO]       Statistical Significance: p = 0.0004
[18:52:50] [INFO]       Temporal Samples: 34 (30-day windows)
[18:52:50] [INFO]       Interpretation: Directional anisotropy (E-W vs N-S) correlates with
[18:52:50] [INFO]                      Earth's position in orbit, suggesting orbital velocity
[18:52:50] [INFO]                      modulates GPS timing correlation structure
[18:52:50] [INFO] 
   MULTI-FREQUENCY BEAT PATTERNS:
[18:52:50] [INFO]       Significant Patterns: 0/0 (0.0%)
[18:52:50] [INFO]       Detection Threshold: p < 0.05, |r| > 0.3
[18:52:50] [INFO] 
[18:52:50] [INFO] ================================================================================
[18:52:50] [INFO] 
3. AMPLITUDE ENHANCEMENT ANALYSIS
[18:52:50] [INFO] ================================================================================
[18:52:50] [INFO] 
[18:52:50] [INFO]    Comparison of observed vs. expected gravitational coupling amplitudes
[18:52:50] [INFO] 
   Enhancement Factor Statistics (Observed/Expected Amplitude):
[18:52:50] [INFO]       Number of Significant Detections: 2
[18:52:50] [INFO]       Mean Enhancement: 124.4x
[18:52:50] [INFO]       Median Enhancement: 124.4x
[18:52:50] [INFO]       Standard Deviation: 101.6x
[18:52:50] [INFO]       Range: 22.8x - 226.0x
[18:52:50] [INFO]       Coefficient of Variation: 0.82
[18:52:50] [INFO] 
   Mechanistic Interpretation:
[18:52:50] [INFO]       Mean enhancement >100x indicates NON-LINEAR COUPLING mechanism.
[18:52:50] [INFO]       Such large amplification cannot be explained by direct
[18:52:50] [INFO]       gravitational effects and suggests resonance, tidal amplification,
[18:52:50] [INFO]       or parametric coupling processes with geophysical modes.
[18:52:50] [INFO] 
[18:52:50] [INFO] ================================================================================
[18:52:50] [INFO] 
4. TEP THEORY IMPLICATIONS
[18:52:50] [INFO] ================================================================================
[18:52:50] [INFO] 
[18:52:50] [INFO] 
   Evidence Summary for Temporal Equivalence Principle:
[18:52:50] [SUCCESS]       1. Planetary Gravitational Coupling: DETECTED
[18:52:50] [INFO]          2 significant event(s) with amplitude modulation
[18:52:50] [SUCCESS]       2. Chandler Wobble Correlation: DETECTED
[18:52:50] [INFO]          R² = 0.453
[18:52:50] [SUCCESS]       3. Orbital Motion Correlation: DETECTED
[18:52:50] [INFO]          r = -0.571
[18:52:50] [WARNING]       4. Multi-Frequency Coherence: NOT DETECTED
[18:52:50] [INFO] 
   Overall Assessment:
[18:52:50] [SUCCESS]       STRONG SUPPORT for TEP
[18:52:50] [INFO]       Multiple independent lines of evidence (3/4) demonstrate
[18:52:50] [INFO]       that GPS timing correlations exhibit systematic modulation by
[18:52:50] [INFO]       gravitational and rotational dynamics, consistent with TEP
[18:52:50] [INFO]       predictions of temporal field coupling to spacetime geometry.
[18:52:50] [INFO] 
[18:52:50] [INFO] ================================================================================
[18:52:50] [INFO] ================================================================================
[18:52:50] [INFO] ================================================================================
[18:52:50] [INFO] 
[18:52:50] [SUCCESS] Statistical validation complete for ESA_FINAL in 140.9s
[18:52:50] [SUCCESS] Results saved: /Users/matthewsmawfield/www/TEP-GNSS/results/outputs/step_2_2_geospatial_temporal_analysis_esa_final.json
[18:52:50] [INFO] 
================================================================================
[18:52:50] [INFO] 
[18:52:50] [INFO] ================================================================================
[18:52:50] [INFO] GEOSPATIAL TEMPORAL ANALYSIS COMPLETE
[18:52:50] [INFO] ================================================================================
[18:52:50] [INFO] 
[18:52:50] [INFO] ================================================================================
[18:52:50] [SUCCESS] Validation Summary:
[18:52:50] [INFO]   CODE:
[18:52:50] [INFO]     Enhanced Anisotropy: 8 sectors, CV = 0.561 (moderate)
[18:52:50] [INFO]   IGS_COMBINED:
[18:52:50] [INFO]     Enhanced Anisotropy: 8 sectors, CV = 0.334 (moderate)
[18:52:50] [INFO]   ESA_FINAL:
[18:52:50] [INFO]     Enhanced Anisotropy: 8 sectors, CV = 0.522 (moderate)
[18:52:50] [INFO] Total execution time: 1136.2 seconds
[19:09:09] [INFO] 
[19:09:09] [INFO] ================================================================================
[19:09:09] [INFO] TEP GNSS Analysis Package v0.15.1 (Jaipur-Updated) - STEP 2.2: Geospatial Temporal Analysis
[19:09:09] [INFO] ================================================================================
[19:09:09] [INFO] 
[19:09:09] [INFO] Memory usage: 3.0/24.0 GB (89.9%)
[19:09:09] [INFO] 
============================================================
[19:09:09] [INFO] 
[19:09:09] [INFO] ================================================================================
[19:09:09] [INFO] PROCESSING CODE - Geospatial Temporal Analysis
[19:09:09] [INFO] ================================================================================
[19:09:09] [INFO] 
[19:09:09] [INFO] ============================================================
[19:09:09] [INFO] Starting geospatial temporal analysis for CODE
[19:09:09] [INFO] ============================================================
[19:09:09] [INFO] MULTI-SCALE TEMPORAL WINDOW STRATEGY:
[19:09:09] [INFO]   Temporal Orbital Tracking: 30-day windows (seasonal signal + noise reduction)
[19:09:09] [INFO]   Mesh Dance Analysis: OPTIMIZED (90d coherence + 30d oscillation/spiral)
[19:09:09] [INFO]   Planetary Oppositions: 240-day windows (optimal coupling timescale)
[19:09:09] [INFO]   Chandler Wobble: Full 433-day cycle (period-matched analysis)
[19:09:09] [INFO]   Beat Analysis: Period-specific windows (matched to each frequency)
[19:09:09] [INFO] Rationale: Each analysis uses windows matched to its characteristic physical timescale
[19:09:09] [INFO] Based on empirical analysis showing optimal coupling at 240 days (Savitzky-Golay)
[19:09:09] [INFO] ============================================================
[19:09:09] [PROCESS] Loading complete geospatial dataset from Step 2.1 for CODE...
[19:09:09] [INFO] Loading from /Users/matthewsmawfield/www/TEP-GNSS/data/processed/step_2_1_geospatial_code.csv
[19:09:09] [DEBUG] File size: 5387.1 MB
[19:09:09] [PROCESS] Reading CSV file into memory...
[19:09:58] [SUCCESS] CSV loaded successfully: 39,047,074 rows
[19:09:58] [PROCESS] Computing coherence values from plateau phase...
[19:09:59] [PROCESS] Cleaning and filtering data...
[19:10:23] [DEBUG] Data filtering: 39,047,074 → 39,047,074 → 39,047,074 → 39,047,074 → 39,047,074 pairs
[19:10:23] [SUCCESS] No pairs filtered - data is clean from Step 2.1
[19:10:23] [INFO] Data quality metrics:
[19:10:23] [INFO]   Coherence range: [-1.000000, 1.000000]
[19:10:23] [INFO]   Coherence mean: 0.006529 ± 0.716118
[19:10:23] [INFO]   Distance range: [1.8, 19937.3] km
[19:10:23] [INFO]   Distance mean: 9125.0 ± 4672.0 km
[19:10:34] [SUCCESS] Geospatial dataset loaded: 39,047,074 pairs, 7.42 GB
[19:10:34] [SUCCESS] Azimuth already computed in Step 2.1 - no redundant calculation needed
[19:10:34] [DEBUG] Step 2.1 log exists but no pair count found for code
[19:10:34] [PROCESS] Verifying required columns are present...
[19:10:34] [SUCCESS] All required columns present: ['azimuth', 'delta_longitude', 'delta_local_time']
[19:10:34] [INFO] Available columns: ['date', 'station_i', 'station_j', 'dist_km', 'plateau_phase', 'station1_lat', 'station1_lon', 'station2_lat', 'station2_lon', 'azimuth', 'delta_longitude', 'delta_local_time', 'coherence']
[19:10:34] [INFO] Memory usage: 2.5/24.0 GB (88.7%)
[19:10:39] [PROCESS] Starting enhanced anisotropy analysis...
[19:10:41] [INFO] Analyzing 39,047,074 pairs with coordinate information
[19:10:41] [SUCCESS] Using pre-computed azimuths from Step 2.1
[19:10:41] [PROCESS] Classifying pairs into directional sectors...
[19:10:48] [PROCESS] Applying distance distribution matching guardrails...
[19:15:34] [SUCCESS] Distance distribution matching applied to 8 sectors
[19:15:34] [INFO] Analyzing 8 directional sectors with 40 distance bins
[19:15:34] [PROCESS] Processing sector 1/8: N (4,989 matched pairs from 6,204,337 original)
[19:15:34] [DEBUG]   Binning N matched data into 40 distance bins...
[19:15:34] [DEBUG]   N: 15 valid bins (min 50 pairs per bin)
[19:15:34] [DEBUG]   Fitting exponential correlation model to N matched data...
[19:15:34] [SUCCESS]   N fit successful: λ = 100.2 km, R² = -0.000 (distance-matched)
[19:15:35] [PROCESS] Processing sector 2/8: NE (4,989 matched pairs from 8,325,320 original)
[19:15:35] [DEBUG]   Binning NE matched data into 40 distance bins...
[19:15:35] [DEBUG]   NE: 16 valid bins (min 50 pairs per bin)
[19:15:35] [DEBUG]   Fitting exponential correlation model to NE matched data...
[19:15:35] [SUCCESS]   NE fit successful: λ = 9730.6 km, R² = 0.331 (distance-matched)
[19:15:36] [PROCESS] Processing sector 3/8: E (4,989 matched pairs from 3,906,012 original)
[19:15:36] [DEBUG]   Binning E matched data into 40 distance bins...
[19:15:36] [DEBUG]   E: 15 valid bins (min 50 pairs per bin)
[19:15:36] [DEBUG]   Fitting exponential correlation model to E matched data...
[19:15:36] [SUCCESS]   E fit successful: λ = 432.8 km, R² = 0.175 (distance-matched)
[19:15:36] [PROCESS] Processing sector 4/8: SE (4,989 matched pairs from 2,895,444 original)
[19:15:36] [DEBUG]   Binning SE matched data into 40 distance bins...
[19:15:36] [DEBUG]   SE: 15 valid bins (min 50 pairs per bin)
[19:15:36] [DEBUG]   Fitting exponential correlation model to SE matched data...
[19:15:36] [SUCCESS]   SE fit successful: λ = 9694.4 km, R² = 0.272 (distance-matched)
[19:15:36] [PROCESS] Processing sector 5/8: S (4,989 matched pairs from 2,808,550 original)
[19:15:36] [DEBUG]   Binning S matched data into 40 distance bins...
[19:15:36] [DEBUG]   S: 15 valid bins (min 50 pairs per bin)
[19:15:36] [DEBUG]   Fitting exponential correlation model to S matched data...
[19:15:36] [SUCCESS]   S fit successful: λ = 9786.8 km, R² = 0.119 (distance-matched)
[19:15:37] [PROCESS] Processing sector 6/8: SW (4,989 matched pairs from 3,464,280 original)
[19:15:37] [DEBUG]   Binning SW matched data into 40 distance bins...
[19:15:37] [DEBUG]   SW: 14 valid bins (min 50 pairs per bin)
[19:15:37] [DEBUG]   Fitting exponential correlation model to SW matched data...
[19:15:37] [SUCCESS]   SW fit successful: λ = 8058.8 km, R² = 0.233 (distance-matched)
[19:15:37] [PROCESS] Processing sector 7/8: W (4,989 matched pairs from 3,387,922 original)
[19:15:37] [DEBUG]   Binning W matched data into 40 distance bins...
[19:15:37] [DEBUG]   W: 16 valid bins (min 50 pairs per bin)
[19:15:37] [DEBUG]   Fitting exponential correlation model to W matched data...
[19:15:37] [SUCCESS]   W fit successful: λ = 9714.4 km, R² = 0.291 (distance-matched)
[19:15:38] [PROCESS] Processing sector 8/8: NW (4,989 matched pairs from 8,055,209 original)
[19:15:38] [DEBUG]   Binning NW matched data into 40 distance bins...
[19:15:38] [DEBUG]   NW: 15 valid bins (min 50 pairs per bin)
[19:15:38] [DEBUG]   Fitting exponential correlation model to NW matched data...
[19:15:38] [SUCCESS]   NW fit successful: λ = 9723.4 km, R² = 0.230 (distance-matched)
[19:15:40] [PROCESS] Computing anisotropy statistics from 8 successful sector fits...
[19:15:40] [SUCCESS] Enhanced Anisotropy complete: 8 sectors, CV = 0.561
[19:15:42] [PROCESS] Starting Temporal Orbital Tracking Analysis...
[19:15:42] [PROCESS] Testing for seasonal orbital motion signatures in GPS timing correlations
[19:15:44] [INFO] Temporal range: 2023-01-01 00:00:00 to 2025-06-30 00:00:00
[19:15:44] [INFO] Day of year range: 1 to 366
[19:15:45] [SUCCESS] Using pre-computed azimuths from Step 2.1
[19:15:54] [PROCESS] Tracking E-W/N-S ratio across 34 temporal samples (each using 30-day windows)...
[19:15:54] [INFO] Window strategy: Each sample uses ±15 days (30-day total) to balance seasonal signal with noise reduction
[19:16:26] [SUCCESS] Robust correlation confirmed: E-W/N-S anisotropy correlates with Earth's orbital motion (r=-0.701, p=0.0000)
[19:16:26] [INFO] Results indicate GPS timing correlations may reflect Earth's orbital dynamics
[19:16:26] [SUCCESS] Temporal orbital tracking complete: 34 samples analyzed
[19:16:26] [PROCESS] Starting Chandler Wobble Analysis (14-month period)...
[19:16:28] [INFO] Temporal coverage: 912 days (2.15 Chandler cycles)
[19:16:53] [SUCCESS] Chandler wobble signature detected: R² = 0.377
[19:16:53] [SUCCESS] CHANDLER WOBBLE ANALYSIS RESULTS:
[19:16:53] [INFO]   Chandler Period: 14.0 months (433 days)
[19:16:53] [INFO]   Temporal Coverage: 912 days (2.11 Chandler cycles)
[19:16:53] [INFO]   Phase Bins Analyzed: 18
[19:16:53] [SUCCESS]   Chandler Signature: R² = 0.377 (DETECTED)
[19:16:53] [SUCCESS] Chandler wobble analysis complete: 18 phase bins analyzed
[19:16:53] [PROCESS] Starting 3D Spherical Harmonic Analysis...
[19:16:53] [SUCCESS] Using pre-computed azimuths from Step 2.1
[19:16:53] [PROCESS] Computing elevation angles for 3D analysis...
[19:17:16] [SUCCESS] Strong 3D anisotropy detected: strength = 1.981
[19:17:16] [SUCCESS] 3D SPHERICAL HARMONIC ANALYSIS RESULTS:
[19:17:16] [INFO]   3D Anisotropy Strength: 1.981
[19:17:16] [INFO]   Spherical Bins Analyzed: 16
[19:17:16] [INFO]   Azimuth Resolution: 16 bins (22.5° each)
[19:17:16] [INFO]   Elevation Resolution: 8 bins (0-90°)
[19:17:16] [SUCCESS]   Strong 3D Structure: 1.981 (DETECTED)
[19:17:16] [SUCCESS] 3D spherical harmonic analysis complete: 16 bins analyzed
[19:17:16] [PROCESS] Starting Multi-Frequency Beat Analysis (Aligned with Step 3.6)...
[19:17:16] [INFO] Analyzing 12 frequency bands aligned with Step 3.6
[19:17:16] [INFO]   tidal_diurnal: 15 µHz (0.8 day period)
[19:17:16] [INFO]   tidal_semidiurnal: 25 µHz (0.5 day period)
[19:17:16] [INFO]   post_tidal_30_40: 35 µHz (0.3 day period)
[19:17:16] [INFO]   post_tidal_40_50: 45 µHz (0.3 day period)
[19:17:16] [INFO]   post_tidal_50_100: 75 µHz (0.2 day period)
[19:17:16] [INFO]   intermediate_100_200: 150 µHz (0.1 day period)
[19:17:16] [INFO]   intermediate_200_350: 275 µHz (0.0 day period)
[19:17:16] [INFO]   intermediate_350_500: 425 µHz (0.0 day period)
[19:17:16] [INFO]   transition_500_750: 625 µHz (0.0 day period)
[19:17:16] [INFO]   transition_750_1000: 875 µHz (0.0 day period)
[19:17:16] [INFO]   control_1000_1500: 1250 µHz (0.0 day period)
[19:17:16] [INFO]   control_2000_3000: 2500 µHz (0.0 day period)
[19:17:18] [INFO] Analyzing short range (50-500 km): 352,905 pairs
[19:17:19] [INFO] Analyzing medium range (500-2000 km): 2,529,026 pairs
[19:17:30] [INFO] Analyzing long range (2000-10000 km): 20,131,266 pairs
[19:18:09] [INFO] Analyzing very_long range (10000-20000 km): 16,004,184 pairs
[19:18:27] [SUCCESS] MULTI-FREQUENCY BEAT ANALYSIS (STEP 3.6 ALIGNED) COMPLETE:
[19:18:27] [INFO]   Frequency Bands Analyzed: 12
[19:18:27] [INFO]   Significant Beat Patterns: 35
[19:18:27] [INFO]   Detection Threshold: |r| > 0.1
[19:18:27] [INFO]   Top Significant Patterns:
[19:18:27] [INFO]     1. Semidiurnal Tides (20-30 µHz): R²=0.842, Period=0.5 days, Range=very_long
[19:18:27] [INFO]     2. Post-Tidal 30-40 µHz: R²=0.719, Period=0.3 days, Range=very_long
[19:18:27] [INFO]     3. Post-Tidal 40-50 µHz: R²=0.696, Period=0.3 days, Range=long
[19:18:27] [INFO]     4. Semidiurnal Tides (20-30 µHz): R²=0.627, Period=0.5 days, Range=short
[19:18:27] [INFO]     5. Post-Tidal 40-50 µHz: R²=0.536, Period=0.3 days, Range=medium
[19:18:27] [PROCESS] Starting Relative Motion Beat Analysis...
[19:19:08] [SUCCESS] RELATIVE MOTION BEAT ANALYSIS RESULTS:
[19:19:08] [INFO]   Significant Beat Patterns: 11
[19:19:08] [INFO]   Total Beat Patterns Analyzed: 12
[19:19:08] [INFO]   Detection Threshold: R² > 0.2
[19:19:08] [INFO]   ALL SIGNIFICANT RELATIVE MOTION BEAT PATTERNS:
[19:19:08] [INFO]     short_tidal_m2_tidal_s2_diff: R²=0.600, Period=14.8 days, Amplitude=-0.0044, Range=short
[19:19:08] [INFO]     short_chandler_annual_sum: R²=0.861, Period=196.9 days, Amplitude=0.0081, Range=short
[19:19:08] [INFO]     short_chandler_semiannual_sum: R²=0.621, Period=127.9 days, Amplitude=0.0060, Range=short
[19:19:08] [INFO]     short_rotation_tidal_beat: R²=0.561, Period=0.5 days, Amplitude=-0.0011, Range=short
[19:19:08] [INFO]     medium_tidal_m2_tidal_s2_diff: R²=0.824, Period=14.8 days, Amplitude=-0.0051, Range=medium
[19:19:08] [INFO]     medium_chandler_annual_sum: R²=0.822, Period=196.9 days, Amplitude=0.0066, Range=medium
[19:19:08] [INFO]     medium_chandler_semiannual_sum: R²=0.436, Period=127.9 days, Amplitude=0.0036, Range=medium
[19:19:08] [INFO]     medium_rotation_tidal_beat: R²=0.657, Period=0.5 days, Amplitude=0.0025, Range=medium
[19:19:08] [INFO]     long_tidal_m2_tidal_s2_diff: R²=0.559, Period=14.8 days, Amplitude=0.0014, Range=long
[19:19:08] [INFO]     long_chandler_annual_sum: R²=0.371, Period=196.9 days, Amplitude=-0.0012, Range=long
[19:19:08] [INFO]     long_chandler_semiannual_sum: R²=0.899, Period=127.9 days, Amplitude=-0.0037, Range=long
[19:19:08] [SUCCESS] Relative motion beat analysis complete: 11 significant patterns detected
[19:19:08] [PROCESS] Starting Mesh Dance Analysis - Network Coherence Assessment
[19:19:08] [PROCESS] Analyzing coherent motion patterns of GPS station network...
[19:19:10] [INFO] Analyzing mesh coherence patterns...
[19:19:10] [INFO] Using OPTIMIZED windows: 90d for coherence (10 samples), 30d for oscillation/spiral
[19:19:49] [INFO] Using 31 high-resolution 30-day windows for spiral/oscillation detection
[19:19:49] [INFO] Analyzing spiral dynamics of mesh motion...
[19:19:49] [INFO] Analyzing collective mesh oscillation patterns...
[19:19:49] [INFO] Oscillation analysis using 31 samples (window size: 30d)
[19:19:49] [INFO] Analyzing spacetime coupling signatures...
[19:19:49] [INFO] Computing network coherence classification...
[19:19:49] [SUCCESS] MESH DANCE ANALYSIS RESULTS:
[19:19:49] [INFO]   Network Coherence Score: 0.560
[19:19:49] [INFO]   Dance Classification: WEAK NETWORK COHERENCE - Limited collective motion detected
[19:19:49] [INFO]   Time Windows Analyzed: 11
[19:19:49] [INFO]   Temporal Span: 900 days
[19:19:49] [INFO]   DEBUG - Component Scores:
[19:19:49] [INFO]     Mesh Coherence: 0.933 (base: 0.644)
[19:19:49] [INFO]     Spiral Score: 0.023 (detected: True)
[19:19:49] [INFO]     Oscillation Score: 0.591 (detected: True)
[19:19:49] [INFO]     Earth Coupling Score: 0.333 (detected: True)
[19:19:49] [INFO]     Significant Components: 3/3
[19:19:49] [INFO]     Boost Factor: 1.45x
[19:19:49] [INFO]     Base Score: 0.560 → Final Score: 0.560
[19:19:49] [INFO]   DEBUG - Best Oscillation Details:
[19:19:49] [INFO]     Period: 365.2 days
[19:19:49] [INFO]     Correlation: 0.591
[19:19:49] [INFO]     R²: 0.349
[19:19:49] [INFO]     P-value: 0.0005
[19:19:49] [INFO]   Best Collective Oscillation: 365.2 day period
[19:19:49] [INFO]      Oscillation R²: 0.349
[19:19:49] [INFO]      Significant Oscillations: 2
[19:19:49] [SUCCESS] MESH DANCE ANALYSIS COMPLETE: WEAK NETWORK COHERENCE - Limited collective motion detected
[19:19:49] [PROCESS] Starting Jupiter Opposition Pulse Analysis...
[19:19:50] [INFO] Data coverage: 2023-01-01 to 2025-06-30 (912 days)
[19:19:50] [INFO] Using 240-day windows (±120 days) for optimal gravitational coupling detection
[19:19:50] [INFO] Analyzing 2 Jupiter opposition events
[19:19:50] [INFO] Event window: ±120 days, Expected Amplitude: 0.220%
[19:19:50] [INFO] Jupiter orbital period: ~11.86 years, Opposition frequency: ~1.09 years
[19:19:50] [PROCESS]   Processing event: Jupiter_Opposition_2023 (2023-11-03)
[19:19:57] [INFO]     Signal detected for Jupiter_Opposition_2023: 1.2σ (below 3.0σ threshold), 99.6% amplitude
[19:19:57] [PROCESS]   Processing event: Jupiter_Opposition_2024 (2024-12-07)
[19:20:03] [INFO]     Signal detected for Jupiter_Opposition_2024: 1.7σ (below 3.0σ threshold), 168.3% amplitude
[19:20:03] [SUCCESS] Jupiter opposition analysis complete: 2 events analyzed
[19:20:03] [PROCESS] Starting Saturn Opposition Analysis...
[19:20:03] [INFO] Using 240-day windows (±120 days) aligned with optimal coupling timescale
[19:20:03] [INFO] Analyzing 3 Saturn opposition events
[19:20:03] [INFO] Event window: ±120 days, Expected Amplitude: 0.019%
[19:20:03] [INFO] Saturn orbital period: ~29.46 years, Opposition frequency: ~1.04 years
[19:20:03] [INFO] Data coverage: 2023-01-01 to 2025-06-30 (912 days)
[19:20:03] [PROCESS]   Processing event: saturn_2023 (2023-08-27)
[19:20:10] [INFO]     Signal detected for saturn_2023: 1.6σ (below 3.0σ threshold), 150.4% amplitude
[19:20:10] [PROCESS]   Processing event: saturn_2024 (2024-09-08)
[19:20:15] [INFO]     Signal detected for saturn_2024: 0.4σ (below 3.0σ threshold), 16.8% amplitude
[19:20:15] [PROCESS]   Processing event: saturn_2025 (2025-09-21)
[19:20:16] [INFO]     Signal detected for saturn_2025: 0.0σ (below 3.0σ threshold), 208.8% amplitude
[19:20:16] [SUCCESS] Saturn opposition analysis complete: 3 events analyzed
[19:20:16] [PROCESS] Starting Mars Opposition Analysis...
[19:20:17] [INFO] Using 240-day windows (±120 days) for maximum sensitivity to weak Mars signal
[19:20:17] [INFO] Analyzing 1 Mars opposition events
[19:20:17] [INFO] Event window: ±120 days, Expected Amplitude: 0.0050% (weakest expected signal)
[19:20:17] [INFO] Mars orbital period: ~1.88 years, Opposition frequency: ~2.13 years
[19:20:17] [INFO] Data coverage: 2023-01-01 to 2025-06-30 (912 days)
[19:20:17] [PROCESS]   Processing event: mars_2025 (2025-01-16)
[19:20:21] [INFO]     Signal detected for mars_2025: 1.9σ (below 3.0σ threshold), 190.7% amplitude
[19:20:21] [SUCCESS] Mars opposition analysis complete: 1 events analyzed
[19:20:22] [PROCESS] Starting Venus Inferior Conjunction Analysis...
[19:20:22] [INFO] Using 240-day windows (±120 days) for optimal Venus coupling detection
[19:20:22] [INFO] Analyzing 2 Venus inferior conjunction events
[19:20:22] [INFO] Event window: ±120 days, Expected Amplitude: 0.100%
[19:20:22] [INFO] Venus synodic period: ~584 days (~19 months)
[19:20:22] [INFO] Data coverage: 2023-01-01 to 2025-06-30 (912 days)
[19:20:22] [PROCESS]   Processing event: venus_2023 (2023-08-13)
[19:20:30] [INFO]     Signal detected for venus_2023: 1.6σ (below 3.0σ threshold), -89.6% amplitude
[19:20:30] [PROCESS]   Processing event: venus_2025 (2025-03-23)
[19:20:35] [INFO]     Signal detected for venus_2025: 2.0σ (below 3.0σ threshold), 191.8% amplitude
[19:20:35] [SUCCESS] Venus inferior conjunction analysis complete: 2 events analyzed
[19:20:36] [PROCESS] Starting Mercury Inferior Conjunction Analysis...
[19:20:36] [INFO] Using 240-day windows (±120 days) for maximum sensitivity to weak Mercury signal
[19:20:36] [INFO] Analyzing 8 Mercury inferior conjunction events
[19:20:36] [INFO] Event window: ±120 days, Expected Amplitude: 0.0100%
[19:20:36] [INFO] Mercury synodic period: ~116 days (~4 months) - high frequency provides statistical power
[19:20:36] [INFO] Data coverage: 2023-01-01 to 2025-06-30 (912 days)
[19:20:36] [PROCESS]   Processing event: mercury_2023_01 (2023-01-07)
[19:20:39] [INFO]     Signal detected for mercury_2023_01: 0.8σ (below 3.0σ threshold), 84.1% amplitude
[19:20:39] [PROCESS]   Processing event: mercury_2023_05 (2023-05-01)
[19:20:45] [SUCCESS]     Significant detection for mercury_2023_05: 3.5σ (exceeds 3.0σ threshold), 199.4% amplitude
[19:20:45] [PROCESS]   Processing event: mercury_2023_09 (2023-08-28)
[19:20:59] [INFO]     Signal detected for mercury_2023_09: 1.6σ (below 3.0σ threshold), 151.7% amplitude
[19:20:59] [PROCESS]   Processing event: mercury_2023_12 (2023-12-22)
[19:21:08] [INFO]     Signal detected for mercury_2023_12: 2.0σ (below 3.0σ threshold), -97.9% amplitude
[19:21:08] [PROCESS]   Processing event: mercury_2024_04 (2024-04-11)
[19:21:16] [INFO]     Signal detected for mercury_2024_04: 1.4σ (below 3.0σ threshold), 143.0% amplitude
[19:21:16] [PROCESS]   Processing event: mercury_2024_08 (2024-08-05)
[19:21:25] [INFO]     Signal detected for mercury_2024_08: 1.4σ (below 3.0σ threshold), 168.4% amplitude
[19:21:25] [PROCESS]   Processing event: mercury_2024_11 (2024-11-26)
[19:21:35] [INFO]     Signal detected for mercury_2024_11: 2.0σ (below 3.0σ threshold), 46.6% amplitude
[19:21:35] [PROCESS]   Processing event: mercury_2025_03 (2025-03-15)
[19:21:43] [INFO]     Signal detected for mercury_2025_03: 1.2σ (below 3.0σ threshold), 39.6% amplitude
[19:21:43] [SUCCESS] Mercury inferior conjunction analysis complete: 8 events analyzed
[19:21:49] [PROCESS] Starting Solar Rotation Cycle Analysis...
[19:21:49] [INFO] Testing TEP coupling to rotating solar magnetic field (Carrington rotation)
[19:21:50] [INFO] Data coverage: 2023-01-01 to 2025-06-30 (912 days)
[19:21:50] [INFO] Solar rotation period: 27.0 days (~33.8 complete rotations)
[19:21:55] [INFO] Solar Rotation: Peak at 20.3 days but not significant
[19:21:55] [INFO]   Correlation: r=0.035, p=0.2881, SNR=3.5
[19:21:55] [SUCCESS] Solar rotation analysis complete
[19:21:55] [PROCESS] Starting Lunar Standstill Analysis (Event-Based)...
[19:21:56] [INFO] Data coverage: 2023-01-01 to 2025-06-30 (912 days)
[19:21:56] [INFO] Lunar standstill event window: ±180 days (±5.9 months)
[19:21:56] [INFO] Expected amplitude: 0.050%
[19:21:56] [INFO] Analyzing 1 lunar standstill event(s)
[19:21:56] [PROCESS]   Processing event: lunar_standstill_2025 (2025-06-01)
[19:22:01] [INFO]     Lunar standstill signal: 1.2σ (not significant)
[19:22:01] [SUCCESS] Lunar standstill analysis complete: No significant Lunar Standstill signals detected.
[19:22:03] [INFO] Memory usage: 2.3/24.0 GB (86.5%)
[19:22:03] [INFO] 
[19:22:03] [INFO] ================================================================================
[19:22:03] [INFO] JUPITER OPPOSITION ANALYSIS SUMMARY - CODE
[19:22:03] [INFO] ================================================================================
[19:22:03] [INFO] 
[19:22:03] [INFO] Jupiter Opposition: 2 SUB-SIGNIFICANT DETECTION(S) (1.0-2.0σ)
[19:22:03] [INFO]    2023-11-03: 1.2σ, 99.6% amplitude
[19:22:03] [INFO]    2024-12-07: 1.7σ, 168.3% amplitude
[19:22:03] [INFO] Statistical Summary:
[19:22:03] [INFO]    Total Events Analyzed: 2
[19:22:03] [INFO]    Detections ≥1.0σ: 2/2 (100.0%)
[19:22:03] [INFO]    Average Amplitude: 134.0% (expected: 0.220%)
[19:22:03] [INFO]    Maximum Amplitude: 168.3% (5x expected)
[19:22:03] [INFO]    Stacked Analysis: Deferred to Step 4.4 for comprehensive multi-planet correlation
[19:22:03] [INFO] --------------------------------------------------
[19:22:03] [INFO] 
[19:22:03] [INFO] ================================================================================
[19:22:03] [INFO] SATURN OPPOSITION ANALYSIS SUMMARY - CODE
[19:22:03] [INFO] ================================================================================
[19:22:03] [INFO] 
[19:22:03] [INFO] Saturn Opposition: 1 SUB-SIGNIFICANT DETECTION(S) (1.0-2.0σ)
[19:22:03] [INFO]    2023-08-27: 1.6σ, 150.4% amplitude
[19:22:03] [INFO] Statistical Summary:
[19:22:03] [INFO]    Total Events Analyzed: 3
[19:22:03] [INFO]    Detections ≥1.0σ: 1/3 (33.3%)
[19:22:03] [INFO]    Average Amplitude: 125.3% (expected: 0.019%)
[19:22:03] [INFO]    Maximum Amplitude: 208.8% (77x expected)
[19:22:03] [INFO]    Stacked Analysis: Deferred to Step 4.4 for comprehensive multi-planet correlation
[19:22:03] [INFO] --------------------------------------------------
[19:22:03] [INFO] 
[19:22:03] [INFO] ================================================================================
[19:22:03] [INFO] MARS OPPOSITION ANALYSIS SUMMARY - CODE
[19:22:03] [INFO] ================================================================================
[19:22:03] [INFO] 
[19:22:03] [INFO] Mars Opposition: 1 SUB-SIGNIFICANT DETECTION(S) (1.0-2.0σ)
[19:22:03] [INFO]    2025-01-16: 1.9σ, 190.7% amplitude
[19:22:03] [INFO] Statistical Summary:
[19:22:03] [INFO]    Total Events Analyzed: 1
[19:22:03] [INFO]    Detections ≥1.0σ: 1/1 (100.0%)
[19:22:03] [INFO]    Average Amplitude: 190.7% (expected: 0.0050%)
[19:22:03] [INFO]    Maximum Amplitude: 190.7% (267x expected)
[19:22:03] [INFO]    Stacked Analysis: Deferred to Step 4.4 for comprehensive multi-planet correlation
[19:22:03] [INFO] --------------------------------------------------
[19:22:03] [PROCESS] Loading complete geospatial dataset from Step 2.1 for CODE...
[19:22:03] [INFO] Loading from /Users/matthewsmawfield/www/TEP-GNSS/data/processed/step_2_1_geospatial_code.csv
[19:22:03] [DEBUG] File size: 5387.1 MB
[19:22:03] [PROCESS] Reading CSV file into memory...
[19:22:51] [SUCCESS] CSV loaded successfully: 39,047,074 rows
[19:22:51] [PROCESS] Computing coherence values from plateau phase...
[19:22:51] [PROCESS] Cleaning and filtering data...
[19:23:15] [DEBUG] Data filtering: 39,047,074 → 39,047,074 → 39,047,074 → 39,047,074 → 39,047,074 pairs
[19:23:15] [SUCCESS] No pairs filtered - data is clean from Step 2.1
[19:23:15] [INFO] Data quality metrics:
[19:23:15] [INFO]   Coherence range: [-1.000000, 1.000000]
[19:23:15] [INFO]   Coherence mean: 0.006529 ± 0.716118
[19:23:15] [INFO]   Distance range: [1.8, 19937.3] km
[19:23:16] [INFO]   Distance mean: 9125.0 ± 4672.0 km
[19:23:26] [SUCCESS] Geospatial dataset loaded: 39,047,074 pairs, 7.42 GB
[19:23:26] [SUCCESS] Azimuth already computed in Step 2.1 - no redundant calculation needed
[19:23:26] [DEBUG] Step 2.1 log exists but no pair count found for code
[19:23:26] [PROCESS] Verifying required columns are present...
[19:23:26] [SUCCESS] All required columns present: ['azimuth', 'delta_longitude', 'delta_local_time']
[19:23:26] [INFO] Available columns: ['date', 'station_i', 'station_j', 'dist_km', 'plateau_phase', 'station1_lat', 'station1_lon', 'station2_lat', 'station2_lon', 'azimuth', 'delta_longitude', 'delta_local_time', 'coherence']
[19:23:26] [INFO] Memory usage: 1.8/24.0 GB (88.8%)
[19:23:26] [INFO] 
================================================================================
[19:23:26] [PROCESS] Starting Temporal Coherence Assessment...
[19:23:41] [SUCCESS] Temporal Coherence Assessment Complete
[19:23:41] [INFO]   Coherent Timescales: 0/4
[19:23:41] [INFO]   Spatial Bins Analyzed: 4
[19:23:41] [INFO] 

[19:23:41] [INFO] 
[19:23:41] [INFO] ================================================================================
[19:23:41] [INFO] ================================================================================
[19:23:41] [INFO] ================================================================================
[19:23:41] [INFO] 
[19:23:41] [INFO] 
[19:23:41] [INFO] ================================================================================
[19:23:41] [INFO] COMPREHENSIVE SCIENTIFIC SIGNIFICANCE REPORT - CODE
[19:23:41] [INFO] ================================================================================
[19:23:41] [INFO] 
[19:23:41] [INFO] 
[19:23:41] [INFO] ================================================================================
[19:23:41] [INFO] ================================================================================
[19:23:41] [INFO] ================================================================================
[19:23:41] [INFO] 
[19:23:41] [INFO] 
[19:23:41] [INFO] ================================================================================
[19:23:41] [INFO] 
1. PLANETARY GRAVITATIONAL EVENT ANALYSIS
[19:23:41] [INFO] ================================================================================
[19:23:41] [INFO] 
[19:23:41] [INFO]    Analysis of GPS timing correlation response to planetary configurations
[19:23:41] [INFO]    Detection threshold: 3.0σ (99.7% confidence)
[19:23:41] [INFO] 
[19:23:41] [INFO] ================================================================================
[19:23:41] [INFO] \n================================================================================
[19:23:41] [INFO] ================================================================================
[19:23:41] [INFO] 
[19:23:41] [INFO] 
[19:23:41] [INFO] ================================================================================
[19:23:41] [INFO] STATISTICAL SIGNIFICANCE CORRECTIONS
[19:23:41] [INFO] ================================================================================
[19:23:41] [INFO] 
[19:23:41] [INFO] 
[19:23:41] [INFO] ================================================================================
[19:23:41] [INFO] ================================================================================
[19:23:41] [INFO] ================================================================================
[19:23:41] [INFO] 
[19:23:41] [PROCESS] Testing gravitational scaling consistency...
[19:23:41] [INFO] Multiple Testing Correction Results:
[19:23:41] [INFO]    Total tests: 1
[19:23:41] [INFO]    Uncorrected significant: 1
[19:23:41] [INFO]    Bonferroni significant: 1
[19:23:41] [INFO]    FDR significant: 1
[19:23:41] [INFO]    Bonferroni α: 0.050000
[19:23:41] [INFO] 
   JUPITER:
[19:23:41] [INFO]       Events Analyzed: 2
[19:23:41] [INFO]       Expected Amplitude: 0.2200%
[19:23:41] [INFO]       Statistical Summary:
[19:23:41] [INFO]          Mean Sigma Level: 1.42σ
[19:23:41] [INFO]          Maximum Sigma Level: 1.69σ
[19:23:41] [INFO]          Mean Observed Amplitude: 133.98%
[19:23:41] [INFO]          Maximum Observed Amplitude: 168.31%
[19:23:41] [INFO]          Mean Enhancement Factor: 4.3x
[19:23:41] [INFO]          Maximum Enhancement Factor: 5.4x
[19:23:41] [INFO] 
   SATURN:
[19:23:41] [INFO]       Events Analyzed: 3
[19:23:41] [INFO]       Expected Amplitude: 0.0190%
[19:23:41] [INFO]       Statistical Summary:
[19:23:41] [INFO]          Mean Sigma Level: 0.66σ
[19:23:41] [INFO]          Maximum Sigma Level: 1.56σ
[19:23:41] [INFO]          Mean Observed Amplitude: 125.30%
[19:23:41] [INFO]          Maximum Observed Amplitude: 208.78%
[19:23:41] [INFO]          Mean Enhancement Factor: 46.2x
[19:23:41] [INFO]          Maximum Enhancement Factor: 76.9x
[19:23:41] [INFO] 
   MARS:
[19:23:41] [INFO]       Events Analyzed: 1
[19:23:41] [INFO]       Expected Amplitude: 0.0050%
[19:23:41] [INFO]       Statistical Summary:
[19:23:41] [INFO]          Mean Sigma Level: 1.90σ
[19:23:41] [INFO]          Maximum Sigma Level: 1.90σ
[19:23:41] [INFO]          Mean Observed Amplitude: 190.71%
[19:23:41] [INFO]          Maximum Observed Amplitude: 190.71%
[19:23:41] [INFO]          Mean Enhancement Factor: 267.0x
[19:23:41] [INFO]          Maximum Enhancement Factor: 267.0x
[19:23:41] [INFO] 
   VENUS:
[19:23:41] [INFO]       Events Analyzed: 2
[19:23:41] [INFO]       Expected Amplitude: 0.1000%
[19:23:41] [INFO]       Statistical Summary:
[19:23:41] [INFO]          Mean Sigma Level: 1.78σ
[19:23:41] [INFO]          Maximum Sigma Level: 1.96σ
[19:23:41] [INFO]          Mean Observed Amplitude: 140.68%
[19:23:41] [INFO]          Maximum Observed Amplitude: 191.77%
[19:23:41] [INFO]          Mean Enhancement Factor: 9.8x
[19:23:41] [INFO]          Maximum Enhancement Factor: 13.4x
[19:23:41] [INFO] 
   MERCURY:
[19:23:41] [INFO]       Events Analyzed: 8
[19:23:41] [INFO]       Expected Amplitude: 0.0100%
[19:23:41] [INFO]       Statistical Summary:
[19:23:41] [INFO]          Mean Sigma Level: 1.73σ
[19:23:41] [INFO]          Maximum Sigma Level: 3.49σ
[19:23:41] [INFO]          Mean Observed Amplitude: 116.34%
[19:23:41] [INFO]          Maximum Observed Amplitude: 199.44%
[19:23:41] [INFO]          Mean Enhancement Factor: 81.4x
[19:23:41] [INFO]          Maximum Enhancement Factor: 139.6x
[19:23:41] [SUCCESS]       SIGNIFICANT DETECTIONS (≥3.0σ): 1
[19:23:41] [INFO]          2023-05-01: 3.49σ, 199.4% (117x expected)
[19:23:41] [INFO]       Notable Detections (2.0-3.0σ): 1
[19:23:41] [INFO]          2023-12-22: 2.00σ, 97.9%
[19:23:41] [INFO] 
[19:23:41] [INFO] ================================================================================
[19:23:41] [INFO] 
2. GEOPHYSICAL SIGNATURE ANALYSIS
[19:23:41] [INFO] ================================================================================
[19:23:41] [INFO] 
[19:23:41] [INFO]    Correlation with known Earth rotation and orbital parameters
[19:23:41] [INFO] 
   CHANDLER WOBBLE (14-month polar motion):
[19:23:41] [INFO]       Detection Status: BORDERLINE DETECTED (2.7σ equivalent)
[19:23:41] [INFO]       R² Correlation: 0.377 (threshold: >0.40, equivalent to >3.2σ)
[19:23:41] [INFO]       Period: 425 days (14.0 months)
[19:23:41] [INFO]       Temporal Coverage: 912 days (2.15 complete cycles)
[19:23:41] [INFO]       Interpretation: Borderline Chandler wobble coupling detected (p ≈ 0.0067).
[19:23:41] [INFO]                      Signal is conventionally significant but slightly below
[19:23:41] [INFO]                      analysis threshold. Suggests weak to moderate polar motion coupling.
[19:23:41] [INFO] 
   EARTH ORBITAL MOTION (annual cycle):
[19:23:41] [SUCCESS]       Detection Status: DETECTED (4.6σ)
[19:23:41] [INFO]       Correlation Coefficient: r = -0.701 (threshold: |r| > 0.40, ≈3.2σ)
[19:23:41] [INFO]       Statistical Significance: p = 0.0000
[19:23:41] [INFO]       Temporal Samples: 34 (30-day windows)
[19:23:41] [INFO]       Interpretation: Directional anisotropy (E-W vs N-S) correlates with
[19:23:41] [INFO]                      Earth's position in orbit, suggesting orbital velocity
[19:23:41] [INFO]                      modulates GPS timing correlation structure
[19:23:41] [INFO] 
   MULTI-FREQUENCY BEAT PATTERNS:
[19:23:41] [INFO]       Significant Patterns: 35/0 (3500.0%)
[19:23:41] [INFO]       Detection Threshold: p < 0.05, |r| > 0.3
[19:23:41] [INFO]       Top Beat Patterns:
[19:23:41] [INFO]          1. Unknown: Period=0.0 days, R²=0.396
[19:23:41] [INFO]          2. Unknown: Period=0.0 days, R²=0.627
[19:23:41] [INFO]          3. Unknown: Period=0.0 days, R²=0.224
[19:23:41] [INFO]          4. Unknown: Period=0.0 days, R²=0.116
[19:23:41] [INFO]          5. Unknown: Period=0.0 days, R²=0.369
[19:23:41] [INFO]       Interpretation: Multiple geophysical/astronomical frequencies show
[19:23:41] [INFO]                      coherent beating patterns in GPS timing correlations,
[19:23:41] [INFO]                      indicating complex multi-scale temporal coupling
[19:23:41] [INFO] 
[19:23:41] [INFO] ================================================================================
[19:23:41] [INFO] 
3. AMPLITUDE ENHANCEMENT ANALYSIS
[19:23:41] [INFO] ================================================================================
[19:23:41] [INFO] 
[19:23:41] [INFO]    Comparison of observed vs. expected gravitational coupling amplitudes
[19:23:41] [INFO] 
   Enhancement Factor Statistics (Observed/Expected Amplitude):
[19:23:41] [INFO]       Number of Significant Detections: 1
[19:23:41] [INFO]       Mean Enhancement: 117.4x
[19:23:41] [INFO]       Median Enhancement: 117.4x
[19:23:41] [INFO]       Standard Deviation: nanx
[19:23:41] [INFO]       Range: 117.4x - 117.4x
[19:23:41] [INFO]       Coefficient of Variation: nan
[19:23:41] [INFO] 
   Mechanistic Interpretation:
[19:23:41] [INFO]       Mean enhancement >100x indicates NON-LINEAR COUPLING mechanism.
[19:23:41] [INFO]       Such large amplification cannot be explained by direct
[19:23:41] [INFO]       gravitational effects and suggests resonance, tidal amplification,
[19:23:41] [INFO]       or parametric coupling processes with geophysical modes.
[19:23:41] [INFO] 
[19:23:41] [INFO] ================================================================================
[19:23:41] [INFO] 
4. TEP THEORY IMPLICATIONS
[19:23:41] [INFO] ================================================================================
[19:23:41] [INFO] 
[19:23:41] [INFO] 
   Evidence Summary for Temporal Equivalence Principle:
[19:23:41] [SUCCESS]       1. Planetary Gravitational Coupling: DETECTED
[19:23:41] [INFO]          1 significant event(s) with amplitude modulation
[19:23:41] [INFO]       2. Chandler Wobble Correlation: BORDERLINE DETECTED
[19:23:41] [INFO]          R² = 0.377
[19:23:41] [SUCCESS]       3. Orbital Motion Correlation: DETECTED
[19:23:41] [INFO]          r = -0.701
[19:23:41] [SUCCESS]       4. Multi-Frequency Coherence: DETECTED
[19:23:41] [INFO]          35 significant beat patterns
[19:23:41] [INFO] 
   Overall Assessment:
[19:23:41] [SUCCESS]       STRONG SUPPORT for TEP
[19:23:41] [INFO]       Multiple independent lines of evidence (3.5/4) demonstrate
[19:23:41] [INFO]       that GPS timing correlations exhibit systematic modulation by
[19:23:41] [INFO]       gravitational and rotational dynamics, consistent with TEP
[19:23:41] [INFO]       predictions of temporal field coupling to spacetime geometry.
[19:23:41] [INFO] 
[19:23:41] [INFO] ================================================================================
[19:23:41] [INFO] ================================================================================
[19:23:41] [INFO] ================================================================================
[19:23:41] [INFO] 
[19:23:41] [SUCCESS] Statistical validation complete for CODE in 774.0s
[19:23:41] [SUCCESS] Results saved: /Users/matthewsmawfield/www/TEP-GNSS/results/outputs/step_2_2_geospatial_temporal_analysis_code.json
[19:23:41] [INFO] 
============================================================
[19:23:41] [INFO] 
[19:23:41] [INFO] ================================================================================
[19:23:41] [INFO] PROCESSING IGS_COMBINED - Geospatial Temporal Analysis
[19:23:41] [INFO] ================================================================================
[19:23:41] [INFO] 
[19:23:41] [INFO] ============================================================
[19:23:41] [INFO] Starting geospatial temporal analysis for IGS_COMBINED
[19:23:41] [INFO] ============================================================
[19:23:41] [INFO] MULTI-SCALE TEMPORAL WINDOW STRATEGY:
[19:23:41] [INFO]   Temporal Orbital Tracking: 30-day windows (seasonal signal + noise reduction)
[19:23:41] [INFO]   Mesh Dance Analysis: OPTIMIZED (90d coherence + 30d oscillation/spiral)
[19:23:41] [INFO]   Planetary Oppositions: 240-day windows (optimal coupling timescale)
[19:23:41] [INFO]   Chandler Wobble: Full 433-day cycle (period-matched analysis)
[19:23:41] [INFO]   Beat Analysis: Period-specific windows (matched to each frequency)
[19:23:41] [INFO] Rationale: Each analysis uses windows matched to its characteristic physical timescale
[19:23:41] [INFO] Based on empirical analysis showing optimal coupling at 240 days (Savitzky-Golay)
[19:23:41] [INFO] ============================================================
[19:23:41] [PROCESS] Loading complete geospatial dataset from Step 2.1 for IGS_COMBINED...
[19:23:41] [INFO] Loading from /Users/matthewsmawfield/www/TEP-GNSS/data/processed/step_2_1_geospatial_igs_combined.csv
[19:23:41] [DEBUG] File size: 1660.6 MB
[19:23:41] [PROCESS] Reading CSV file into memory...
[19:23:55] [SUCCESS] CSV loaded successfully: 12,874,746 rows
[19:23:55] [PROCESS] Computing coherence values from plateau phase...
[19:23:55] [PROCESS] Cleaning and filtering data...
[19:24:00] [DEBUG] Data filtering: 12,874,746 → 12,874,746 → 12,874,746 → 12,874,746 → 12,874,746 pairs
[19:24:00] [SUCCESS] No pairs filtered - data is clean from Step 2.1
[19:24:00] [INFO] Data quality metrics:
[19:24:00] [INFO]   Coherence range: [-1.000000, 1.000000]
[19:24:00] [INFO]   Coherence mean: 0.013297 ± 0.716677
[19:24:00] [INFO]   Distance range: [1.0, 19937.3] km
[19:24:00] [INFO]   Distance mean: 9674.6 ± 4486.8 km
[19:24:03] [SUCCESS] Geospatial dataset loaded: 12,874,746 pairs, 2.33 GB
[19:24:03] [SUCCESS] Azimuth already computed in Step 2.1 - no redundant calculation needed
[19:24:03] [DEBUG] Step 2.1 log exists but no pair count found for igs_combined
[19:24:03] [PROCESS] Verifying required columns are present...
[19:24:03] [SUCCESS] All required columns present: ['azimuth', 'delta_longitude', 'delta_local_time']
[19:24:03] [INFO] Available columns: ['date', 'station_i', 'station_j', 'dist_km', 'plateau_phase', 'station1_lat', 'station1_lon', 'station2_lat', 'station2_lon', 'azimuth', 'delta_longitude', 'delta_local_time', 'coherence']
[19:24:03] [INFO] Memory usage: 2.6/24.0 GB (88.8%)
[19:24:05] [PROCESS] Starting enhanced anisotropy analysis...
[19:24:05] [INFO] Analyzing 12,874,746 pairs with coordinate information
[19:24:05] [SUCCESS] Using pre-computed azimuths from Step 2.1
[19:24:05] [PROCESS] Classifying pairs into directional sectors...
[19:24:07] [PROCESS] Applying distance distribution matching guardrails...
[19:25:36] [SUCCESS] Distance distribution matching applied to 8 sectors
[19:25:36] [INFO] Analyzing 8 directional sectors with 40 distance bins
[19:25:36] [PROCESS] Processing sector 1/8: N (4,991 matched pairs from 2,020,118 original)
[19:25:36] [DEBUG]   Binning N matched data into 40 distance bins...
[19:25:36] [DEBUG]   N: 14 valid bins (min 50 pairs per bin)
[19:25:36] [DEBUG]   Fitting exponential correlation model to N matched data...
[19:25:36] [SUCCESS]   N fit successful: λ = 1342.7 km, R² = 0.384 (distance-matched)
[19:25:36] [PROCESS] Processing sector 2/8: NE (4,991 matched pairs from 2,248,852 original)
[19:25:36] [DEBUG]   Binning NE matched data into 40 distance bins...
[19:25:36] [DEBUG]   NE: 13 valid bins (min 50 pairs per bin)
[19:25:36] [DEBUG]   Fitting exponential correlation model to NE matched data...
[19:25:36] [SUCCESS]   NE fit successful: λ = 1304.2 km, R² = 0.332 (distance-matched)
[19:25:36] [PROCESS] Processing sector 3/8: E (4,991 matched pairs from 1,409,948 original)
[19:25:36] [DEBUG]   Binning E matched data into 40 distance bins...
[19:25:36] [DEBUG]   E: 13 valid bins (min 50 pairs per bin)
[19:25:36] [DEBUG]   Fitting exponential correlation model to E matched data...
[19:25:36] [SUCCESS]   E fit successful: λ = 2954.2 km, R² = 0.395 (distance-matched)
[19:25:37] [PROCESS] Processing sector 4/8: SE (4,991 matched pairs from 1,248,446 original)
[19:25:37] [DEBUG]   Binning SE matched data into 40 distance bins...
[19:25:37] [DEBUG]   SE: 13 valid bins (min 50 pairs per bin)
[19:25:37] [DEBUG]   Fitting exponential correlation model to SE matched data...
[19:25:37] [SUCCESS]   SE fit successful: λ = 2898.8 km, R² = 0.200 (distance-matched)
[19:25:37] [PROCESS] Processing sector 5/8: S (4,991 matched pairs from 1,104,741 original)
[19:25:37] [DEBUG]   Binning S matched data into 40 distance bins...
[19:25:37] [DEBUG]   S: 14 valid bins (min 50 pairs per bin)
[19:25:37] [DEBUG]   Fitting exponential correlation model to S matched data...
[19:25:37] [SUCCESS]   S fit successful: λ = 1848.9 km, R² = 0.004 (distance-matched)
[19:25:37] [PROCESS] Processing sector 6/8: SW (4,991 matched pairs from 1,301,874 original)
[19:25:37] [DEBUG]   Binning SW matched data into 40 distance bins...
[19:25:37] [DEBUG]   SW: 14 valid bins (min 50 pairs per bin)
[19:25:37] [DEBUG]   Fitting exponential correlation model to SW matched data...
[19:25:37] [SUCCESS]   SW fit successful: λ = 3440.1 km, R² = 0.247 (distance-matched)
[19:25:37] [PROCESS] Processing sector 7/8: W (4,991 matched pairs from 1,285,162 original)
[19:25:37] [DEBUG]   Binning W matched data into 40 distance bins...
[19:25:37] [DEBUG]   W: 12 valid bins (min 50 pairs per bin)
[19:25:37] [DEBUG]   Fitting exponential correlation model to W matched data...
[19:25:37] [SUCCESS]   W fit successful: λ = 3433.6 km, R² = 0.748 (distance-matched)
[19:25:37] [PROCESS] Processing sector 8/8: NW (4,991 matched pairs from 2,255,605 original)
[19:25:37] [DEBUG]   Binning NW matched data into 40 distance bins...
[19:25:37] [DEBUG]   NW: 13 valid bins (min 50 pairs per bin)
[19:25:37] [DEBUG]   Fitting exponential correlation model to NW matched data...
[19:25:37] [SUCCESS]   NW fit successful: λ = 3245.8 km, R² = 0.103 (distance-matched)
[19:25:37] [PROCESS] Computing anisotropy statistics from 8 successful sector fits...
[19:25:37] [SUCCESS] Enhanced Anisotropy complete: 8 sectors, CV = 0.334
[19:25:38] [PROCESS] Starting Temporal Orbital Tracking Analysis...
[19:25:38] [PROCESS] Testing for seasonal orbital motion signatures in GPS timing correlations
[19:25:38] [INFO] Temporal range: 2023-01-01 00:00:00 to 2025-06-30 00:00:00
[19:25:38] [INFO] Day of year range: 1 to 366
[19:25:38] [SUCCESS] Using pre-computed azimuths from Step 2.1
[19:25:41] [PROCESS] Tracking E-W/N-S ratio across 34 temporal samples (each using 30-day windows)...
[19:25:41] [INFO] Window strategy: Each sample uses ±15 days (30-day total) to balance seasonal signal with noise reduction
[19:25:50] [SUCCESS] Robust correlation confirmed: E-W/N-S anisotropy correlates with Earth's orbital motion (r=-0.793, p=0.0000)
[19:25:50] [INFO] Results indicate GPS timing correlations may reflect Earth's orbital dynamics
[19:25:50] [SUCCESS] Temporal orbital tracking complete: 34 samples analyzed
[19:25:50] [PROCESS] Starting Chandler Wobble Analysis (14-month period)...
[19:25:51] [INFO] Temporal coverage: 912 days (2.15 Chandler cycles)
[19:25:57] [SUCCESS] Chandler wobble signature detected: R² = 0.471
[19:25:57] [SUCCESS] CHANDLER WOBBLE ANALYSIS RESULTS:
[19:25:57] [INFO]   Chandler Period: 14.0 months (433 days)
[19:25:57] [INFO]   Temporal Coverage: 912 days (2.11 Chandler cycles)
[19:25:57] [INFO]   Phase Bins Analyzed: 18
[19:25:57] [SUCCESS]   Chandler Signature: R² = 0.471 (DETECTED)
[19:25:57] [SUCCESS] Chandler wobble analysis complete: 18 phase bins analyzed
[19:25:57] [PROCESS] Starting 3D Spherical Harmonic Analysis...
[19:25:57] [SUCCESS] Using pre-computed azimuths from Step 2.1
[19:25:57] [PROCESS] Computing elevation angles for 3D analysis...
[19:26:03] [SUCCESS] Strong 3D anisotropy detected: strength = 1.981
[19:26:03] [SUCCESS] 3D SPHERICAL HARMONIC ANALYSIS RESULTS:
[19:26:03] [INFO]   3D Anisotropy Strength: 1.981
[19:26:03] [INFO]   Spherical Bins Analyzed: 16
[19:26:03] [INFO]   Azimuth Resolution: 16 bins (22.5° each)
[19:26:03] [INFO]   Elevation Resolution: 8 bins (0-90°)
[19:26:03] [SUCCESS]   Strong 3D Structure: 1.981 (DETECTED)
[19:26:03] [SUCCESS] 3D spherical harmonic analysis complete: 16 bins analyzed
[19:26:03] [PROCESS] Starting Multi-Frequency Beat Analysis (Aligned with Step 3.6)...
[19:26:03] [INFO] Analyzing 12 frequency bands aligned with Step 3.6
[19:26:03] [INFO]   tidal_diurnal: 15 µHz (0.8 day period)
[19:26:03] [INFO]   tidal_semidiurnal: 25 µHz (0.5 day period)
[19:26:03] [INFO]   post_tidal_30_40: 35 µHz (0.3 day period)
[19:26:03] [INFO]   post_tidal_40_50: 45 µHz (0.3 day period)
[19:26:03] [INFO]   post_tidal_50_100: 75 µHz (0.2 day period)
[19:26:03] [INFO]   intermediate_100_200: 150 µHz (0.1 day period)
[19:26:03] [INFO]   intermediate_200_350: 275 µHz (0.0 day period)
[19:26:03] [INFO]   intermediate_350_500: 425 µHz (0.0 day period)
[19:26:03] [INFO]   transition_500_750: 625 µHz (0.0 day period)
[19:26:03] [INFO]   transition_750_1000: 875 µHz (0.0 day period)
[19:26:03] [INFO]   control_1000_1500: 1250 µHz (0.0 day period)
[19:26:03] [INFO]   control_2000_3000: 2500 µHz (0.0 day period)
[19:26:03] [INFO] Analyzing short range (50-500 km): 44,469 pairs
[19:26:03] [INFO] Analyzing medium range (500-2000 km): 509,757 pairs
[19:26:06] [INFO] Analyzing long range (2000-10000 km): 6,367,105 pairs
[19:26:14] [INFO] Analyzing very_long range (10000-20000 km): 5,947,366 pairs
[19:26:19] [SUCCESS] MULTI-FREQUENCY BEAT ANALYSIS (STEP 3.6 ALIGNED) COMPLETE:
[19:26:19] [INFO]   Frequency Bands Analyzed: 12
[19:26:19] [INFO]   Significant Beat Patterns: 35
[19:26:19] [INFO]   Detection Threshold: |r| > 0.1
[19:26:19] [INFO]   Top Significant Patterns:
[19:26:19] [INFO]     1. Semidiurnal Tides (20-30 µHz): R²=0.914, Period=0.5 days, Range=medium
[19:26:19] [INFO]     2. Intermediate 100-200 µHz: R²=0.580, Period=0.1 days, Range=long
[19:26:19] [INFO]     3. Post-Tidal 30-40 µHz: R²=0.546, Period=0.3 days, Range=medium
[19:26:19] [INFO]     4. Intermediate 200-350 µHz: R²=0.534, Period=0.0 days, Range=very_long
[19:26:19] [INFO]     5. Semidiurnal Tides (20-30 µHz): R²=0.529, Period=0.5 days, Range=long
[19:26:19] [PROCESS] Starting Relative Motion Beat Analysis...
[19:26:27] [SUCCESS] RELATIVE MOTION BEAT ANALYSIS RESULTS:
[19:26:27] [INFO]   Significant Beat Patterns: 9
[19:26:27] [INFO]   Total Beat Patterns Analyzed: 12
[19:26:27] [INFO]   Detection Threshold: R² > 0.2
[19:26:27] [INFO]   ALL SIGNIFICANT RELATIVE MOTION BEAT PATTERNS:
[19:26:27] [INFO]     short_chandler_annual_sum: R²=0.925, Period=196.9 days, Amplitude=-0.0162, Range=short
[19:26:27] [INFO]     short_chandler_semiannual_sum: R²=0.710, Period=127.9 days, Amplitude=0.0115, Range=short
[19:26:27] [INFO]     short_rotation_tidal_beat: R²=0.336, Period=0.5 days, Amplitude=-0.0084, Range=short
[19:26:27] [INFO]     medium_tidal_m2_tidal_s2_diff: R²=0.484, Period=14.8 days, Amplitude=-0.0021, Range=medium
[19:26:27] [INFO]     medium_chandler_annual_sum: R²=0.793, Period=196.9 days, Amplitude=0.0117, Range=medium
[19:26:27] [INFO]     medium_chandler_semiannual_sum: R²=0.785, Period=127.9 days, Amplitude=0.0085, Range=medium
[19:26:27] [INFO]     long_chandler_annual_sum: R²=0.850, Period=196.9 days, Amplitude=-0.0043, Range=long
[19:26:27] [INFO]     long_chandler_semiannual_sum: R²=0.838, Period=127.9 days, Amplitude=-0.0037, Range=long
[19:26:27] [INFO]     long_rotation_tidal_beat: R²=0.298, Period=0.5 days, Amplitude=-0.0017, Range=long
[19:26:27] [SUCCESS] Relative motion beat analysis complete: 9 significant patterns detected
[19:26:27] [PROCESS] Starting Mesh Dance Analysis - Network Coherence Assessment
[19:26:27] [PROCESS] Analyzing coherent motion patterns of GPS station network...
[19:26:27] [INFO] Analyzing mesh coherence patterns...
[19:26:27] [INFO] Using OPTIMIZED windows: 90d for coherence (10 samples), 30d for oscillation/spiral
[19:26:34] [INFO] Using 31 high-resolution 30-day windows for spiral/oscillation detection
[19:26:34] [INFO] Analyzing spiral dynamics of mesh motion...
[19:26:34] [INFO] Analyzing collective mesh oscillation patterns...
[19:26:34] [INFO] Oscillation analysis using 31 samples (window size: 30d)
[19:26:34] [INFO] Analyzing spacetime coupling signatures...
[19:26:34] [INFO] Computing network coherence classification...
[19:26:34] [SUCCESS] MESH DANCE ANALYSIS RESULTS:
[19:26:34] [INFO]   Network Coherence Score: 0.493
[19:26:34] [INFO]   Dance Classification: WEAK NETWORK COHERENCE - Limited collective motion detected
[19:26:34] [INFO]   Time Windows Analyzed: 11
[19:26:34] [INFO]   Temporal Span: 900 days
[19:26:34] [INFO]   DEBUG - Component Scores:
[19:26:34] [INFO]     Mesh Coherence: 0.933 (base: 0.643)
[19:26:34] [INFO]     Spiral Score: 0.021 (detected: True)
[19:26:34] [INFO]     Oscillation Score: 0.325 (detected: True)
[19:26:34] [INFO]     Earth Coupling Score: 0.333 (detected: True)
[19:26:34] [INFO]     Significant Components: 3/3
[19:26:34] [INFO]     Boost Factor: 1.45x
[19:26:34] [INFO]     Base Score: 0.493 → Final Score: 0.493
[19:26:34] [INFO]   DEBUG - Best Oscillation Details:
[19:26:34] [INFO]     Period: 427.0 days
[19:26:34] [INFO]     Correlation: 0.325
[19:26:34] [INFO]     R²: 0.105
[19:26:34] [INFO]     P-value: 0.0747
[19:26:34] [INFO]   Best Collective Oscillation: 427.0 day period
[19:26:34] [INFO]      Oscillation R²: 0.105
[19:26:34] [INFO]      Significant Oscillations: 1
[19:26:34] [SUCCESS] MESH DANCE ANALYSIS COMPLETE: WEAK NETWORK COHERENCE - Limited collective motion detected
[19:26:34] [PROCESS] Starting Jupiter Opposition Pulse Analysis...
[19:26:35] [INFO] Data coverage: 2023-01-01 to 2025-06-30 (912 days)
[19:26:35] [INFO] Using 240-day windows (±120 days) for optimal gravitational coupling detection
[19:26:35] [INFO] Analyzing 2 Jupiter opposition events
[19:26:35] [INFO] Event window: ±120 days, Expected Amplitude: 0.220%
[19:26:35] [INFO] Jupiter orbital period: ~11.86 years, Opposition frequency: ~1.09 years
[19:26:35] [PROCESS]   Processing event: Jupiter_Opposition_2023 (2023-11-03)
[19:26:35] [INFO]     Signal detected for Jupiter_Opposition_2023: 1.0σ (below 3.0σ threshold), -103.2% amplitude
[19:26:35] [PROCESS]   Processing event: Jupiter_Opposition_2024 (2024-12-07)
[19:26:38] [INFO]     Signal detected for Jupiter_Opposition_2024: 2.8σ (below 3.0σ threshold), -78.3% amplitude
[19:26:38] [SUCCESS] Jupiter opposition analysis complete: 2 events analyzed
[19:26:38] [PROCESS] Starting Saturn Opposition Analysis...
[19:26:38] [INFO] Using 240-day windows (±120 days) aligned with optimal coupling timescale
[19:26:38] [INFO] Analyzing 3 Saturn opposition events
[19:26:38] [INFO] Event window: ±120 days, Expected Amplitude: 0.019%
[19:26:38] [INFO] Saturn orbital period: ~29.46 years, Opposition frequency: ~1.04 years
[19:26:38] [INFO] Data coverage: 2023-01-01 to 2025-06-30 (912 days)
[19:26:38] [PROCESS]   Processing event: saturn_2023 (2023-08-27)
[19:26:38] [INFO]     Signal detected for saturn_2023: 2.5σ (below 3.0σ threshold), 123.0% amplitude
[19:26:38] [PROCESS]   Processing event: saturn_2024 (2024-09-08)
[19:26:41] [SUCCESS]     Significant detection for saturn_2024: 6.0σ (exceeds 3.0σ threshold), 234.1% amplitude
[19:26:41] [PROCESS]   Processing event: saturn_2025 (2025-09-21)
[19:26:41] [INFO]     Signal detected for saturn_2025: 0.0σ (below 3.0σ threshold), 264.4% amplitude
[19:26:41] [SUCCESS] Saturn opposition analysis complete: 3 events analyzed
[19:26:41] [PROCESS] Starting Mars Opposition Analysis...
[19:26:41] [INFO] Using 240-day windows (±120 days) for maximum sensitivity to weak Mars signal
[19:26:41] [INFO] Analyzing 1 Mars opposition events
[19:26:41] [INFO] Event window: ±120 days, Expected Amplitude: 0.0050% (weakest expected signal)
[19:26:41] [INFO] Mars orbital period: ~1.88 years, Opposition frequency: ~2.13 years
[19:26:41] [INFO] Data coverage: 2023-01-01 to 2025-06-30 (912 days)
[19:26:41] [PROCESS]   Processing event: mars_2025 (2025-01-16)
[19:26:44] [SUCCESS]     Significant detection for mars_2025: 4.5σ (exceeds 3.0σ threshold), -70.1% amplitude
[19:26:44] [SUCCESS] Mars opposition analysis complete: 1 events analyzed
[19:26:44] [PROCESS] Starting Venus Inferior Conjunction Analysis...
[19:26:44] [INFO] Using 240-day windows (±120 days) for optimal Venus coupling detection
[19:26:44] [INFO] Analyzing 2 Venus inferior conjunction events
[19:26:44] [INFO] Event window: ±120 days, Expected Amplitude: 0.100%
[19:26:44] [INFO] Venus synodic period: ~584 days (~19 months)
[19:26:44] [INFO] Data coverage: 2023-01-01 to 2025-06-30 (912 days)
[19:26:44] [PROCESS]   Processing event: venus_2023 (2023-08-13)
[19:26:44] [SUCCESS]     Significant detection for venus_2023: 5.4σ (exceeds 3.0σ threshold), 158.9% amplitude
[19:26:44] [PROCESS]   Processing event: venus_2025 (2025-03-23)
[19:26:47] [SUCCESS]     Significant detection for venus_2025: 3.0σ (exceeds 3.0σ threshold), 345.3% amplitude
[19:26:47] [SUCCESS] Venus inferior conjunction analysis complete: 2 events analyzed
[19:26:47] [PROCESS] Starting Mercury Inferior Conjunction Analysis...
[19:26:47] [INFO] Using 240-day windows (±120 days) for maximum sensitivity to weak Mercury signal
[19:26:47] [INFO] Analyzing 8 Mercury inferior conjunction events
[19:26:47] [INFO] Event window: ±120 days, Expected Amplitude: 0.0100%
[19:26:47] [INFO] Mercury synodic period: ~116 days (~4 months) - high frequency provides statistical power
[19:26:47] [INFO] Data coverage: 2023-01-01 to 2025-06-30 (912 days)
[19:26:47] [PROCESS]   Processing event: mercury_2023_01 (2023-01-07)
[19:26:47] [INFO]     Signal detected for mercury_2023_01: 1.1σ (below 3.0σ threshold), -31.0% amplitude
[19:26:47] [PROCESS]   Processing event: mercury_2023_05 (2023-05-01)
[19:26:48] [INFO]     Signal detected for mercury_2023_05: 1.2σ (below 3.0σ threshold), -58.0% amplitude
[19:26:48] [PROCESS]   Processing event: mercury_2023_09 (2023-08-28)
[19:26:48] [INFO]     Signal detected for mercury_2023_09: 2.5σ (below 3.0σ threshold), 122.6% amplitude
[19:26:48] [PROCESS]   Processing event: mercury_2023_12 (2023-12-22)
[19:26:49] [INFO]     Signal detected for mercury_2023_12: 1.2σ (below 3.0σ threshold), 127.4% amplitude
[19:26:49] [PROCESS]   Processing event: mercury_2024_04 (2024-04-11)
[19:26:51] [INFO]     Signal detected for mercury_2024_04: 1.0σ (below 3.0σ threshold), -32.9% amplitude
[19:26:51] [PROCESS]   Processing event: mercury_2024_08 (2024-08-05)
[19:26:53] [INFO]     Signal detected for mercury_2024_08: 2.2σ (below 3.0σ threshold), 149.6% amplitude
[19:26:53] [PROCESS]   Processing event: mercury_2024_11 (2024-11-26)
[19:26:57] [INFO]     Signal detected for mercury_2024_11: 0.7σ (below 3.0σ threshold), 82.1% amplitude
[19:26:57] [PROCESS]   Processing event: mercury_2025_03 (2025-03-15)
[19:27:00] [SUCCESS]     Significant detection for mercury_2025_03: 4.3σ (exceeds 3.0σ threshold), 257.9% amplitude
[19:27:00] [SUCCESS] Mercury inferior conjunction analysis complete: 8 events analyzed
[19:27:01] [PROCESS] Starting Solar Rotation Cycle Analysis...
[19:27:01] [INFO] Testing TEP coupling to rotating solar magnetic field (Carrington rotation)
[19:27:01] [INFO] Data coverage: 2023-01-01 to 2025-06-30 (912 days)
[19:27:01] [INFO] Solar rotation period: 27.0 days (~33.8 complete rotations)
[19:27:01] [INFO] Solar Rotation: Peak at 20.7 days but not significant
[19:27:01] [INFO]   Correlation: r=0.047, p=0.1572, SNR=7.9
[19:27:01] [SUCCESS] Solar rotation analysis complete
[19:27:01] [PROCESS] Starting Lunar Standstill Analysis (Event-Based)...
[19:27:02] [INFO] Data coverage: 2023-01-01 to 2025-06-30 (912 days)
[19:27:02] [INFO] Lunar standstill event window: ±180 days (±5.9 months)
[19:27:02] [INFO] Expected amplitude: 0.050%
[19:27:02] [INFO] Analyzing 1 lunar standstill event(s)
[19:27:02] [PROCESS]   Processing event: lunar_standstill_2025 (2025-06-01)
[19:27:04] [INFO]     Lunar standstill signal: 1.3σ (not significant)
[19:27:04] [SUCCESS] Lunar standstill analysis complete: No significant Lunar Standstill signals detected.
[19:27:04] [INFO] Memory usage: 2.0/24.0 GB (88.6%)
[19:27:04] [INFO] 
[19:27:04] [INFO] ================================================================================
[19:27:04] [INFO] JUPITER OPPOSITION ANALYSIS SUMMARY - IGS_COMBINED
[19:27:04] [INFO] ================================================================================
[19:27:04] [INFO] 
[19:27:04] [INFO] Jupiter Opposition: 1 NOTABLE DETECTION(S) (2.0-3.0σ)
[19:27:04] [INFO]    2024-12-07: 2.8σ, -78.3% amplitude (7x expected)
[19:27:04] [INFO] Statistical Summary:
[19:27:04] [INFO]    Total Events Analyzed: 2
[19:27:04] [INFO]    Detections ≥1.0σ: 2/2 (100.0%)
[19:27:04] [INFO]    Average Amplitude: 90.8% (expected: 0.220%)
[19:27:04] [INFO]    Maximum Amplitude: 103.2% (3x expected)
[19:27:04] [INFO]    Stacked Analysis: Deferred to Step 4.4 for comprehensive multi-planet correlation
[19:27:04] [INFO] --------------------------------------------------
[19:27:04] [INFO] 
[19:27:04] [INFO] ================================================================================
[19:27:04] [INFO] SATURN OPPOSITION ANALYSIS SUMMARY - IGS_COMBINED
[19:27:04] [INFO] ================================================================================
[19:27:04] [INFO] 
[19:27:04] [SUCCESS] Saturn Opposition: 1 SIGNIFICANT DETECTION(S) (≥3.0σ)
[19:27:04] [SUCCESS]    2024-09-08: 6.0σ enhancement at day -83.6
[19:27:04] [INFO]       Amplitude: 234.1% (expected: 0.019%, enhancement: 72x)
[19:27:04] [INFO] Statistical Summary:
[19:27:04] [INFO]    Total Events Analyzed: 3
[19:27:04] [INFO]    Detections ≥1.0σ: 2/3 (66.7%)
[19:27:04] [INFO]    Average Amplitude: 207.2% (expected: 0.019%)
[19:27:04] [INFO]    Maximum Amplitude: 264.4% (97x expected)
[19:27:04] [INFO]    Stacked Analysis: Deferred to Step 4.4 for comprehensive multi-planet correlation
[19:27:04] [INFO] --------------------------------------------------
[19:27:04] [INFO] 
[19:27:04] [INFO] ================================================================================
[19:27:04] [INFO] MARS OPPOSITION ANALYSIS SUMMARY - IGS_COMBINED
[19:27:04] [INFO] ================================================================================
[19:27:04] [INFO] 
[19:27:04] [SUCCESS] Mars Opposition: 1 SIGNIFICANT DETECTION(S) (≥3.0σ)
[19:27:04] [INFO]     REMARKABLE: Mars has the weakest expected signal (44x weaker than Jupiter)
[19:27:04] [SUCCESS]    2025-01-16: 4.5σ suppression at day -56.7
[19:27:04] [INFO]       Amplitude: -70.1% (expected: 0.0001%, enhancement: 201x)
[19:27:04] [INFO] Statistical Summary:
[19:27:04] [INFO]    Total Events Analyzed: 1
[19:27:04] [INFO]    Detections ≥1.0σ: 1/1 (100.0%)
[19:27:04] [INFO]    Average Amplitude: 70.1% (expected: 0.0050%)
[19:27:04] [INFO]    Maximum Amplitude: 70.1% (98x expected)
[19:27:04] [INFO]    Stacked Analysis: Deferred to Step 4.4 for comprehensive multi-planet correlation
[19:27:04] [INFO] --------------------------------------------------
[19:27:04] [PROCESS] Loading complete geospatial dataset from Step 2.1 for IGS_COMBINED...
[19:27:04] [INFO] Loading from /Users/matthewsmawfield/www/TEP-GNSS/data/processed/step_2_1_geospatial_igs_combined.csv
[19:27:04] [DEBUG] File size: 1660.6 MB
[19:27:04] [PROCESS] Reading CSV file into memory...
[19:27:19] [SUCCESS] CSV loaded successfully: 12,874,746 rows
[19:27:19] [PROCESS] Computing coherence values from plateau phase...
[19:27:19] [PROCESS] Cleaning and filtering data...
[19:27:23] [DEBUG] Data filtering: 12,874,746 → 12,874,746 → 12,874,746 → 12,874,746 → 12,874,746 pairs
[19:27:23] [SUCCESS] No pairs filtered - data is clean from Step 2.1
[19:27:23] [INFO] Data quality metrics:
[19:27:23] [INFO]   Coherence range: [-1.000000, 1.000000]
[19:27:23] [INFO]   Coherence mean: 0.013297 ± 0.716677
[19:27:23] [INFO]   Distance range: [1.0, 19937.3] km
[19:27:24] [INFO]   Distance mean: 9674.6 ± 4486.8 km
[19:27:27] [SUCCESS] Geospatial dataset loaded: 12,874,746 pairs, 2.33 GB
[19:27:27] [SUCCESS] Azimuth already computed in Step 2.1 - no redundant calculation needed
[19:27:27] [DEBUG] Step 2.1 log exists but no pair count found for igs_combined
[19:27:27] [PROCESS] Verifying required columns are present...
[19:27:27] [SUCCESS] All required columns present: ['azimuth', 'delta_longitude', 'delta_local_time']
[19:27:27] [INFO] Available columns: ['date', 'station_i', 'station_j', 'dist_km', 'plateau_phase', 'station1_lat', 'station1_lon', 'station2_lat', 'station2_lon', 'azimuth', 'delta_longitude', 'delta_local_time', 'coherence']
[19:27:27] [INFO] Memory usage: 2.4/24.0 GB (90.1%)
[19:27:27] [INFO] 
================================================================================
[19:27:27] [PROCESS] Starting Temporal Coherence Assessment...
[19:27:30] [SUCCESS] Temporal Coherence Assessment Complete
[19:27:30] [INFO]   Coherent Timescales: 2/4
[19:27:30] [INFO]   Spatial Bins Analyzed: 4
[19:27:30] [INFO]   Monthly: autocorr=0.502 (coherent)
[19:27:30] [INFO]   Biannual: autocorr=0.301 (coherent)
[19:27:30] [INFO] 

[19:27:30] [INFO] 
[19:27:30] [INFO] ================================================================================
[19:27:30] [INFO] ================================================================================
[19:27:30] [INFO] ================================================================================
[19:27:30] [INFO] 
[19:27:30] [INFO] 
[19:27:30] [INFO] ================================================================================
[19:27:30] [INFO] COMPREHENSIVE SCIENTIFIC SIGNIFICANCE REPORT - IGS_COMBINED
[19:27:30] [INFO] ================================================================================
[19:27:30] [INFO] 
[19:27:30] [INFO] 
[19:27:30] [INFO] ================================================================================
[19:27:30] [INFO] ================================================================================
[19:27:30] [INFO] ================================================================================
[19:27:30] [INFO] 
[19:27:30] [INFO] 
[19:27:30] [INFO] ================================================================================
[19:27:30] [INFO] 
1. PLANETARY GRAVITATIONAL EVENT ANALYSIS
[19:27:30] [INFO] ================================================================================
[19:27:30] [INFO] 
[19:27:30] [INFO]    Analysis of GPS timing correlation response to planetary configurations
[19:27:30] [INFO]    Detection threshold: 3.0σ (99.7% confidence)
[19:27:30] [INFO] 
[19:27:30] [INFO] ================================================================================
[19:27:30] [INFO] \n================================================================================
[19:27:30] [INFO] ================================================================================
[19:27:30] [INFO] 
[19:27:30] [INFO] 
[19:27:30] [INFO] ================================================================================
[19:27:30] [INFO] STATISTICAL SIGNIFICANCE CORRECTIONS
[19:27:30] [INFO] ================================================================================
[19:27:30] [INFO] 
[19:27:30] [INFO] 
[19:27:30] [INFO] ================================================================================
[19:27:30] [INFO] ================================================================================
[19:27:30] [INFO] ================================================================================
[19:27:30] [INFO] 
[19:27:30] [PROCESS] Testing gravitational scaling consistency...
[19:27:30] [INFO] Gravitational scaling test: r=0.780, p=0.2203
[19:27:30] [INFO] Multiple Testing Correction Results:
[19:27:30] [INFO]    Total tests: 5
[19:27:30] [INFO]    Uncorrected significant: 5
[19:27:30] [INFO]    Bonferroni significant: 5
[19:27:30] [INFO]    FDR significant: 5
[19:27:30] [INFO]    Bonferroni α: 0.010000
[19:27:30] [INFO] Gravitational Scaling Consistency:
[19:27:30] [INFO]    Mass-sigma correlation: r=0.780, p=0.2203
[19:27:30] [INFO]    Interpretation: inconsistent
[19:27:30] [INFO] 
   JUPITER:
[19:27:30] [INFO]       Events Analyzed: 2
[19:27:30] [INFO]       Expected Amplitude: 0.2200%
[19:27:30] [INFO]       Statistical Summary:
[19:27:30] [INFO]          Mean Sigma Level: 1.90σ
[19:27:30] [INFO]          Maximum Sigma Level: 2.79σ
[19:27:30] [INFO]          Mean Observed Amplitude: 90.76%
[19:27:30] [INFO]          Maximum Observed Amplitude: 103.18%
[19:27:30] [INFO]          Mean Enhancement Factor: 2.9x
[19:27:30] [INFO]          Maximum Enhancement Factor: 3.3x
[19:27:30] [INFO]       Notable Detections (2.0-3.0σ): 1
[19:27:30] [INFO]          2024-12-07: 2.79σ, 78.3%
[19:27:30] [INFO] 
   SATURN:
[19:27:30] [INFO]       Events Analyzed: 3
[19:27:30] [INFO]       Expected Amplitude: 0.0190%
[19:27:30] [INFO]       Statistical Summary:
[19:27:30] [INFO]          Mean Sigma Level: 2.81σ
[19:27:30] [INFO]          Maximum Sigma Level: 5.98σ
[19:27:30] [INFO]          Mean Observed Amplitude: 207.18%
[19:27:30] [INFO]          Maximum Observed Amplitude: 264.44%
[19:27:30] [INFO]          Mean Enhancement Factor: 76.3x
[19:27:30] [INFO]          Maximum Enhancement Factor: 97.4x
[19:27:30] [SUCCESS]       SIGNIFICANT DETECTIONS (≥3.0σ): 1
[19:27:30] [INFO]          2024-09-08: 5.98σ, 234.1% (72x expected)
[19:27:30] [INFO]       Notable Detections (2.0-3.0σ): 1
[19:27:30] [INFO]          2023-08-27: 2.45σ, 123.0%
[19:27:30] [INFO] 
   MARS:
[19:27:30] [INFO]       Events Analyzed: 1
[19:27:30] [INFO]       Expected Amplitude: 0.0050%
[19:27:30] [INFO]       Statistical Summary:
[19:27:30] [INFO]          Mean Sigma Level: 4.47σ
[19:27:30] [INFO]          Maximum Sigma Level: 4.47σ
[19:27:30] [INFO]          Mean Observed Amplitude: 70.10%
[19:27:30] [INFO]          Maximum Observed Amplitude: 70.10%
[19:27:30] [INFO]          Mean Enhancement Factor: 98.1x
[19:27:30] [INFO]          Maximum Enhancement Factor: 98.1x
[19:27:30] [SUCCESS]       SIGNIFICANT DETECTIONS (≥3.0σ): 1
[19:27:30] [INFO]          2025-01-16: 4.47σ, 70.1% (201x expected)
[19:27:30] [INFO] 
   VENUS:
[19:27:30] [INFO]       Events Analyzed: 2
[19:27:30] [INFO]       Expected Amplitude: 0.1000%
[19:27:30] [INFO]       Statistical Summary:
[19:27:30] [INFO]          Mean Sigma Level: 4.24σ
[19:27:30] [INFO]          Maximum Sigma Level: 5.44σ
[19:27:30] [INFO]          Mean Observed Amplitude: 252.08%
[19:27:30] [INFO]          Maximum Observed Amplitude: 345.26%
[19:27:30] [INFO]          Mean Enhancement Factor: 17.6x
[19:27:30] [INFO]          Maximum Enhancement Factor: 24.2x
[19:27:30] [SUCCESS]       SIGNIFICANT DETECTIONS (≥3.0σ): 2
[19:27:30] [INFO]          2023-08-13: 5.44σ, 158.9% (19x expected)
[19:27:30] [INFO]          2025-03-23: 3.04σ, 345.3% (37x expected)
[19:27:30] [INFO] 
   MERCURY:
[19:27:30] [INFO]       Events Analyzed: 8
[19:27:30] [INFO]       Expected Amplitude: 0.0100%
[19:27:30] [INFO]       Statistical Summary:
[19:27:30] [INFO]          Mean Sigma Level: 1.75σ
[19:27:30] [INFO]          Maximum Sigma Level: 4.28σ
[19:27:30] [INFO]          Mean Observed Amplitude: 107.70%
[19:27:30] [INFO]          Maximum Observed Amplitude: 257.93%
[19:27:30] [INFO]          Mean Enhancement Factor: 75.4x
[19:27:30] [INFO]          Maximum Enhancement Factor: 180.6x
[19:27:30] [SUCCESS]       SIGNIFICANT DETECTIONS (≥3.0σ): 1
[19:27:30] [INFO]          2025-03-15: 4.28σ, 257.9% (249x expected)
[19:27:30] [INFO]       Notable Detections (2.0-3.0σ): 2
[19:27:30] [INFO]          2023-08-28: 2.45σ, 122.6%
[19:27:30] [INFO]          2024-08-05: 2.21σ, 149.6%
[19:27:30] [INFO] 
[19:27:30] [INFO] ================================================================================
[19:27:30] [INFO] 
2. GEOPHYSICAL SIGNATURE ANALYSIS
[19:27:30] [INFO] ================================================================================
[19:27:30] [INFO] 
[19:27:30] [INFO]    Correlation with known Earth rotation and orbital parameters
[19:27:30] [INFO] 
   CHANDLER WOBBLE (14-month polar motion):
[19:27:30] [SUCCESS]       Detection Status: DETECTED (3.1σ equivalent)
[19:27:30] [INFO]       R² Correlation: 0.471 (threshold: >0.40, equivalent to >3.2σ)
[19:27:30] [INFO]       Period: 425 days (14.0 months)
[19:27:30] [INFO]       Temporal Coverage: 912 days (2.15 complete cycles)
[19:27:30] [INFO]       Interpretation: GPS timing correlations exhibit significant modulation
[19:27:30] [INFO]                      at Chandler wobble frequency, suggesting coupling to
[19:27:30] [INFO]                      Earth's polar motion dynamics
[19:27:30] [INFO] 
   EARTH ORBITAL MOTION (annual cycle):
[19:27:30] [SUCCESS]       Detection Status: DETECTED (5.6σ)
[19:27:30] [INFO]       Correlation Coefficient: r = -0.793 (threshold: |r| > 0.40, ≈3.2σ)
[19:27:30] [INFO]       Statistical Significance: p = 0.0000
[19:27:30] [INFO]       Temporal Samples: 34 (30-day windows)
[19:27:30] [INFO]       Interpretation: Directional anisotropy (E-W vs N-S) correlates with
[19:27:30] [INFO]                      Earth's position in orbit, suggesting orbital velocity
[19:27:30] [INFO]                      modulates GPS timing correlation structure
[19:27:30] [INFO] 
   MULTI-FREQUENCY BEAT PATTERNS:
[19:27:30] [INFO]       Significant Patterns: 35/0 (3500.0%)
[19:27:30] [INFO]       Detection Threshold: p < 0.05, |r| > 0.3
[19:27:30] [INFO]       Top Beat Patterns:
[19:27:30] [INFO]          1. Unknown: Period=0.0 days, R²=0.255
[19:27:30] [INFO]          2. Unknown: Period=0.0 days, R²=0.455
[19:27:30] [INFO]          3. Unknown: Period=0.0 days, R²=0.458
[19:27:30] [INFO]          4. Unknown: Period=0.0 days, R²=0.300
[19:27:30] [INFO]          5. Unknown: Period=0.0 days, R²=0.297
[19:27:30] [INFO]       Interpretation: Multiple geophysical/astronomical frequencies show
[19:27:30] [INFO]                      coherent beating patterns in GPS timing correlations,
[19:27:30] [INFO]                      indicating complex multi-scale temporal coupling
[19:27:30] [INFO] 
[19:27:30] [INFO] ================================================================================
[19:27:30] [INFO] 
3. AMPLITUDE ENHANCEMENT ANALYSIS
[19:27:30] [INFO] ================================================================================
[19:27:30] [INFO] 
[19:27:30] [INFO]    Comparison of observed vs. expected gravitational coupling amplitudes
[19:27:30] [INFO] 
   Enhancement Factor Statistics (Observed/Expected Amplitude):
[19:27:30] [INFO]       Number of Significant Detections: 5
[19:27:30] [INFO]       Mean Enhancement: 115.5x
[19:27:30] [INFO]       Median Enhancement: 71.8x
[19:27:30] [INFO]       Standard Deviation: 92.0x
[19:27:30] [INFO]       Range: 19.5x - 248.5x
[19:27:30] [INFO]       Coefficient of Variation: 0.80
[19:27:30] [INFO] 
   Mechanistic Interpretation:
[19:27:30] [INFO]       Mean enhancement >100x indicates NON-LINEAR COUPLING mechanism.
[19:27:30] [INFO]       Such large amplification cannot be explained by direct
[19:27:30] [INFO]       gravitational effects and suggests resonance, tidal amplification,
[19:27:30] [INFO]       or parametric coupling processes with geophysical modes.
[19:27:30] [INFO] 
[19:27:30] [INFO] ================================================================================
[19:27:30] [INFO] 
4. TEP THEORY IMPLICATIONS
[19:27:30] [INFO] ================================================================================
[19:27:30] [INFO] 
[19:27:30] [INFO] 
   Evidence Summary for Temporal Equivalence Principle:
[19:27:30] [SUCCESS]       1. Planetary Gravitational Coupling: DETECTED
[19:27:30] [INFO]          5 significant event(s) with amplitude modulation
[19:27:30] [SUCCESS]       2. Chandler Wobble Correlation: DETECTED
[19:27:30] [INFO]          R² = 0.471
[19:27:30] [SUCCESS]       3. Orbital Motion Correlation: DETECTED
[19:27:30] [INFO]          r = -0.793
[19:27:30] [SUCCESS]       4. Multi-Frequency Coherence: DETECTED
[19:27:30] [INFO]          35 significant beat patterns
[19:27:30] [INFO] 
   Overall Assessment:
[19:27:30] [SUCCESS]       STRONG SUPPORT for TEP
[19:27:30] [INFO]       Multiple independent lines of evidence (4/4) demonstrate
[19:27:30] [INFO]       that GPS timing correlations exhibit systematic modulation by
[19:27:30] [INFO]       gravitational and rotational dynamics, consistent with TEP
[19:27:30] [INFO]       predictions of temporal field coupling to spacetime geometry.
[19:27:30] [INFO] 
[19:27:30] [INFO] ================================================================================
[19:27:30] [INFO] ================================================================================
[19:27:30] [INFO] ================================================================================
[19:27:30] [INFO] 
[19:27:30] [SUCCESS] Statistical validation complete for IGS_COMBINED in 203.0s
[19:27:30] [SUCCESS] Results saved: /Users/matthewsmawfield/www/TEP-GNSS/results/outputs/step_2_2_geospatial_temporal_analysis_igs_combined.json
[19:27:30] [INFO] 
============================================================
[19:27:30] [INFO] 
[19:27:30] [INFO] ================================================================================
[19:27:30] [INFO] PROCESSING ESA_FINAL - Geospatial Temporal Analysis
[19:27:30] [INFO] ================================================================================
[19:27:30] [INFO] 
[19:27:30] [INFO] ============================================================
[19:27:30] [INFO] Starting geospatial temporal analysis for ESA_FINAL
[19:27:30] [INFO] ============================================================
[19:27:30] [INFO] MULTI-SCALE TEMPORAL WINDOW STRATEGY:
[19:27:30] [INFO]   Temporal Orbital Tracking: 30-day windows (seasonal signal + noise reduction)
[19:27:30] [INFO]   Mesh Dance Analysis: OPTIMIZED (90d coherence + 30d oscillation/spiral)
[19:27:30] [INFO]   Planetary Oppositions: 240-day windows (optimal coupling timescale)
[19:27:30] [INFO]   Chandler Wobble: Full 433-day cycle (period-matched analysis)
[19:27:30] [INFO]   Beat Analysis: Period-specific windows (matched to each frequency)
[19:27:30] [INFO] Rationale: Each analysis uses windows matched to its characteristic physical timescale
[19:27:30] [INFO] Based on empirical analysis showing optimal coupling at 240 days (Savitzky-Golay)
[19:27:30] [INFO] ============================================================
[19:27:30] [PROCESS] Loading complete geospatial dataset from Step 2.1 for ESA_FINAL...
[19:27:30] [INFO] Loading from /Users/matthewsmawfield/www/TEP-GNSS/data/processed/step_2_1_geospatial_esa_final.csv
[19:27:30] [DEBUG] File size: 1395.7 MB
[19:27:30] [PROCESS] Reading CSV file into memory...
[19:27:41] [SUCCESS] CSV loaded successfully: 10,809,084 rows
[19:27:41] [PROCESS] Computing coherence values from plateau phase...
[19:27:41] [PROCESS] Cleaning and filtering data...
[19:27:46] [DEBUG] Data filtering: 10,809,084 → 10,809,084 → 10,809,084 → 10,809,084 → 10,809,084 pairs
[19:27:46] [SUCCESS] No pairs filtered - data is clean from Step 2.1
[19:27:46] [INFO] Data quality metrics:
[19:27:46] [INFO]   Coherence range: [-1.000000, 1.000000]
[19:27:46] [INFO]   Coherence mean: 0.010740 ± 0.713534
[19:27:46] [INFO]   Distance range: [2.6, 19937.3] km
[19:27:46] [INFO]   Distance mean: 9801.0 ± 4482.2 km
[19:27:49] [SUCCESS] Geospatial dataset loaded: 10,809,084 pairs, 1.95 GB
[19:27:49] [SUCCESS] Azimuth already computed in Step 2.1 - no redundant calculation needed
[19:27:49] [DEBUG] Step 2.1 log exists but no pair count found for esa_final
[19:27:49] [PROCESS] Verifying required columns are present...
[19:27:49] [SUCCESS] All required columns present: ['azimuth', 'delta_longitude', 'delta_local_time']
[19:27:49] [INFO] Available columns: ['date', 'station_i', 'station_j', 'dist_km', 'plateau_phase', 'station1_lat', 'station1_lon', 'station2_lat', 'station2_lon', 'azimuth', 'delta_longitude', 'delta_local_time', 'coherence']
[19:27:49] [INFO] Memory usage: 2.4/24.0 GB (89.9%)
[19:27:50] [PROCESS] Starting enhanced anisotropy analysis...
[19:27:50] [INFO] Analyzing 10,809,084 pairs with coordinate information
[19:27:51] [SUCCESS] Using pre-computed azimuths from Step 2.1
[19:27:51] [PROCESS] Classifying pairs into directional sectors...
[19:27:52] [PROCESS] Applying distance distribution matching guardrails...
[19:29:07] [SUCCESS] Distance distribution matching applied to 8 sectors
[19:29:07] [INFO] Analyzing 8 directional sectors with 40 distance bins
[19:29:07] [PROCESS] Processing sector 1/8: N (4,990 matched pairs from 1,527,362 original)
[19:29:07] [DEBUG]   Binning N matched data into 40 distance bins...
[19:29:07] [DEBUG]   N: 13 valid bins (min 50 pairs per bin)
[19:29:07] [DEBUG]   Fitting exponential correlation model to N matched data...
[19:29:07] [SUCCESS]   N fit successful: λ = 941.1 km, R² = 0.156 (distance-matched)
[19:29:07] [PROCESS] Processing sector 2/8: NE (4,990 matched pairs from 1,832,455 original)
[19:29:07] [DEBUG]   Binning NE matched data into 40 distance bins...
[19:29:07] [DEBUG]   NE: 13 valid bins (min 50 pairs per bin)
[19:29:07] [DEBUG]   Fitting exponential correlation model to NE matched data...
[19:29:07] [SUCCESS]   NE fit successful: λ = 9705.5 km, R² = 0.227 (distance-matched)
[19:29:07] [PROCESS] Processing sector 3/8: E (4,990 matched pairs from 1,253,299 original)
[19:29:07] [DEBUG]   Binning E matched data into 40 distance bins...
[19:29:07] [DEBUG]   E: 14 valid bins (min 50 pairs per bin)
[19:29:07] [DEBUG]   Fitting exponential correlation model to E matched data...
[19:29:07] [SUCCESS]   E fit successful: λ = 2822.3 km, R² = 0.515 (distance-matched)
[19:29:07] [PROCESS] Processing sector 4/8: SE (4,990 matched pairs from 1,148,683 original)
[19:29:07] [DEBUG]   Binning SE matched data into 40 distance bins...
[19:29:07] [DEBUG]   SE: 14 valid bins (min 50 pairs per bin)
[19:29:07] [DEBUG]   Fitting exponential correlation model to SE matched data...
[19:29:07] [SUCCESS]   SE fit successful: λ = 9695.1 km, R² = 0.298 (distance-matched)
[19:29:07] [PROCESS] Processing sector 5/8: S (4,990 matched pairs from 868,287 original)
[19:29:07] [DEBUG]   Binning S matched data into 40 distance bins...
[19:29:08] [DEBUG]   S: 15 valid bins (min 50 pairs per bin)
[19:29:08] [DEBUG]   Fitting exponential correlation model to S matched data...
[19:29:08] [SUCCESS]   S fit successful: λ = 4617.7 km, R² = 0.375 (distance-matched)
[19:29:08] [PROCESS] Processing sector 6/8: SW (4,990 matched pairs from 1,156,539 original)
[19:29:08] [DEBUG]   Binning SW matched data into 40 distance bins...
[19:29:08] [DEBUG]   SW: 14 valid bins (min 50 pairs per bin)
[19:29:08] [DEBUG]   Fitting exponential correlation model to SW matched data...
[19:29:08] [SUCCESS]   SW fit successful: λ = 4850.7 km, R² = 0.760 (distance-matched)
[19:29:08] [PROCESS] Processing sector 7/8: W (4,990 matched pairs from 1,191,038 original)
[19:29:08] [DEBUG]   Binning W matched data into 40 distance bins...
[19:29:08] [DEBUG]   W: 13 valid bins (min 50 pairs per bin)
[19:29:08] [DEBUG]   Fitting exponential correlation model to W matched data...
[19:29:08] [SUCCESS]   W fit successful: λ = 6199.7 km, R² = 0.529 (distance-matched)
[19:29:08] [PROCESS] Processing sector 8/8: NW (4,990 matched pairs from 1,831,421 original)
[19:29:08] [DEBUG]   Binning NW matched data into 40 distance bins...
[19:29:08] [DEBUG]   NW: 13 valid bins (min 50 pairs per bin)
[19:29:08] [DEBUG]   Fitting exponential correlation model to NW matched data...
[19:29:08] [SUCCESS]   NW fit successful: λ = 9722.9 km, R² = -0.000 (distance-matched)
[19:29:08] [PROCESS] Computing anisotropy statistics from 8 successful sector fits...
[19:29:08] [SUCCESS] Enhanced Anisotropy complete: 8 sectors, CV = 0.522
[19:29:08] [PROCESS] Starting Temporal Orbital Tracking Analysis...
[19:29:08] [PROCESS] Testing for seasonal orbital motion signatures in GPS timing correlations
[19:29:08] [INFO] Temporal range: 2023-01-01 00:00:00 to 2025-06-30 00:00:00
[19:29:08] [INFO] Day of year range: 1 to 366
[19:29:08] [SUCCESS] Using pre-computed azimuths from Step 2.1
[19:29:11] [PROCESS] Tracking E-W/N-S ratio across 34 temporal samples (each using 30-day windows)...
[19:29:11] [INFO] Window strategy: Each sample uses ±15 days (30-day total) to balance seasonal signal with noise reduction
[19:29:18] [SUCCESS] Robust correlation confirmed: E-W/N-S anisotropy correlates with Earth's orbital motion (r=-0.571, p=0.0004)
[19:29:18] [INFO] Results indicate GPS timing correlations may reflect Earth's orbital dynamics
[19:29:18] [SUCCESS] Temporal orbital tracking complete: 34 samples analyzed
[19:29:18] [PROCESS] Starting Chandler Wobble Analysis (14-month period)...
[19:29:19] [INFO] Temporal coverage: 912 days (2.15 Chandler cycles)
[19:29:24] [SUCCESS] Chandler wobble signature detected: R² = 0.453
[19:29:24] [SUCCESS] CHANDLER WOBBLE ANALYSIS RESULTS:
[19:29:24] [INFO]   Chandler Period: 14.0 months (433 days)
[19:29:24] [INFO]   Temporal Coverage: 912 days (2.11 Chandler cycles)
[19:29:24] [INFO]   Phase Bins Analyzed: 18
[19:29:24] [SUCCESS]   Chandler Signature: R² = 0.453 (DETECTED)
[19:29:24] [SUCCESS] Chandler wobble analysis complete: 18 phase bins analyzed
[19:29:24] [PROCESS] Starting 3D Spherical Harmonic Analysis...
[19:29:24] [SUCCESS] Using pre-computed azimuths from Step 2.1
[19:29:24] [PROCESS] Computing elevation angles for 3D analysis...
[19:29:27] [SUCCESS] Strong 3D anisotropy detected: strength = 1.981
[19:29:27] [SUCCESS] 3D SPHERICAL HARMONIC ANALYSIS RESULTS:
[19:29:27] [INFO]   3D Anisotropy Strength: 1.981
[19:29:27] [INFO]   Spherical Bins Analyzed: 16
[19:29:27] [INFO]   Azimuth Resolution: 16 bins (22.5° each)
[19:29:27] [INFO]   Elevation Resolution: 8 bins (0-90°)
[19:29:27] [SUCCESS]   Strong 3D Structure: 1.981 (DETECTED)
[19:29:27] [SUCCESS] 3D spherical harmonic analysis complete: 16 bins analyzed
[19:29:27] [PROCESS] Starting Multi-Frequency Beat Analysis (Aligned with Step 3.6)...
[19:29:27] [INFO] Analyzing 12 frequency bands aligned with Step 3.6
[19:29:27] [INFO]   tidal_diurnal: 15 µHz (0.8 day period)
[19:29:27] [INFO]   tidal_semidiurnal: 25 µHz (0.5 day period)
[19:29:27] [INFO]   post_tidal_30_40: 35 µHz (0.3 day period)
[19:29:27] [INFO]   post_tidal_40_50: 45 µHz (0.3 day period)
[19:29:27] [INFO]   post_tidal_50_100: 75 µHz (0.2 day period)
[19:29:27] [INFO]   intermediate_100_200: 150 µHz (0.1 day period)
[19:29:27] [INFO]   intermediate_200_350: 275 µHz (0.0 day period)
[19:29:27] [INFO]   intermediate_350_500: 425 µHz (0.0 day period)
[19:29:27] [INFO]   transition_500_750: 625 µHz (0.0 day period)
[19:29:27] [INFO]   transition_750_1000: 875 µHz (0.0 day period)
[19:29:27] [INFO]   control_1000_1500: 1250 µHz (0.0 day period)
[19:29:27] [INFO]   control_2000_3000: 2500 µHz (0.0 day period)
[19:29:27] [INFO] Analyzing short range (50-500 km): 22,394 pairs
[19:29:28] [INFO] Analyzing medium range (500-2000 km): 412,408 pairs
[19:29:30] [INFO] Analyzing long range (2000-10000 km): 5,221,005 pairs
[19:29:36] [INFO] Analyzing very_long range (10000-20000 km): 5,149,945 pairs
[19:29:40] [SUCCESS] MULTI-FREQUENCY BEAT ANALYSIS (STEP 3.6 ALIGNED) COMPLETE:
[19:29:40] [INFO]   Frequency Bands Analyzed: 12
[19:29:40] [INFO]   Significant Beat Patterns: 35
[19:29:40] [INFO]   Detection Threshold: |r| > 0.1
[19:29:40] [INFO]   Top Significant Patterns:
[19:29:40] [INFO]     1. Post-Tidal 30-40 µHz: R²=0.659, Period=0.3 days, Range=long
[19:29:40] [INFO]     2. Post-Tidal 30-40 µHz: R²=0.611, Period=0.3 days, Range=very_long
[19:29:40] [INFO]     3. Diurnal Tides (10-20 µHz): R²=0.577, Period=0.8 days, Range=very_long
[19:29:40] [INFO]     4. Intermediate 350-500 µHz: R²=0.574, Period=0.0 days, Range=very_long
[19:29:40] [INFO]     5. Semidiurnal Tides (20-30 µHz): R²=0.530, Period=0.5 days, Range=medium
[19:29:40] [PROCESS] Starting Relative Motion Beat Analysis...
[19:29:46] [SUCCESS] RELATIVE MOTION BEAT ANALYSIS RESULTS:
[19:29:46] [INFO]   Significant Beat Patterns: 10
[19:29:46] [INFO]   Total Beat Patterns Analyzed: 12
[19:29:46] [INFO]   Detection Threshold: R² > 0.2
[19:29:46] [INFO]   ALL SIGNIFICANT RELATIVE MOTION BEAT PATTERNS:
[19:29:46] [INFO]     short_chandler_annual_sum: R²=0.402, Period=196.9 days, Amplitude=-0.0092, Range=short
[19:29:46] [INFO]     short_chandler_semiannual_sum: R²=0.617, Period=127.9 days, Amplitude=0.0052, Range=short
[19:29:46] [INFO]     short_rotation_tidal_beat: R²=0.378, Period=0.5 days, Amplitude=0.0089, Range=short
[19:29:46] [INFO]     medium_tidal_m2_tidal_s2_diff: R²=0.394, Period=14.8 days, Amplitude=-0.0033, Range=medium
[19:29:46] [INFO]     medium_chandler_annual_sum: R²=0.933, Period=196.9 days, Amplitude=0.0108, Range=medium
[19:29:46] [INFO]     medium_chandler_semiannual_sum: R²=0.822, Period=127.9 days, Amplitude=0.0119, Range=medium
[19:29:46] [INFO]     medium_rotation_tidal_beat: R²=0.616, Period=0.5 days, Amplitude=0.0053, Range=medium
[19:29:46] [INFO]     long_chandler_annual_sum: R²=0.285, Period=196.9 days, Amplitude=-0.0013, Range=long
[19:29:46] [INFO]     long_chandler_semiannual_sum: R²=0.633, Period=127.9 days, Amplitude=-0.0039, Range=long
[19:29:46] [INFO]     long_rotation_tidal_beat: R²=0.339, Period=0.5 days, Amplitude=0.0011, Range=long
[19:29:46] [SUCCESS] Relative motion beat analysis complete: 10 significant patterns detected
[19:29:46] [PROCESS] Starting Mesh Dance Analysis - Network Coherence Assessment
[19:29:46] [PROCESS] Analyzing coherent motion patterns of GPS station network...
[19:29:46] [INFO] Analyzing mesh coherence patterns...
[19:29:46] [INFO] Using OPTIMIZED windows: 90d for coherence (10 samples), 30d for oscillation/spiral
[19:29:52] [INFO] Using 31 high-resolution 30-day windows for spiral/oscillation detection
[19:29:52] [INFO] Analyzing spiral dynamics of mesh motion...
[19:29:52] [INFO] Analyzing collective mesh oscillation patterns...
[19:29:52] [INFO] Oscillation analysis using 31 samples (window size: 30d)
[19:29:52] [INFO] Analyzing spacetime coupling signatures...
[19:29:52] [INFO] Computing network coherence classification...
[19:29:52] [SUCCESS] MESH DANCE ANALYSIS RESULTS:
[19:29:52] [INFO]   Network Coherence Score: 0.527
[19:29:52] [INFO]   Dance Classification: WEAK NETWORK COHERENCE - Limited collective motion detected
[19:29:52] [INFO]   Time Windows Analyzed: 11
[19:29:52] [INFO]   Temporal Span: 900 days
[19:29:52] [INFO]   DEBUG - Component Scores:
[19:29:52] [INFO]     Mesh Coherence: 0.934 (base: 0.644)
[19:29:52] [INFO]     Spiral Score: 0.017 (detected: True)
[19:29:52] [INFO]     Oscillation Score: 0.465 (detected: True)
[19:29:52] [INFO]     Earth Coupling Score: 0.333 (detected: True)
[19:29:52] [INFO]     Significant Components: 3/3
[19:29:52] [INFO]     Boost Factor: 1.45x
[19:29:52] [INFO]     Base Score: 0.527 → Final Score: 0.527
[19:29:52] [INFO]   DEBUG - Best Oscillation Details:
[19:29:52] [INFO]     Period: 365.2 days
[19:29:52] [INFO]     Correlation: -0.465
[19:29:52] [INFO]     R²: 0.216
[19:29:52] [INFO]     P-value: 0.0085
[19:29:52] [INFO]   Best Collective Oscillation: 365.2 day period
[19:29:52] [INFO]      Oscillation R²: 0.216
[19:29:52] [INFO]      Significant Oscillations: 2
[19:29:52] [SUCCESS] MESH DANCE ANALYSIS COMPLETE: WEAK NETWORK COHERENCE - Limited collective motion detected
[19:29:52] [PROCESS] Starting Jupiter Opposition Pulse Analysis...
[19:29:52] [INFO] Data coverage: 2023-01-01 to 2025-06-30 (912 days)
[19:29:52] [INFO] Using 240-day windows (±120 days) for optimal gravitational coupling detection
[19:29:52] [INFO] Analyzing 2 Jupiter opposition events
[19:29:52] [INFO] Event window: ±120 days, Expected Amplitude: 0.220%
[19:29:52] [INFO] Jupiter orbital period: ~11.86 years, Opposition frequency: ~1.09 years
[19:29:52] [PROCESS]   Processing event: Jupiter_Opposition_2023 (2023-11-03)
[19:29:53] [INFO]     Signal detected for Jupiter_Opposition_2023: 1.0σ (below 3.0σ threshold), -55.0% amplitude
[19:29:53] [PROCESS]   Processing event: Jupiter_Opposition_2024 (2024-12-07)
[19:29:54] [INFO]     Signal detected for Jupiter_Opposition_2024: 1.9σ (below 3.0σ threshold), -77.9% amplitude
[19:29:54] [SUCCESS] Jupiter opposition analysis complete: 2 events analyzed
[19:29:54] [PROCESS] Starting Saturn Opposition Analysis...
[19:29:54] [INFO] Using 240-day windows (±120 days) aligned with optimal coupling timescale
[19:29:54] [INFO] Analyzing 3 Saturn opposition events
[19:29:54] [INFO] Event window: ±120 days, Expected Amplitude: 0.019%
[19:29:54] [INFO] Saturn orbital period: ~29.46 years, Opposition frequency: ~1.04 years
[19:29:54] [INFO] Data coverage: 2023-01-01 to 2025-06-30 (912 days)
[19:29:54] [PROCESS]   Processing event: saturn_2023 (2023-08-27)
[19:29:55] [INFO]     Signal detected for saturn_2023: 1.3σ (below 3.0σ threshold), 62.6% amplitude
[19:29:55] [PROCESS]   Processing event: saturn_2024 (2024-09-08)
[19:29:56] [INFO]     Signal detected for saturn_2024: 2.7σ (below 3.0σ threshold), 116.6% amplitude
[19:29:56] [PROCESS]   Processing event: saturn_2025 (2025-09-21)
[19:29:57] [INFO]     Signal detected for saturn_2025: 0.0σ (below 3.0σ threshold), 243.1% amplitude
[19:29:57] [SUCCESS] Saturn opposition analysis complete: 3 events analyzed
[19:29:57] [PROCESS] Starting Mars Opposition Analysis...
[19:29:57] [INFO] Using 240-day windows (±120 days) for maximum sensitivity to weak Mars signal
[19:29:57] [INFO] Analyzing 1 Mars opposition events
[19:29:57] [INFO] Event window: ±120 days, Expected Amplitude: 0.0050% (weakest expected signal)
[19:29:57] [INFO] Mars orbital period: ~1.88 years, Opposition frequency: ~2.13 years
[19:29:57] [INFO] Data coverage: 2023-01-01 to 2025-06-30 (912 days)
[19:29:57] [PROCESS]   Processing event: mars_2025 (2025-01-16)
[19:29:59] [INFO]     Signal detected for mars_2025: 1.9σ (below 3.0σ threshold), -101.0% amplitude
[19:29:59] [SUCCESS] Mars opposition analysis complete: 1 events analyzed
[19:29:59] [PROCESS] Starting Venus Inferior Conjunction Analysis...
[19:29:59] [INFO] Using 240-day windows (±120 days) for optimal Venus coupling detection
[19:29:59] [INFO] Analyzing 2 Venus inferior conjunction events
[19:29:59] [INFO] Event window: ±120 days, Expected Amplitude: 0.100%
[19:29:59] [INFO] Venus synodic period: ~584 days (~19 months)
[19:29:59] [INFO] Data coverage: 2023-01-01 to 2025-06-30 (912 days)
[19:29:59] [PROCESS]   Processing event: venus_2023 (2023-08-13)
[19:30:00] [INFO]     Signal detected for venus_2023: 1.6σ (below 3.0σ threshold), 72.6% amplitude
[19:30:00] [PROCESS]   Processing event: venus_2025 (2025-03-23)
[19:30:02] [SUCCESS]     Significant detection for venus_2025: 3.9σ (exceeds 3.0σ threshold), 187.5% amplitude
[19:30:02] [SUCCESS] Venus inferior conjunction analysis complete: 2 events analyzed
[19:30:02] [PROCESS] Starting Mercury Inferior Conjunction Analysis...
[19:30:02] [INFO] Using 240-day windows (±120 days) for maximum sensitivity to weak Mercury signal
[19:30:02] [INFO] Analyzing 8 Mercury inferior conjunction events
[19:30:02] [INFO] Event window: ±120 days, Expected Amplitude: 0.0100%
[19:30:02] [INFO] Mercury synodic period: ~116 days (~4 months) - high frequency provides statistical power
[19:30:02] [INFO] Data coverage: 2023-01-01 to 2025-06-30 (912 days)
[19:30:02] [PROCESS]   Processing event: mercury_2023_01 (2023-01-07)
[19:30:03] [INFO]     Signal detected for mercury_2023_01: 1.9σ (below 3.0σ threshold), 235.0% amplitude
[19:30:03] [PROCESS]   Processing event: mercury_2023_05 (2023-05-01)
[19:30:04] [INFO]     Signal detected for mercury_2023_05: 1.8σ (below 3.0σ threshold), 203.7% amplitude
[19:30:04] [PROCESS]   Processing event: mercury_2023_09 (2023-08-28)
[19:30:05] [INFO]     Signal detected for mercury_2023_09: 1.3σ (below 3.0σ threshold), 62.9% amplitude
[19:30:05] [PROCESS]   Processing event: mercury_2023_12 (2023-12-22)
[19:30:06] [INFO]     Signal detected for mercury_2023_12: 1.1σ (below 3.0σ threshold), -73.9% amplitude
[19:30:06] [PROCESS]   Processing event: mercury_2024_04 (2024-04-11)
[19:30:07] [INFO]     Signal detected for mercury_2024_04: 1.5σ (below 3.0σ threshold), 194.1% amplitude
[19:30:07] [PROCESS]   Processing event: mercury_2024_08 (2024-08-05)
[19:30:09] [INFO]     Signal detected for mercury_2024_08: 2.1σ (below 3.0σ threshold), 179.5% amplitude
[19:30:09] [PROCESS]   Processing event: mercury_2024_11 (2024-11-26)
[19:30:10] [INFO]     Signal detected for mercury_2024_11: 2.3σ (below 3.0σ threshold), 292.1% amplitude
[19:30:10] [PROCESS]   Processing event: mercury_2025_03 (2025-03-15)
[19:30:12] [SUCCESS]     Significant detection for mercury_2025_03: 3.8σ (exceeds 3.0σ threshold), 182.7% amplitude
[19:30:12] [SUCCESS] Mercury inferior conjunction analysis complete: 8 events analyzed
[19:30:12] [PROCESS] Starting Solar Rotation Cycle Analysis...
[19:30:12] [INFO] Testing TEP coupling to rotating solar magnetic field (Carrington rotation)
[19:30:12] [INFO] Data coverage: 2023-01-01 to 2025-06-30 (912 days)
[19:30:12] [INFO] Solar rotation period: 27.0 days (~33.8 complete rotations)
[19:30:12] [INFO] Solar Rotation: Peak at 21.7 days but not significant
[19:30:12] [INFO]   Correlation: r=-0.076, p=0.0221, SNR=6.2
[19:30:12] [SUCCESS] Solar rotation analysis complete
[19:30:12] [PROCESS] Starting Lunar Standstill Analysis (Event-Based)...
[19:30:12] [INFO] Data coverage: 2023-01-01 to 2025-06-30 (912 days)
[19:30:12] [INFO] Lunar standstill event window: ±180 days (±5.9 months)
[19:30:12] [INFO] Expected amplitude: 0.050%
[19:30:12] [INFO] Analyzing 1 lunar standstill event(s)
[19:30:12] [PROCESS]   Processing event: lunar_standstill_2025 (2025-06-01)
[19:30:14] [SUCCESS]     SIGNIFICANT lunar standstill signal: 3.8σ
[19:30:14] [SUCCESS] Lunar standstill analysis complete: Significant Lunar Standstill signal(s) detected: 1
[19:30:14] [INFO] Memory usage: 1.9/24.0 GB (88.8%)
[19:30:14] [INFO] 
[19:30:14] [INFO] ================================================================================
[19:30:14] [INFO] JUPITER OPPOSITION ANALYSIS SUMMARY - ESA_FINAL
[19:30:14] [INFO] ================================================================================
[19:30:14] [INFO] 
[19:30:14] [INFO] Jupiter Opposition: 1 SUB-SIGNIFICANT DETECTION(S) (1.0-2.0σ)
[19:30:14] [INFO]    2024-12-07: 1.9σ, -77.9% amplitude
[19:30:14] [INFO] Statistical Summary:
[19:30:14] [INFO]    Total Events Analyzed: 2
[19:30:14] [INFO]    Detections ≥1.0σ: 1/2 (50.0%)
[19:30:14] [INFO]    Average Amplitude: 66.4% (expected: 0.220%)
[19:30:14] [INFO]    Maximum Amplitude: 77.9% (2x expected)
[19:30:14] [INFO]    Stacked Analysis: Deferred to Step 4.4 for comprehensive multi-planet correlation
[19:30:14] [INFO] --------------------------------------------------
[19:30:14] [INFO] 
[19:30:14] [INFO] ================================================================================
[19:30:14] [INFO] SATURN OPPOSITION ANALYSIS SUMMARY - ESA_FINAL
[19:30:14] [INFO] ================================================================================
[19:30:14] [INFO] 
[19:30:14] [INFO] Saturn Opposition: 1 NOTABLE DETECTION(S) (2.0-3.0σ)
[19:30:14] [INFO]    2024-09-08: 2.7σ, 116.6% amplitude (6138x expected)
[19:30:14] [INFO] Statistical Summary:
[19:30:14] [INFO]    Total Events Analyzed: 3
[19:30:14] [INFO]    Detections ≥1.0σ: 2/3 (66.7%)
[19:30:14] [INFO]    Average Amplitude: 140.8% (expected: 0.019%)
[19:30:14] [INFO]    Maximum Amplitude: 243.1% (90x expected)
[19:30:14] [INFO]    Stacked Analysis: Deferred to Step 4.4 for comprehensive multi-planet correlation
[19:30:14] [INFO] --------------------------------------------------
[19:30:14] [INFO] 
[19:30:14] [INFO] ================================================================================
[19:30:14] [INFO] MARS OPPOSITION ANALYSIS SUMMARY - ESA_FINAL
[19:30:14] [INFO] ================================================================================
[19:30:14] [INFO] 
[19:30:14] [INFO] Mars Opposition: 1 SUB-SIGNIFICANT DETECTION(S) (1.0-2.0σ)
[19:30:14] [INFO]    2025-01-16: 1.9σ, -101.0% amplitude
[19:30:14] [INFO] Statistical Summary:
[19:30:14] [INFO]    Total Events Analyzed: 1
[19:30:14] [INFO]    Detections ≥1.0σ: 1/1 (100.0%)
[19:30:14] [INFO]    Average Amplitude: 101.0% (expected: 0.0050%)
[19:30:14] [INFO]    Maximum Amplitude: 101.0% (141x expected)
[19:30:14] [INFO]    Stacked Analysis: Deferred to Step 4.4 for comprehensive multi-planet correlation
[19:30:14] [INFO] --------------------------------------------------
[19:30:14] [PROCESS] Loading complete geospatial dataset from Step 2.1 for ESA_FINAL...
[19:30:14] [INFO] Loading from /Users/matthewsmawfield/www/TEP-GNSS/data/processed/step_2_1_geospatial_esa_final.csv
[19:30:14] [DEBUG] File size: 1395.7 MB
[19:30:14] [PROCESS] Reading CSV file into memory...
[19:30:25] [SUCCESS] CSV loaded successfully: 10,809,084 rows
[19:30:25] [PROCESS] Computing coherence values from plateau phase...
[19:30:25] [PROCESS] Cleaning and filtering data...
[19:30:29] [DEBUG] Data filtering: 10,809,084 → 10,809,084 → 10,809,084 → 10,809,084 → 10,809,084 pairs
[19:30:29] [SUCCESS] No pairs filtered - data is clean from Step 2.1
[19:30:29] [INFO] Data quality metrics:
[19:30:29] [INFO]   Coherence range: [-1.000000, 1.000000]
[19:30:29] [INFO]   Coherence mean: 0.010740 ± 0.713534
[19:30:29] [INFO]   Distance range: [2.6, 19937.3] km
[19:30:29] [INFO]   Distance mean: 9801.0 ± 4482.2 km
[19:30:32] [SUCCESS] Geospatial dataset loaded: 10,809,084 pairs, 1.95 GB
[19:30:32] [SUCCESS] Azimuth already computed in Step 2.1 - no redundant calculation needed
[19:30:32] [DEBUG] Step 2.1 log exists but no pair count found for esa_final
[19:30:32] [PROCESS] Verifying required columns are present...
[19:30:32] [SUCCESS] All required columns present: ['azimuth', 'delta_longitude', 'delta_local_time']
[19:30:32] [INFO] Available columns: ['date', 'station_i', 'station_j', 'dist_km', 'plateau_phase', 'station1_lat', 'station1_lon', 'station2_lat', 'station2_lon', 'azimuth', 'delta_longitude', 'delta_local_time', 'coherence']
[19:30:32] [INFO] Memory usage: 2.2/24.0 GB (90.3%)
[19:30:32] [INFO] 
================================================================================
[19:30:32] [PROCESS] Starting Temporal Coherence Assessment...
[19:30:35] [SUCCESS] Temporal Coherence Assessment Complete
[19:30:35] [INFO]   Coherent Timescales: 4/4
[19:30:35] [INFO]   Spatial Bins Analyzed: 4
[19:30:35] [INFO]   Weekly: autocorr=0.377 (coherent)
[19:30:35] [INFO]   Monthly: autocorr=0.646 (coherent)
[19:30:35] [INFO]   Quarterly: autocorr=0.659 (coherent)
[19:30:35] [INFO]   Biannual: autocorr=0.596 (coherent)
[19:30:35] [INFO] 

[19:30:35] [INFO] 
[19:30:35] [INFO] ================================================================================
[19:30:35] [INFO] ================================================================================
[19:30:35] [INFO] ================================================================================
[19:30:35] [INFO] 
[19:30:35] [INFO] 
[19:30:35] [INFO] ================================================================================
[19:30:35] [INFO] COMPREHENSIVE SCIENTIFIC SIGNIFICANCE REPORT - ESA_FINAL
[19:30:35] [INFO] ================================================================================
[19:30:35] [INFO] 
[19:30:35] [INFO] 
[19:30:35] [INFO] ================================================================================
[19:30:35] [INFO] ================================================================================
[19:30:35] [INFO] ================================================================================
[19:30:35] [INFO] 
[19:30:35] [INFO] 
[19:30:35] [INFO] ================================================================================
[19:30:35] [INFO] 
1. PLANETARY GRAVITATIONAL EVENT ANALYSIS
[19:30:35] [INFO] ================================================================================
[19:30:35] [INFO] 
[19:30:35] [INFO]    Analysis of GPS timing correlation response to planetary configurations
[19:30:35] [INFO]    Detection threshold: 3.0σ (99.7% confidence)
[19:30:35] [INFO] 
[19:30:35] [INFO] ================================================================================
[19:30:35] [INFO] \n================================================================================
[19:30:35] [INFO] ================================================================================
[19:30:35] [INFO] 
[19:30:35] [INFO] 
[19:30:35] [INFO] ================================================================================
[19:30:35] [INFO] STATISTICAL SIGNIFICANCE CORRECTIONS
[19:30:35] [INFO] ================================================================================
[19:30:35] [INFO] 
[19:30:35] [INFO] 
[19:30:35] [INFO] ================================================================================
[19:30:35] [INFO] ================================================================================
[19:30:35] [INFO] ================================================================================
[19:30:35] [INFO] 
[19:30:35] [PROCESS] Testing gravitational scaling consistency...
[19:30:35] [INFO] Multiple Testing Correction Results:
[19:30:35] [INFO]    Total tests: 2
[19:30:35] [INFO]    Uncorrected significant: 2
[19:30:35] [INFO]    Bonferroni significant: 2
[19:30:35] [INFO]    FDR significant: 2
[19:30:35] [INFO]    Bonferroni α: 0.025000
[19:30:35] [INFO] 
   JUPITER:
[19:30:35] [INFO]       Events Analyzed: 2
[19:30:35] [INFO]       Expected Amplitude: 0.2200%
[19:30:35] [INFO]       Statistical Summary:
[19:30:35] [INFO]          Mean Sigma Level: 1.45σ
[19:30:35] [INFO]          Maximum Sigma Level: 1.92σ
[19:30:35] [INFO]          Mean Observed Amplitude: 66.44%
[19:30:35] [INFO]          Maximum Observed Amplitude: 77.88%
[19:30:35] [INFO]          Mean Enhancement Factor: 2.1x
[19:30:35] [INFO]          Maximum Enhancement Factor: 2.5x
[19:30:35] [INFO] 
   SATURN:
[19:30:35] [INFO]       Events Analyzed: 3
[19:30:35] [INFO]       Expected Amplitude: 0.0190%
[19:30:35] [INFO]       Statistical Summary:
[19:30:35] [INFO]          Mean Sigma Level: 1.34σ
[19:30:35] [INFO]          Maximum Sigma Level: 2.71σ
[19:30:35] [INFO]          Mean Observed Amplitude: 140.77%
[19:30:35] [INFO]          Maximum Observed Amplitude: 243.09%
[19:30:35] [INFO]          Mean Enhancement Factor: 51.9x
[19:30:35] [INFO]          Maximum Enhancement Factor: 89.6x
[19:30:35] [INFO]       Notable Detections (2.0-3.0σ): 1
[19:30:35] [INFO]          2024-09-08: 2.71σ, 116.6%
[19:30:35] [INFO] 
   MARS:
[19:30:35] [INFO]       Events Analyzed: 1
[19:30:35] [INFO]       Expected Amplitude: 0.0050%
[19:30:35] [INFO]       Statistical Summary:
[19:30:35] [INFO]          Mean Sigma Level: 1.94σ
[19:30:35] [INFO]          Maximum Sigma Level: 1.94σ
[19:30:35] [INFO]          Mean Observed Amplitude: 101.02%
[19:30:35] [INFO]          Maximum Observed Amplitude: 101.02%
[19:30:35] [INFO]          Mean Enhancement Factor: 141.4x
[19:30:35] [INFO]          Maximum Enhancement Factor: 141.4x
[19:30:35] [INFO] 
   VENUS:
[19:30:35] [INFO]       Events Analyzed: 2
[19:30:35] [INFO]       Expected Amplitude: 0.1000%
[19:30:35] [INFO]       Statistical Summary:
[19:30:35] [INFO]          Mean Sigma Level: 2.73σ
[19:30:35] [INFO]          Maximum Sigma Level: 3.88σ
[19:30:35] [INFO]          Mean Observed Amplitude: 130.06%
[19:30:35] [INFO]          Maximum Observed Amplitude: 187.52%
[19:30:35] [INFO]          Mean Enhancement Factor: 9.1x
[19:30:35] [INFO]          Maximum Enhancement Factor: 13.1x
[19:30:35] [SUCCESS]       SIGNIFICANT DETECTIONS (≥3.0σ): 1
[19:30:35] [INFO]          2025-03-23: 3.88σ, 187.5% (23x expected)
[19:30:35] [INFO] 
   MERCURY:
[19:30:35] [INFO]       Events Analyzed: 8
[19:30:35] [INFO]       Expected Amplitude: 0.0100%
[19:30:35] [INFO]       Statistical Summary:
[19:30:35] [INFO]          Mean Sigma Level: 1.97σ
[19:30:35] [INFO]          Maximum Sigma Level: 3.78σ
[19:30:35] [INFO]          Mean Observed Amplitude: 177.97%
[19:30:35] [INFO]          Maximum Observed Amplitude: 292.09%
[19:30:35] [INFO]          Mean Enhancement Factor: 124.6x
[19:30:35] [INFO]          Maximum Enhancement Factor: 204.5x
[19:30:35] [SUCCESS]       SIGNIFICANT DETECTIONS (≥3.0σ): 1
[19:30:35] [INFO]          2025-03-15: 3.78σ, 182.7% (226x expected)
[19:30:35] [INFO]       Notable Detections (2.0-3.0σ): 2
[19:30:35] [INFO]          2024-08-05: 2.12σ, 179.5%
[19:30:35] [INFO]          2024-11-26: 2.34σ, 292.1%
[19:30:35] [INFO] 
[19:30:35] [INFO] ================================================================================
[19:30:35] [INFO] 
2. GEOPHYSICAL SIGNATURE ANALYSIS
[19:30:35] [INFO] ================================================================================
[19:30:35] [INFO] 
[19:30:35] [INFO]    Correlation with known Earth rotation and orbital parameters
[19:30:35] [INFO] 
   CHANDLER WOBBLE (14-month polar motion):
[19:30:35] [SUCCESS]       Detection Status: DETECTED (3.1σ equivalent)
[19:30:35] [INFO]       R² Correlation: 0.453 (threshold: >0.40, equivalent to >3.2σ)
[19:30:35] [INFO]       Period: 425 days (14.0 months)
[19:30:35] [INFO]       Temporal Coverage: 912 days (2.15 complete cycles)
[19:30:35] [INFO]       Interpretation: GPS timing correlations exhibit significant modulation
[19:30:35] [INFO]                      at Chandler wobble frequency, suggesting coupling to
[19:30:35] [INFO]                      Earth's polar motion dynamics
[19:30:35] [INFO] 
   EARTH ORBITAL MOTION (annual cycle):
[19:30:35] [SUCCESS]       Detection Status: DETECTED (3.5σ)
[19:30:35] [INFO]       Correlation Coefficient: r = -0.571 (threshold: |r| > 0.40, ≈3.2σ)
[19:30:35] [INFO]       Statistical Significance: p = 0.0004
[19:30:35] [INFO]       Temporal Samples: 34 (30-day windows)
[19:30:35] [INFO]       Interpretation: Directional anisotropy (E-W vs N-S) correlates with
[19:30:35] [INFO]                      Earth's position in orbit, suggesting orbital velocity
[19:30:35] [INFO]                      modulates GPS timing correlation structure
[19:30:35] [INFO] 
   MULTI-FREQUENCY BEAT PATTERNS:
[19:30:35] [INFO]       Significant Patterns: 35/0 (3500.0%)
[19:30:35] [INFO]       Detection Threshold: p < 0.05, |r| > 0.3
[19:30:35] [INFO]       Top Beat Patterns:
[19:30:35] [INFO]          1. Unknown: Period=0.0 days, R²=0.019
[19:30:35] [INFO]          2. Unknown: Period=0.0 days, R²=0.152
[19:30:35] [INFO]          3. Unknown: Period=0.0 days, R²=0.434
[19:30:35] [INFO]          4. Unknown: Period=0.0 days, R²=0.059
[19:30:35] [INFO]          5. Unknown: Period=0.0 days, R²=0.247
[19:30:35] [INFO]       Interpretation: Multiple geophysical/astronomical frequencies show
[19:30:35] [INFO]                      coherent beating patterns in GPS timing correlations,
[19:30:35] [INFO]                      indicating complex multi-scale temporal coupling
[19:30:35] [INFO] 
[19:30:35] [INFO] ================================================================================
[19:30:35] [INFO] 
3. AMPLITUDE ENHANCEMENT ANALYSIS
[19:30:35] [INFO] ================================================================================
[19:30:35] [INFO] 
[19:30:35] [INFO]    Comparison of observed vs. expected gravitational coupling amplitudes
[19:30:35] [INFO] 
   Enhancement Factor Statistics (Observed/Expected Amplitude):
[19:30:35] [INFO]       Number of Significant Detections: 2
[19:30:35] [INFO]       Mean Enhancement: 124.4x
[19:30:35] [INFO]       Median Enhancement: 124.4x
[19:30:35] [INFO]       Standard Deviation: 101.6x
[19:30:35] [INFO]       Range: 22.8x - 226.0x
[19:30:35] [INFO]       Coefficient of Variation: 0.82
[19:30:35] [INFO] 
   Mechanistic Interpretation:
[19:30:35] [INFO]       Mean enhancement >100x indicates NON-LINEAR COUPLING mechanism.
[19:30:35] [INFO]       Such large amplification cannot be explained by direct
[19:30:35] [INFO]       gravitational effects and suggests resonance, tidal amplification,
[19:30:35] [INFO]       or parametric coupling processes with geophysical modes.
[19:30:35] [INFO] 
[19:30:35] [INFO] ================================================================================
[19:30:35] [INFO] 
4. TEP THEORY IMPLICATIONS
[19:30:35] [INFO] ================================================================================
[19:30:35] [INFO] 
[19:30:35] [INFO] 
   Evidence Summary for Temporal Equivalence Principle:
[19:30:35] [SUCCESS]       1. Planetary Gravitational Coupling: DETECTED
[19:30:35] [INFO]          2 significant event(s) with amplitude modulation
[19:30:35] [SUCCESS]       2. Chandler Wobble Correlation: DETECTED
[19:30:35] [INFO]          R² = 0.453
[19:30:35] [SUCCESS]       3. Orbital Motion Correlation: DETECTED
[19:30:35] [INFO]          r = -0.571
[19:30:35] [SUCCESS]       4. Multi-Frequency Coherence: DETECTED
[19:30:35] [INFO]          35 significant beat patterns
[19:30:35] [INFO] 
   Overall Assessment:
[19:30:35] [SUCCESS]       STRONG SUPPORT for TEP
[19:30:35] [INFO]       Multiple independent lines of evidence (4/4) demonstrate
[19:30:35] [INFO]       that GPS timing correlations exhibit systematic modulation by
[19:30:35] [INFO]       gravitational and rotational dynamics, consistent with TEP
[19:30:35] [INFO]       predictions of temporal field coupling to spacetime geometry.
[19:30:35] [INFO] 
[19:30:35] [INFO] ================================================================================
[19:30:35] [INFO] ================================================================================
[19:30:35] [INFO] ================================================================================
[19:30:35] [INFO] 
[19:30:35] [SUCCESS] Statistical validation complete for ESA_FINAL in 164.0s
[19:30:35] [SUCCESS] Results saved: /Users/matthewsmawfield/www/TEP-GNSS/results/outputs/step_2_2_geospatial_temporal_analysis_esa_final.json
[19:30:35] [INFO] 
================================================================================
[19:30:35] [INFO] 
[19:30:35] [INFO] ================================================================================
[19:30:35] [INFO] GEOSPATIAL TEMPORAL ANALYSIS COMPLETE
[19:30:35] [INFO] ================================================================================
[19:30:35] [INFO] 
[19:30:35] [INFO] ================================================================================
[19:30:35] [SUCCESS] Validation Summary:
[19:30:35] [INFO]   CODE:
[19:30:35] [INFO]     Enhanced Anisotropy: 8 sectors, CV = 0.561 (moderate)
[19:30:35] [INFO]   IGS_COMBINED:
[19:30:35] [INFO]     Enhanced Anisotropy: 8 sectors, CV = 0.334 (moderate)
[19:30:35] [INFO]   ESA_FINAL:
[19:30:35] [INFO]     Enhanced Anisotropy: 8 sectors, CV = 0.522 (moderate)
[19:30:35] [INFO] Total execution time: 1286.2 seconds
