[23:31:53] [INFO] 
[23:31:53] [INFO] ================================================================================
[23:31:53] [INFO] TEP GNSS Analysis Package v0.15 (Jaipur) - STEP 1.1: Data Acquisition
[23:31:53] [INFO] ================================================================================
[23:31:53] [INFO] 
[23:31:53] [PROCESS] Building comprehensive station catalogue from authoritative sources
[23:31:53] [PROCESS] Fetching coordinates from authoritative sources...
[23:31:53] [PROCESS] Building comprehensive coordinate catalogue...
[23:31:53] [PROCESS] Fetching IGS network coordinates...
[23:31:54] [SUCCESS] Retrieved 767 stations from IGS network
[23:31:54] [PROCESS] Calculating geomagnetic coordinates for all stations...
[23:31:54] [SUCCESS] Geomagnetic coordinate calculation complete: 767 successful, 0 failed
[23:31:54] [SUCCESS] Built coordinate catalogue: 767 unique stations
[23:31:54] [SUCCESS] Stations with valid coordinates: 767/767 (100.0%)
[23:31:54] [SUCCESS] Geomagnetic coordinates: 767/767 stations (100.0%)
[23:31:54] [SUCCESS] Station catalogue built: 767 stations saved to step_1_1_station_coords_global.csv
[23:31:54] [INFO] Coordinate verification summary:
[23:31:54] [INFO]   Total stations in catalogue: 767
[23:31:54] [SUCCESS]   Stations with valid coordinates: 767
[23:31:54] [SUCCESS]   Verified stations for analysis: 767
[23:31:54] [SUCCESS] Final station catalogue: 767 stations (767 with valid coordinates)
[23:31:54] [INFO] Existing clock files: IGS:0 CODE:0 ESA:0
[23:31:54] [PROCESS] Generating download tasks...
[23:31:54] [INFO] Using date filter 2023-01-01 → 2025-06-30 (912 days)
[23:31:54] [SUCCESS] Tasks generated: IGS:912 CODE:912 ESA:912
[23:31:54] [INFO] 
[23:31:54] [INFO] ================================================================================
[23:31:54] [INFO] PARALLEL CLOCK FILE ACQUISITION
[23:31:54] [INFO] ================================================================================
[23:31:54] [INFO] 
[23:31:54] [PROCESS] Processing IGS: 912 files with 96 workers
[23:31:54] [PROCESS] IGS: Downloading 912 missing files...
[23:32:02] [SUCCESS] IGS: IGS0OPSFIN_20230250000_01D_30S_CLK.CLK.gz (2.3MB) | Progress: 0.1% | ETA: 119min
[23:32:02] [SUCCESS] IGS: IGS0OPSFIN_20230690000_01D_30S_CLK.CLK.gz (2.4MB) | Progress: 0.2% | ETA: 60min
[23:32:02] [SUCCESS] IGS: IGS0OPSFIN_20230830000_01D_30S_CLK.CLK.gz (2.4MB) | Progress: 0.3% | ETA: 40min
[23:32:02] [SUCCESS] IGS: IGS0OPSFIN_20230400000_01D_30S_CLK.CLK.gz (2.4MB) | Progress: 0.4% | ETA: 30min
[23:32:02] [SUCCESS] IGS: IGS0OPSFIN_20230190000_01D_30S_CLK.CLK.gz (2.4MB) | Progress: 0.5% | ETA: 24min
[23:32:02] [SUCCESS] IGS: IGS0OPSFIN_20230220000_01D_30S_CLK.CLK.gz (2.4MB) | Progress: 0.7% | ETA: 20min
[23:32:02] [SUCCESS] IGS: IGS0OPSFIN_20230200000_01D_30S_CLK.CLK.gz (2.4MB) | Progress: 0.8% | ETA: 17min
[23:32:02] [SUCCESS] IGS: IGS0OPSFIN_20230030000_01D_30S_CLK.CLK.gz (2.4MB) | Progress: 0.9% | ETA: 15min
[23:32:02] [SUCCESS] IGS: IGS0OPSFIN_20230390000_01D_30S_CLK.CLK.gz (2.5MB) | Progress: 1.0% | ETA: 14min
[23:32:02] [SUCCESS] IGS: IGS0OPSFIN_20230460000_01D_30S_CLK.CLK.gz (2.5MB) | Progress: 1.1% | ETA: 12min
[23:32:02] [SUCCESS] IGS: IGS0OPSFIN_20230930000_01D_30S_CLK.CLK.gz (2.4MB) | Progress: 1.2% | ETA: 11min
[23:32:02] [SUCCESS] IGS: IGS0OPSFIN_20230180000_01D_30S_CLK.CLK.gz (2.1MB) | Progress: 1.3% | ETA: 10min
[23:32:02] [SUCCESS] IGS: IGS0OPSFIN_20230530000_01D_30S_CLK.CLK.gz (2.4MB) | Progress: 1.4% | ETA: 9min
[23:32:02] [SUCCESS] IGS: IGS0OPSFIN_20230910000_01D_30S_CLK.CLK.gz (2.4MB) | Progress: 1.5% | ETA: 9min
[23:32:02] [SUCCESS] IGS: IGS0OPSFIN_20230770000_01D_30S_CLK.CLK.gz (2.4MB) | Progress: 1.6% | ETA: 8min
[23:32:02] [SUCCESS] IGS: IGS0OPSFIN_20230900000_01D_30S_CLK.CLK.gz (2.4MB) | Progress: 1.8% | ETA: 8min
[23:32:02] [SUCCESS] IGS: IGS0OPSFIN_20230740000_01D_30S_CLK.CLK.gz (2.4MB) | Progress: 1.9% | ETA: 7min
[23:32:02] [SUCCESS] IGS: IGS0OPSFIN_20230050000_01D_30S_CLK.CLK.gz (2.4MB) | Progress: 2.0% | ETA: 7min
[23:32:02] [SUCCESS] IGS: IGS0OPSFIN_20230490000_01D_30S_CLK.CLK.gz (2.4MB) | Progress: 2.1% | ETA: 7min
[23:32:02] [SUCCESS] IGS: IGS0OPSFIN_20230920000_01D_30S_CLK.CLK.gz (2.4MB) | Progress: 2.2% | ETA: 6min
[23:32:02] [SUCCESS] IGS: IGS0OPSFIN_20230310000_01D_30S_CLK.CLK.gz (2.4MB) | Progress: 2.3% | ETA: 6min
[23:32:02] [SUCCESS] IGS: IGS0OPSFIN_20230550000_01D_30S_CLK.CLK.gz (2.5MB) | Progress: 2.4% | ETA: 6min
[23:32:02] [SUCCESS] IGS: IGS0OPSFIN_20230340000_01D_30S_CLK.CLK.gz (2.4MB) | Progress: 2.5% | ETA: 5min
[23:32:02] [SUCCESS] IGS: IGS0OPSFIN_20230520000_01D_30S_CLK.CLK.gz (2.5MB) | Progress: 2.6% | ETA: 5min
[23:32:02] [SUCCESS] IGS: IGS0OPSFIN_20230700000_01D_30S_CLK.CLK.gz (2.4MB) | Progress: 2.7% | ETA: 5min
[23:32:02] [INFO] [PROGRESS] Overall: 25/912 files (2.7%) | Rate: 2.9 files/sec
[23:32:02] [SUCCESS] IGS: IGS0OPSFIN_20230960000_01D_30S_CLK.CLK.gz (2.3MB) | Progress: 2.9% | ETA: 5min
[23:32:02] [SUCCESS] IGS: IGS0OPSFIN_20230140000_01D_30S_CLK.CLK.gz (2.4MB) | Progress: 3.0% | ETA: 5min
[23:32:02] [SUCCESS] IGS: IGS0OPSFIN_20230360000_01D_30S_CLK.CLK.gz (2.4MB) | Progress: 3.1% | ETA: 5min
[23:32:02] [SUCCESS] IGS: IGS0OPSFIN_20230040000_01D_30S_CLK.CLK.gz (2.4MB) | Progress: 3.2% | ETA: 4min
[23:32:02] [SUCCESS] IGS: IGS0OPSFIN_20230160000_01D_30S_CLK.CLK.gz (2.4MB) | Progress: 3.3% | ETA: 4min
[23:32:02] [SUCCESS] IGS: IGS0OPSFIN_20230800000_01D_30S_CLK.CLK.gz (2.4MB) | Progress: 3.4% | ETA: 4min
[23:32:02] [SUCCESS] IGS: IGS0OPSFIN_20230850000_01D_30S_CLK.CLK.gz (2.4MB) | Progress: 3.5% | ETA: 4min
[23:32:02] [SUCCESS] IGS: IGS0OPSFIN_20230330000_01D_30S_CLK.CLK.gz (2.4MB) | Progress: 3.6% | ETA: 4min
[23:32:02] [SUCCESS] IGS: IGS0OPSFIN_20230890000_01D_30S_CLK.CLK.gz (2.4MB) | Progress: 3.7% | ETA: 4min
[23:32:02] [SUCCESS] IGS: IGS0OPSFIN_20230290000_01D_30S_CLK.CLK.gz (2.4MB) | Progress: 3.8% | ETA: 4min
[23:32:02] [SUCCESS] IGS: IGS0OPSFIN_20230280000_01D_30S_CLK.CLK.gz (2.3MB) | Progress: 3.9% | ETA: 4min
[23:32:02] [SUCCESS] IGS: IGS0OPSFIN_20230640000_01D_30S_CLK.CLK.gz (2.4MB) | Progress: 4.1% | ETA: 3min
[23:32:02] [SUCCESS] IGS: IGS0OPSFIN_20230870000_01D_30S_CLK.CLK.gz (2.4MB) | Progress: 4.2% | ETA: 3min
[23:32:02] [SUCCESS] IGS: IGS0OPSFIN_20230060000_01D_30S_CLK.CLK.gz (2.4MB) | Progress: 4.3% | ETA: 3min
[23:32:02] [SUCCESS] IGS: IGS0OPSFIN_20230270000_01D_30S_CLK.CLK.gz (2.3MB) | Progress: 4.4% | ETA: 3min
[23:32:02] [SUCCESS] IGS: IGS0OPSFIN_20230660000_01D_30S_CLK.CLK.gz (2.5MB) | Progress: 4.5% | ETA: 3min
[23:32:02] [SUCCESS] IGS: IGS0OPSFIN_20230260000_01D_30S_CLK.CLK.gz (2.2MB) | Progress: 4.6% | ETA: 3min
[23:32:02] [SUCCESS] IGS: IGS0OPSFIN_20230130000_01D_30S_CLK.CLK.gz (2.4MB) | Progress: 4.7% | ETA: 3min
[23:32:02] [SUCCESS] IGS: IGS0OPSFIN_20230210000_01D_30S_CLK.CLK.gz (2.4MB) | Progress: 4.8% | ETA: 3min
[23:32:02] [SUCCESS] IGS: IGS0OPSFIN_20230240000_01D_30S_CLK.CLK.gz (2.3MB) | Progress: 4.9% | ETA: 3min
[23:32:02] [SUCCESS] IGS: IGS0OPSFIN_20230350000_01D_30S_CLK.CLK.gz (2.5MB) | Progress: 5.0% | ETA: 3min
[23:32:02] [SUCCESS] IGS: IGS0OPSFIN_20230540000_01D_30S_CLK.CLK.gz (2.5MB) | Progress: 5.2% | ETA: 3min
[23:32:02] [SUCCESS] IGS: IGS0OPSFIN_20230670000_01D_30S_CLK.CLK.gz (2.5MB) | Progress: 5.3% | ETA: 3min
[23:32:02] [SUCCESS] IGS: IGS0OPSFIN_20230120000_01D_30S_CLK.CLK.gz (2.4MB) | Progress: 5.4% | ETA: 3min
[23:32:02] [SUCCESS] IGS: IGS0OPSFIN_20230110000_01D_30S_CLK.CLK.gz (2.4MB) | Progress: 5.5% | ETA: 3min
[23:32:02] [INFO] [PROGRESS] Overall: 50/912 files (5.5%) | Rate: 5.7 files/sec
[23:32:03] [SUCCESS] IGS: IGS0OPSFIN_20230410000_01D_30S_CLK.CLK.gz (2.5MB) | Progress: 5.6% | ETA: 2min
[23:32:03] [SUCCESS] IGS: IGS0OPSFIN_20230170000_01D_30S_CLK.CLK.gz (2.4MB) | Progress: 5.7% | ETA: 2min
[23:32:03] [SUCCESS] IGS: IGS0OPSFIN_20230720000_01D_30S_CLK.CLK.gz (2.5MB) | Progress: 5.8% | ETA: 2min
[23:32:03] [SUCCESS] IGS: IGS0OPSFIN_20230570000_01D_30S_CLK.CLK.gz (2.5MB) | Progress: 5.9% | ETA: 2min
[23:32:03] [SUCCESS] IGS: IGS0OPSFIN_20230950000_01D_30S_CLK.CLK.gz (2.4MB) | Progress: 6.0% | ETA: 2min
[23:32:03] [SUCCESS] IGS: IGS0OPSFIN_20230730000_01D_30S_CLK.CLK.gz (2.4MB) | Progress: 6.1% | ETA: 2min
[23:32:03] [SUCCESS] IGS: IGS0OPSFIN_20230320000_01D_30S_CLK.CLK.gz (2.4MB) | Progress: 6.2% | ETA: 2min
[23:32:03] [SUCCESS] IGS: IGS0OPSFIN_20230380000_01D_30S_CLK.CLK.gz (2.4MB) | Progress: 6.4% | ETA: 2min
[23:32:03] [SUCCESS] IGS: IGS0OPSFIN_20230470000_01D_30S_CLK.CLK.gz (2.4MB) | Progress: 6.5% | ETA: 2min
[23:32:03] [SUCCESS] IGS: IGS0OPSFIN_20230610000_01D_30S_CLK.CLK.gz (2.4MB) | Progress: 6.6% | ETA: 2min
[23:32:03] [SUCCESS] IGS: IGS0OPSFIN_20230150000_01D_30S_CLK.CLK.gz (2.4MB) | Progress: 6.7% | ETA: 2min
[23:32:03] [SUCCESS] IGS: IGS0OPSFIN_20230070000_01D_30S_CLK.CLK.gz (2.4MB) | Progress: 6.8% | ETA: 2min
[23:32:03] [SUCCESS] IGS: IGS0OPSFIN_20230300000_01D_30S_CLK.CLK.gz (2.4MB) | Progress: 6.9% | ETA: 2min
[23:32:03] [SUCCESS] IGS: IGS0OPSFIN_20230010000_01D_30S_CLK.CLK.gz (2.4MB) | Progress: 7.0% | ETA: 2min
[23:32:03] [SUCCESS] IGS: IGS0OPSFIN_20230480000_01D_30S_CLK.CLK.gz (2.4MB) | Progress: 7.1% | ETA: 2min
[23:32:03] [SUCCESS] IGS: IGS0OPSFIN_20230810000_01D_30S_CLK.CLK.gz (2.4MB) | Progress: 7.2% | ETA: 2min
[23:32:03] [SUCCESS] IGS: IGS0OPSFIN_20230780000_01D_30S_CLK.CLK.gz (2.4MB) | Progress: 7.3% | ETA: 2min
[23:32:03] [SUCCESS] IGS: IGS0OPSFIN_20230790000_01D_30S_CLK.CLK.gz (2.5MB) | Progress: 7.5% | ETA: 2min
[23:32:03] [SUCCESS] IGS: IGS0OPSFIN_20230600000_01D_30S_CLK.CLK.gz (2.5MB) | Progress: 7.6% | ETA: 2min
[23:32:03] [SUCCESS] IGS: IGS0OPSFIN_20230230000_01D_30S_CLK.CLK.gz (2.4MB) | Progress: 7.7% | ETA: 2min
[23:32:03] [SUCCESS] IGS: IGS0OPSFIN_20230580000_01D_30S_CLK.CLK.gz (2.5MB) | Progress: 7.8% | ETA: 2min
[23:32:03] [SUCCESS] IGS: IGS0OPSFIN_20230620000_01D_30S_CLK.CLK.gz (2.4MB) | Progress: 7.9% | ETA: 2min
[23:32:03] [SUCCESS] IGS: IGS0OPSFIN_20230710000_01D_30S_CLK.CLK.gz (2.4MB) | Progress: 8.0% | ETA: 2min
[23:32:03] [SUCCESS] IGS: IGS0OPSFIN_20230450000_01D_30S_CLK.CLK.gz (2.4MB) | Progress: 8.1% | ETA: 2min
[23:32:03] [SUCCESS] IGS: IGS0OPSFIN_20230430000_01D_30S_CLK.CLK.gz (2.5MB) | Progress: 8.2% | ETA: 2min
[23:32:03] [INFO] [PROGRESS] Overall: 75/912 files (8.2%) | Rate: 8.2 files/sec
[23:32:03] [SUCCESS] IGS: IGS0OPSFIN_20230840000_01D_30S_CLK.CLK.gz (2.4MB) | Progress: 8.3% | ETA: 2min
[23:32:03] [SUCCESS] IGS: IGS0OPSFIN_20230630000_01D_30S_CLK.CLK.gz (2.5MB) | Progress: 8.4% | ETA: 2min
[23:32:03] [SUCCESS] IGS: IGS0OPSFIN_20230650000_01D_30S_CLK.CLK.gz (2.5MB) | Progress: 8.6% | ETA: 2min
[23:32:03] [SUCCESS] IGS: IGS0OPSFIN_20230880000_01D_30S_CLK.CLK.gz (2.4MB) | Progress: 8.7% | ETA: 2min
[23:32:03] [SUCCESS] IGS: IGS0OPSFIN_20230370000_01D_30S_CLK.CLK.gz (2.5MB) | Progress: 8.8% | ETA: 2min
[23:32:03] [SUCCESS] IGS: IGS0OPSFIN_20230420000_01D_30S_CLK.CLK.gz (2.5MB) | Progress: 8.9% | ETA: 2min
[23:32:03] [SUCCESS] IGS: IGS0OPSFIN_20230860000_01D_30S_CLK.CLK.gz (2.4MB) | Progress: 9.0% | ETA: 2min
[23:32:03] [SUCCESS] IGS: IGS0OPSFIN_20230760000_01D_30S_CLK.CLK.gz (2.4MB) | Progress: 9.1% | ETA: 2min
[23:32:03] [SUCCESS] IGS: IGS0OPSFIN_20230510000_01D_30S_CLK.CLK.gz (2.5MB) | Progress: 9.2% | ETA: 2min
[23:32:03] [SUCCESS] IGS: IGS0OPSFIN_20230440000_01D_30S_CLK.CLK.gz (2.4MB) | Progress: 9.3% | ETA: 2min
[23:32:03] [SUCCESS] IGS: IGS0OPSFIN_20230500000_01D_30S_CLK.CLK.gz (2.5MB) | Progress: 9.4% | ETA: 1min
[23:32:03] [SUCCESS] IGS: IGS0OPSFIN_20230080000_01D_30S_CLK.CLK.gz (2.4MB) | Progress: 9.5% | ETA: 1min
[23:32:03] [SUCCESS] IGS: IGS0OPSFIN_20230020000_01D_30S_CLK.CLK.gz (2.4MB) | Progress: 9.6% | ETA: 1min
[23:32:03] [SUCCESS] IGS: IGS0OPSFIN_20230100000_01D_30S_CLK.CLK.gz (2.4MB) | Progress: 9.8% | ETA: 1min
[23:32:04] [SUCCESS] IGS: IGS0OPSFIN_20230560000_01D_30S_CLK.CLK.gz (2.5MB) | Progress: 9.9% | ETA: 2min
[23:32:05] [SUCCESS] IGS: IGS0OPSFIN_20230590000_01D_30S_CLK.CLK.gz (2.0MB) | Progress: 10.0% | ETA: 2min
[23:32:05] [SUCCESS] IGS: IGS0OPSFIN_20230750000_01D_30S_CLK.CLK.gz (2.4MB) | Progress: 10.1% | ETA: 2min
[23:32:06] [SUCCESS] IGS: IGS0OPSFIN_20230940000_01D_30S_CLK.CLK.gz (2.4MB) | Progress: 10.2% | ETA: 2min
[23:32:06] [SUCCESS] IGS: IGS0OPSFIN_20230090000_01D_30S_CLK.CLK.gz (2.4MB) | Progress: 10.3% | ETA: 2min
[23:32:06] [SUCCESS] IGS: IGS0OPSFIN_20230820000_01D_30S_CLK.CLK.gz (2.4MB) | Progress: 10.4% | ETA: 2min
[23:32:06] [SUCCESS] IGS: IGS0OPSFIN_20230680000_01D_30S_CLK.CLK.gz (2.4MB) | Progress: 10.5% | ETA: 2min
[23:32:07] [SUCCESS] IGS: IGS0OPSFIN_20230970000_01D_30S_CLK.CLK.gz (2.4MB) | Progress: 10.6% | ETA: 2min
[23:32:07] [SUCCESS] IGS: IGS0OPSFIN_20231010000_01D_30S_CLK.CLK.gz (2.4MB) | Progress: 10.7% | ETA: 2min
[23:32:08] [SUCCESS] IGS: IGS0OPSFIN_20230990000_01D_30S_CLK.CLK.gz (2.4MB) | Progress: 10.9% | ETA: 2min
[23:32:08] [SUCCESS] IGS: IGS0OPSFIN_20231030000_01D_30S_CLK.CLK.gz (2.4MB) | Progress: 11.0% | ETA: 2min
[23:32:08] [INFO] [PROGRESS] Overall: 100/912 files (11.0%) | Rate: 7.2 files/sec
[23:32:08] [SUCCESS] IGS: IGS0OPSFIN_20231000000_01D_30S_CLK.CLK.gz (2.5MB) | Progress: 11.1% | ETA: 2min
[23:32:08] [SUCCESS] IGS: IGS0OPSFIN_20230980000_01D_30S_CLK.CLK.gz (2.4MB) | Progress: 11.2% | ETA: 2min
[23:32:08] [SUCCESS] IGS: IGS0OPSFIN_20231020000_01D_30S_CLK.CLK.gz (2.4MB) | Progress: 11.3% | ETA: 2min
[23:32:08] [SUCCESS] IGS: IGS0OPSFIN_20231040000_01D_30S_CLK.CLK.gz (2.4MB) | Progress: 11.4% | ETA: 2min
[23:32:08] [SUCCESS] IGS: IGS0OPSFIN_20231050000_01D_30S_CLK.CLK.gz (2.4MB) | Progress: 11.5% | ETA: 2min
[23:32:08] [SUCCESS] IGS: IGS0OPSFIN_20231060000_01D_30S_CLK.CLK.gz (2.5MB) | Progress: 11.6% | ETA: 2min
[23:32:08] [SUCCESS] IGS: IGS0OPSFIN_20231100000_01D_30S_CLK.CLK.gz (2.4MB) | Progress: 11.7% | ETA: 2min
[23:32:09] [SUCCESS] IGS: IGS0OPSFIN_20231150000_01D_30S_CLK.CLK.gz (2.5MB) | Progress: 11.8% | ETA: 2min
[23:32:09] [SUCCESS] IGS: IGS0OPSFIN_20231120000_01D_30S_CLK.CLK.gz (2.5MB) | Progress: 12.0% | ETA: 2min
[23:32:09] [SUCCESS] IGS: IGS0OPSFIN_20231170000_01D_30S_CLK.CLK.gz (2.4MB) | Progress: 12.1% | ETA: 2min
[23:32:09] [SUCCESS] IGS: IGS0OPSFIN_20231210000_01D_30S_CLK.CLK.gz (2.4MB) | Progress: 12.2% | ETA: 2min
[23:32:09] [SUCCESS] IGS: IGS0OPSFIN_20231250000_01D_30S_CLK.CLK.gz (2.4MB) | Progress: 12.3% | ETA: 2min
[23:32:09] [SUCCESS] IGS: IGS0OPSFIN_20231300000_01D_30S_CLK.CLK.gz (2.4MB) | Progress: 12.4% | ETA: 2min
[23:32:09] [SUCCESS] IGS: IGS0OPSFIN_20231280000_01D_30S_CLK.CLK.gz (2.4MB) | Progress: 12.5% | ETA: 2min
[23:32:09] [SUCCESS] IGS: IGS0OPSFIN_20231200000_01D_30S_CLK.CLK.gz (2.4MB) | Progress: 12.6% | ETA: 2min
[23:32:09] [SUCCESS] IGS: IGS0OPSFIN_20231260000_01D_30S_CLK.CLK.gz (2.4MB) | Progress: 12.7% | ETA: 2min
[23:32:09] [SUCCESS] IGS: IGS0OPSFIN_20231130000_01D_30S_CLK.CLK.gz (2.4MB) | Progress: 12.8% | ETA: 2min
[23:32:09] [SUCCESS] IGS: IGS0OPSFIN_20231180000_01D_30S_CLK.CLK.gz (2.4MB) | Progress: 12.9% | ETA: 2min
[23:32:09] [SUCCESS] IGS: IGS0OPSFIN_20231370000_01D_30S_CLK.CLK.gz (2.4MB) | Progress: 13.0% | ETA: 2min
[23:32:09] [SUCCESS] IGS: IGS0OPSFIN_20231140000_01D_30S_CLK.CLK.gz (2.4MB) | Progress: 13.2% | ETA: 2min
[23:32:09] [SUCCESS] IGS: IGS0OPSFIN_20231080000_01D_30S_CLK.CLK.gz (2.4MB) | Progress: 13.3% | ETA: 2min
[23:32:09] [SUCCESS] IGS: IGS0OPSFIN_20231240000_01D_30S_CLK.CLK.gz (2.5MB) | Progress: 13.4% | ETA: 2min
[23:32:09] [SUCCESS] IGS: IGS0OPSFIN_20231490000_01D_30S_CLK.CLK.gz (2.4MB) | Progress: 13.5% | ETA: 2min
[23:32:09] [SUCCESS] IGS: IGS0OPSFIN_20231330000_01D_30S_CLK.CLK.gz (2.5MB) | Progress: 13.6% | ETA: 2min
[23:32:09] [SUCCESS] IGS: IGS0OPSFIN_20231500000_01D_30S_CLK.CLK.gz (2.4MB) | Progress: 13.7% | ETA: 2min
[23:32:09] [INFO] [PROGRESS] Overall: 125/912 files (13.7%) | Rate: 8.1 files/sec
[23:32:09] [SUCCESS] IGS: IGS0OPSFIN_20231220000_01D_30S_CLK.CLK.gz (2.5MB) | Progress: 13.8% | ETA: 2min
[23:32:09] [SUCCESS] IGS: IGS0OPSFIN_20231440000_01D_30S_CLK.CLK.gz (2.5MB) | Progress: 13.9% | ETA: 2min
[23:32:09] [SUCCESS] IGS: IGS0OPSFIN_20231710000_01D_30S_CLK.CLK.gz (2.4MB) | Progress: 14.0% | ETA: 2min
[23:32:09] [SUCCESS] IGS: IGS0OPSFIN_20231160000_01D_30S_CLK.CLK.gz (2.4MB) | Progress: 14.1% | ETA: 2min
[23:32:09] [SUCCESS] IGS: IGS0OPSFIN_20231650000_01D_30S_CLK.CLK.gz (2.5MB) | Progress: 14.3% | ETA: 2min
[23:32:09] [SUCCESS] IGS: IGS0OPSFIN_20231700000_01D_30S_CLK.CLK.gz (2.4MB) | Progress: 14.4% | ETA: 2min
[23:32:09] [SUCCESS] IGS: IGS0OPSFIN_20231460000_01D_30S_CLK.CLK.gz (2.4MB) | Progress: 14.5% | ETA: 2min
[23:32:09] [SUCCESS] IGS: IGS0OPSFIN_20231090000_01D_30S_CLK.CLK.gz (2.4MB) | Progress: 14.6% | ETA: 2min
[23:32:09] [SUCCESS] IGS: IGS0OPSFIN_20231290000_01D_30S_CLK.CLK.gz (2.4MB) | Progress: 14.7% | ETA: 2min
[23:32:09] [SUCCESS] IGS: IGS0OPSFIN_20231110000_01D_30S_CLK.CLK.gz (2.4MB) | Progress: 14.8% | ETA: 2min
[23:32:09] [SUCCESS] IGS: IGS0OPSFIN_20231070000_01D_30S_CLK.CLK.gz (2.4MB) | Progress: 14.9% | ETA: 1min
[23:32:09] [SUCCESS] IGS: IGS0OPSFIN_20231790000_01D_30S_CLK.CLK.gz (2.5MB) | Progress: 15.0% | ETA: 1min
[23:32:09] [SUCCESS] IGS: IGS0OPSFIN_20231340000_01D_30S_CLK.CLK.gz (2.5MB) | Progress: 15.1% | ETA: 1min
[23:32:10] [SUCCESS] IGS: IGS0OPSFIN_20231620000_01D_30S_CLK.CLK.gz (2.5MB) | Progress: 15.2% | ETA: 1min
[23:32:10] [SUCCESS] IGS: IGS0OPSFIN_20231750000_01D_30S_CLK.CLK.gz (2.4MB) | Progress: 15.4% | ETA: 1min
[23:32:10] [SUCCESS] IGS: IGS0OPSFIN_20231510000_01D_30S_CLK.CLK.gz (2.4MB) | Progress: 15.5% | ETA: 1min
[23:32:10] [SUCCESS] IGS: IGS0OPSFIN_20231390000_01D_30S_CLK.CLK.gz (2.4MB) | Progress: 15.6% | ETA: 1min
[23:32:10] [SUCCESS] IGS: IGS0OPSFIN_20231830000_01D_30S_CLK.CLK.gz (2.5MB) | Progress: 15.7% | ETA: 1min
[23:32:10] [SUCCESS] IGS: IGS0OPSFIN_20231840000_01D_30S_CLK.CLK.gz (2.5MB) | Progress: 15.8% | ETA: 1min
[23:32:10] [SUCCESS] IGS: IGS0OPSFIN_20231570000_01D_30S_CLK.CLK.gz (2.5MB) | Progress: 15.9% | ETA: 1min
[23:32:10] [SUCCESS] IGS: IGS0OPSFIN_20231270000_01D_30S_CLK.CLK.gz (2.4MB) | Progress: 16.0% | ETA: 1min
[23:32:10] [SUCCESS] IGS: IGS0OPSFIN_20231680000_01D_30S_CLK.CLK.gz (2.5MB) | Progress: 16.1% | ETA: 1min
[23:32:10] [SUCCESS] IGS: IGS0OPSFIN_20231230000_01D_30S_CLK.CLK.gz (2.5MB) | Progress: 16.2% | ETA: 1min
[23:32:10] [SUCCESS] IGS: IGS0OPSFIN_20231590000_01D_30S_CLK.CLK.gz (2.4MB) | Progress: 16.3% | ETA: 1min
[23:32:10] [SUCCESS] IGS: IGS0OPSFIN_20231350000_01D_30S_CLK.CLK.gz (2.5MB) | Progress: 16.4% | ETA: 1min
[23:32:10] [INFO] [PROGRESS] Overall: 150/912 files (16.4%) | Rate: 9.2 files/sec
[23:32:10] [SUCCESS] IGS: IGS0OPSFIN_20231310000_01D_30S_CLK.CLK.gz (2.5MB) | Progress: 16.6% | ETA: 1min
[23:32:10] [SUCCESS] IGS: IGS0OPSFIN_20231780000_01D_30S_CLK.CLK.gz (2.4MB) | Progress: 16.7% | ETA: 1min
[23:32:10] [SUCCESS] IGS: IGS0OPSFIN_20231770000_01D_30S_CLK.CLK.gz (2.5MB) | Progress: 16.8% | ETA: 1min
[23:32:10] [SUCCESS] IGS: IGS0OPSFIN_20231530000_01D_30S_CLK.CLK.gz (2.4MB) | Progress: 16.9% | ETA: 1min
[23:32:10] [SUCCESS] IGS: IGS0OPSFIN_20231660000_01D_30S_CLK.CLK.gz (2.4MB) | Progress: 17.0% | ETA: 1min
[23:32:10] [SUCCESS] IGS: IGS0OPSFIN_20231360000_01D_30S_CLK.CLK.gz (2.4MB) | Progress: 17.1% | ETA: 1min
[23:32:10] [SUCCESS] IGS: IGS0OPSFIN_20231640000_01D_30S_CLK.CLK.gz (2.5MB) | Progress: 17.2% | ETA: 1min
[23:32:10] [SUCCESS] IGS: IGS0OPSFIN_20231800000_01D_30S_CLK.CLK.gz (2.5MB) | Progress: 17.3% | ETA: 1min
[23:32:10] [SUCCESS] IGS: IGS0OPSFIN_20231320000_01D_30S_CLK.CLK.gz (2.5MB) | Progress: 17.4% | ETA: 1min
[23:32:10] [SUCCESS] IGS: IGS0OPSFIN_20231540000_01D_30S_CLK.CLK.gz (2.4MB) | Progress: 17.5% | ETA: 1min
[23:32:10] [SUCCESS] IGS: IGS0OPSFIN_20231430000_01D_30S_CLK.CLK.gz (2.5MB) | Progress: 17.7% | ETA: 1min
[23:32:10] [SUCCESS] IGS: IGS0OPSFIN_20231670000_01D_30S_CLK.CLK.gz (2.4MB) | Progress: 17.8% | ETA: 1min
[23:32:10] [SUCCESS] IGS: IGS0OPSFIN_20231580000_01D_30S_CLK.CLK.gz (2.5MB) | Progress: 17.9% | ETA: 1min
[23:32:10] [SUCCESS] IGS: IGS0OPSFIN_20231730000_01D_30S_CLK.CLK.gz (2.4MB) | Progress: 18.0% | ETA: 1min
[23:32:10] [SUCCESS] IGS: IGS0OPSFIN_20231520000_01D_30S_CLK.CLK.gz (2.5MB) | Progress: 18.1% | ETA: 1min
[23:32:10] [SUCCESS] IGS: IGS0OPSFIN_20231190000_01D_30S_CLK.CLK.gz (2.4MB) | Progress: 18.2% | ETA: 1min
[23:32:10] [SUCCESS] IGS: IGS0OPSFIN_20231410000_01D_30S_CLK.CLK.gz (2.5MB) | Progress: 18.3% | ETA: 1min
[23:32:10] [SUCCESS] IGS: IGS0OPSFIN_20231550000_01D_30S_CLK.CLK.gz (2.4MB) | Progress: 18.4% | ETA: 1min
[23:32:10] [SUCCESS] IGS: IGS0OPSFIN_20231810000_01D_30S_CLK.CLK.gz (2.4MB) | Progress: 18.5% | ETA: 1min
[23:32:10] [SUCCESS] IGS: IGS0OPSFIN_20231470000_01D_30S_CLK.CLK.gz (2.4MB) | Progress: 18.6% | ETA: 1min
[23:32:10] [SUCCESS] IGS: IGS0OPSFIN_20231740000_01D_30S_CLK.CLK.gz (2.5MB) | Progress: 18.8% | ETA: 1min
[23:32:10] [SUCCESS] IGS: IGS0OPSFIN_20231480000_01D_30S_CLK.CLK.gz (2.5MB) | Progress: 18.9% | ETA: 1min
[23:32:10] [SUCCESS] IGS: IGS0OPSFIN_20231600000_01D_30S_CLK.CLK.gz (2.4MB) | Progress: 19.0% | ETA: 1min
[23:32:10] [SUCCESS] IGS: IGS0OPSFIN_20231630000_01D_30S_CLK.CLK.gz (2.5MB) | Progress: 19.1% | ETA: 1min
[23:32:10] [SUCCESS] IGS: IGS0OPSFIN_20231560000_01D_30S_CLK.CLK.gz (2.4MB) | Progress: 19.2% | ETA: 1min
[23:32:10] [INFO] [PROGRESS] Overall: 175/912 files (19.2%) | Rate: 10.6 files/sec
[23:32:10] [SUCCESS] IGS: IGS0OPSFIN_20231400000_01D_30S_CLK.CLK.gz (2.5MB) | Progress: 19.3% | ETA: 1min
[23:32:10] [SUCCESS] IGS: IGS0OPSFIN_20231420000_01D_30S_CLK.CLK.gz (2.5MB) | Progress: 19.4% | ETA: 1min
[23:32:10] [SUCCESS] IGS: IGS0OPSFIN_20231720000_01D_30S_CLK.CLK.gz (2.5MB) | Progress: 19.5% | ETA: 1min
[23:32:10] [SUCCESS] IGS: IGS0OPSFIN_20231820000_01D_30S_CLK.CLK.gz (2.4MB) | Progress: 19.6% | ETA: 1min
[23:32:10] [SUCCESS] IGS: IGS0OPSFIN_20231870000_01D_30S_CLK.CLK.gz (2.4MB) | Progress: 19.7% | ETA: 1min
[23:32:10] [SUCCESS] IGS: IGS0OPSFIN_20231690000_01D_30S_CLK.CLK.gz (2.4MB) | Progress: 19.8% | ETA: 1min
[23:32:10] [SUCCESS] IGS: IGS0OPSFIN_20231860000_01D_30S_CLK.CLK.gz (2.5MB) | Progress: 20.0% | ETA: 1min
[23:32:10] [SUCCESS] IGS: IGS0OPSFIN_20231380000_01D_30S_CLK.CLK.gz (2.4MB) | Progress: 20.1% | ETA: 1min
[23:32:11] [SUCCESS] IGS: IGS0OPSFIN_20231760000_01D_30S_CLK.CLK.gz (2.5MB) | Progress: 20.2% | ETA: 1min
[23:32:11] [SUCCESS] IGS: IGS0OPSFIN_20231880000_01D_30S_CLK.CLK.gz (2.5MB) | Progress: 20.3% | ETA: 1min
[23:32:11] [SUCCESS] IGS: IGS0OPSFIN_20231450000_01D_30S_CLK.CLK.gz (2.5MB) | Progress: 20.4% | ETA: 1min
[23:32:11] [SUCCESS] IGS: IGS0OPSFIN_20231850000_01D_30S_CLK.CLK.gz (2.5MB) | Progress: 20.5% | ETA: 1min
[23:32:11] [SUCCESS] IGS: IGS0OPSFIN_20231610000_01D_30S_CLK.CLK.gz (2.5MB) | Progress: 20.6% | ETA: 1min
[23:32:11] [SUCCESS] IGS: IGS0OPSFIN_20231910000_01D_30S_CLK.CLK.gz (2.5MB) | Progress: 20.7% | ETA: 1min
[23:32:11] [SUCCESS] IGS: IGS0OPSFIN_20231900000_01D_30S_CLK.CLK.gz (2.5MB) | Progress: 20.8% | ETA: 1min
[23:32:11] [SUCCESS] IGS: IGS0OPSFIN_20231890000_01D_30S_CLK.CLK.gz (2.5MB) | Progress: 20.9% | ETA: 1min
[23:32:12] [SUCCESS] IGS: IGS0OPSFIN_20231920000_01D_30S_CLK.CLK.gz (2.4MB) | Progress: 21.1% | ETA: 1min
[23:32:13] [SUCCESS] IGS: IGS0OPSFIN_20231980000_01D_30S_CLK.CLK.gz (2.5MB) | Progress: 21.2% | ETA: 1min
[23:32:13] [SUCCESS] IGS: IGS0OPSFIN_20231960000_01D_30S_CLK.CLK.gz (2.4MB) | Progress: 21.3% | ETA: 1min
[23:32:13] [SUCCESS] IGS: IGS0OPSFIN_20231950000_01D_30S_CLK.CLK.gz (2.5MB) | Progress: 21.4% | ETA: 1min
[23:32:13] [SUCCESS] IGS: IGS0OPSFIN_20231940000_01D_30S_CLK.CLK.gz (2.5MB) | Progress: 21.5% | ETA: 1min
[23:32:13] [SUCCESS] IGS: IGS0OPSFIN_20231990000_01D_30S_CLK.CLK.gz (2.5MB) | Progress: 21.6% | ETA: 1min
[23:32:13] [SUCCESS] IGS: IGS0OPSFIN_20232000000_01D_30S_CLK.CLK.gz (2.5MB) | Progress: 21.7% | ETA: 1min
[23:32:13] [SUCCESS] IGS: IGS0OPSFIN_20232010000_01D_30S_CLK.CLK.gz (2.4MB) | Progress: 21.8% | ETA: 1min
[23:32:13] [SUCCESS] IGS: IGS0OPSFIN_20231970000_01D_30S_CLK.CLK.gz (2.5MB) | Progress: 21.9% | ETA: 1min
[23:32:13] [INFO] [PROGRESS] Overall: 200/912 files (21.9%) | Rate: 10.2 files/sec
[23:32:14] [SUCCESS] IGS: IGS0OPSFIN_20232020000_01D_30S_CLK.CLK.gz (2.5MB) | Progress: 22.0% | ETA: 1min
[23:32:14] [SUCCESS] IGS: IGS0OPSFIN_20232040000_01D_30S_CLK.CLK.gz (2.1MB) | Progress: 22.1% | ETA: 1min
[23:32:14] [SUCCESS] IGS: IGS0OPSFIN_20232060000_01D_30S_CLK.CLK.gz (2.5MB) | Progress: 22.3% | ETA: 1min
[23:32:14] [SUCCESS] IGS: IGS0OPSFIN_20232080000_01D_30S_CLK.CLK.gz (2.5MB) | Progress: 22.4% | ETA: 1min
[23:32:14] [SUCCESS] IGS: IGS0OPSFIN_20232100000_01D_30S_CLK.CLK.gz (2.5MB) | Progress: 22.5% | ETA: 1min
[23:32:14] [SUCCESS] IGS: IGS0OPSFIN_20232030000_01D_30S_CLK.CLK.gz (2.5MB) | Progress: 22.6% | ETA: 1min
[23:32:14] [SUCCESS] IGS: IGS0OPSFIN_20232070000_01D_30S_CLK.CLK.gz (2.5MB) | Progress: 22.7% | ETA: 1min
[23:32:14] [SUCCESS] IGS: IGS0OPSFIN_20232090000_01D_30S_CLK.CLK.gz (2.5MB) | Progress: 22.8% | ETA: 1min
[23:32:14] [SUCCESS] IGS: IGS0OPSFIN_20232110000_01D_30S_CLK.CLK.gz (2.4MB) | Progress: 22.9% | ETA: 1min
[23:32:15] [SUCCESS] IGS: IGS0OPSFIN_20231930000_01D_30S_CLK.CLK.gz (2.5MB) | Progress: 23.0% | ETA: 1min
[23:32:15] [SUCCESS] IGS: IGS0OPSFIN_20232050000_01D_30S_CLK.CLK.gz (2.5MB) | Progress: 23.1% | ETA: 1min
[23:32:15] [SUCCESS] IGS: IGS0OPSFIN_20232120000_01D_30S_CLK.CLK.gz (2.5MB) | Progress: 23.2% | ETA: 1min
[23:32:15] [SUCCESS] IGS: IGS0OPSFIN_20232150000_01D_30S_CLK.CLK.gz (2.5MB) | Progress: 23.4% | ETA: 1min
[23:32:15] [SUCCESS] IGS: IGS0OPSFIN_20232130000_01D_30S_CLK.CLK.gz (2.5MB) | Progress: 23.5% | ETA: 1min
[23:32:15] [SUCCESS] IGS: IGS0OPSFIN_20232140000_01D_30S_CLK.CLK.gz (2.4MB) | Progress: 23.6% | ETA: 1min
[23:32:15] [SUCCESS] IGS: IGS0OPSFIN_20232230000_01D_30S_CLK.CLK.gz (2.4MB) | Progress: 23.7% | ETA: 1min
[23:32:15] [SUCCESS] IGS: IGS0OPSFIN_20232170000_01D_30S_CLK.CLK.gz (2.5MB) | Progress: 23.8% | ETA: 1min
[23:32:15] [SUCCESS] IGS: IGS0OPSFIN_20232240000_01D_30S_CLK.CLK.gz (2.4MB) | Progress: 23.9% | ETA: 1min
[23:32:15] [SUCCESS] IGS: IGS0OPSFIN_20232180000_01D_30S_CLK.CLK.gz (2.5MB) | Progress: 24.0% | ETA: 1min
[23:32:15] [SUCCESS] IGS: IGS0OPSFIN_20232160000_01D_30S_CLK.CLK.gz (2.5MB) | Progress: 24.1% | ETA: 1min
[23:32:16] [SUCCESS] IGS: IGS0OPSFIN_20232220000_01D_30S_CLK.CLK.gz (2.4MB) | Progress: 24.2% | ETA: 1min
[23:32:16] [SUCCESS] IGS: IGS0OPSFIN_20232200000_01D_30S_CLK.CLK.gz (2.4MB) | Progress: 24.3% | ETA: 1min
[23:32:16] [SUCCESS] IGS: IGS0OPSFIN_20232260000_01D_30S_CLK.CLK.gz (2.4MB) | Progress: 24.5% | ETA: 1min
[23:32:16] [SUCCESS] IGS: IGS0OPSFIN_20232190000_01D_30S_CLK.CLK.gz (2.5MB) | Progress: 24.6% | ETA: 1min
[23:32:16] [SUCCESS] IGS: IGS0OPSFIN_20232250000_01D_30S_CLK.CLK.gz (2.4MB) | Progress: 24.7% | ETA: 1min
[23:32:16] [INFO] [PROGRESS] Overall: 225/912 files (24.7%) | Rate: 10.3 files/sec
[23:32:16] [SUCCESS] IGS: IGS0OPSFIN_20232210000_01D_30S_CLK.CLK.gz (2.5MB) | Progress: 24.8% | ETA: 1min
[23:32:16] [SUCCESS] IGS: IGS0OPSFIN_20232280000_01D_30S_CLK.CLK.gz (2.5MB) | Progress: 24.9% | ETA: 1min
[23:32:16] [SUCCESS] IGS: IGS0OPSFIN_20232270000_01D_30S_CLK.CLK.gz (2.4MB) | Progress: 25.0% | ETA: 1min
[23:32:16] [SUCCESS] IGS: IGS0OPSFIN_20232290000_01D_30S_CLK.CLK.gz (2.5MB) | Progress: 25.1% | ETA: 1min
[23:32:16] [SUCCESS] IGS: IGS0OPSFIN_20232340000_01D_30S_CLK.CLK.gz (2.4MB) | Progress: 25.2% | ETA: 1min
[23:32:16] [SUCCESS] IGS: IGS0OPSFIN_20232310000_01D_30S_CLK.CLK.gz (2.5MB) | Progress: 25.3% | ETA: 1min
[23:32:16] [SUCCESS] IGS: IGS0OPSFIN_20232370000_01D_30S_CLK.CLK.gz (2.4MB) | Progress: 25.4% | ETA: 1min
[23:32:16] [SUCCESS] IGS: IGS0OPSFIN_20232320000_01D_30S_CLK.CLK.gz (2.5MB) | Progress: 25.5% | ETA: 1min
[23:32:16] [SUCCESS] IGS: IGS0OPSFIN_20232350000_01D_30S_CLK.CLK.gz (2.4MB) | Progress: 25.7% | ETA: 1min
[23:32:16] [SUCCESS] IGS: IGS0OPSFIN_20232300000_01D_30S_CLK.CLK.gz (2.5MB) | Progress: 25.8% | ETA: 1min
[23:32:16] [SUCCESS] IGS: IGS0OPSFIN_20232400000_01D_30S_CLK.CLK.gz (2.4MB) | Progress: 25.9% | ETA: 1min
[23:32:16] [SUCCESS] IGS: IGS0OPSFIN_20232360000_01D_30S_CLK.CLK.gz (2.4MB) | Progress: 26.0% | ETA: 1min
[23:32:17] [SUCCESS] IGS: IGS0OPSFIN_20232420000_01D_30S_CLK.CLK.gz (2.4MB) | Progress: 26.1% | ETA: 1min
[23:32:17] [SUCCESS] IGS: IGS0OPSFIN_20232390000_01D_30S_CLK.CLK.gz (2.4MB) | Progress: 26.2% | ETA: 1min
[23:32:17] [SUCCESS] IGS: IGS0OPSFIN_20232410000_01D_30S_CLK.CLK.gz (2.4MB) | Progress: 26.3% | ETA: 1min
[23:32:17] [SUCCESS] IGS: IGS0OPSFIN_20232440000_01D_30S_CLK.CLK.gz (2.5MB) | Progress: 26.4% | ETA: 1min
[23:32:17] [SUCCESS] IGS: IGS0OPSFIN_20232500000_01D_30S_CLK.CLK.gz (2.4MB) | Progress: 26.5% | ETA: 1min
[23:32:17] [SUCCESS] IGS: IGS0OPSFIN_20232540000_01D_30S_CLK.CLK.gz (2.5MB) | Progress: 26.6% | ETA: 1min
[23:32:17] [SUCCESS] IGS: IGS0OPSFIN_20232580000_01D_30S_CLK.CLK.gz (2.4MB) | Progress: 26.8% | ETA: 1min
[23:32:17] [SUCCESS] IGS: IGS0OPSFIN_20232510000_01D_30S_CLK.CLK.gz (2.4MB) | Progress: 26.9% | ETA: 1min
[23:32:17] [SUCCESS] IGS: IGS0OPSFIN_20232460000_01D_30S_CLK.CLK.gz (2.5MB) | Progress: 27.0% | ETA: 1min
[23:32:17] [SUCCESS] IGS: IGS0OPSFIN_20232520000_01D_30S_CLK.CLK.gz (2.5MB) | Progress: 27.1% | ETA: 1min
[23:32:17] [SUCCESS] IGS: IGS0OPSFIN_20232650000_01D_30S_CLK.CLK.gz (2.5MB) | Progress: 27.2% | ETA: 1min
[23:32:17] [SUCCESS] IGS: IGS0OPSFIN_20232610000_01D_30S_CLK.CLK.gz (2.5MB) | Progress: 27.3% | ETA: 1min
[23:32:17] [SUCCESS] IGS: IGS0OPSFIN_20232660000_01D_30S_CLK.CLK.gz (2.5MB) | Progress: 27.4% | ETA: 1min
[23:32:17] [INFO] [PROGRESS] Overall: 250/912 files (27.4%) | Rate: 10.6 files/sec
[23:32:17] [SUCCESS] IGS: IGS0OPSFIN_20232710000_01D_30S_CLK.CLK.gz (2.5MB) | Progress: 27.5% | ETA: 1min
[23:32:17] [SUCCESS] IGS: IGS0OPSFIN_20232730000_01D_30S_CLK.CLK.gz (2.5MB) | Progress: 27.6% | ETA: 1min
[23:32:17] [SUCCESS] IGS: IGS0OPSFIN_20232450000_01D_30S_CLK.CLK.gz (2.5MB) | Progress: 27.7% | ETA: 1min
[23:32:17] [SUCCESS] IGS: IGS0OPSFIN_20232550000_01D_30S_CLK.CLK.gz (2.5MB) | Progress: 27.9% | ETA: 1min
[23:32:17] [SUCCESS] IGS: IGS0OPSFIN_20232490000_01D_30S_CLK.CLK.gz (2.5MB) | Progress: 28.0% | ETA: 1min
[23:32:17] [SUCCESS] IGS: IGS0OPSFIN_20232640000_01D_30S_CLK.CLK.gz (2.4MB) | Progress: 28.1% | ETA: 1min
[23:32:17] [SUCCESS] IGS: IGS0OPSFIN_20232720000_01D_30S_CLK.CLK.gz (2.5MB) | Progress: 28.2% | ETA: 1min
[23:32:17] [SUCCESS] IGS: IGS0OPSFIN_20232470000_01D_30S_CLK.CLK.gz (2.5MB) | Progress: 28.3% | ETA: 1min
[23:32:17] [SUCCESS] IGS: IGS0OPSFIN_20232620000_01D_30S_CLK.CLK.gz (2.4MB) | Progress: 28.4% | ETA: 1min
[23:32:17] [SUCCESS] IGS: IGS0OPSFIN_20232480000_01D_30S_CLK.CLK.gz (2.5MB) | Progress: 28.5% | ETA: 1min
[23:32:17] [SUCCESS] IGS: IGS0OPSFIN_20232700000_01D_30S_CLK.CLK.gz (2.5MB) | Progress: 28.6% | ETA: 1min
[23:32:17] [SUCCESS] IGS: IGS0OPSFIN_20232430000_01D_30S_CLK.CLK.gz (2.5MB) | Progress: 28.7% | ETA: 1min
[23:32:17] [SUCCESS] IGS: IGS0OPSFIN_20232750000_01D_30S_CLK.CLK.gz (2.5MB) | Progress: 28.8% | ETA: 1min
[23:32:17] [SUCCESS] IGS: IGS0OPSFIN_20232690000_01D_30S_CLK.CLK.gz (2.5MB) | Progress: 28.9% | ETA: 1min
[23:32:17] [SUCCESS] IGS: IGS0OPSFIN_20232670000_01D_30S_CLK.CLK.gz (2.5MB) | Progress: 29.1% | ETA: 1min
[23:32:17] [SUCCESS] IGS: IGS0OPSFIN_20232630000_01D_30S_CLK.CLK.gz (2.5MB) | Progress: 29.2% | ETA: 1min
[23:32:18] [SUCCESS] IGS: IGS0OPSFIN_20232810000_01D_30S_CLK.CLK.gz (2.5MB) | Progress: 29.3% | ETA: 1min
[23:32:18] [SUCCESS] IGS: IGS0OPSFIN_20232530000_01D_30S_CLK.CLK.gz (2.5MB) | Progress: 29.4% | ETA: 1min
[23:32:18] [SUCCESS] IGS: IGS0OPSFIN_20232770000_01D_30S_CLK.CLK.gz (2.5MB) | Progress: 29.5% | ETA: 1min
[23:32:18] [SUCCESS] IGS: IGS0OPSFIN_20232600000_01D_30S_CLK.CLK.gz (2.5MB) | Progress: 29.6% | ETA: 1min
[23:32:18] [SUCCESS] IGS: IGS0OPSFIN_20232680000_01D_30S_CLK.CLK.gz (2.5MB) | Progress: 29.7% | ETA: 1min
[23:32:18] [SUCCESS] IGS: IGS0OPSFIN_20232860000_01D_30S_CLK.CLK.gz (2.4MB) | Progress: 29.8% | ETA: 1min
[23:32:18] [SUCCESS] IGS: IGS0OPSFIN_20232870000_01D_30S_CLK.CLK.gz (2.5MB) | Progress: 29.9% | ETA: 1min
[23:32:18] [SUCCESS] IGS: IGS0OPSFIN_20232760000_01D_30S_CLK.CLK.gz (2.5MB) | Progress: 30.0% | ETA: 1min
[23:32:18] [SUCCESS] IGS: IGS0OPSFIN_20232850000_01D_30S_CLK.CLK.gz (2.4MB) | Progress: 30.2% | ETA: 1min
[23:32:18] [INFO] [PROGRESS] Overall: 275/912 files (30.2%) | Rate: 11.5 files/sec
[23:32:18] [SUCCESS] IGS: IGS0OPSFIN_20232590000_01D_30S_CLK.CLK.gz (2.5MB) | Progress: 30.3% | ETA: 1min
[23:32:18] [SUCCESS] IGS: IGS0OPSFIN_20232570000_01D_30S_CLK.CLK.gz (2.4MB) | Progress: 30.4% | ETA: 1min
[23:32:18] [SUCCESS] IGS: IGS0OPSFIN_20232840000_01D_30S_CLK.CLK.gz (2.5MB) | Progress: 30.5% | ETA: 1min
[23:32:18] [SUCCESS] IGS: IGS0OPSFIN_20232560000_01D_30S_CLK.CLK.gz (2.5MB) | Progress: 30.6% | ETA: 1min
[23:32:18] [SUCCESS] IGS: IGS0OPSFIN_20232830000_01D_30S_CLK.CLK.gz (2.5MB) | Progress: 30.7% | ETA: 1min
[23:32:18] [SUCCESS] IGS: IGS0OPSFIN_20232790000_01D_30S_CLK.CLK.gz (2.5MB) | Progress: 30.8% | ETA: 1min
[23:32:18] [SUCCESS] IGS: IGS0OPSFIN_20232880000_01D_30S_CLK.CLK.gz (2.5MB) | Progress: 30.9% | ETA: 1min
[23:32:18] [SUCCESS] IGS: IGS0OPSFIN_20232330000_01D_30S_CLK.CLK.gz (2.4MB) | Progress: 31.0% | ETA: 1min
[23:32:18] [SUCCESS] IGS: IGS0OPSFIN_20232740000_01D_30S_CLK.CLK.gz (2.5MB) | Progress: 31.1% | ETA: 1min
[23:32:18] [SUCCESS] IGS: IGS0OPSFIN_20232820000_01D_30S_CLK.CLK.gz (2.5MB) | Progress: 31.2% | ETA: 1min
[23:32:18] [SUCCESS] IGS: IGS0OPSFIN_20232780000_01D_30S_CLK.CLK.gz (2.5MB) | Progress: 31.4% | ETA: 1min
[23:32:19] [SUCCESS] IGS: IGS0OPSFIN_20232380000_01D_30S_CLK.CLK.gz (2.4MB) | Progress: 31.5% | ETA: 1min
[23:32:19] [SUCCESS] IGS: IGS0OPSFIN_20232890000_01D_30S_CLK.CLK.gz (2.5MB) | Progress: 31.6% | ETA: 1min
[23:32:19] [SUCCESS] IGS: IGS0OPSFIN_20232910000_01D_30S_CLK.CLK.gz (2.5MB) | Progress: 31.7% | ETA: 1min
[23:32:19] [SUCCESS] IGS: IGS0OPSFIN_20232930000_01D_30S_CLK.CLK.gz (2.5MB) | Progress: 31.8% | ETA: 1min
[23:32:19] [SUCCESS] IGS: IGS0OPSFIN_20232940000_01D_30S_CLK.CLK.gz (2.5MB) | Progress: 31.9% | ETA: 1min
[23:32:19] [SUCCESS] IGS: IGS0OPSFIN_20232960000_01D_30S_CLK.CLK.gz (2.5MB) | Progress: 32.0% | ETA: 1min
[23:32:19] [SUCCESS] IGS: IGS0OPSFIN_20232950000_01D_30S_CLK.CLK.gz (2.5MB) | Progress: 32.1% | ETA: 1min
[23:32:19] [SUCCESS] IGS: IGS0OPSFIN_20232920000_01D_30S_CLK.CLK.gz (2.4MB) | Progress: 32.2% | ETA: 1min
[23:32:19] [SUCCESS] IGS: IGS0OPSFIN_20232900000_01D_30S_CLK.CLK.gz (2.5MB) | Progress: 32.3% | ETA: 1min
[23:32:19] [SUCCESS] IGS: IGS0OPSFIN_20232980000_01D_30S_CLK.CLK.gz (2.5MB) | Progress: 32.5% | ETA: 1min
[23:32:20] [SUCCESS] IGS: IGS0OPSFIN_20232990000_01D_30S_CLK.CLK.gz (2.5MB) | Progress: 32.6% | ETA: 1min
[23:32:20] [SUCCESS] IGS: IGS0OPSFIN_20232800000_01D_30S_CLK.CLK.gz (2.5MB) | Progress: 32.7% | ETA: 1min
[23:32:20] [SUCCESS] IGS: IGS0OPSFIN_20233050000_01D_30S_CLK.CLK.gz (2.5MB) | Progress: 32.8% | ETA: 1min
[23:32:20] [SUCCESS] IGS: IGS0OPSFIN_20233010000_01D_30S_CLK.CLK.gz (2.5MB) | Progress: 32.9% | ETA: 1min
[23:32:20] [INFO] [PROGRESS] Overall: 300/912 files (32.9%) | Rate: 11.5 files/sec
[23:32:20] [SUCCESS] IGS: IGS0OPSFIN_20233000000_01D_30S_CLK.CLK.gz (2.5MB) | Progress: 33.0% | ETA: 1min
[23:32:20] [SUCCESS] IGS: IGS0OPSFIN_20233020000_01D_30S_CLK.CLK.gz (2.5MB) | Progress: 33.1% | ETA: 1min
[23:32:20] [SUCCESS] IGS: IGS0OPSFIN_20233070000_01D_30S_CLK.CLK.gz (2.4MB) | Progress: 33.2% | ETA: 1min
[23:32:20] [SUCCESS] IGS: IGS0OPSFIN_20233040000_01D_30S_CLK.CLK.gz (2.5MB) | Progress: 33.3% | ETA: 1min
[23:32:20] [SUCCESS] IGS: IGS0OPSFIN_20233030000_01D_30S_CLK.CLK.gz (2.5MB) | Progress: 33.4% | ETA: 1min
[23:32:20] [SUCCESS] IGS: IGS0OPSFIN_20233060000_01D_30S_CLK.CLK.gz (2.4MB) | Progress: 33.6% | ETA: 1min
[23:32:21] [SUCCESS] IGS: IGS0OPSFIN_20233090000_01D_30S_CLK.CLK.gz (2.5MB) | Progress: 33.7% | ETA: 1min
[23:32:21] [SUCCESS] IGS: IGS0OPSFIN_20233100000_01D_30S_CLK.CLK.gz (2.5MB) | Progress: 33.8% | ETA: 1min
[23:32:21] [SUCCESS] IGS: IGS0OPSFIN_20233080000_01D_30S_CLK.CLK.gz (2.5MB) | Progress: 33.9% | ETA: 1min
[23:32:21] [SUCCESS] IGS: IGS0OPSFIN_20233110000_01D_30S_CLK.CLK.gz (2.5MB) | Progress: 34.0% | ETA: 1min
[23:32:21] [SUCCESS] IGS: IGS0OPSFIN_20233120000_01D_30S_CLK.CLK.gz (2.5MB) | Progress: 34.1% | ETA: 1min
[23:32:21] [SUCCESS] IGS: IGS0OPSFIN_20233150000_01D_30S_CLK.CLK.gz (2.5MB) | Progress: 34.2% | ETA: 1min
[23:32:21] [SUCCESS] IGS: IGS0OPSFIN_20233200000_01D_30S_CLK.CLK.gz (2.5MB) | Progress: 34.3% | ETA: 1min
[23:32:22] [SUCCESS] IGS: IGS0OPSFIN_20233210000_01D_30S_CLK.CLK.gz (2.5MB) | Progress: 34.4% | ETA: 1min
[23:32:22] [SUCCESS] IGS: IGS0OPSFIN_20233220000_01D_30S_CLK.CLK.gz (2.5MB) | Progress: 34.5% | ETA: 1min
[23:32:22] [SUCCESS] IGS: IGS0OPSFIN_20233160000_01D_30S_CLK.CLK.gz (2.5MB) | Progress: 34.6% | ETA: 1min
[23:32:22] [SUCCESS] IGS: IGS0OPSFIN_20233240000_01D_30S_CLK.CLK.gz (2.6MB) | Progress: 34.8% | ETA: 1min
[23:32:22] [SUCCESS] IGS: IGS0OPSFIN_20233260000_01D_30S_CLK.CLK.gz (2.6MB) | Progress: 34.9% | ETA: 1min
[23:32:22] [SUCCESS] IGS: IGS0OPSFIN_20233270000_01D_30S_CLK.CLK.gz (2.7MB) | Progress: 35.0% | ETA: 1min
[23:32:22] [SUCCESS] IGS: IGS0OPSFIN_20233250000_01D_30S_CLK.CLK.gz (2.6MB) | Progress: 35.1% | ETA: 1min
[23:32:22] [SUCCESS] IGS: IGS0OPSFIN_20233170000_01D_30S_CLK.CLK.gz (2.5MB) | Progress: 35.2% | ETA: 1min
[23:32:22] [SUCCESS] IGS: IGS0OPSFIN_20233290000_01D_30S_CLK.CLK.gz (2.6MB) | Progress: 35.3% | ETA: 1min
[23:32:22] [SUCCESS] IGS: IGS0OPSFIN_20233230000_01D_30S_CLK.CLK.gz (2.7MB) | Progress: 35.4% | ETA: 1min
[23:32:22] [SUCCESS] IGS: IGS0OPSFIN_20233320000_01D_30S_CLK.CLK.gz (2.6MB) | Progress: 35.5% | ETA: 1min
[23:32:22] [SUCCESS] IGS: IGS0OPSFIN_20233310000_01D_30S_CLK.CLK.gz (2.7MB) | Progress: 35.6% | ETA: 1min
[23:32:22] [INFO] [PROGRESS] Overall: 325/912 files (35.6%) | Rate: 11.5 files/sec
[23:32:22] [SUCCESS] IGS: IGS0OPSFIN_20233280000_01D_30S_CLK.CLK.gz (2.7MB) | Progress: 35.7% | ETA: 1min
[23:32:22] [SUCCESS] IGS: IGS0OPSFIN_20233140000_01D_30S_CLK.CLK.gz (2.5MB) | Progress: 35.9% | ETA: 1min
[23:32:22] [SUCCESS] IGS: IGS0OPSFIN_20233330000_01D_30S_CLK.CLK.gz (2.7MB) | Progress: 36.0% | ETA: 1min
[23:32:22] [SUCCESS] IGS: IGS0OPSFIN_20233300000_01D_30S_CLK.CLK.gz (2.7MB) | Progress: 36.1% | ETA: 1min
[23:32:22] [SUCCESS] IGS: IGS0OPSFIN_20233340000_01D_30S_CLK.CLK.gz (2.6MB) | Progress: 36.2% | ETA: 1min
[23:32:22] [SUCCESS] IGS: IGS0OPSFIN_20232970000_01D_30S_CLK.CLK.gz (2.5MB) | Progress: 36.3% | ETA: 1min
[23:32:22] [SUCCESS] IGS: IGS0OPSFIN_20233130000_01D_30S_CLK.CLK.gz (2.5MB) | Progress: 36.4% | ETA: 1min
[23:32:23] [SUCCESS] IGS: IGS0OPSFIN_20233360000_01D_30S_CLK.CLK.gz (2.7MB) | Progress: 36.5% | ETA: 1min
[23:32:23] [SUCCESS] IGS: IGS0OPSFIN_20233180000_01D_30S_CLK.CLK.gz (2.5MB) | Progress: 36.6% | ETA: 1min
[23:32:23] [SUCCESS] IGS: IGS0OPSFIN_20233370000_01D_30S_CLK.CLK.gz (2.7MB) | Progress: 36.7% | ETA: 1min
[23:32:23] [SUCCESS] IGS: IGS0OPSFIN_20233390000_01D_30S_CLK.CLK.gz (2.7MB) | Progress: 36.8% | ETA: 1min
[23:32:23] [SUCCESS] IGS: IGS0OPSFIN_20233350000_01D_30S_CLK.CLK.gz (2.7MB) | Progress: 37.0% | ETA: 1min
[23:32:23] [SUCCESS] IGS: IGS0OPSFIN_20233400000_01D_30S_CLK.CLK.gz (2.7MB) | Progress: 37.1% | ETA: 1min
[23:32:23] [SUCCESS] IGS: IGS0OPSFIN_20233410000_01D_30S_CLK.CLK.gz (2.6MB) | Progress: 37.2% | ETA: 1min
[23:32:23] [SUCCESS] IGS: IGS0OPSFIN_20233380000_01D_30S_CLK.CLK.gz (2.7MB) | Progress: 37.3% | ETA: 1min
[23:32:23] [SUCCESS] IGS: IGS0OPSFIN_20233190000_01D_30S_CLK.CLK.gz (2.5MB) | Progress: 37.4% | ETA: 1min
[23:32:24] [SUCCESS] IGS: IGS0OPSFIN_20233420000_01D_30S_CLK.CLK.gz (2.6MB) | Progress: 37.5% | ETA: 1min
[23:32:24] [SUCCESS] IGS: IGS0OPSFIN_20233440000_01D_30S_CLK.CLK.gz (2.7MB) | Progress: 37.6% | ETA: 1min
[23:32:24] [SUCCESS] IGS: IGS0OPSFIN_20233520000_01D_30S_CLK.CLK.gz (2.5MB) | Progress: 37.7% | ETA: 1min
[23:32:24] [SUCCESS] IGS: IGS0OPSFIN_20233430000_01D_30S_CLK.CLK.gz (2.7MB) | Progress: 37.8% | ETA: 1min
[23:32:24] [SUCCESS] IGS: IGS0OPSFIN_20233450000_01D_30S_CLK.CLK.gz (2.7MB) | Progress: 37.9% | ETA: 1min
[23:32:24] [SUCCESS] IGS: IGS0OPSFIN_20233490000_01D_30S_CLK.CLK.gz (2.7MB) | Progress: 38.0% | ETA: 1min
[23:32:24] [SUCCESS] IGS: IGS0OPSFIN_20233470000_01D_30S_CLK.CLK.gz (2.7MB) | Progress: 38.2% | ETA: 1min
[23:32:24] [SUCCESS] IGS: IGS0OPSFIN_20233510000_01D_30S_CLK.CLK.gz (2.5MB) | Progress: 38.3% | ETA: 1min
[23:32:24] [SUCCESS] IGS: IGS0OPSFIN_20240070000_01D_30S_CLK.CLK.gz (2.4MB) | Progress: 38.4% | ETA: 1min
[23:32:24] [INFO] [PROGRESS] Overall: 350/912 files (38.4%) | Rate: 11.5 files/sec
[23:32:24] [SUCCESS] IGS: IGS0OPSFIN_20233460000_01D_30S_CLK.CLK.gz (2.7MB) | Progress: 38.5% | ETA: 1min
[23:32:24] [SUCCESS] IGS: IGS0OPSFIN_20240090000_01D_30S_CLK.CLK.gz (2.5MB) | Progress: 38.6% | ETA: 1min
[23:32:24] [SUCCESS] IGS: IGS0OPSFIN_20240060000_01D_30S_CLK.CLK.gz (2.4MB) | Progress: 38.7% | ETA: 1min
[23:32:24] [SUCCESS] IGS: IGS0OPSFIN_20233500000_01D_30S_CLK.CLK.gz (2.7MB) | Progress: 38.8% | ETA: 1min
[23:32:24] [SUCCESS] IGS: IGS0OPSFIN_20240130000_01D_30S_CLK.CLK.gz (2.4MB) | Progress: 38.9% | ETA: 1min
[23:32:24] [SUCCESS] IGS: IGS0OPSFIN_20240110000_01D_30S_CLK.CLK.gz (2.4MB) | Progress: 39.0% | ETA: 1min
[23:32:24] [SUCCESS] IGS: IGS0OPSFIN_20240040000_01D_30S_CLK.CLK.gz (2.4MB) | Progress: 39.1% | ETA: 1min
[23:32:24] [SUCCESS] IGS: IGS0OPSFIN_20240020000_01D_30S_CLK.CLK.gz (2.4MB) | Progress: 39.3% | ETA: 1min
[23:32:24] [SUCCESS] IGS: IGS0OPSFIN_20240030000_01D_30S_CLK.CLK.gz (2.4MB) | Progress: 39.4% | ETA: 1min
[23:32:24] [SUCCESS] IGS: IGS0OPSFIN_20233530000_01D_30S_CLK.CLK.gz (2.7MB) | Progress: 39.5% | ETA: 1min
[23:32:24] [SUCCESS] IGS: IGS0OPSFIN_20240100000_01D_30S_CLK.CLK.gz (2.5MB) | Progress: 39.6% | ETA: 1min
[23:32:24] [SUCCESS] IGS: IGS0OPSFIN_20233540000_01D_30S_CLK.CLK.gz (2.7MB) | Progress: 39.7% | ETA: 1min
[23:32:24] [SUCCESS] IGS: IGS0OPSFIN_20233480000_01D_30S_CLK.CLK.gz (2.6MB) | Progress: 39.8% | ETA: 1min
[23:32:24] [SUCCESS] IGS: IGS0OPSFIN_20233550000_01D_30S_CLK.CLK.gz (2.6MB) | Progress: 39.9% | ETA: 1min
[23:32:24] [SUCCESS] IGS: IGS0OPSFIN_20240010000_01D_30S_CLK.CLK.gz (2.4MB) | Progress: 40.0% | ETA: 1min
[23:32:25] [SUCCESS] IGS: IGS0OPSFIN_20240160000_01D_30S_CLK.CLK.gz (2.4MB) | Progress: 40.1% | ETA: 1min
[23:32:25] [SUCCESS] IGS: IGS0OPSFIN_20240170000_01D_30S_CLK.CLK.gz (2.4MB) | Progress: 40.2% | ETA: 1min
[23:32:25] [SUCCESS] IGS: IGS0OPSFIN_20240260000_01D_30S_CLK.CLK.gz (2.4MB) | Progress: 40.4% | ETA: 1min
[23:32:25] [SUCCESS] IGS: IGS0OPSFIN_20240250000_01D_30S_CLK.CLK.gz (2.4MB) | Progress: 40.5% | ETA: 1min
[23:32:25] [SUCCESS] IGS: IGS0OPSFIN_20233630000_01D_30S_CLK.CLK.gz (2.7MB) | Progress: 40.6% | ETA: 1min
[23:32:25] [SUCCESS] IGS: IGS0OPSFIN_20233590000_01D_30S_CLK.CLK.gz (2.7MB) | Progress: 40.7% | ETA: 1min
[23:32:25] [SUCCESS] IGS: IGS0OPSFIN_20233560000_01D_30S_CLK.CLK.gz (2.7MB) | Progress: 40.8% | ETA: 1min
[23:32:25] [SUCCESS] IGS: IGS0OPSFIN_20233650000_01D_30S_CLK.CLK.gz (2.6MB) | Progress: 40.9% | ETA: 1min
[23:32:25] [SUCCESS] IGS: IGS0OPSFIN_20240240000_01D_30S_CLK.CLK.gz (2.4MB) | Progress: 41.0% | ETA: 1min
[23:32:25] [SUCCESS] IGS: IGS0OPSFIN_20240200000_01D_30S_CLK.CLK.gz (2.4MB) | Progress: 41.1% | ETA: 1min
[23:32:25] [INFO] [PROGRESS] Overall: 375/912 files (41.1%) | Rate: 12.1 files/sec
[23:32:25] [SUCCESS] IGS: IGS0OPSFIN_20233580000_01D_30S_CLK.CLK.gz (2.7MB) | Progress: 41.2% | ETA: 1min
[23:32:25] [SUCCESS] IGS: IGS0OPSFIN_20240220000_01D_30S_CLK.CLK.gz (2.4MB) | Progress: 41.3% | ETA: 1min
[23:32:25] [SUCCESS] IGS: IGS0OPSFIN_20240210000_01D_30S_CLK.CLK.gz (2.4MB) | Progress: 41.4% | ETA: 1min
[23:32:25] [SUCCESS] IGS: IGS0OPSFIN_20240270000_01D_30S_CLK.CLK.gz (2.4MB) | Progress: 41.6% | ETA: 1min
[23:32:25] [SUCCESS] IGS: IGS0OPSFIN_20240190000_01D_30S_CLK.CLK.gz (2.5MB) | Progress: 41.7% | ETA: 1min
[23:32:25] [SUCCESS] IGS: IGS0OPSFIN_20233610000_01D_30S_CLK.CLK.gz (2.7MB) | Progress: 41.8% | ETA: 1min
[23:32:25] [SUCCESS] IGS: IGS0OPSFIN_20240230000_01D_30S_CLK.CLK.gz (2.5MB) | Progress: 41.9% | ETA: 1min
[23:32:25] [SUCCESS] IGS: IGS0OPSFIN_20240140000_01D_30S_CLK.CLK.gz (2.4MB) | Progress: 42.0% | ETA: 1min
[23:32:25] [SUCCESS] IGS: IGS0OPSFIN_20240180000_01D_30S_CLK.CLK.gz (2.4MB) | Progress: 42.1% | ETA: 1min
[23:32:25] [SUCCESS] IGS: IGS0OPSFIN_20233600000_01D_30S_CLK.CLK.gz (2.7MB) | Progress: 42.2% | ETA: 1min
[23:32:25] [SUCCESS] IGS: IGS0OPSFIN_20240120000_01D_30S_CLK.CLK.gz (2.4MB) | Progress: 42.3% | ETA: 1min
[23:32:25] [SUCCESS] IGS: IGS0OPSFIN_20240050000_01D_30S_CLK.CLK.gz (2.4MB) | Progress: 42.4% | ETA: 1min
[23:32:25] [SUCCESS] IGS: IGS0OPSFIN_20233640000_01D_30S_CLK.CLK.gz (2.6MB) | Progress: 42.5% | ETA: 1min
[23:32:25] [SUCCESS] IGS: IGS0OPSFIN_20233570000_01D_30S_CLK.CLK.gz (2.7MB) | Progress: 42.7% | ETA: 1min
[23:32:25] [SUCCESS] IGS: IGS0OPSFIN_20240150000_01D_30S_CLK.CLK.gz (2.4MB) | Progress: 42.8% | ETA: 1min
[23:32:25] [SUCCESS] IGS: IGS0OPSFIN_20240080000_01D_30S_CLK.CLK.gz (2.4MB) | Progress: 42.9% | ETA: 1min
[23:32:25] [SUCCESS] IGS: IGS0OPSFIN_20233620000_01D_30S_CLK.CLK.gz (2.7MB) | Progress: 43.0% | ETA: 1min
[23:32:25] [SUCCESS] IGS: IGS0OPSFIN_20240280000_01D_30S_CLK.CLK.gz (2.4MB) | Progress: 43.1% | ETA: 1min
[23:32:25] [SUCCESS] IGS: IGS0OPSFIN_20240330000_01D_30S_CLK.CLK.gz (2.5MB) | Progress: 43.2% | ETA: 1min
[23:32:25] [SUCCESS] IGS: IGS0OPSFIN_20240310000_01D_30S_CLK.CLK.gz (2.5MB) | Progress: 43.3% | ETA: 1min
[23:32:26] [SUCCESS] IGS: IGS0OPSFIN_20240350000_01D_30S_CLK.CLK.gz (2.5MB) | Progress: 43.4% | ETA: 1min
[23:32:26] [SUCCESS] IGS: IGS0OPSFIN_20240320000_01D_30S_CLK.CLK.gz (2.5MB) | Progress: 43.5% | ETA: 1min
[23:32:26] [SUCCESS] IGS: IGS0OPSFIN_20240290000_01D_30S_CLK.CLK.gz (2.4MB) | Progress: 43.6% | ETA: 1min
[23:32:26] [SUCCESS] IGS: IGS0OPSFIN_20240360000_01D_30S_CLK.CLK.gz (2.5MB) | Progress: 43.8% | ETA: 1min
[23:32:26] [SUCCESS] IGS: IGS0OPSFIN_20240340000_01D_30S_CLK.CLK.gz (2.5MB) | Progress: 43.9% | ETA: 1min
[23:32:26] [INFO] [PROGRESS] Overall: 400/912 files (43.9%) | Rate: 12.4 files/sec
[23:32:26] [SUCCESS] IGS: IGS0OPSFIN_20240300000_01D_30S_CLK.CLK.gz (2.5MB) | Progress: 44.0% | ETA: 1min
[23:32:26] [SUCCESS] IGS: IGS0OPSFIN_20240370000_01D_30S_CLK.CLK.gz (2.5MB) | Progress: 44.1% | ETA: 1min
[23:32:26] [SUCCESS] IGS: IGS0OPSFIN_20240410000_01D_30S_CLK.CLK.gz (2.4MB) | Progress: 44.2% | ETA: 1min
[23:32:26] [SUCCESS] IGS: IGS0OPSFIN_20240390000_01D_30S_CLK.CLK.gz (2.5MB) | Progress: 44.3% | ETA: 1min
[23:32:26] [SUCCESS] IGS: IGS0OPSFIN_20240380000_01D_30S_CLK.CLK.gz (2.5MB) | Progress: 44.4% | ETA: 1min
[23:32:27] [SUCCESS] IGS: IGS0OPSFIN_20240420000_01D_30S_CLK.CLK.gz (2.5MB) | Progress: 44.5% | ETA: 1min
[23:32:27] [SUCCESS] IGS: IGS0OPSFIN_20240400000_01D_30S_CLK.CLK.gz (2.4MB) | Progress: 44.6% | ETA: 1min
[23:32:27] [SUCCESS] IGS: IGS0OPSFIN_20240430000_01D_30S_CLK.CLK.gz (2.5MB) | Progress: 44.7% | ETA: 1min
[23:32:27] [SUCCESS] IGS: IGS0OPSFIN_20240480000_01D_30S_CLK.CLK.gz (2.5MB) | Progress: 44.8% | ETA: 1min
[23:32:27] [SUCCESS] IGS: IGS0OPSFIN_20240470000_01D_30S_CLK.CLK.gz (2.5MB) | Progress: 45.0% | ETA: 1min
[23:32:27] [SUCCESS] IGS: IGS0OPSFIN_20240460000_01D_30S_CLK.CLK.gz (2.5MB) | Progress: 45.1% | ETA: 1min
[23:32:27] [SUCCESS] IGS: IGS0OPSFIN_20240450000_01D_30S_CLK.CLK.gz (2.5MB) | Progress: 45.2% | ETA: 1min
[23:32:27] [SUCCESS] IGS: IGS0OPSFIN_20240490000_01D_30S_CLK.CLK.gz (2.5MB) | Progress: 45.3% | ETA: 1min
[23:32:27] [SUCCESS] IGS: IGS0OPSFIN_20240440000_01D_30S_CLK.CLK.gz (2.5MB) | Progress: 45.4% | ETA: 1min
[23:32:27] [SUCCESS] IGS: IGS0OPSFIN_20240500000_01D_30S_CLK.CLK.gz (2.5MB) | Progress: 45.5% | ETA: 1min
[23:32:27] [SUCCESS] IGS: IGS0OPSFIN_20240530000_01D_30S_CLK.CLK.gz (2.5MB) | Progress: 45.6% | ETA: 1min
[23:32:27] [SUCCESS] IGS: IGS0OPSFIN_20240520000_01D_30S_CLK.CLK.gz (2.4MB) | Progress: 45.7% | ETA: 1min
[23:32:27] [SUCCESS] IGS: IGS0OPSFIN_20240540000_01D_30S_CLK.CLK.gz (2.5MB) | Progress: 45.8% | ETA: 1min
[23:32:28] [SUCCESS] IGS: IGS0OPSFIN_20240570000_01D_30S_CLK.CLK.gz (2.5MB) | Progress: 45.9% | ETA: 1min
[23:32:28] [SUCCESS] IGS: IGS0OPSFIN_20240550000_01D_30S_CLK.CLK.gz (2.5MB) | Progress: 46.1% | ETA: 1min
[23:32:28] [SUCCESS] IGS: IGS0OPSFIN_20240510000_01D_30S_CLK.CLK.gz (2.5MB) | Progress: 46.2% | ETA: 1min
[23:32:28] [SUCCESS] IGS: IGS0OPSFIN_20240580000_01D_30S_CLK.CLK.gz (2.5MB) | Progress: 46.3% | ETA: 1min
[23:32:28] [SUCCESS] IGS: IGS0OPSFIN_20240600000_01D_30S_CLK.CLK.gz (2.5MB) | Progress: 46.4% | ETA: 1min
[23:32:28] [SUCCESS] IGS: IGS0OPSFIN_20240560000_01D_30S_CLK.CLK.gz (2.5MB) | Progress: 46.5% | ETA: 1min
[23:32:28] [SUCCESS] IGS: IGS0OPSFIN_20240610000_01D_30S_CLK.CLK.gz (2.5MB) | Progress: 46.6% | ETA: 1min
[23:32:28] [INFO] [PROGRESS] Overall: 425/912 files (46.6%) | Rate: 12.5 files/sec
[23:32:28] [SUCCESS] IGS: IGS0OPSFIN_20240710000_01D_30S_CLK.CLK.gz (2.0MB) | Progress: 46.7% | ETA: 1min
[23:32:28] [SUCCESS] IGS: IGS0OPSFIN_20240620000_01D_30S_CLK.CLK.gz (2.5MB) | Progress: 46.8% | ETA: 1min
[23:32:28] [SUCCESS] IGS: IGS0OPSFIN_20240630000_01D_30S_CLK.CLK.gz (2.5MB) | Progress: 46.9% | ETA: 1min
[23:32:28] [SUCCESS] IGS: IGS0OPSFIN_20240590000_01D_30S_CLK.CLK.gz (2.5MB) | Progress: 47.0% | ETA: 1min
[23:32:28] [SUCCESS] IGS: IGS0OPSFIN_20240690000_01D_30S_CLK.CLK.gz (2.5MB) | Progress: 47.1% | ETA: 1min
[23:32:28] [SUCCESS] IGS: IGS0OPSFIN_20240680000_01D_30S_CLK.CLK.gz (2.5MB) | Progress: 47.3% | ETA: 1min
[23:32:28] [SUCCESS] IGS: IGS0OPSFIN_20240650000_01D_30S_CLK.CLK.gz (2.5MB) | Progress: 47.4% | ETA: 1min
[23:32:28] [SUCCESS] IGS: IGS0OPSFIN_20240670000_01D_30S_CLK.CLK.gz (2.5MB) | Progress: 47.5% | ETA: 1min
[23:32:28] [SUCCESS] IGS: IGS0OPSFIN_20240700000_01D_30S_CLK.CLK.gz (2.5MB) | Progress: 47.6% | ETA: 1min
[23:32:28] [SUCCESS] IGS: IGS0OPSFIN_20240720000_01D_30S_CLK.CLK.gz (2.5MB) | Progress: 47.7% | ETA: 1min
[23:32:29] [SUCCESS] IGS: IGS0OPSFIN_20240640000_01D_30S_CLK.CLK.gz (2.5MB) | Progress: 47.8% | ETA: 1min
[23:32:29] [SUCCESS] IGS: IGS0OPSFIN_20240660000_01D_30S_CLK.CLK.gz (2.5MB) | Progress: 47.9% | ETA: 1min
[23:32:29] [SUCCESS] IGS: IGS0OPSFIN_20240770000_01D_30S_CLK.CLK.gz (2.5MB) | Progress: 48.0% | ETA: 1min
[23:32:29] [SUCCESS] IGS: IGS0OPSFIN_20240760000_01D_30S_CLK.CLK.gz (2.5MB) | Progress: 48.1% | ETA: 1min
[23:32:29] [SUCCESS] IGS: IGS0OPSFIN_20240750000_01D_30S_CLK.CLK.gz (2.5MB) | Progress: 48.2% | ETA: 1min
[23:32:30] [SUCCESS] IGS: IGS0OPSFIN_20240780000_01D_30S_CLK.CLK.gz (2.5MB) | Progress: 48.4% | ETA: 1min
[23:32:30] [SUCCESS] IGS: IGS0OPSFIN_20240800000_01D_30S_CLK.CLK.gz (2.4MB) | Progress: 48.5% | ETA: 1min
[23:32:30] [SUCCESS] IGS: IGS0OPSFIN_20240730000_01D_30S_CLK.CLK.gz (2.5MB) | Progress: 48.6% | ETA: 1min
[23:32:30] [SUCCESS] IGS: IGS0OPSFIN_20240820000_01D_30S_CLK.CLK.gz (2.5MB) | Progress: 48.7% | ETA: 1min
[23:32:30] [SUCCESS] IGS: IGS0OPSFIN_20240790000_01D_30S_CLK.CLK.gz (2.5MB) | Progress: 48.8% | ETA: 1min
[23:32:30] [SUCCESS] IGS: IGS0OPSFIN_20240740000_01D_30S_CLK.CLK.gz (2.5MB) | Progress: 48.9% | ETA: 1min
[23:32:31] [SUCCESS] IGS: IGS0OPSFIN_20240830000_01D_30S_CLK.CLK.gz (2.4MB) | Progress: 49.0% | ETA: 1min
[23:32:31] [SUCCESS] IGS: IGS0OPSFIN_20240810000_01D_30S_CLK.CLK.gz (2.4MB) | Progress: 49.1% | ETA: 1min
[23:32:32] [SUCCESS] IGS: IGS0OPSFIN_20240840000_01D_30S_CLK.CLK.gz (3.0MB) | Progress: 49.2% | ETA: 1min
[23:32:32] [SUCCESS] IGS: IGS0OPSFIN_20240880000_01D_30S_CLK.CLK.gz (3.0MB) | Progress: 49.3% | ETA: 1min
[23:32:32] [INFO] [PROGRESS] Overall: 450/912 files (49.3%) | Rate: 11.8 files/sec
[23:32:32] [SUCCESS] IGS: IGS0OPSFIN_20240860000_01D_30S_CLK.CLK.gz (3.0MB) | Progress: 49.5% | ETA: 1min
[23:32:32] [SUCCESS] IGS: IGS0OPSFIN_20240850000_01D_30S_CLK.CLK.gz (3.1MB) | Progress: 49.6% | ETA: 1min
[23:32:32] [SUCCESS] IGS: IGS0OPSFIN_20240900000_01D_30S_CLK.CLK.gz (3.0MB) | Progress: 49.7% | ETA: 1min
[23:32:32] [SUCCESS] IGS: IGS0OPSFIN_20240910000_01D_30S_CLK.CLK.gz (3.1MB) | Progress: 49.8% | ETA: 1min
[23:32:32] [SUCCESS] IGS: IGS0OPSFIN_20240890000_01D_30S_CLK.CLK.gz (3.0MB) | Progress: 49.9% | ETA: 1min
[23:32:32] [SUCCESS] IGS: IGS0OPSFIN_20241120000_01D_30S_CLK.CLK.gz (2.8MB) | Progress: 50.0% | ETA: 1min
[23:32:32] [SUCCESS] IGS: IGS0OPSFIN_20240940000_01D_30S_CLK.CLK.gz (3.0MB) | Progress: 50.1% | ETA: 1min
[23:32:32] [SUCCESS] IGS: IGS0OPSFIN_20240920000_01D_30S_CLK.CLK.gz (3.0MB) | Progress: 50.2% | ETA: 1min
[23:32:32] [SUCCESS] IGS: IGS0OPSFIN_20240870000_01D_30S_CLK.CLK.gz (3.0MB) | Progress: 50.3% | ETA: 1min
[23:32:32] [SUCCESS] IGS: IGS0OPSFIN_20241020000_01D_30S_CLK.CLK.gz (3.0MB) | Progress: 50.4% | ETA: 1min
[23:32:32] [SUCCESS] IGS: IGS0OPSFIN_20241070000_01D_30S_CLK.CLK.gz (2.9MB) | Progress: 50.5% | ETA: 1min
[23:32:32] [SUCCESS] IGS: IGS0OPSFIN_20241100000_01D_30S_CLK.CLK.gz (3.0MB) | Progress: 50.7% | ETA: 1min
[23:32:32] [SUCCESS] IGS: IGS0OPSFIN_20240950000_01D_30S_CLK.CLK.gz (3.0MB) | Progress: 50.8% | ETA: 1min
[23:32:32] [SUCCESS] IGS: IGS0OPSFIN_20241080000_01D_30S_CLK.CLK.gz (2.9MB) | Progress: 50.9% | ETA: 1min
[23:32:32] [SUCCESS] IGS: IGS0OPSFIN_20240960000_01D_30S_CLK.CLK.gz (3.0MB) | Progress: 51.0% | ETA: 1min
[23:32:32] [SUCCESS] IGS: IGS0OPSFIN_20241090000_01D_30S_CLK.CLK.gz (2.9MB) | Progress: 51.1% | ETA: 1min
[23:32:32] [SUCCESS] IGS: IGS0OPSFIN_20240980000_01D_30S_CLK.CLK.gz (3.0MB) | Progress: 51.2% | ETA: 1min
[23:32:32] [SUCCESS] IGS: IGS0OPSFIN_20240970000_01D_30S_CLK.CLK.gz (3.0MB) | Progress: 51.3% | ETA: 1min
[23:32:32] [SUCCESS] IGS: IGS0OPSFIN_20240930000_01D_30S_CLK.CLK.gz (3.0MB) | Progress: 51.4% | ETA: 1min
[23:32:32] [SUCCESS] IGS: IGS0OPSFIN_20241050000_01D_30S_CLK.CLK.gz (3.0MB) | Progress: 51.5% | ETA: 1min
[23:32:32] [SUCCESS] IGS: IGS0OPSFIN_20241130000_01D_30S_CLK.CLK.gz (3.0MB) | Progress: 51.6% | ETA: 1min
[23:32:32] [SUCCESS] IGS: IGS0OPSFIN_20240990000_01D_30S_CLK.CLK.gz (3.0MB) | Progress: 51.8% | ETA: 1min
[23:32:32] [SUCCESS] IGS: IGS0OPSFIN_20241030000_01D_30S_CLK.CLK.gz (3.0MB) | Progress: 51.9% | ETA: 1min
[23:32:32] [SUCCESS] IGS: IGS0OPSFIN_20241160000_01D_30S_CLK.CLK.gz (2.9MB) | Progress: 52.0% | ETA: 1min
[23:32:32] [SUCCESS] IGS: IGS0OPSFIN_20241200000_01D_30S_CLK.CLK.gz (3.0MB) | Progress: 52.1% | ETA: 1min
[23:32:32] [INFO] [PROGRESS] Overall: 475/912 files (52.1%) | Rate: 12.3 files/sec
[23:32:32] [SUCCESS] IGS: IGS0OPSFIN_20241060000_01D_30S_CLK.CLK.gz (2.9MB) | Progress: 52.2% | ETA: 1min
[23:32:32] [SUCCESS] IGS: IGS0OPSFIN_20241110000_01D_30S_CLK.CLK.gz (3.0MB) | Progress: 52.3% | ETA: 1min
[23:32:32] [SUCCESS] IGS: IGS0OPSFIN_20241040000_01D_30S_CLK.CLK.gz (3.0MB) | Progress: 52.4% | ETA: 1min
[23:32:33] [SUCCESS] IGS: IGS0OPSFIN_20241000000_01D_30S_CLK.CLK.gz (3.0MB) | Progress: 52.5% | ETA: 1min
[23:32:33] [SUCCESS] IGS: IGS0OPSFIN_20241140000_01D_30S_CLK.CLK.gz (2.9MB) | Progress: 52.6% | ETA: 1min
[23:32:33] [SUCCESS] IGS: IGS0OPSFIN_20241250000_01D_30S_CLK.CLK.gz (3.0MB) | Progress: 52.7% | ETA: 1min
[23:32:33] [SUCCESS] IGS: IGS0OPSFIN_20241150000_01D_30S_CLK.CLK.gz (3.0MB) | Progress: 52.9% | ETA: 1min
[23:32:33] [SUCCESS] IGS: IGS0OPSFIN_20241210000_01D_30S_CLK.CLK.gz (2.9MB) | Progress: 53.0% | ETA: 1min
[23:32:33] [SUCCESS] IGS: IGS0OPSFIN_20241230000_01D_30S_CLK.CLK.gz (3.0MB) | Progress: 53.1% | ETA: 1min
[23:32:33] [SUCCESS] IGS: IGS0OPSFIN_20241240000_01D_30S_CLK.CLK.gz (3.0MB) | Progress: 53.2% | ETA: 1min
[23:32:33] [SUCCESS] IGS: IGS0OPSFIN_20241260000_01D_30S_CLK.CLK.gz (3.0MB) | Progress: 53.3% | ETA: 1min
[23:32:33] [SUCCESS] IGS: IGS0OPSFIN_20241180000_01D_30S_CLK.CLK.gz (2.9MB) | Progress: 53.4% | ETA: 1min
[23:32:33] [SUCCESS] IGS: IGS0OPSFIN_20241270000_01D_30S_CLK.CLK.gz (3.0MB) | Progress: 53.5% | ETA: 1min
[23:32:33] [SUCCESS] IGS: IGS0OPSFIN_20241190000_01D_30S_CLK.CLK.gz (2.9MB) | Progress: 53.6% | ETA: 1min
[23:32:33] [SUCCESS] IGS: IGS0OPSFIN_20241220000_01D_30S_CLK.CLK.gz (3.0MB) | Progress: 53.7% | ETA: 1min
[23:32:33] [SUCCESS] IGS: IGS0OPSFIN_20241010000_01D_30S_CLK.CLK.gz (3.0MB) | Progress: 53.8% | ETA: 1min
[23:32:33] [SUCCESS] IGS: IGS0OPSFIN_20241290000_01D_30S_CLK.CLK.gz (3.0MB) | Progress: 53.9% | ETA: 1min
[23:32:33] [SUCCESS] IGS: IGS0OPSFIN_20241170000_01D_30S_CLK.CLK.gz (2.9MB) | Progress: 54.1% | ETA: 1min
[23:32:33] [SUCCESS] IGS: IGS0OPSFIN_20241280000_01D_30S_CLK.CLK.gz (3.0MB) | Progress: 54.2% | ETA: 1min
[23:32:33] [SUCCESS] IGS: IGS0OPSFIN_20241350000_01D_30S_CLK.CLK.gz (3.0MB) | Progress: 54.3% | ETA: 1min
[23:32:33] [SUCCESS] IGS: IGS0OPSFIN_20241360000_01D_30S_CLK.CLK.gz (3.0MB) | Progress: 54.4% | ETA: 1min
[23:32:33] [SUCCESS] IGS: IGS0OPSFIN_20241380000_01D_30S_CLK.CLK.gz (2.9MB) | Progress: 54.5% | ETA: 1min
[23:32:33] [SUCCESS] IGS: IGS0OPSFIN_20241390000_01D_30S_CLK.CLK.gz (3.0MB) | Progress: 54.6% | ETA: 1min
[23:32:33] [SUCCESS] IGS: IGS0OPSFIN_20241330000_01D_30S_CLK.CLK.gz (3.0MB) | Progress: 54.7% | ETA: 1min
[23:32:33] [SUCCESS] IGS: IGS0OPSFIN_20241410000_01D_30S_CLK.CLK.gz (3.0MB) | Progress: 54.8% | ETA: 1min
[23:32:33] [INFO] [PROGRESS] Overall: 500/912 files (54.8%) | Rate: 12.6 files/sec
[23:32:33] [SUCCESS] IGS: IGS0OPSFIN_20241300000_01D_30S_CLK.CLK.gz (3.0MB) | Progress: 54.9% | ETA: 1min
[23:32:33] [SUCCESS] IGS: IGS0OPSFIN_20241400000_01D_30S_CLK.CLK.gz (3.0MB) | Progress: 55.0% | ETA: 1min
[23:32:33] [SUCCESS] IGS: IGS0OPSFIN_20241370000_01D_30S_CLK.CLK.gz (3.0MB) | Progress: 55.2% | ETA: 1min
[23:32:33] [SUCCESS] IGS: IGS0OPSFIN_20241430000_01D_30S_CLK.CLK.gz (2.9MB) | Progress: 55.3% | ETA: 1min
[23:32:34] [SUCCESS] IGS: IGS0OPSFIN_20241470000_01D_30S_CLK.CLK.gz (2.9MB) | Progress: 55.4% | ETA: 1min
[23:32:34] [SUCCESS] IGS: IGS0OPSFIN_20241450000_01D_30S_CLK.CLK.gz (2.9MB) | Progress: 55.5% | ETA: 1min
[23:32:34] [SUCCESS] IGS: IGS0OPSFIN_20241490000_01D_30S_CLK.CLK.gz (2.9MB) | Progress: 55.6% | ETA: 1min
[23:32:34] [SUCCESS] IGS: IGS0OPSFIN_20241510000_01D_30S_CLK.CLK.gz (2.8MB) | Progress: 55.7% | ETA: 1min
[23:32:34] [SUCCESS] IGS: IGS0OPSFIN_20241460000_01D_30S_CLK.CLK.gz (2.9MB) | Progress: 55.8% | ETA: 1min
[23:32:34] [SUCCESS] IGS: IGS0OPSFIN_20241540000_01D_30S_CLK.CLK.gz (2.9MB) | Progress: 55.9% | ETA: 1min
[23:32:34] [SUCCESS] IGS: IGS0OPSFIN_20241520000_01D_30S_CLK.CLK.gz (2.8MB) | Progress: 56.0% | ETA: 1min
[23:32:34] [SUCCESS] IGS: IGS0OPSFIN_20241550000_01D_30S_CLK.CLK.gz (2.9MB) | Progress: 56.1% | ETA: 1min
[23:32:34] [SUCCESS] IGS: IGS0OPSFIN_20241340000_01D_30S_CLK.CLK.gz (3.0MB) | Progress: 56.2% | ETA: 1min
[23:32:34] [SUCCESS] IGS: IGS0OPSFIN_20241530000_01D_30S_CLK.CLK.gz (2.8MB) | Progress: 56.4% | ETA: 1min
[23:32:34] [SUCCESS] IGS: IGS0OPSFIN_20241580000_01D_30S_CLK.CLK.gz (3.0MB) | Progress: 56.5% | ETA: 1min
[23:32:34] [SUCCESS] IGS: IGS0OPSFIN_20241310000_01D_30S_CLK.CLK.gz (3.0MB) | Progress: 56.6% | ETA: 1min
[23:32:34] [SUCCESS] IGS: IGS0OPSFIN_20241570000_01D_30S_CLK.CLK.gz (2.9MB) | Progress: 56.7% | ETA: 1min
[23:32:34] [SUCCESS] IGS: IGS0OPSFIN_20241480000_01D_30S_CLK.CLK.gz (2.9MB) | Progress: 56.8% | ETA: 1min
[23:32:34] [SUCCESS] IGS: IGS0OPSFIN_20241500000_01D_30S_CLK.CLK.gz (2.9MB) | Progress: 56.9% | ETA: 1min
[23:32:34] [SUCCESS] IGS: IGS0OPSFIN_20241590000_01D_30S_CLK.CLK.gz (3.0MB) | Progress: 57.0% | ETA: 1min
[23:32:34] [SUCCESS] IGS: IGS0OPSFIN_20241440000_01D_30S_CLK.CLK.gz (2.9MB) | Progress: 57.1% | ETA: 1min
[23:32:35] [SUCCESS] IGS: IGS0OPSFIN_20241610000_01D_30S_CLK.CLK.gz (2.9MB) | Progress: 57.2% | ETA: 1min
[23:32:35] [SUCCESS] IGS: IGS0OPSFIN_20241600000_01D_30S_CLK.CLK.gz (3.0MB) | Progress: 57.3% | ETA: 1min
[23:32:35] [SUCCESS] IGS: IGS0OPSFIN_20241620000_01D_30S_CLK.CLK.gz (2.9MB) | Progress: 57.5% | ETA: 1min
[23:32:35] [SUCCESS] IGS: IGS0OPSFIN_20241420000_01D_30S_CLK.CLK.gz (2.9MB) | Progress: 57.6% | ETA: 1min
[23:32:35] [INFO] [PROGRESS] Overall: 525/912 files (57.6%) | Rate: 12.8 files/sec
[23:32:35] [SUCCESS] IGS: IGS0OPSFIN_20241630000_01D_30S_CLK.CLK.gz (3.0MB) | Progress: 57.7% | ETA: 1min
[23:32:35] [SUCCESS] IGS: IGS0OPSFIN_20241670000_01D_30S_CLK.CLK.gz (2.9MB) | Progress: 57.8% | ETA: 1min
[23:32:35] [SUCCESS] IGS: IGS0OPSFIN_20241650000_01D_30S_CLK.CLK.gz (2.9MB) | Progress: 57.9% | ETA: 1min
[23:32:36] [SUCCESS] IGS: IGS0OPSFIN_20241700000_01D_30S_CLK.CLK.gz (2.9MB) | Progress: 58.0% | ETA: 1min
[23:32:36] [SUCCESS] IGS: IGS0OPSFIN_20241680000_01D_30S_CLK.CLK.gz (2.9MB) | Progress: 58.1% | ETA: 1min
[23:32:36] [SUCCESS] IGS: IGS0OPSFIN_20241320000_01D_30S_CLK.CLK.gz (3.0MB) | Progress: 58.2% | ETA: 1min
[23:32:36] [SUCCESS] IGS: IGS0OPSFIN_20241710000_01D_30S_CLK.CLK.gz (2.9MB) | Progress: 58.3% | ETA: 1min
[23:32:36] [SUCCESS] IGS: IGS0OPSFIN_20241720000_01D_30S_CLK.CLK.gz (2.9MB) | Progress: 58.4% | ETA: 1min
[23:32:36] [SUCCESS] IGS: IGS0OPSFIN_20241690000_01D_30S_CLK.CLK.gz (3.0MB) | Progress: 58.6% | ETA: 0min
[23:32:36] [SUCCESS] IGS: IGS0OPSFIN_20241740000_01D_30S_CLK.CLK.gz (2.9MB) | Progress: 58.7% | ETA: 0min
[23:32:36] [SUCCESS] IGS: IGS0OPSFIN_20241760000_01D_30S_CLK.CLK.gz (2.9MB) | Progress: 58.8% | ETA: 0min
[23:32:36] [SUCCESS] IGS: IGS0OPSFIN_20241770000_01D_30S_CLK.CLK.gz (2.9MB) | Progress: 58.9% | ETA: 0min
[23:32:37] [SUCCESS] IGS: IGS0OPSFIN_20241640000_01D_30S_CLK.CLK.gz (2.9MB) | Progress: 59.0% | ETA: 0min
[23:32:37] [SUCCESS] IGS: IGS0OPSFIN_20241790000_01D_30S_CLK.CLK.gz (2.8MB) | Progress: 59.1% | ETA: 0min
[23:32:37] [SUCCESS] IGS: IGS0OPSFIN_20241780000_01D_30S_CLK.CLK.gz (2.9MB) | Progress: 59.2% | ETA: 0min
[23:32:38] [SUCCESS] IGS: IGS0OPSFIN_20241660000_01D_30S_CLK.CLK.gz (3.0MB) | Progress: 59.3% | ETA: 1min
[23:32:38] [SUCCESS] IGS: IGS0OPSFIN_20241820000_01D_30S_CLK.CLK.gz (2.7MB) | Progress: 59.4% | ETA: 0min
[23:32:38] [SUCCESS] IGS: IGS0OPSFIN_20241560000_01D_30S_CLK.CLK.gz (3.0MB) | Progress: 59.5% | ETA: 0min
[23:32:38] [SUCCESS] IGS: IGS0OPSFIN_20241830000_01D_30S_CLK.CLK.gz (2.7MB) | Progress: 59.6% | ETA: 0min
[23:32:38] [SUCCESS] IGS: IGS0OPSFIN_20241850000_01D_30S_CLK.CLK.gz (2.7MB) | Progress: 59.8% | ETA: 0min
[23:32:38] [SUCCESS] IGS: IGS0OPSFIN_20241840000_01D_30S_CLK.CLK.gz (2.7MB) | Progress: 59.9% | ETA: 0min
[23:32:38] [SUCCESS] IGS: IGS0OPSFIN_20241880000_01D_30S_CLK.CLK.gz (2.7MB) | Progress: 60.0% | ETA: 0min
[23:32:38] [SUCCESS] IGS: IGS0OPSFIN_20241870000_01D_30S_CLK.CLK.gz (2.7MB) | Progress: 60.1% | ETA: 0min
[23:32:38] [SUCCESS] IGS: IGS0OPSFIN_20241730000_01D_30S_CLK.CLK.gz (2.9MB) | Progress: 60.2% | ETA: 0min
[23:32:38] [SUCCESS] IGS: IGS0OPSFIN_20241810000_01D_30S_CLK.CLK.gz (2.9MB) | Progress: 60.3% | ETA: 0min
[23:32:38] [INFO] [PROGRESS] Overall: 550/912 files (60.3%) | Rate: 12.4 files/sec
[23:32:38] [SUCCESS] IGS: IGS0OPSFIN_20241800000_01D_30S_CLK.CLK.gz (2.9MB) | Progress: 60.4% | ETA: 0min
[23:32:38] [SUCCESS] IGS: IGS0OPSFIN_20241860000_01D_30S_CLK.CLK.gz (2.8MB) | Progress: 60.5% | ETA: 0min
[23:32:38] [SUCCESS] IGS: IGS0OPSFIN_20241890000_01D_30S_CLK.CLK.gz (2.8MB) | Progress: 60.6% | ETA: 0min
[23:32:38] [SUCCESS] IGS: IGS0OPSFIN_20241750000_01D_30S_CLK.CLK.gz (2.9MB) | Progress: 60.7% | ETA: 0min
[23:32:38] [SUCCESS] IGS: IGS0OPSFIN_20241900000_01D_30S_CLK.CLK.gz (2.8MB) | Progress: 60.9% | ETA: 0min
[23:32:38] [SUCCESS] IGS: IGS0OPSFIN_20241920000_01D_30S_CLK.CLK.gz (2.7MB) | Progress: 61.0% | ETA: 0min
[23:32:39] [SUCCESS] IGS: IGS0OPSFIN_20241910000_01D_30S_CLK.CLK.gz (2.7MB) | Progress: 61.1% | ETA: 0min
[23:32:39] [SUCCESS] IGS: IGS0OPSFIN_20242000000_01D_30S_CLK.CLK.gz (2.7MB) | Progress: 61.2% | ETA: 0min
[23:32:39] [SUCCESS] IGS: IGS0OPSFIN_20241940000_01D_30S_CLK.CLK.gz (2.7MB) | Progress: 61.3% | ETA: 0min
[23:32:39] [SUCCESS] IGS: IGS0OPSFIN_20241980000_01D_30S_CLK.CLK.gz (2.8MB) | Progress: 61.4% | ETA: 0min
[23:32:39] [SUCCESS] IGS: IGS0OPSFIN_20242050000_01D_30S_CLK.CLK.gz (2.7MB) | Progress: 61.5% | ETA: 0min
[23:32:39] [SUCCESS] IGS: IGS0OPSFIN_20242010000_01D_30S_CLK.CLK.gz (2.7MB) | Progress: 61.6% | ETA: 0min
[23:32:39] [SUCCESS] IGS: IGS0OPSFIN_20241990000_01D_30S_CLK.CLK.gz (2.8MB) | Progress: 61.7% | ETA: 0min
[23:32:39] [SUCCESS] IGS: IGS0OPSFIN_20242030000_01D_30S_CLK.CLK.gz (2.7MB) | Progress: 61.8% | ETA: 0min
[23:32:39] [SUCCESS] IGS: IGS0OPSFIN_20242070000_01D_30S_CLK.CLK.gz (2.7MB) | Progress: 62.0% | ETA: 0min
[23:32:39] [SUCCESS] IGS: IGS0OPSFIN_20241970000_01D_30S_CLK.CLK.gz (2.8MB) | Progress: 62.1% | ETA: 0min
[23:32:40] [SUCCESS] IGS: IGS0OPSFIN_20242060000_01D_30S_CLK.CLK.gz (2.7MB) | Progress: 62.2% | ETA: 0min
[23:32:40] [SUCCESS] IGS: IGS0OPSFIN_20242090000_01D_30S_CLK.CLK.gz (2.7MB) | Progress: 62.3% | ETA: 0min
[23:32:40] [SUCCESS] IGS: IGS0OPSFIN_20241950000_01D_30S_CLK.CLK.gz (2.8MB) | Progress: 62.4% | ETA: 0min
[23:32:40] [SUCCESS] IGS: IGS0OPSFIN_20242100000_01D_30S_CLK.CLK.gz (2.7MB) | Progress: 62.5% | ETA: 0min
[23:32:40] [SUCCESS] IGS: IGS0OPSFIN_20242110000_01D_30S_CLK.CLK.gz (2.7MB) | Progress: 62.6% | ETA: 0min
[23:32:40] [SUCCESS] IGS: IGS0OPSFIN_20242040000_01D_30S_CLK.CLK.gz (2.7MB) | Progress: 62.7% | ETA: 0min
[23:32:40] [SUCCESS] IGS: IGS0OPSFIN_20241960000_01D_30S_CLK.CLK.gz (2.8MB) | Progress: 62.8% | ETA: 0min
[23:32:40] [SUCCESS] IGS: IGS0OPSFIN_20241930000_01D_30S_CLK.CLK.gz (2.8MB) | Progress: 62.9% | ETA: 0min
[23:32:40] [SUCCESS] IGS: IGS0OPSFIN_20242210000_01D_30S_CLK.CLK.gz (2.7MB) | Progress: 63.0% | ETA: 0min
[23:32:40] [INFO] [PROGRESS] Overall: 575/912 files (63.0%) | Rate: 12.5 files/sec
[23:32:40] [SUCCESS] IGS: IGS0OPSFIN_20242120000_01D_30S_CLK.CLK.gz (2.7MB) | Progress: 63.2% | ETA: 0min
[23:32:40] [SUCCESS] IGS: IGS0OPSFIN_20242160000_01D_30S_CLK.CLK.gz (2.8MB) | Progress: 63.3% | ETA: 0min
[23:32:40] [SUCCESS] IGS: IGS0OPSFIN_20242130000_01D_30S_CLK.CLK.gz (2.7MB) | Progress: 63.4% | ETA: 0min
[23:32:40] [SUCCESS] IGS: IGS0OPSFIN_20242080000_01D_30S_CLK.CLK.gz (2.7MB) | Progress: 63.5% | ETA: 0min
[23:32:40] [SUCCESS] IGS: IGS0OPSFIN_20242170000_01D_30S_CLK.CLK.gz (2.8MB) | Progress: 63.6% | ETA: 0min
[23:32:40] [SUCCESS] IGS: IGS0OPSFIN_20242180000_01D_30S_CLK.CLK.gz (2.7MB) | Progress: 63.7% | ETA: 0min
[23:32:40] [SUCCESS] IGS: IGS0OPSFIN_20242140000_01D_30S_CLK.CLK.gz (2.7MB) | Progress: 63.8% | ETA: 0min
[23:32:40] [SUCCESS] IGS: IGS0OPSFIN_20242220000_01D_30S_CLK.CLK.gz (2.8MB) | Progress: 63.9% | ETA: 0min
[23:32:40] [SUCCESS] IGS: IGS0OPSFIN_20242150000_01D_30S_CLK.CLK.gz (2.7MB) | Progress: 64.0% | ETA: 0min
[23:32:40] [SUCCESS] IGS: IGS0OPSFIN_20242200000_01D_30S_CLK.CLK.gz (2.8MB) | Progress: 64.1% | ETA: 0min
[23:32:40] [SUCCESS] IGS: IGS0OPSFIN_20242230000_01D_30S_CLK.CLK.gz (2.8MB) | Progress: 64.3% | ETA: 0min
[23:32:40] [SUCCESS] IGS: IGS0OPSFIN_20242320000_01D_30S_CLK.CLK.gz (2.7MB) | Progress: 64.4% | ETA: 0min
[23:32:40] [SUCCESS] IGS: IGS0OPSFIN_20242280000_01D_30S_CLK.CLK.gz (2.7MB) | Progress: 64.5% | ETA: 0min
[23:32:40] [SUCCESS] IGS: IGS0OPSFIN_20242190000_01D_30S_CLK.CLK.gz (2.8MB) | Progress: 64.6% | ETA: 0min
[23:32:40] [SUCCESS] IGS: IGS0OPSFIN_20242270000_01D_30S_CLK.CLK.gz (2.7MB) | Progress: 64.7% | ETA: 0min
[23:32:40] [SUCCESS] IGS: IGS0OPSFIN_20242250000_01D_30S_CLK.CLK.gz (2.8MB) | Progress: 64.8% | ETA: 0min
[23:32:40] [SUCCESS] IGS: IGS0OPSFIN_20242300000_01D_30S_CLK.CLK.gz (2.7MB) | Progress: 64.9% | ETA: 0min
[23:32:40] [SUCCESS] IGS: IGS0OPSFIN_20242260000_01D_30S_CLK.CLK.gz (2.7MB) | Progress: 65.0% | ETA: 0min
[23:32:40] [SUCCESS] IGS: IGS0OPSFIN_20242330000_01D_30S_CLK.CLK.gz (2.7MB) | Progress: 65.1% | ETA: 0min
[23:32:40] [SUCCESS] IGS: IGS0OPSFIN_20242240000_01D_30S_CLK.CLK.gz (2.8MB) | Progress: 65.2% | ETA: 0min
[23:32:40] [SUCCESS] IGS: IGS0OPSFIN_20242310000_01D_30S_CLK.CLK.gz (2.7MB) | Progress: 65.4% | ETA: 0min
[23:32:40] [SUCCESS] IGS: IGS0OPSFIN_20242340000_01D_30S_CLK.CLK.gz (2.7MB) | Progress: 65.5% | ETA: 0min
[23:32:40] [SUCCESS] IGS: IGS0OPSFIN_20242360000_01D_30S_CLK.CLK.gz (2.6MB) | Progress: 65.6% | ETA: 0min
[23:32:40] [SUCCESS] IGS: IGS0OPSFIN_20242350000_01D_30S_CLK.CLK.gz (2.7MB) | Progress: 65.7% | ETA: 0min
[23:32:40] [SUCCESS] IGS: IGS0OPSFIN_20242290000_01D_30S_CLK.CLK.gz (2.7MB) | Progress: 65.8% | ETA: 0min
[23:32:40] [INFO] [PROGRESS] Overall: 600/912 files (65.8%) | Rate: 12.8 files/sec
[23:32:41] [SUCCESS] IGS: IGS0OPSFIN_20242410000_01D_30S_CLK.CLK.gz (2.8MB) | Progress: 65.9% | ETA: 0min
[23:32:41] [SUCCESS] IGS: IGS0OPSFIN_20242430000_01D_30S_CLK.CLK.gz (2.8MB) | Progress: 66.0% | ETA: 0min
[23:32:41] [SUCCESS] IGS: IGS0OPSFIN_20242420000_01D_30S_CLK.CLK.gz (2.8MB) | Progress: 66.1% | ETA: 0min
[23:32:41] [SUCCESS] IGS: IGS0OPSFIN_20242440000_01D_30S_CLK.CLK.gz (2.8MB) | Progress: 66.2% | ETA: 0min
[23:32:41] [SUCCESS] IGS: IGS0OPSFIN_20242470000_01D_30S_CLK.CLK.gz (2.8MB) | Progress: 66.3% | ETA: 0min
[23:32:41] [SUCCESS] IGS: IGS0OPSFIN_20242490000_01D_30S_CLK.CLK.gz (2.8MB) | Progress: 66.4% | ETA: 0min
[23:32:41] [SUCCESS] IGS: IGS0OPSFIN_20242500000_01D_30S_CLK.CLK.gz (2.8MB) | Progress: 66.6% | ETA: 0min
[23:32:41] [SUCCESS] IGS: IGS0OPSFIN_20242570000_01D_30S_CLK.CLK.gz (2.8MB) | Progress: 66.7% | ETA: 0min
[23:32:41] [SUCCESS] IGS: IGS0OPSFIN_20242390000_01D_30S_CLK.CLK.gz (2.8MB) | Progress: 66.8% | ETA: 0min
[23:32:41] [SUCCESS] IGS: IGS0OPSFIN_20242450000_01D_30S_CLK.CLK.gz (2.8MB) | Progress: 66.9% | ETA: 0min
[23:32:41] [SUCCESS] IGS: IGS0OPSFIN_20242460000_01D_30S_CLK.CLK.gz (2.8MB) | Progress: 67.0% | ETA: 0min
[23:32:41] [SUCCESS] IGS: IGS0OPSFIN_20242380000_01D_30S_CLK.CLK.gz (2.8MB) | Progress: 67.1% | ETA: 0min
[23:32:41] [SUCCESS] IGS: IGS0OPSFIN_20242520000_01D_30S_CLK.CLK.gz (2.8MB) | Progress: 67.2% | ETA: 0min
[23:32:41] [SUCCESS] IGS: IGS0OPSFIN_20242510000_01D_30S_CLK.CLK.gz (2.8MB) | Progress: 67.3% | ETA: 0min
[23:32:41] [SUCCESS] IGS: IGS0OPSFIN_20242550000_01D_30S_CLK.CLK.gz (2.8MB) | Progress: 67.4% | ETA: 0min
[23:32:41] [SUCCESS] IGS: IGS0OPSFIN_20242560000_01D_30S_CLK.CLK.gz (2.8MB) | Progress: 67.5% | ETA: 0min
[23:32:41] [SUCCESS] IGS: IGS0OPSFIN_20242530000_01D_30S_CLK.CLK.gz (2.9MB) | Progress: 67.7% | ETA: 0min
[23:32:41] [SUCCESS] IGS: IGS0OPSFIN_20242580000_01D_30S_CLK.CLK.gz (2.8MB) | Progress: 67.8% | ETA: 0min
[23:32:42] [SUCCESS] IGS: IGS0OPSFIN_20242590000_01D_30S_CLK.CLK.gz (2.8MB) | Progress: 67.9% | ETA: 0min
[23:32:42] [SUCCESS] IGS: IGS0OPSFIN_20242620000_01D_30S_CLK.CLK.gz (2.8MB) | Progress: 68.0% | ETA: 0min
[23:32:42] [SUCCESS] IGS: IGS0OPSFIN_20242480000_01D_30S_CLK.CLK.gz (2.8MB) | Progress: 68.1% | ETA: 0min
[23:32:42] [SUCCESS] IGS: IGS0OPSFIN_20242540000_01D_30S_CLK.CLK.gz (2.8MB) | Progress: 68.2% | ETA: 0min
[23:32:42] [SUCCESS] IGS: IGS0OPSFIN_20242630000_01D_30S_CLK.CLK.gz (2.8MB) | Progress: 68.3% | ETA: 0min
[23:32:42] [SUCCESS] IGS: IGS0OPSFIN_20242600000_01D_30S_CLK.CLK.gz (2.8MB) | Progress: 68.4% | ETA: 0min
[23:32:42] [SUCCESS] IGS: IGS0OPSFIN_20242610000_01D_30S_CLK.CLK.gz (2.8MB) | Progress: 68.5% | ETA: 0min
[23:32:42] [INFO] [PROGRESS] Overall: 625/912 files (68.5%) | Rate: 13.0 files/sec
[23:32:42] [SUCCESS] IGS: IGS0OPSFIN_20242020000_01D_30S_CLK.CLK.gz (2.7MB) | Progress: 68.6% | ETA: 0min
[23:32:42] [SUCCESS] IGS: IGS0OPSFIN_20242400000_01D_30S_CLK.CLK.gz (2.8MB) | Progress: 68.8% | ETA: 0min
[23:32:42] [SUCCESS] IGS: IGS0OPSFIN_20242660000_01D_30S_CLK.CLK.gz (2.9MB) | Progress: 68.9% | ETA: 0min
[23:32:42] [SUCCESS] IGS: IGS0OPSFIN_20242650000_01D_30S_CLK.CLK.gz (2.8MB) | Progress: 69.0% | ETA: 0min
[23:32:42] [SUCCESS] IGS: IGS0OPSFIN_20242680000_01D_30S_CLK.CLK.gz (2.8MB) | Progress: 69.1% | ETA: 0min
[23:32:42] [SUCCESS] IGS: IGS0OPSFIN_20242670000_01D_30S_CLK.CLK.gz (2.8MB) | Progress: 69.2% | ETA: 0min
[23:32:42] [SUCCESS] IGS: IGS0OPSFIN_20242370000_01D_30S_CLK.CLK.gz (2.8MB) | Progress: 69.3% | ETA: 0min
[23:32:43] [SUCCESS] IGS: IGS0OPSFIN_20242710000_01D_30S_CLK.CLK.gz (2.8MB) | Progress: 69.4% | ETA: 0min
[23:32:43] [SUCCESS] IGS: IGS0OPSFIN_20242700000_01D_30S_CLK.CLK.gz (2.8MB) | Progress: 69.5% | ETA: 0min
[23:32:43] [SUCCESS] IGS: IGS0OPSFIN_20242640000_01D_30S_CLK.CLK.gz (2.8MB) | Progress: 69.6% | ETA: 0min
[23:32:43] [SUCCESS] IGS: IGS0OPSFIN_20242690000_01D_30S_CLK.CLK.gz (2.8MB) | Progress: 69.7% | ETA: 0min
[23:32:44] [SUCCESS] IGS: IGS0OPSFIN_20242800000_01D_30S_CLK.CLK.gz (2.5MB) | Progress: 69.8% | ETA: 0min
[23:32:44] [SUCCESS] IGS: IGS0OPSFIN_20242720000_01D_30S_CLK.CLK.gz (2.8MB) | Progress: 70.0% | ETA: 0min
[23:32:44] [SUCCESS] IGS: IGS0OPSFIN_20242740000_01D_30S_CLK.CLK.gz (2.8MB) | Progress: 70.1% | ETA: 0min
[23:32:44] [SUCCESS] IGS: IGS0OPSFIN_20242750000_01D_30S_CLK.CLK.gz (2.8MB) | Progress: 70.2% | ETA: 0min
[23:32:44] [SUCCESS] IGS: IGS0OPSFIN_20242770000_01D_30S_CLK.CLK.gz (2.9MB) | Progress: 70.3% | ETA: 0min
[23:32:44] [SUCCESS] IGS: IGS0OPSFIN_20242780000_01D_30S_CLK.CLK.gz (2.8MB) | Progress: 70.4% | ETA: 0min
[23:32:44] [SUCCESS] IGS: IGS0OPSFIN_20242790000_01D_30S_CLK.CLK.gz (2.8MB) | Progress: 70.5% | ETA: 0min
[23:32:44] [SUCCESS] IGS: IGS0OPSFIN_20242830000_01D_30S_CLK.CLK.gz (2.8MB) | Progress: 70.6% | ETA: 0min
[23:32:44] [SUCCESS] IGS: IGS0OPSFIN_20242810000_01D_30S_CLK.CLK.gz (2.8MB) | Progress: 70.7% | ETA: 0min
[23:32:44] [SUCCESS] IGS: IGS0OPSFIN_20242840000_01D_30S_CLK.CLK.gz (2.8MB) | Progress: 70.8% | ETA: 0min
[23:32:44] [SUCCESS] IGS: IGS0OPSFIN_20242730000_01D_30S_CLK.CLK.gz (2.8MB) | Progress: 70.9% | ETA: 0min
[23:32:45] [SUCCESS] IGS: IGS0OPSFIN_20242820000_01D_30S_CLK.CLK.gz (2.8MB) | Progress: 71.1% | ETA: 0min
[23:32:45] [SUCCESS] IGS: IGS0OPSFIN_20242860000_01D_30S_CLK.CLK.gz (2.9MB) | Progress: 71.2% | ETA: 0min
[23:32:45] [SUCCESS] IGS: IGS0OPSFIN_20242760000_01D_30S_CLK.CLK.gz (2.8MB) | Progress: 71.3% | ETA: 0min
[23:32:45] [INFO] [PROGRESS] Overall: 650/912 files (71.3%) | Rate: 12.8 files/sec
[23:32:45] [SUCCESS] IGS: IGS0OPSFIN_20242870000_01D_30S_CLK.CLK.gz (2.9MB) | Progress: 71.4% | ETA: 0min
[23:32:45] [SUCCESS] IGS: IGS0OPSFIN_20242850000_01D_30S_CLK.CLK.gz (2.9MB) | Progress: 71.5% | ETA: 0min
[23:32:45] [SUCCESS] IGS: IGS0OPSFIN_20242910000_01D_30S_CLK.CLK.gz (2.4MB) | Progress: 71.6% | ETA: 0min
[23:32:45] [SUCCESS] IGS: IGS0OPSFIN_20242880000_01D_30S_CLK.CLK.gz (2.9MB) | Progress: 71.7% | ETA: 0min
[23:32:45] [SUCCESS] IGS: IGS0OPSFIN_20242890000_01D_30S_CLK.CLK.gz (2.9MB) | Progress: 71.8% | ETA: 0min
[23:32:45] [SUCCESS] IGS: IGS0OPSFIN_20242900000_01D_30S_CLK.CLK.gz (2.8MB) | Progress: 71.9% | ETA: 0min
[23:32:45] [SUCCESS] IGS: IGS0OPSFIN_20242930000_01D_30S_CLK.CLK.gz (2.9MB) | Progress: 72.0% | ETA: 0min
[23:32:46] [SUCCESS] IGS: IGS0OPSFIN_20242920000_01D_30S_CLK.CLK.gz (2.9MB) | Progress: 72.1% | ETA: 0min
[23:32:46] [SUCCESS] IGS: IGS0OPSFIN_20242940000_01D_30S_CLK.CLK.gz (2.9MB) | Progress: 72.3% | ETA: 0min
[23:32:46] [SUCCESS] IGS: IGS0OPSFIN_20242950000_01D_30S_CLK.CLK.gz (2.8MB) | Progress: 72.4% | ETA: 0min
[23:32:46] [SUCCESS] IGS: IGS0OPSFIN_20242960000_01D_30S_CLK.CLK.gz (2.9MB) | Progress: 72.5% | ETA: 0min
[23:32:46] [SUCCESS] IGS: IGS0OPSFIN_20243000000_01D_30S_CLK.CLK.gz (2.8MB) | Progress: 72.6% | ETA: 0min
[23:32:46] [SUCCESS] IGS: IGS0OPSFIN_20242990000_01D_30S_CLK.CLK.gz (2.8MB) | Progress: 72.7% | ETA: 0min
[23:32:46] [SUCCESS] IGS: IGS0OPSFIN_20242970000_01D_30S_CLK.CLK.gz (2.9MB) | Progress: 72.8% | ETA: 0min
[23:32:46] [SUCCESS] IGS: IGS0OPSFIN_20242980000_01D_30S_CLK.CLK.gz (2.9MB) | Progress: 72.9% | ETA: 0min
[23:32:47] [SUCCESS] IGS: IGS0OPSFIN_20243040000_01D_30S_CLK.CLK.gz (2.9MB) | Progress: 73.0% | ETA: 0min
[23:32:47] [SUCCESS] IGS: IGS0OPSFIN_20243010000_01D_30S_CLK.CLK.gz (2.9MB) | Progress: 73.1% | ETA: 0min
[23:32:47] [SUCCESS] IGS: IGS0OPSFIN_20243020000_01D_30S_CLK.CLK.gz (2.9MB) | Progress: 73.2% | ETA: 0min
[23:32:47] [SUCCESS] IGS: IGS0OPSFIN_20243030000_01D_30S_CLK.CLK.gz (2.9MB) | Progress: 73.4% | ETA: 0min
[23:32:47] [SUCCESS] IGS: IGS0OPSFIN_20243100000_01D_30S_CLK.CLK.gz (2.9MB) | Progress: 73.5% | ETA: 0min
[23:32:47] [SUCCESS] IGS: IGS0OPSFIN_20243060000_01D_30S_CLK.CLK.gz (2.8MB) | Progress: 73.6% | ETA: 0min
[23:32:47] [SUCCESS] IGS: IGS0OPSFIN_20243110000_01D_30S_CLK.CLK.gz (2.9MB) | Progress: 73.7% | ETA: 0min
[23:32:47] [SUCCESS] IGS: IGS0OPSFIN_20243160000_01D_30S_CLK.CLK.gz (2.9MB) | Progress: 73.8% | ETA: 0min
[23:32:47] [SUCCESS] IGS: IGS0OPSFIN_20243120000_01D_30S_CLK.CLK.gz (2.9MB) | Progress: 73.9% | ETA: 0min
[23:32:47] [SUCCESS] IGS: IGS0OPSFIN_20243140000_01D_30S_CLK.CLK.gz (2.9MB) | Progress: 74.0% | ETA: 0min
[23:32:47] [INFO] [PROGRESS] Overall: 675/912 files (74.0%) | Rate: 12.6 files/sec
[23:32:47] [SUCCESS] IGS: IGS0OPSFIN_20243050000_01D_30S_CLK.CLK.gz (2.9MB) | Progress: 74.1% | ETA: 0min
[23:32:47] [SUCCESS] IGS: IGS0OPSFIN_20243130000_01D_30S_CLK.CLK.gz (2.9MB) | Progress: 74.2% | ETA: 0min
[23:32:47] [SUCCESS] IGS: IGS0OPSFIN_20243260000_01D_30S_CLK.CLK.gz (2.8MB) | Progress: 74.3% | ETA: 0min
[23:32:47] [SUCCESS] IGS: IGS0OPSFIN_20243080000_01D_30S_CLK.CLK.gz (2.9MB) | Progress: 74.5% | ETA: 0min
[23:32:47] [SUCCESS] IGS: IGS0OPSFIN_20243150000_01D_30S_CLK.CLK.gz (2.9MB) | Progress: 74.6% | ETA: 0min
[23:32:47] [SUCCESS] IGS: IGS0OPSFIN_20243180000_01D_30S_CLK.CLK.gz (2.9MB) | Progress: 74.7% | ETA: 0min
[23:32:47] [SUCCESS] IGS: IGS0OPSFIN_20243170000_01D_30S_CLK.CLK.gz (2.9MB) | Progress: 74.8% | ETA: 0min
[23:32:47] [SUCCESS] IGS: IGS0OPSFIN_20243200000_01D_30S_CLK.CLK.gz (2.8MB) | Progress: 74.9% | ETA: 0min
[23:32:47] [SUCCESS] IGS: IGS0OPSFIN_20243190000_01D_30S_CLK.CLK.gz (2.9MB) | Progress: 75.0% | ETA: 0min
[23:32:47] [SUCCESS] IGS: IGS0OPSFIN_20243090000_01D_30S_CLK.CLK.gz (2.9MB) | Progress: 75.1% | ETA: 0min
[23:32:47] [SUCCESS] IGS: IGS0OPSFIN_20243210000_01D_30S_CLK.CLK.gz (2.9MB) | Progress: 75.2% | ETA: 0min
[23:32:47] [SUCCESS] IGS: IGS0OPSFIN_20243070000_01D_30S_CLK.CLK.gz (2.8MB) | Progress: 75.3% | ETA: 0min
[23:32:47] [SUCCESS] IGS: IGS0OPSFIN_20243230000_01D_30S_CLK.CLK.gz (2.9MB) | Progress: 75.4% | ETA: 0min
[23:32:47] [SUCCESS] IGS: IGS0OPSFIN_20243270000_01D_30S_CLK.CLK.gz (2.9MB) | Progress: 75.5% | ETA: 0min
[23:32:47] [SUCCESS] IGS: IGS0OPSFIN_20243240000_01D_30S_CLK.CLK.gz (2.9MB) | Progress: 75.7% | ETA: 0min
[23:32:47] [SUCCESS] IGS: IGS0OPSFIN_20243280000_01D_30S_CLK.CLK.gz (2.9MB) | Progress: 75.8% | ETA: 0min
[23:32:48] [SUCCESS] IGS: IGS0OPSFIN_20243250000_01D_30S_CLK.CLK.gz (2.9MB) | Progress: 75.9% | ETA: 0min
[23:32:48] [SUCCESS] IGS: IGS0OPSFIN_20243290000_01D_30S_CLK.CLK.gz (2.9MB) | Progress: 76.0% | ETA: 0min
[23:32:48] [SUCCESS] IGS: IGS0OPSFIN_20243310000_01D_30S_CLK.CLK.gz (2.8MB) | Progress: 76.1% | ETA: 0min
[23:32:48] [SUCCESS] IGS: IGS0OPSFIN_20243300000_01D_30S_CLK.CLK.gz (2.9MB) | Progress: 76.2% | ETA: 0min
[23:32:48] [SUCCESS] IGS: IGS0OPSFIN_20243430000_01D_30S_CLK.CLK.gz (2.7MB) | Progress: 76.3% | ETA: 0min
[23:32:48] [SUCCESS] IGS: IGS0OPSFIN_20243440000_01D_30S_CLK.CLK.gz (2.7MB) | Progress: 76.4% | ETA: 0min
[23:32:48] [SUCCESS] IGS: IGS0OPSFIN_20243220000_01D_30S_CLK.CLK.gz (2.9MB) | Progress: 76.5% | ETA: 0min
[23:32:48] [SUCCESS] IGS: IGS0OPSFIN_20243420000_01D_30S_CLK.CLK.gz (2.8MB) | Progress: 76.6% | ETA: 0min
[23:32:48] [SUCCESS] IGS: IGS0OPSFIN_20243410000_01D_30S_CLK.CLK.gz (2.7MB) | Progress: 76.8% | ETA: 0min
[23:32:48] [INFO] [PROGRESS] Overall: 700/912 files (76.8%) | Rate: 12.9 files/sec
[23:32:48] [SUCCESS] IGS: IGS0OPSFIN_20243470000_01D_30S_CLK.CLK.gz (2.8MB) | Progress: 76.9% | ETA: 0min
[23:32:48] [SUCCESS] IGS: IGS0OPSFIN_20243460000_01D_30S_CLK.CLK.gz (2.7MB) | Progress: 77.0% | ETA: 0min
[23:32:48] [SUCCESS] IGS: IGS0OPSFIN_20243450000_01D_30S_CLK.CLK.gz (2.7MB) | Progress: 77.1% | ETA: 0min
[23:32:48] [SUCCESS] IGS: IGS0OPSFIN_20243380000_01D_30S_CLK.CLK.gz (2.9MB) | Progress: 77.2% | ETA: 0min
[23:32:48] [SUCCESS] IGS: IGS0OPSFIN_20243320000_01D_30S_CLK.CLK.gz (2.9MB) | Progress: 77.3% | ETA: 0min
[23:32:48] [SUCCESS] IGS: IGS0OPSFIN_20243490000_01D_30S_CLK.CLK.gz (2.7MB) | Progress: 77.4% | ETA: 0min
[23:32:48] [SUCCESS] IGS: IGS0OPSFIN_20243580000_01D_30S_CLK.CLK.gz (2.6MB) | Progress: 77.5% | ETA: 0min
[23:32:48] [SUCCESS] IGS: IGS0OPSFIN_20243360000_01D_30S_CLK.CLK.gz (2.9MB) | Progress: 77.6% | ETA: 0min
[23:32:48] [SUCCESS] IGS: IGS0OPSFIN_20243570000_01D_30S_CLK.CLK.gz (2.6MB) | Progress: 77.7% | ETA: 0min
[23:32:48] [SUCCESS] IGS: IGS0OPSFIN_20243370000_01D_30S_CLK.CLK.gz (2.9MB) | Progress: 77.9% | ETA: 0min
[23:32:48] [SUCCESS] IGS: IGS0OPSFIN_20243590000_01D_30S_CLK.CLK.gz (2.7MB) | Progress: 78.0% | ETA: 0min
[23:32:48] [SUCCESS] IGS: IGS0OPSFIN_20243500000_01D_30S_CLK.CLK.gz (2.7MB) | Progress: 78.1% | ETA: 0min
[23:32:48] [SUCCESS] IGS: IGS0OPSFIN_20243550000_01D_30S_CLK.CLK.gz (2.7MB) | Progress: 78.2% | ETA: 0min
[23:32:48] [SUCCESS] IGS: IGS0OPSFIN_20243330000_01D_30S_CLK.CLK.gz (2.9MB) | Progress: 78.3% | ETA: 0min
[23:32:48] [SUCCESS] IGS: IGS0OPSFIN_20243620000_01D_30S_CLK.CLK.gz (2.7MB) | Progress: 78.4% | ETA: 0min
[23:32:48] [SUCCESS] IGS: IGS0OPSFIN_20243520000_01D_30S_CLK.CLK.gz (2.7MB) | Progress: 78.5% | ETA: 0min
[23:32:48] [SUCCESS] IGS: IGS0OPSFIN_20243540000_01D_30S_CLK.CLK.gz (2.7MB) | Progress: 78.6% | ETA: 0min
[23:32:48] [SUCCESS] IGS: IGS0OPSFIN_20243350000_01D_30S_CLK.CLK.gz (2.8MB) | Progress: 78.7% | ETA: 0min
[23:32:48] [SUCCESS] IGS: IGS0OPSFIN_20243530000_01D_30S_CLK.CLK.gz (2.8MB) | Progress: 78.8% | ETA: 0min
[23:32:48] [SUCCESS] IGS: IGS0OPSFIN_20243630000_01D_30S_CLK.CLK.gz (2.7MB) | Progress: 78.9% | ETA: 0min
[23:32:48] [SUCCESS] IGS: IGS0OPSFIN_20243610000_01D_30S_CLK.CLK.gz (2.8MB) | Progress: 79.1% | ETA: 0min
[23:32:48] [SUCCESS] IGS: IGS0OPSFIN_20243480000_01D_30S_CLK.CLK.gz (2.7MB) | Progress: 79.2% | ETA: 0min
[23:32:48] [SUCCESS] IGS: IGS0OPSFIN_20243600000_01D_30S_CLK.CLK.gz (2.8MB) | Progress: 79.3% | ETA: 0min
[23:32:48] [SUCCESS] IGS: IGS0OPSFIN_20243510000_01D_30S_CLK.CLK.gz (2.8MB) | Progress: 79.4% | ETA: 0min
[23:32:48] [SUCCESS] IGS: IGS0OPSFIN_20243560000_01D_30S_CLK.CLK.gz (2.7MB) | Progress: 79.5% | ETA: 0min
[23:32:48] [INFO] [PROGRESS] Overall: 725/912 files (79.5%) | Rate: 13.2 files/sec
[23:32:48] [SUCCESS] IGS: IGS0OPSFIN_20243390000_01D_30S_CLK.CLK.gz (3.0MB) | Progress: 79.6% | ETA: 0min
[23:32:49] [SUCCESS] IGS: IGS0OPSFIN_20243400000_01D_30S_CLK.CLK.gz (3.0MB) | Progress: 79.7% | ETA: 0min
[23:32:49] [SUCCESS] IGS: IGS0OPSFIN_20243650000_01D_30S_CLK.CLK.gz (2.7MB) | Progress: 79.8% | ETA: 0min
[23:32:49] [SUCCESS] IGS: IGS0OPSFIN_20243660000_01D_30S_CLK.CLK.gz (2.7MB) | Progress: 79.9% | ETA: 0min
[23:32:49] [SUCCESS] IGS: IGS0OPSFIN_20243640000_01D_30S_CLK.CLK.gz (2.7MB) | Progress: 80.0% | ETA: 0min
[23:32:50] [SUCCESS] IGS: IGS0OPSFIN_20250010000_01D_30S_CLK.CLK.gz (2.7MB) | Progress: 80.2% | ETA: 0min
[23:32:50] [SUCCESS] IGS: IGS0OPSFIN_20243340000_01D_30S_CLK.CLK.gz (2.8MB) | Progress: 80.3% | ETA: 0min
[23:32:50] [SUCCESS] IGS: IGS0OPSFIN_20250030000_01D_30S_CLK.CLK.gz (2.7MB) | Progress: 80.4% | ETA: 0min
[23:32:50] [SUCCESS] IGS: IGS0OPSFIN_20250050000_01D_30S_CLK.CLK.gz (2.8MB) | Progress: 80.5% | ETA: 0min
[23:32:50] [SUCCESS] IGS: IGS0OPSFIN_20250040000_01D_30S_CLK.CLK.gz (2.7MB) | Progress: 80.6% | ETA: 0min
[23:32:50] [SUCCESS] IGS: IGS0OPSFIN_20250090000_01D_30S_CLK.CLK.gz (2.6MB) | Progress: 80.7% | ETA: 0min
[23:32:50] [SUCCESS] IGS: IGS0OPSFIN_20250060000_01D_30S_CLK.CLK.gz (2.8MB) | Progress: 80.8% | ETA: 0min
[23:32:50] [SUCCESS] IGS: IGS0OPSFIN_20250080000_01D_30S_CLK.CLK.gz (2.7MB) | Progress: 80.9% | ETA: 0min
[23:32:50] [SUCCESS] IGS: IGS0OPSFIN_20250020000_01D_30S_CLK.CLK.gz (2.7MB) | Progress: 81.0% | ETA: 0min
[23:32:50] [SUCCESS] IGS: IGS0OPSFIN_20250100000_01D_30S_CLK.CLK.gz (2.7MB) | Progress: 81.1% | ETA: 0min
[23:32:50] [SUCCESS] IGS: IGS0OPSFIN_20250070000_01D_30S_CLK.CLK.gz (2.7MB) | Progress: 81.2% | ETA: 0min
[23:32:50] [SUCCESS] IGS: IGS0OPSFIN_20250230000_01D_30S_CLK.CLK.gz (2.1MB) | Progress: 81.4% | ETA: 0min
[23:32:50] [SUCCESS] IGS: IGS0OPSFIN_20250120000_01D_30S_CLK.CLK.gz (2.7MB) | Progress: 81.5% | ETA: 0min
[23:32:50] [SUCCESS] IGS: IGS0OPSFIN_20250110000_01D_30S_CLK.CLK.gz (2.7MB) | Progress: 81.6% | ETA: 0min
[23:32:51] [SUCCESS] IGS: IGS0OPSFIN_20250180000_01D_30S_CLK.CLK.gz (2.8MB) | Progress: 81.7% | ETA: 0min
[23:32:51] [SUCCESS] IGS: IGS0OPSFIN_20250150000_01D_30S_CLK.CLK.gz (2.7MB) | Progress: 81.8% | ETA: 0min
[23:32:51] [SUCCESS] IGS: IGS0OPSFIN_20250130000_01D_30S_CLK.CLK.gz (2.8MB) | Progress: 81.9% | ETA: 0min
[23:32:51] [SUCCESS] IGS: IGS0OPSFIN_20250140000_01D_30S_CLK.CLK.gz (2.8MB) | Progress: 82.0% | ETA: 0min
[23:32:51] [SUCCESS] IGS: IGS0OPSFIN_20250190000_01D_30S_CLK.CLK.gz (2.7MB) | Progress: 82.1% | ETA: 0min
[23:32:51] [SUCCESS] IGS: IGS0OPSFIN_20250170000_01D_30S_CLK.CLK.gz (2.7MB) | Progress: 82.2% | ETA: 0min
[23:32:51] [INFO] [PROGRESS] Overall: 750/912 files (82.2%) | Rate: 13.1 files/sec
[23:32:51] [SUCCESS] IGS: IGS0OPSFIN_20250210000_01D_30S_CLK.CLK.gz (2.7MB) | Progress: 82.3% | ETA: 0min
[23:32:51] [SUCCESS] IGS: IGS0OPSFIN_20250160000_01D_30S_CLK.CLK.gz (2.8MB) | Progress: 82.5% | ETA: 0min
[23:32:51] [SUCCESS] IGS: IGS0OPSFIN_20250220000_01D_30S_CLK.CLK.gz (2.7MB) | Progress: 82.6% | ETA: 0min
[23:32:51] [SUCCESS] IGS: IGS0OPSFIN_20250200000_01D_30S_CLK.CLK.gz (2.7MB) | Progress: 82.7% | ETA: 0min
[23:32:52] [SUCCESS] IGS: IGS0OPSFIN_20250240000_01D_30S_CLK.CLK.gz (2.6MB) | Progress: 82.8% | ETA: 0min
[23:32:52] [SUCCESS] IGS: IGS0OPSFIN_20250250000_01D_30S_CLK.CLK.gz (2.7MB) | Progress: 82.9% | ETA: 0min
[23:32:53] [SUCCESS] IGS: IGS0OPSFIN_20250260000_01D_30S_CLK.CLK.gz (3.0MB) | Progress: 83.0% | ETA: 0min
[23:32:53] [SUCCESS] IGS: IGS0OPSFIN_20250270000_01D_30S_CLK.CLK.gz (3.0MB) | Progress: 83.1% | ETA: 0min
[23:32:53] [SUCCESS] IGS: IGS0OPSFIN_20250340000_01D_30S_CLK.CLK.gz (2.7MB) | Progress: 83.2% | ETA: 0min
[23:32:53] [SUCCESS] IGS: IGS0OPSFIN_20250300000_01D_30S_CLK.CLK.gz (2.9MB) | Progress: 83.3% | ETA: 0min
[23:32:53] [SUCCESS] IGS: IGS0OPSFIN_20250360000_01D_30S_CLK.CLK.gz (2.8MB) | Progress: 83.4% | ETA: 0min
[23:32:53] [SUCCESS] IGS: IGS0OPSFIN_20250290000_01D_30S_CLK.CLK.gz (3.0MB) | Progress: 83.6% | ETA: 0min
[23:32:53] [SUCCESS] IGS: IGS0OPSFIN_20250310000_01D_30S_CLK.CLK.gz (3.0MB) | Progress: 83.7% | ETA: 0min
[23:32:53] [SUCCESS] IGS: IGS0OPSFIN_20250400000_01D_30S_CLK.CLK.gz (2.8MB) | Progress: 83.8% | ETA: 0min
[23:32:53] [SUCCESS] IGS: IGS0OPSFIN_20250330000_01D_30S_CLK.CLK.gz (3.0MB) | Progress: 83.9% | ETA: 0min
[23:32:53] [SUCCESS] IGS: IGS0OPSFIN_20250350000_01D_30S_CLK.CLK.gz (3.1MB) | Progress: 84.0% | ETA: 0min
[23:32:53] [SUCCESS] IGS: IGS0OPSFIN_20250320000_01D_30S_CLK.CLK.gz (3.0MB) | Progress: 84.1% | ETA: 0min
[23:32:53] [SUCCESS] IGS: IGS0OPSFIN_20250380000_01D_30S_CLK.CLK.gz (3.0MB) | Progress: 84.2% | ETA: 0min
[23:32:54] [SUCCESS] IGS: IGS0OPSFIN_20250370000_01D_30S_CLK.CLK.gz (2.9MB) | Progress: 84.3% | ETA: 0min
[23:32:54] [SUCCESS] IGS: IGS0OPSFIN_20250390000_01D_30S_CLK.CLK.gz (3.0MB) | Progress: 84.4% | ETA: 0min
[23:32:54] [SUCCESS] IGS: IGS0OPSFIN_20250410000_01D_30S_CLK.CLK.gz (3.0MB) | Progress: 84.5% | ETA: 0min
[23:32:54] [SUCCESS] IGS: IGS0OPSFIN_20250280000_01D_30S_CLK.CLK.gz (2.8MB) | Progress: 84.6% | ETA: 0min
[23:32:54] [SUCCESS] IGS: IGS0OPSFIN_20250500000_01D_30S_CLK.CLK.gz (2.8MB) | Progress: 84.8% | ETA: 0min
[23:32:54] [SUCCESS] IGS: IGS0OPSFIN_20250430000_01D_30S_CLK.CLK.gz (2.8MB) | Progress: 84.9% | ETA: 0min
[23:32:54] [SUCCESS] IGS: IGS0OPSFIN_20250450000_01D_30S_CLK.CLK.gz (2.7MB) | Progress: 85.0% | ETA: 0min
[23:32:54] [INFO] [PROGRESS] Overall: 775/912 files (85.0%) | Rate: 12.9 files/sec
[23:32:54] [SUCCESS] IGS: IGS0OPSFIN_20250470000_01D_30S_CLK.CLK.gz (3.0MB) | Progress: 85.1% | ETA: 0min
[23:32:54] [SUCCESS] IGS: IGS0OPSFIN_20250460000_01D_30S_CLK.CLK.gz (3.0MB) | Progress: 85.2% | ETA: 0min
[23:32:54] [SUCCESS] IGS: IGS0OPSFIN_20250440000_01D_30S_CLK.CLK.gz (3.1MB) | Progress: 85.3% | ETA: 0min
[23:32:54] [SUCCESS] IGS: IGS0OPSFIN_20250420000_01D_30S_CLK.CLK.gz (3.1MB) | Progress: 85.4% | ETA: 0min
[23:32:54] [SUCCESS] IGS: IGS0OPSFIN_20250520000_01D_30S_CLK.CLK.gz (3.0MB) | Progress: 85.5% | ETA: 0min
[23:32:54] [SUCCESS] IGS: IGS0OPSFIN_20250480000_01D_30S_CLK.CLK.gz (3.0MB) | Progress: 85.6% | ETA: 0min
[23:32:54] [SUCCESS] IGS: IGS0OPSFIN_20250510000_01D_30S_CLK.CLK.gz (3.0MB) | Progress: 85.7% | ETA: 0min
[23:32:55] [SUCCESS] IGS: IGS0OPSFIN_20250490000_01D_30S_CLK.CLK.gz (3.1MB) | Progress: 85.9% | ETA: 0min
[23:32:55] [SUCCESS] IGS: IGS0OPSFIN_20250540000_01D_30S_CLK.CLK.gz (3.0MB) | Progress: 86.0% | ETA: 0min
[23:32:55] [SUCCESS] IGS: IGS0OPSFIN_20250550000_01D_30S_CLK.CLK.gz (3.0MB) | Progress: 86.1% | ETA: 0min
[23:32:55] [SUCCESS] IGS: IGS0OPSFIN_20250530000_01D_30S_CLK.CLK.gz (3.0MB) | Progress: 86.2% | ETA: 0min
[23:32:55] [SUCCESS] IGS: IGS0OPSFIN_20250570000_01D_30S_CLK.CLK.gz (3.0MB) | Progress: 86.3% | ETA: 0min
[23:32:55] [SUCCESS] IGS: IGS0OPSFIN_20250560000_01D_30S_CLK.CLK.gz (3.0MB) | Progress: 86.4% | ETA: 0min
[23:32:55] [SUCCESS] IGS: IGS0OPSFIN_20250580000_01D_30S_CLK.CLK.gz (3.0MB) | Progress: 86.5% | ETA: 0min
[23:32:55] [SUCCESS] IGS: IGS0OPSFIN_20250630000_01D_30S_CLK.CLK.gz (2.9MB) | Progress: 86.6% | ETA: 0min
[23:32:55] [SUCCESS] IGS: IGS0OPSFIN_20251070000_01D_30S_CLK.CLK.gz (2.2MB) | Progress: 86.7% | ETA: 0min
[23:32:55] [SUCCESS] IGS: IGS0OPSFIN_20250650000_01D_30S_CLK.CLK.gz (2.9MB) | Progress: 86.8% | ETA: 0min
[23:32:55] [SUCCESS] IGS: IGS0OPSFIN_20250640000_01D_30S_CLK.CLK.gz (3.0MB) | Progress: 87.0% | ETA: 0min
[23:32:55] [SUCCESS] IGS: IGS0OPSFIN_20250740000_01D_30S_CLK.CLK.gz (3.0MB) | Progress: 87.1% | ETA: 0min
[23:32:55] [SUCCESS] IGS: IGS0OPSFIN_20250660000_01D_30S_CLK.CLK.gz (3.0MB) | Progress: 87.2% | ETA: 0min
[23:32:55] [SUCCESS] IGS: IGS0OPSFIN_20250610000_01D_30S_CLK.CLK.gz (2.9MB) | Progress: 87.3% | ETA: 0min
[23:32:55] [SUCCESS] IGS: IGS0OPSFIN_20250700000_01D_30S_CLK.CLK.gz (3.0MB) | Progress: 87.4% | ETA: 0min
[23:32:55] [SUCCESS] IGS: IGS0OPSFIN_20250620000_01D_30S_CLK.CLK.gz (3.0MB) | Progress: 87.5% | ETA: 0min
[23:32:55] [SUCCESS] IGS: IGS0OPSFIN_20250770000_01D_30S_CLK.CLK.gz (3.0MB) | Progress: 87.6% | ETA: 0min
[23:32:55] [SUCCESS] IGS: IGS0OPSFIN_20250780000_01D_30S_CLK.CLK.gz (2.9MB) | Progress: 87.7% | ETA: 0min
[23:32:55] [INFO] [PROGRESS] Overall: 800/912 files (87.7%) | Rate: 13.0 files/sec
[23:32:55] [SUCCESS] IGS: IGS0OPSFIN_20250600000_01D_30S_CLK.CLK.gz (3.0MB) | Progress: 87.8% | ETA: 0min
[23:32:55] [SUCCESS] IGS: IGS0OPSFIN_20250790000_01D_30S_CLK.CLK.gz (2.9MB) | Progress: 87.9% | ETA: 0min
[23:32:55] [SUCCESS] IGS: IGS0OPSFIN_20250670000_01D_30S_CLK.CLK.gz (3.0MB) | Progress: 88.0% | ETA: 0min
[23:32:55] [SUCCESS] IGS: IGS0OPSFIN_20250690000_01D_30S_CLK.CLK.gz (2.9MB) | Progress: 88.2% | ETA: 0min
[23:32:56] [SUCCESS] IGS: IGS0OPSFIN_20250850000_01D_30S_CLK.CLK.gz (3.0MB) | Progress: 88.3% | ETA: 0min
[23:32:56] [SUCCESS] IGS: IGS0OPSFIN_20250730000_01D_30S_CLK.CLK.gz (3.0MB) | Progress: 88.4% | ETA: 0min
[23:32:56] [SUCCESS] IGS: IGS0OPSFIN_20250860000_01D_30S_CLK.CLK.gz (3.0MB) | Progress: 88.5% | ETA: 0min
[23:32:56] [SUCCESS] IGS: IGS0OPSFIN_20250590000_01D_30S_CLK.CLK.gz (3.0MB) | Progress: 88.6% | ETA: 0min
[23:32:56] [SUCCESS] IGS: IGS0OPSFIN_20250870000_01D_30S_CLK.CLK.gz (3.0MB) | Progress: 88.7% | ETA: 0min
[23:32:56] [SUCCESS] IGS: IGS0OPSFIN_20250750000_01D_30S_CLK.CLK.gz (3.0MB) | Progress: 88.8% | ETA: 0min
[23:32:56] [SUCCESS] IGS: IGS0OPSFIN_20250810000_01D_30S_CLK.CLK.gz (3.0MB) | Progress: 88.9% | ETA: 0min
[23:32:56] [SUCCESS] IGS: IGS0OPSFIN_20250940000_01D_30S_CLK.CLK.gz (2.9MB) | Progress: 89.0% | ETA: 0min
[23:32:56] [SUCCESS] IGS: IGS0OPSFIN_20250830000_01D_30S_CLK.CLK.gz (3.0MB) | Progress: 89.1% | ETA: 0min
[23:32:56] [SUCCESS] IGS: IGS0OPSFIN_20250820000_01D_30S_CLK.CLK.gz (3.0MB) | Progress: 89.3% | ETA: 0min
[23:32:56] [SUCCESS] IGS: IGS0OPSFIN_20250800000_01D_30S_CLK.CLK.gz (3.0MB) | Progress: 89.4% | ETA: 0min
[23:32:56] [SUCCESS] IGS: IGS0OPSFIN_20250900000_01D_30S_CLK.CLK.gz (3.0MB) | Progress: 89.5% | ETA: 0min
[23:32:56] [SUCCESS] IGS: IGS0OPSFIN_20250910000_01D_30S_CLK.CLK.gz (3.0MB) | Progress: 89.6% | ETA: 0min
[23:32:56] [SUCCESS] IGS: IGS0OPSFIN_20250880000_01D_30S_CLK.CLK.gz (3.0MB) | Progress: 89.7% | ETA: 0min
[23:32:56] [SUCCESS] IGS: IGS0OPSFIN_20250760000_01D_30S_CLK.CLK.gz (3.0MB) | Progress: 89.8% | ETA: 0min
[23:32:56] [SUCCESS] IGS: IGS0OPSFIN_20250890000_01D_30S_CLK.CLK.gz (3.0MB) | Progress: 89.9% | ETA: 0min
[23:32:56] [SUCCESS] IGS: IGS0OPSFIN_20250950000_01D_30S_CLK.CLK.gz (3.0MB) | Progress: 90.0% | ETA: 0min
[23:32:56] [SUCCESS] IGS: IGS0OPSFIN_20250920000_01D_30S_CLK.CLK.gz (3.0MB) | Progress: 90.1% | ETA: 0min
[23:32:56] [SUCCESS] IGS: IGS0OPSFIN_20250720000_01D_30S_CLK.CLK.gz (3.0MB) | Progress: 90.2% | ETA: 0min
[23:32:56] [SUCCESS] IGS: IGS0OPSFIN_20250980000_01D_30S_CLK.CLK.gz (2.9MB) | Progress: 90.4% | ETA: 0min
[23:32:56] [SUCCESS] IGS: IGS0OPSFIN_20250930000_01D_30S_CLK.CLK.gz (3.0MB) | Progress: 90.5% | ETA: 0min
[23:32:56] [INFO] [PROGRESS] Overall: 825/912 files (90.5%) | Rate: 13.2 files/sec
[23:32:56] [SUCCESS] IGS: IGS0OPSFIN_20250710000_01D_30S_CLK.CLK.gz (3.0MB) | Progress: 90.6% | ETA: 0min
[23:32:56] [SUCCESS] IGS: IGS0OPSFIN_20250990000_01D_30S_CLK.CLK.gz (2.9MB) | Progress: 90.7% | ETA: 0min
[23:32:56] [SUCCESS] IGS: IGS0OPSFIN_20251000000_01D_30S_CLK.CLK.gz (2.9MB) | Progress: 90.8% | ETA: 0min
[23:32:56] [SUCCESS] IGS: IGS0OPSFIN_20251020000_01D_30S_CLK.CLK.gz (2.9MB) | Progress: 90.9% | ETA: 0min
[23:32:56] [SUCCESS] IGS: IGS0OPSFIN_20250840000_01D_30S_CLK.CLK.gz (3.0MB) | Progress: 91.0% | ETA: 0min
[23:32:56] [SUCCESS] IGS: IGS0OPSFIN_20251010000_01D_30S_CLK.CLK.gz (2.8MB) | Progress: 91.1% | ETA: 0min
[23:32:56] [SUCCESS] IGS: IGS0OPSFIN_20251040000_01D_30S_CLK.CLK.gz (2.9MB) | Progress: 91.2% | ETA: 0min
[23:32:56] [SUCCESS] IGS: IGS0OPSFIN_20250970000_01D_30S_CLK.CLK.gz (3.0MB) | Progress: 91.3% | ETA: 0min
[23:32:56] [SUCCESS] IGS: IGS0OPSFIN_20251030000_01D_30S_CLK.CLK.gz (2.9MB) | Progress: 91.4% | ETA: 0min
[23:32:57] [SUCCESS] IGS: IGS0OPSFIN_20251060000_01D_30S_CLK.CLK.gz (3.0MB) | Progress: 91.6% | ETA: 0min
[23:32:57] [SUCCESS] IGS: IGS0OPSFIN_20251050000_01D_30S_CLK.CLK.gz (3.0MB) | Progress: 91.7% | ETA: 0min
[23:32:57] [SUCCESS] IGS: IGS0OPSFIN_20250960000_01D_30S_CLK.CLK.gz (3.0MB) | Progress: 91.8% | ETA: 0min
[23:32:57] [SUCCESS] IGS: IGS0OPSFIN_20251080000_01D_30S_CLK.CLK.gz (2.9MB) | Progress: 91.9% | ETA: 0min
[23:32:57] [SUCCESS] IGS: IGS0OPSFIN_20251100000_01D_30S_CLK.CLK.gz (3.0MB) | Progress: 92.0% | ETA: 0min
[23:32:57] [SUCCESS] IGS: IGS0OPSFIN_20251090000_01D_30S_CLK.CLK.gz (3.0MB) | Progress: 92.1% | ETA: 0min
[23:32:57] [SUCCESS] IGS: IGS0OPSFIN_20251120000_01D_30S_CLK.CLK.gz (3.0MB) | Progress: 92.2% | ETA: 0min
[23:32:57] [SUCCESS] IGS: IGS0OPSFIN_20251140000_01D_30S_CLK.CLK.gz (2.9MB) | Progress: 92.3% | ETA: 0min
[23:32:57] [SUCCESS] IGS: IGS0OPSFIN_20250680000_01D_30S_CLK.CLK.gz (3.0MB) | Progress: 92.4% | ETA: 0min
[23:32:57] [SUCCESS] IGS: IGS0OPSFIN_20251180000_01D_30S_CLK.CLK.gz (2.9MB) | Progress: 92.5% | ETA: 0min
[23:32:58] [SUCCESS] IGS: IGS0OPSFIN_20251150000_01D_30S_CLK.CLK.gz (3.0MB) | Progress: 92.7% | ETA: 0min
[23:32:58] [SUCCESS] IGS: IGS0OPSFIN_20251130000_01D_30S_CLK.CLK.gz (3.0MB) | Progress: 92.8% | ETA: 0min
[23:32:58] [SUCCESS] IGS: IGS0OPSFIN_20251190000_01D_30S_CLK.CLK.gz (2.9MB) | Progress: 92.9% | ETA: 0min
[23:32:58] [SUCCESS] IGS: IGS0OPSFIN_20251210000_01D_30S_CLK.CLK.gz (2.9MB) | Progress: 93.0% | ETA: 0min
[23:32:58] [SUCCESS] IGS: IGS0OPSFIN_20251170000_01D_30S_CLK.CLK.gz (3.0MB) | Progress: 93.1% | ETA: 0min
[23:32:58] [SUCCESS] IGS: IGS0OPSFIN_20251200000_01D_30S_CLK.CLK.gz (2.9MB) | Progress: 93.2% | ETA: 0min
[23:32:58] [INFO] [PROGRESS] Overall: 850/912 files (93.2%) | Rate: 13.2 files/sec
[23:32:58] [SUCCESS] IGS: IGS0OPSFIN_20251110000_01D_30S_CLK.CLK.gz (3.0MB) | Progress: 93.3% | ETA: 0min
[23:32:59] [SUCCESS] IGS: IGS0OPSFIN_20251160000_01D_30S_CLK.CLK.gz (3.0MB) | Progress: 93.4% | ETA: 0min
[23:32:59] [SUCCESS] IGS: IGS0OPSFIN_20251230000_01D_30S_CLK.CLK.gz (2.9MB) | Progress: 93.5% | ETA: 0min
[23:32:59] [SUCCESS] IGS: IGS0OPSFIN_20251240000_01D_30S_CLK.CLK.gz (3.0MB) | Progress: 93.6% | ETA: 0min
[23:32:59] [SUCCESS] IGS: IGS0OPSFIN_20251220000_01D_30S_CLK.CLK.gz (2.9MB) | Progress: 93.8% | ETA: 0min
[23:32:59] [SUCCESS] IGS: IGS0OPSFIN_20251250000_01D_30S_CLK.CLK.gz (3.0MB) | Progress: 93.9% | ETA: 0min
[23:32:59] [SUCCESS] IGS: IGS0OPSFIN_20251270000_01D_30S_CLK.CLK.gz (3.0MB) | Progress: 94.0% | ETA: 0min
[23:32:59] [SUCCESS] IGS: IGS0OPSFIN_20251260000_01D_30S_CLK.CLK.gz (3.0MB) | Progress: 94.1% | ETA: 0min
[23:33:00] [SUCCESS] IGS: IGS0OPSFIN_20251290000_01D_30S_CLK.CLK.gz (3.0MB) | Progress: 94.2% | ETA: 0min
[23:33:00] [SUCCESS] IGS: IGS0OPSFIN_20251310000_01D_30S_CLK.CLK.gz (3.0MB) | Progress: 94.3% | ETA: 0min
[23:33:00] [SUCCESS] IGS: IGS0OPSFIN_20251280000_01D_30S_CLK.CLK.gz (3.0MB) | Progress: 94.4% | ETA: 0min
[23:33:00] [SUCCESS] IGS: IGS0OPSFIN_20251300000_01D_30S_CLK.CLK.gz (3.0MB) | Progress: 94.5% | ETA: 0min
[23:33:00] [SUCCESS] IGS: IGS0OPSFIN_20251320000_01D_30S_CLK.CLK.gz (3.0MB) | Progress: 94.6% | ETA: 0min
[23:33:00] [SUCCESS] IGS: IGS0OPSFIN_20251330000_01D_30S_CLK.CLK.gz (3.0MB) | Progress: 94.7% | ETA: 0min
[23:33:00] [SUCCESS] IGS: IGS0OPSFIN_20251350000_01D_30S_CLK.CLK.gz (3.0MB) | Progress: 94.8% | ETA: 0min
[23:33:00] [SUCCESS] IGS: IGS0OPSFIN_20251340000_01D_30S_CLK.CLK.gz (3.0MB) | Progress: 95.0% | ETA: 0min
[23:33:00] [SUCCESS] IGS: IGS0OPSFIN_20251370000_01D_30S_CLK.CLK.gz (3.0MB) | Progress: 95.1% | ETA: 0min
[23:33:00] [SUCCESS] IGS: IGS0OPSFIN_20251380000_01D_30S_CLK.CLK.gz (3.0MB) | Progress: 95.2% | ETA: 0min
[23:33:00] [SUCCESS] IGS: IGS0OPSFIN_20251390000_01D_30S_CLK.CLK.gz (3.0MB) | Progress: 95.3% | ETA: 0min
[23:33:00] [SUCCESS] IGS: IGS0OPSFIN_20251410000_01D_30S_CLK.CLK.gz (3.0MB) | Progress: 95.4% | ETA: 0min
[23:33:00] [SUCCESS] IGS: IGS0OPSFIN_20251400000_01D_30S_CLK.CLK.gz (3.0MB) | Progress: 95.5% | ETA: 0min
[23:33:01] [SUCCESS] IGS: IGS0OPSFIN_20251420000_01D_30S_CLK.CLK.gz (2.9MB) | Progress: 95.6% | ETA: 0min
[23:33:01] [SUCCESS] IGS: IGS0OPSFIN_20251360000_01D_30S_CLK.CLK.gz (3.0MB) | Progress: 95.7% | ETA: 0min
[23:33:01] [SUCCESS] IGS: IGS0OPSFIN_20251450000_01D_30S_CLK.CLK.gz (3.0MB) | Progress: 95.8% | ETA: 0min
[23:33:01] [SUCCESS] IGS: IGS0OPSFIN_20251470000_01D_30S_CLK.CLK.gz (3.0MB) | Progress: 95.9% | ETA: 0min
[23:33:01] [INFO] [PROGRESS] Overall: 875/912 files (95.9%) | Rate: 13.1 files/sec
[23:33:01] [SUCCESS] IGS: IGS0OPSFIN_20251460000_01D_30S_CLK.CLK.gz (3.0MB) | Progress: 96.1% | ETA: 0min
[23:33:01] [SUCCESS] IGS: IGS0OPSFIN_20251430000_01D_30S_CLK.CLK.gz (2.9MB) | Progress: 96.2% | ETA: 0min
[23:33:01] [SUCCESS] IGS: IGS0OPSFIN_20251440000_01D_30S_CLK.CLK.gz (3.0MB) | Progress: 96.3% | ETA: 0min
[23:33:01] [SUCCESS] IGS: IGS0OPSFIN_20251480000_01D_30S_CLK.CLK.gz (3.0MB) | Progress: 96.4% | ETA: 0min
[23:33:01] [SUCCESS] IGS: IGS0OPSFIN_20251500000_01D_30S_CLK.CLK.gz (3.0MB) | Progress: 96.5% | ETA: 0min
[23:33:01] [SUCCESS] IGS: IGS0OPSFIN_20251510000_01D_30S_CLK.CLK.gz (3.0MB) | Progress: 96.6% | ETA: 0min
[23:33:01] [SUCCESS] IGS: IGS0OPSFIN_20251520000_01D_30S_CLK.CLK.gz (3.0MB) | Progress: 96.7% | ETA: 0min
[23:33:01] [SUCCESS] IGS: IGS0OPSFIN_20251490000_01D_30S_CLK.CLK.gz (3.0MB) | Progress: 96.8% | ETA: 0min
[23:33:01] [SUCCESS] IGS: IGS0OPSFIN_20251540000_01D_30S_CLK.CLK.gz (3.0MB) | Progress: 96.9% | ETA: 0min
[23:33:02] [SUCCESS] IGS: IGS0OPSFIN_20251550000_01D_30S_CLK.CLK.gz (3.0MB) | Progress: 97.0% | ETA: 0min
[23:33:02] [SUCCESS] IGS: IGS0OPSFIN_20251580000_01D_30S_CLK.CLK.gz (2.9MB) | Progress: 97.1% | ETA: 0min
[23:33:02] [SUCCESS] IGS: IGS0OPSFIN_20251570000_01D_30S_CLK.CLK.gz (3.0MB) | Progress: 97.3% | ETA: 0min
[23:33:02] [SUCCESS] IGS: IGS0OPSFIN_20251560000_01D_30S_CLK.CLK.gz (3.0MB) | Progress: 97.4% | ETA: 0min
[23:33:02] [SUCCESS] IGS: IGS0OPSFIN_20251670000_01D_30S_CLK.CLK.gz (2.7MB) | Progress: 97.5% | ETA: 0min
[23:33:02] [SUCCESS] IGS: IGS0OPSFIN_20251590000_01D_30S_CLK.CLK.gz (2.9MB) | Progress: 97.6% | ETA: 0min
[23:33:02] [SUCCESS] IGS: IGS0OPSFIN_20251650000_01D_30S_CLK.CLK.gz (2.9MB) | Progress: 97.7% | ETA: 0min
[23:33:02] [SUCCESS] IGS: IGS0OPSFIN_20251620000_01D_30S_CLK.CLK.gz (2.9MB) | Progress: 97.8% | ETA: 0min
[23:33:02] [SUCCESS] IGS: IGS0OPSFIN_20251630000_01D_30S_CLK.CLK.gz (2.9MB) | Progress: 97.9% | ETA: 0min
[23:33:02] [SUCCESS] IGS: IGS0OPSFIN_20251610000_01D_30S_CLK.CLK.gz (2.9MB) | Progress: 98.0% | ETA: 0min
[23:33:02] [SUCCESS] IGS: IGS0OPSFIN_20251640000_01D_30S_CLK.CLK.gz (2.9MB) | Progress: 98.1% | ETA: 0min
[23:33:02] [SUCCESS] IGS: IGS0OPSFIN_20251690000_01D_30S_CLK.CLK.gz (3.0MB) | Progress: 98.2% | ETA: 0min
[23:33:02] [SUCCESS] IGS: IGS0OPSFIN_20251660000_01D_30S_CLK.CLK.gz (2.9MB) | Progress: 98.4% | ETA: 0min
[23:33:03] [SUCCESS] IGS: IGS0OPSFIN_20251710000_01D_30S_CLK.CLK.gz (3.0MB) | Progress: 98.5% | ETA: 0min
[23:33:03] [SUCCESS] IGS: IGS0OPSFIN_20251780000_01D_30S_CLK.CLK.gz (3.0MB) | Progress: 98.6% | ETA: 0min
[23:33:03] [SUCCESS] IGS: IGS0OPSFIN_20251680000_01D_30S_CLK.CLK.gz (3.0MB) | Progress: 98.7% | ETA: 0min
[23:33:03] [INFO] [PROGRESS] Overall: 900/912 files (98.7%) | Rate: 13.1 files/sec
[23:33:03] [SUCCESS] IGS: IGS0OPSFIN_20251720000_01D_30S_CLK.CLK.gz (2.9MB) | Progress: 98.8% | ETA: 0min
[23:33:03] [SUCCESS] IGS: IGS0OPSFIN_20251730000_01D_30S_CLK.CLK.gz (3.0MB) | Progress: 98.9% | ETA: 0min
[23:33:03] [SUCCESS] IGS: IGS0OPSFIN_20251770000_01D_30S_CLK.CLK.gz (3.0MB) | Progress: 99.0% | ETA: 0min
[23:33:03] [SUCCESS] IGS: IGS0OPSFIN_20251810000_01D_30S_CLK.CLK.gz (3.0MB) | Progress: 99.1% | ETA: 0min
[23:33:03] [SUCCESS] IGS: IGS0OPSFIN_20251740000_01D_30S_CLK.CLK.gz (3.0MB) | Progress: 99.2% | ETA: 0min
[23:33:03] [SUCCESS] IGS: IGS0OPSFIN_20251760000_01D_30S_CLK.CLK.gz (3.0MB) | Progress: 99.3% | ETA: 0min
[23:33:03] [SUCCESS] IGS: IGS0OPSFIN_20251700000_01D_30S_CLK.CLK.gz (2.9MB) | Progress: 99.5% | ETA: 0min
[23:33:03] [SUCCESS] IGS: IGS0OPSFIN_20251800000_01D_30S_CLK.CLK.gz (3.0MB) | Progress: 99.6% | ETA: 0min
[23:33:03] [SUCCESS] IGS: IGS0OPSFIN_20251790000_01D_30S_CLK.CLK.gz (3.0MB) | Progress: 99.7% | ETA: 0min
[23:33:03] [SUCCESS] IGS: IGS0OPSFIN_20251750000_01D_30S_CLK.CLK.gz (3.1MB) | Progress: 99.8% | ETA: 0min
[23:33:03] [SUCCESS] IGS: IGS0OPSFIN_20251600000_01D_30S_CLK.CLK.gz (3.0MB) | Progress: 99.9% | ETA: 0min
[23:33:03] [SUCCESS] IGS: IGS0OPSFIN_20251530000_01D_30S_CLK.CLK.gz (3.0MB) | Progress: 100.0% | ETA: 0min
[23:33:03] [SUCCESS] IGS initial acquisition phase: 912 files acquired, 0 files failed
[23:33:03] [SUCCESS] IGS acquisition summary: 912 files successfully acquired, 0 files failed
[23:33:03] [PROCESS] Processing CODE: 912 files with 96 workers
[23:33:03] [PROCESS] CODE: Downloading 912 missing files...
[23:33:06] [SUCCESS] CODE: COD0OPSFIN_20230070000_01D_30S_CLK.CLK.gz (4.7MB) | Progress: 50.1% | ETA: 1min
[23:33:06] [SUCCESS] CODE: COD0OPSFIN_20230130000_01D_30S_CLK.CLK.gz (4.6MB) | Progress: 50.1% | ETA: 1min
[23:33:06] [SUCCESS] CODE: COD0OPSFIN_20230090000_01D_30S_CLK.CLK.gz (4.7MB) | Progress: 50.2% | ETA: 1min
[23:33:06] [SUCCESS] CODE: COD0OPSFIN_20230020000_01D_30S_CLK.CLK.gz (4.7MB) | Progress: 50.2% | ETA: 1min
[23:33:07] [SUCCESS] CODE: COD0OPSFIN_20230140000_01D_30S_CLK.CLK.gz (4.7MB) | Progress: 50.3% | ETA: 1min
[23:33:07] [SUCCESS] CODE: COD0OPSFIN_20230040000_01D_30S_CLK.CLK.gz (4.7MB) | Progress: 50.3% | ETA: 1min
[23:33:07] [SUCCESS] CODE: COD0OPSFIN_20230340000_01D_30S_CLK.CLK.gz (4.8MB) | Progress: 50.4% | ETA: 1min
[23:33:07] [SUCCESS] CODE: COD0OPSFIN_20230300000_01D_30S_CLK.CLK.gz (4.8MB) | Progress: 50.4% | ETA: 1min
[23:33:08] [SUCCESS] CODE: COD0OPSFIN_20230440000_01D_30S_CLK.CLK.gz (4.8MB) | Progress: 50.5% | ETA: 1min
[23:33:08] [SUCCESS] CODE: COD0OPSFIN_20230030000_01D_30S_CLK.CLK.gz (4.7MB) | Progress: 50.5% | ETA: 1min
[23:33:09] [SUCCESS] CODE: COD0OPSFIN_20230330000_01D_30S_CLK.CLK.gz (4.7MB) | Progress: 50.6% | ETA: 1min
[23:33:09] [SUCCESS] CODE: COD0OPSFIN_20230050000_01D_30S_CLK.CLK.gz (4.7MB) | Progress: 50.7% | ETA: 1min
[23:33:10] [SUCCESS] CODE: COD0OPSFIN_20230460000_01D_30S_CLK.CLK.gz (4.8MB) | Progress: 50.7% | ETA: 1min
[23:33:10] [SUCCESS] CODE: COD0OPSFIN_20230190000_01D_30S_CLK.CLK.gz (4.7MB) | Progress: 50.8% | ETA: 1min
[23:33:10] [SUCCESS] CODE: COD0OPSFIN_20230170000_01D_30S_CLK.CLK.gz (4.7MB) | Progress: 50.8% | ETA: 1min
[23:33:10] [SUCCESS] CODE: COD0OPSFIN_20230490000_01D_30S_CLK.CLK.gz (4.8MB) | Progress: 50.9% | ETA: 1min
[23:33:10] [SUCCESS] CODE: COD0OPSFIN_20230010000_01D_30S_CLK.CLK.gz (4.7MB) | Progress: 50.9% | ETA: 1min
[23:33:11] [SUCCESS] CODE: COD0OPSFIN_20230280000_01D_30S_CLK.CLK.gz (4.7MB) | Progress: 51.0% | ETA: 1min
[23:33:11] [SUCCESS] CODE: COD0OPSFIN_20230120000_01D_30S_CLK.CLK.gz (4.7MB) | Progress: 51.0% | ETA: 1min
[23:33:11] [SUCCESS] CODE: COD0OPSFIN_20230250000_01D_30S_CLK.CLK.gz (4.7MB) | Progress: 51.1% | ETA: 1min
[23:33:11] [SUCCESS] CODE: COD0OPSFIN_20230220000_01D_30S_CLK.CLK.gz (4.7MB) | Progress: 51.2% | ETA: 1min
[23:33:11] [SUCCESS] CODE: COD0OPSFIN_20230320000_01D_30S_CLK.CLK.gz (4.7MB) | Progress: 51.2% | ETA: 1min
[23:33:11] [SUCCESS] CODE: COD0OPSFIN_20230100000_01D_30S_CLK.CLK.gz (4.7MB) | Progress: 51.3% | ETA: 1min
[23:33:11] [SUCCESS] CODE: COD0OPSFIN_20230210000_01D_30S_CLK.CLK.gz (4.7MB) | Progress: 51.3% | ETA: 1min
[23:33:11] [SUCCESS] CODE: COD0OPSFIN_20230080000_01D_30S_CLK.CLK.gz (4.7MB) | Progress: 51.4% | ETA: 1min
[23:33:11] [INFO] [PROGRESS] Overall: 937/1824 files (51.4%) | Rate: 12.1 files/sec
[23:33:11] [SUCCESS] CODE: COD0OPSFIN_20230150000_01D_30S_CLK.CLK.gz (4.7MB) | Progress: 51.4% | ETA: 1min
[23:33:12] [SUCCESS] CODE: COD0OPSFIN_20230590000_01D_30S_CLK.CLK.gz (4.7MB) | Progress: 51.5% | ETA: 1min
[23:33:12] [SUCCESS] CODE: COD0OPSFIN_20230160000_01D_30S_CLK.CLK.gz (4.7MB) | Progress: 51.5% | ETA: 1min
[23:33:12] [SUCCESS] CODE: COD0OPSFIN_20230420000_01D_30S_CLK.CLK.gz (4.8MB) | Progress: 51.6% | ETA: 1min
[23:33:13] [SUCCESS] CODE: COD0OPSFIN_20230520000_01D_30S_CLK.CLK.gz (4.8MB) | Progress: 51.6% | ETA: 1min
[23:33:13] [SUCCESS] CODE: COD0OPSFIN_20230240000_01D_30S_CLK.CLK.gz (4.7MB) | Progress: 51.7% | ETA: 1min
[23:33:13] [SUCCESS] CODE: COD0OPSFIN_20230610000_01D_30S_CLK.CLK.gz (4.7MB) | Progress: 51.8% | ETA: 1min
[23:33:13] [SUCCESS] CODE: COD0OPSFIN_20230310000_01D_30S_CLK.CLK.gz (4.7MB) | Progress: 51.8% | ETA: 1min
[23:33:14] [SUCCESS] CODE: COD0OPSFIN_20230430000_01D_30S_CLK.CLK.gz (4.8MB) | Progress: 51.9% | ETA: 1min
[23:33:14] [SUCCESS] CODE: COD0OPSFIN_20230670000_01D_30S_CLK.CLK.gz (4.7MB) | Progress: 51.9% | ETA: 1min
[23:33:14] [SUCCESS] CODE: COD0OPSFIN_20230580000_01D_30S_CLK.CLK.gz (4.7MB) | Progress: 52.0% | ETA: 1min
[23:33:15] [SUCCESS] CODE: COD0OPSFIN_20230360000_01D_30S_CLK.CLK.gz (4.8MB) | Progress: 52.0% | ETA: 1min
[23:33:15] [SUCCESS] CODE: COD0OPSFIN_20230560000_01D_30S_CLK.CLK.gz (4.7MB) | Progress: 52.1% | ETA: 1min
[23:33:16] [SUCCESS] CODE: COD0OPSFIN_20230350000_01D_30S_CLK.CLK.gz (4.8MB) | Progress: 52.1% | ETA: 1min
[23:33:16] [SUCCESS] CODE: COD0OPSFIN_20230530000_01D_30S_CLK.CLK.gz (4.8MB) | Progress: 52.2% | ETA: 1min
[23:33:17] [SUCCESS] CODE: COD0OPSFIN_20230650000_01D_30S_CLK.CLK.gz (4.7MB) | Progress: 52.2% | ETA: 1min
[23:33:18] [SUCCESS] CODE: COD0OPSFIN_20230960000_01D_30S_CLK.CLK.gz (4.7MB) | Progress: 52.3% | ETA: 1min
[23:33:18] [SUCCESS] CODE: COD0OPSFIN_20230830000_01D_30S_CLK.CLK.gz (4.7MB) | Progress: 52.4% | ETA: 1min
[23:33:18] [SUCCESS] CODE: COD0OPSFIN_20230870000_01D_30S_CLK.CLK.gz (4.8MB) | Progress: 52.4% | ETA: 1min
[23:33:19] [SUCCESS] CODE: COD0OPSFIN_20230860000_01D_30S_CLK.CLK.gz (4.8MB) | Progress: 52.5% | ETA: 1min
[23:33:19] [SUCCESS] CODE: COD0OPSFIN_20230750000_01D_30S_CLK.CLK.gz (4.7MB) | Progress: 52.5% | ETA: 1min
[23:33:19] [SUCCESS] CODE: COD0OPSFIN_20230790000_01D_30S_CLK.CLK.gz (4.8MB) | Progress: 52.6% | ETA: 1min
[23:33:19] [SUCCESS] CODE: COD0OPSFIN_20230930000_01D_30S_CLK.CLK.gz (4.8MB) | Progress: 52.6% | ETA: 1min
[23:33:20] [SUCCESS] CODE: COD0OPSFIN_20230800000_01D_30S_CLK.CLK.gz (4.8MB) | Progress: 52.7% | ETA: 1min
[23:33:20] [SUCCESS] CODE: COD0OPSFIN_20230920000_01D_30S_CLK.CLK.gz (4.8MB) | Progress: 52.7% | ETA: 1min
[23:33:20] [INFO] [PROGRESS] Overall: 962/1824 files (52.7%) | Rate: 11.2 files/sec
[23:33:20] [SUCCESS] CODE: COD0OPSFIN_20230780000_01D_30S_CLK.CLK.gz (4.8MB) | Progress: 52.8% | ETA: 1min
[23:33:20] [SUCCESS] CODE: COD0OPSFIN_20230810000_01D_30S_CLK.CLK.gz (4.8MB) | Progress: 52.9% | ETA: 1min
[23:33:20] [SUCCESS] CODE: COD0OPSFIN_20230760000_01D_30S_CLK.CLK.gz (4.8MB) | Progress: 52.9% | ETA: 1min
[23:33:20] [SUCCESS] CODE: COD0OPSFIN_20230940000_01D_30S_CLK.CLK.gz (4.8MB) | Progress: 53.0% | ETA: 1min
[23:33:20] [SUCCESS] CODE: COD0OPSFIN_20230840000_01D_30S_CLK.CLK.gz (4.7MB) | Progress: 53.0% | ETA: 1min
[23:33:20] [SUCCESS] CODE: COD0OPSFIN_20230910000_01D_30S_CLK.CLK.gz (4.8MB) | Progress: 53.1% | ETA: 1min
[23:33:20] [SUCCESS] CODE: COD0OPSFIN_20230110000_01D_30S_CLK.CLK.gz (4.7MB) | Progress: 53.1% | ETA: 1min
[23:33:20] [SUCCESS] CODE: COD0OPSFIN_20230370000_01D_30S_CLK.CLK.gz (4.8MB) | Progress: 53.2% | ETA: 1min
[23:33:21] [SUCCESS] CODE: COD0OPSFIN_20230480000_01D_30S_CLK.CLK.gz (4.8MB) | Progress: 53.2% | ETA: 1min
[23:33:21] [SUCCESS] CODE: COD0OPSFIN_20230660000_01D_30S_CLK.CLK.gz (4.7MB) | Progress: 53.3% | ETA: 1min
[23:33:21] [SUCCESS] CODE: COD0OPSFIN_20230410000_01D_30S_CLK.CLK.gz (4.8MB) | Progress: 53.3% | ETA: 1min
[23:33:21] [SUCCESS] CODE: COD0OPSFIN_20230380000_01D_30S_CLK.CLK.gz (4.8MB) | Progress: 53.4% | ETA: 1min
[23:33:22] [SUCCESS] CODE: COD0OPSFIN_20230290000_01D_30S_CLK.CLK.gz (4.8MB) | Progress: 53.5% | ETA: 1min
[23:33:22] [SUCCESS] CODE: COD0OPSFIN_20230690000_01D_30S_CLK.CLK.gz (4.7MB) | Progress: 53.5% | ETA: 1min
[23:33:22] [SUCCESS] CODE: COD0OPSFIN_20230400000_01D_30S_CLK.CLK.gz (4.7MB) | Progress: 53.6% | ETA: 1min
[23:33:22] [SUCCESS] CODE: COD0OPSFIN_20230850000_01D_30S_CLK.CLK.gz (4.8MB) | Progress: 53.6% | ETA: 1min
[23:33:23] [SUCCESS] CODE: COD0OPSFIN_20230820000_01D_30S_CLK.CLK.gz (4.7MB) | Progress: 53.7% | ETA: 1min
[23:33:23] [SUCCESS] CODE: COD0OPSFIN_20230700000_01D_30S_CLK.CLK.gz (4.8MB) | Progress: 53.7% | ETA: 1min
[23:33:23] [SUCCESS] CODE: COD0OPSFIN_20230740000_01D_30S_CLK.CLK.gz (4.7MB) | Progress: 53.8% | ETA: 1min
[23:33:23] [SUCCESS] CODE: COD0OPSFIN_20230890000_01D_30S_CLK.CLK.gz (4.7MB) | Progress: 53.8% | ETA: 1min
[23:33:24] [SUCCESS] CODE: COD0OPSFIN_20230500000_01D_30S_CLK.CLK.gz (4.8MB) | Progress: 53.9% | ETA: 1min
[23:33:24] [SUCCESS] CODE: COD0OPSFIN_20230880000_01D_30S_CLK.CLK.gz (4.8MB) | Progress: 53.9% | ETA: 1min
[23:33:24] [SUCCESS] CODE: COD0OPSFIN_20230390000_01D_30S_CLK.CLK.gz (4.8MB) | Progress: 54.0% | ETA: 1min
[23:33:24] [SUCCESS] CODE: COD0OPSFIN_20230540000_01D_30S_CLK.CLK.gz (4.8MB) | Progress: 54.1% | ETA: 1min
[23:33:24] [SUCCESS] CODE: COD0OPSFIN_20230060000_01D_30S_CLK.CLK.gz (4.7MB) | Progress: 54.1% | ETA: 1min
[23:33:24] [INFO] [PROGRESS] Overall: 987/1824 files (54.1%) | Rate: 10.9 files/sec
[23:33:24] [SUCCESS] CODE: COD0OPSFIN_20230570000_01D_30S_CLK.CLK.gz (4.8MB) | Progress: 54.2% | ETA: 1min
[23:33:24] [SUCCESS] CODE: COD0OPSFIN_20230200000_01D_30S_CLK.CLK.gz (4.7MB) | Progress: 54.2% | ETA: 1min
[23:33:24] [SUCCESS] CODE: COD0OPSFIN_20230180000_01D_30S_CLK.CLK.gz (4.7MB) | Progress: 54.3% | ETA: 1min
[23:33:25] [SUCCESS] CODE: COD0OPSFIN_20230470000_01D_30S_CLK.CLK.gz (4.8MB) | Progress: 54.3% | ETA: 1min
[23:33:25] [SUCCESS] CODE: COD0OPSFIN_20230550000_01D_30S_CLK.CLK.gz (4.7MB) | Progress: 54.4% | ETA: 1min
[23:33:25] [SUCCESS] CODE: COD0OPSFIN_20230900000_01D_30S_CLK.CLK.gz (4.8MB) | Progress: 54.4% | ETA: 1min
[23:33:25] [SUCCESS] CODE: COD0OPSFIN_20230260000_01D_30S_CLK.CLK.gz (4.7MB) | Progress: 54.5% | ETA: 1min
[23:33:25] [SUCCESS] CODE: COD0OPSFIN_20230270000_01D_30S_CLK.CLK.gz (4.7MB) | Progress: 54.6% | ETA: 1min
[23:33:25] [SUCCESS] CODE: COD0OPSFIN_20230630000_01D_30S_CLK.CLK.gz (4.7MB) | Progress: 54.6% | ETA: 1min
[23:33:25] [SUCCESS] CODE: COD0OPSFIN_20230720000_01D_30S_CLK.CLK.gz (4.8MB) | Progress: 54.7% | ETA: 1min
[23:33:25] [SUCCESS] CODE: COD0OPSFIN_20230450000_01D_30S_CLK.CLK.gz (4.8MB) | Progress: 54.7% | ETA: 1min
[23:33:25] [SUCCESS] CODE: COD0OPSFIN_20230640000_01D_30S_CLK.CLK.gz (4.7MB) | Progress: 54.8% | ETA: 1min
[23:33:25] [SUCCESS] CODE: COD0OPSFIN_20230680000_01D_30S_CLK.CLK.gz (4.7MB) | Progress: 54.8% | ETA: 1min
[23:33:25] [SUCCESS] CODE: COD0OPSFIN_20230770000_01D_30S_CLK.CLK.gz (4.8MB) | Progress: 54.9% | ETA: 1min
[23:33:26] [SUCCESS] CODE: COD0OPSFIN_20230230000_01D_30S_CLK.CLK.gz (4.7MB) | Progress: 54.9% | ETA: 1min
[23:33:26] [SUCCESS] CODE: COD0OPSFIN_20230620000_01D_30S_CLK.CLK.gz (4.7MB) | Progress: 55.0% | ETA: 1min
[23:33:26] [SUCCESS] CODE: COD0OPSFIN_20231020000_01D_30S_CLK.CLK.gz (4.9MB) | Progress: 55.0% | ETA: 1min
[23:33:26] [SUCCESS] CODE: COD0OPSFIN_20230510000_01D_30S_CLK.CLK.gz (4.8MB) | Progress: 55.1% | ETA: 1min
[23:33:26] [SUCCESS] CODE: COD0OPSFIN_20231000000_01D_30S_CLK.CLK.gz (4.8MB) | Progress: 55.2% | ETA: 1min
[23:33:26] [SUCCESS] CODE: COD0OPSFIN_20230970000_01D_30S_CLK.CLK.gz (4.8MB) | Progress: 55.2% | ETA: 1min
[23:33:26] [SUCCESS] CODE: COD0OPSFIN_20230950000_01D_30S_CLK.CLK.gz (4.7MB) | Progress: 55.3% | ETA: 1min
[23:33:27] [SUCCESS] CODE: COD0OPSFIN_20230730000_01D_30S_CLK.CLK.gz (4.8MB) | Progress: 55.3% | ETA: 1min
[23:33:27] [SUCCESS] CODE: COD0OPSFIN_20231050000_01D_30S_CLK.CLK.gz (4.8MB) | Progress: 55.4% | ETA: 1min
[23:33:27] [SUCCESS] CODE: COD0OPSFIN_20230600000_01D_30S_CLK.CLK.gz (4.7MB) | Progress: 55.4% | ETA: 1min
[23:33:28] [SUCCESS] CODE: COD0OPSFIN_20231060000_01D_30S_CLK.CLK.gz (4.9MB) | Progress: 55.5% | ETA: 1min
[23:33:28] [INFO] [PROGRESS] Overall: 1012/1824 files (55.5%) | Rate: 10.8 files/sec
[23:33:28] [SUCCESS] CODE: COD0OPSFIN_20231070000_01D_30S_CLK.CLK.gz (4.9MB) | Progress: 55.5% | ETA: 1min
[23:33:28] [SUCCESS] CODE: COD0OPSFIN_20230980000_01D_30S_CLK.CLK.gz (4.8MB) | Progress: 55.6% | ETA: 1min
[23:33:28] [SUCCESS] CODE: COD0OPSFIN_20231100000_01D_30S_CLK.CLK.gz (4.8MB) | Progress: 55.6% | ETA: 1min
[23:33:28] [SUCCESS] CODE: COD0OPSFIN_20231120000_01D_30S_CLK.CLK.gz (4.9MB) | Progress: 55.7% | ETA: 1min
[23:33:28] [SUCCESS] CODE: COD0OPSFIN_20231030000_01D_30S_CLK.CLK.gz (4.9MB) | Progress: 55.8% | ETA: 1min
[23:33:28] [SUCCESS] CODE: COD0OPSFIN_20231130000_01D_30S_CLK.CLK.gz (4.8MB) | Progress: 55.8% | ETA: 1min
[23:33:29] [SUCCESS] CODE: COD0OPSFIN_20231110000_01D_30S_CLK.CLK.gz (4.8MB) | Progress: 55.9% | ETA: 1min
[23:33:29] [SUCCESS] CODE: COD0OPSFIN_20231150000_01D_30S_CLK.CLK.gz (4.9MB) | Progress: 55.9% | ETA: 1min
[23:33:29] [SUCCESS] CODE: COD0OPSFIN_20230990000_01D_30S_CLK.CLK.gz (4.8MB) | Progress: 56.0% | ETA: 1min
[23:33:30] [SUCCESS] CODE: COD0OPSFIN_20231010000_01D_30S_CLK.CLK.gz (4.8MB) | Progress: 56.0% | ETA: 1min
[23:33:30] [SUCCESS] CODE: COD0OPSFIN_20231270000_01D_30S_CLK.CLK.gz (4.8MB) | Progress: 56.1% | ETA: 1min
[23:33:30] [SUCCESS] CODE: COD0OPSFIN_20231190000_01D_30S_CLK.CLK.gz (4.9MB) | Progress: 56.1% | ETA: 1min
[23:33:30] [SUCCESS] CODE: COD0OPSFIN_20231040000_01D_30S_CLK.CLK.gz (4.8MB) | Progress: 56.2% | ETA: 1min
[23:33:30] [SUCCESS] CODE: COD0OPSFIN_20231250000_01D_30S_CLK.CLK.gz (4.8MB) | Progress: 56.2% | ETA: 1min
[23:33:31] [SUCCESS] CODE: COD0OPSFIN_20231310000_01D_30S_CLK.CLK.gz (4.8MB) | Progress: 56.3% | ETA: 1min
[23:33:31] [SUCCESS] CODE: COD0OPSFIN_20231160000_01D_30S_CLK.CLK.gz (4.9MB) | Progress: 56.4% | ETA: 1min
[23:33:31] [SUCCESS] CODE: COD0OPSFIN_20231180000_01D_30S_CLK.CLK.gz (4.8MB) | Progress: 56.4% | ETA: 1min
[23:33:31] [SUCCESS] CODE: COD0OPSFIN_20231210000_01D_30S_CLK.CLK.gz (4.8MB) | Progress: 56.5% | ETA: 1min
[23:33:31] [SUCCESS] CODE: COD0OPSFIN_20231080000_01D_30S_CLK.CLK.gz (4.8MB) | Progress: 56.5% | ETA: 1min
[23:33:31] [SUCCESS] CODE: COD0OPSFIN_20231090000_01D_30S_CLK.CLK.gz (4.8MB) | Progress: 56.6% | ETA: 1min
[23:33:31] [SUCCESS] CODE: COD0OPSFIN_20231320000_01D_30S_CLK.CLK.gz (4.8MB) | Progress: 56.6% | ETA: 1min
[23:33:31] [SUCCESS] CODE: COD0OPSFIN_20231240000_01D_30S_CLK.CLK.gz (4.8MB) | Progress: 56.7% | ETA: 1min
[23:33:32] [SUCCESS] CODE: COD0OPSFIN_20231340000_01D_30S_CLK.CLK.gz (4.8MB) | Progress: 56.7% | ETA: 1min
[23:33:32] [SUCCESS] CODE: COD0OPSFIN_20231170000_01D_30S_CLK.CLK.gz (4.8MB) | Progress: 56.8% | ETA: 1min
[23:33:32] [SUCCESS] CODE: COD0OPSFIN_20231200000_01D_30S_CLK.CLK.gz (4.8MB) | Progress: 56.9% | ETA: 1min
[23:33:32] [INFO] [PROGRESS] Overall: 1037/1824 files (56.9%) | Rate: 10.6 files/sec
[23:33:32] [SUCCESS] CODE: COD0OPSFIN_20231140000_01D_30S_CLK.CLK.gz (4.8MB) | Progress: 56.9% | ETA: 1min
[23:33:32] [SUCCESS] CODE: COD0OPSFIN_20231260000_01D_30S_CLK.CLK.gz (4.8MB) | Progress: 57.0% | ETA: 1min
[23:33:32] [SUCCESS] CODE: COD0OPSFIN_20231280000_01D_30S_CLK.CLK.gz (4.8MB) | Progress: 57.0% | ETA: 1min
[23:33:32] [SUCCESS] CODE: COD0OPSFIN_20230710000_01D_30S_CLK.CLK.gz (4.8MB) | Progress: 57.1% | ETA: 1min
[23:33:33] [SUCCESS] CODE: COD0OPSFIN_20231350000_01D_30S_CLK.CLK.gz (4.8MB) | Progress: 57.1% | ETA: 1min
[23:33:33] [SUCCESS] CODE: COD0OPSFIN_20231220000_01D_30S_CLK.CLK.gz (4.8MB) | Progress: 57.2% | ETA: 1min
[23:33:33] [SUCCESS] CODE: COD0OPSFIN_20231390000_01D_30S_CLK.CLK.gz (4.8MB) | Progress: 57.2% | ETA: 1min
[23:33:33] [SUCCESS] CODE: COD0OPSFIN_20231380000_01D_30S_CLK.CLK.gz (4.8MB) | Progress: 57.3% | ETA: 1min
[23:33:33] [SUCCESS] CODE: COD0OPSFIN_20231290000_01D_30S_CLK.CLK.gz (4.8MB) | Progress: 57.3% | ETA: 1min
[23:33:34] [SUCCESS] CODE: COD0OPSFIN_20231370000_01D_30S_CLK.CLK.gz (4.8MB) | Progress: 57.4% | ETA: 1min
[23:33:34] [SUCCESS] CODE: COD0OPSFIN_20231300000_01D_30S_CLK.CLK.gz (4.8MB) | Progress: 57.5% | ETA: 1min
[23:33:35] [SUCCESS] CODE: COD0OPSFIN_20231420000_01D_30S_CLK.CLK.gz (4.8MB) | Progress: 57.5% | ETA: 1min
[23:33:35] [SUCCESS] CODE: COD0OPSFIN_20231330000_01D_30S_CLK.CLK.gz (4.8MB) | Progress: 57.6% | ETA: 1min
[23:33:35] [SUCCESS] CODE: COD0OPSFIN_20231460000_01D_30S_CLK.CLK.gz (4.8MB) | Progress: 57.6% | ETA: 1min
[23:33:36] [SUCCESS] CODE: COD0OPSFIN_20231360000_01D_30S_CLK.CLK.gz (4.8MB) | Progress: 57.7% | ETA: 1min
[23:33:37] [SUCCESS] CODE: COD0OPSFIN_20231440000_01D_30S_CLK.CLK.gz (4.8MB) | Progress: 57.7% | ETA: 1min
[23:33:37] [SUCCESS] CODE: COD0OPSFIN_20231430000_01D_30S_CLK.CLK.gz (4.8MB) | Progress: 57.8% | ETA: 1min
[23:33:37] [SUCCESS] CODE: COD0OPSFIN_20231410000_01D_30S_CLK.CLK.gz (4.8MB) | Progress: 57.8% | ETA: 1min
[23:33:37] [SUCCESS] CODE: COD0OPSFIN_20231400000_01D_30S_CLK.CLK.gz (4.8MB) | Progress: 57.9% | ETA: 1min
[23:33:37] [SUCCESS] CODE: COD0OPSFIN_20231450000_01D_30S_CLK.CLK.gz (4.8MB) | Progress: 57.9% | ETA: 1min
[23:33:38] [SUCCESS] CODE: COD0OPSFIN_20231230000_01D_30S_CLK.CLK.gz (4.8MB) | Progress: 58.0% | ETA: 1min
[23:33:38] [SUCCESS] CODE: COD0OPSFIN_20231470000_01D_30S_CLK.CLK.gz (4.8MB) | Progress: 58.1% | ETA: 1min
[23:33:38] [SUCCESS] CODE: COD0OPSFIN_20231490000_01D_30S_CLK.CLK.gz (4.8MB) | Progress: 58.1% | ETA: 1min
[23:33:38] [SUCCESS] CODE: COD0OPSFIN_20231480000_01D_30S_CLK.CLK.gz (4.8MB) | Progress: 58.2% | ETA: 1min
[23:33:38] [SUCCESS] CODE: COD0OPSFIN_20231500000_01D_30S_CLK.CLK.gz (4.8MB) | Progress: 58.2% | ETA: 1min
[23:33:38] [INFO] [PROGRESS] Overall: 1062/1824 files (58.2%) | Rate: 10.2 files/sec
[23:33:38] [SUCCESS] CODE: COD0OPSFIN_20231510000_01D_30S_CLK.CLK.gz (4.8MB) | Progress: 58.3% | ETA: 1min
[23:33:38] [SUCCESS] CODE: COD0OPSFIN_20231520000_01D_30S_CLK.CLK.gz (4.8MB) | Progress: 58.3% | ETA: 1min
[23:33:39] [SUCCESS] CODE: COD0OPSFIN_20231530000_01D_30S_CLK.CLK.gz (4.8MB) | Progress: 58.4% | ETA: 1min
[23:33:39] [SUCCESS] CODE: COD0OPSFIN_20231550000_01D_30S_CLK.CLK.gz (4.8MB) | Progress: 58.4% | ETA: 1min
[23:33:39] [SUCCESS] CODE: COD0OPSFIN_20231540000_01D_30S_CLK.CLK.gz (4.8MB) | Progress: 58.5% | ETA: 1min
[23:33:39] [SUCCESS] CODE: COD0OPSFIN_20231560000_01D_30S_CLK.CLK.gz (4.8MB) | Progress: 58.6% | ETA: 1min
[23:33:39] [SUCCESS] CODE: COD0OPSFIN_20231570000_01D_30S_CLK.CLK.gz (4.8MB) | Progress: 58.6% | ETA: 1min
[23:33:40] [SUCCESS] CODE: COD0OPSFIN_20231580000_01D_30S_CLK.CLK.gz (4.8MB) | Progress: 58.7% | ETA: 1min
[23:33:40] [SUCCESS] CODE: COD0OPSFIN_20231600000_01D_30S_CLK.CLK.gz (4.8MB) | Progress: 58.7% | ETA: 1min
[23:33:40] [SUCCESS] CODE: COD0OPSFIN_20231610000_01D_30S_CLK.CLK.gz (4.8MB) | Progress: 58.8% | ETA: 1min
[23:33:40] [SUCCESS] CODE: COD0OPSFIN_20231590000_01D_30S_CLK.CLK.gz (4.8MB) | Progress: 58.8% | ETA: 1min
[23:33:40] [SUCCESS] CODE: COD0OPSFIN_20231620000_01D_30S_CLK.CLK.gz (4.8MB) | Progress: 58.9% | ETA: 1min
[23:33:40] [SUCCESS] CODE: COD0OPSFIN_20231630000_01D_30S_CLK.CLK.gz (4.8MB) | Progress: 58.9% | ETA: 1min
[23:33:40] [SUCCESS] CODE: COD0OPSFIN_20231640000_01D_30S_CLK.CLK.gz (4.8MB) | Progress: 59.0% | ETA: 1min
[23:33:40] [SUCCESS] CODE: COD0OPSFIN_20231650000_01D_30S_CLK.CLK.gz (4.8MB) | Progress: 59.0% | ETA: 1min
[23:33:40] [SUCCESS] CODE: COD0OPSFIN_20231660000_01D_30S_CLK.CLK.gz (4.8MB) | Progress: 59.1% | ETA: 1min
[23:33:40] [SUCCESS] CODE: COD0OPSFIN_20231670000_01D_30S_CLK.CLK.gz (4.8MB) | Progress: 59.2% | ETA: 1min
[23:33:41] [SUCCESS] CODE: COD0OPSFIN_20231680000_01D_30S_CLK.CLK.gz (4.9MB) | Progress: 59.2% | ETA: 1min
[23:33:41] [SUCCESS] CODE: COD0OPSFIN_20231690000_01D_30S_CLK.CLK.gz (4.9MB) | Progress: 59.3% | ETA: 1min
[23:33:42] [SUCCESS] CODE: COD0OPSFIN_20231700000_01D_30S_CLK.CLK.gz (4.9MB) | Progress: 59.3% | ETA: 1min
[23:33:42] [SUCCESS] CODE: COD0OPSFIN_20231710000_01D_30S_CLK.CLK.gz (4.9MB) | Progress: 59.4% | ETA: 1min
[23:33:42] [SUCCESS] CODE: COD0OPSFIN_20231720000_01D_30S_CLK.CLK.gz (4.9MB) | Progress: 59.4% | ETA: 1min
[23:33:42] [SUCCESS] CODE: COD0OPSFIN_20231730000_01D_30S_CLK.CLK.gz (4.9MB) | Progress: 59.5% | ETA: 1min
[23:33:42] [SUCCESS] CODE: COD0OPSFIN_20231740000_01D_30S_CLK.CLK.gz (4.9MB) | Progress: 59.5% | ETA: 1min
[23:33:42] [SUCCESS] CODE: COD0OPSFIN_20231750000_01D_30S_CLK.CLK.gz (4.9MB) | Progress: 59.6% | ETA: 1min
[23:33:42] [INFO] [PROGRESS] Overall: 1087/1824 files (59.6%) | Rate: 10.0 files/sec
[23:33:43] [SUCCESS] CODE: COD0OPSFIN_20231760000_01D_30S_CLK.CLK.gz (4.9MB) | Progress: 59.6% | ETA: 1min
[23:33:43] [SUCCESS] CODE: COD0OPSFIN_20231780000_01D_30S_CLK.CLK.gz (4.9MB) | Progress: 59.7% | ETA: 1min
[23:33:43] [SUCCESS] CODE: COD0OPSFIN_20231790000_01D_30S_CLK.CLK.gz (4.9MB) | Progress: 59.8% | ETA: 1min
[23:33:43] [SUCCESS] CODE: COD0OPSFIN_20231770000_01D_30S_CLK.CLK.gz (4.9MB) | Progress: 59.8% | ETA: 1min
[23:33:44] [SUCCESS] CODE: COD0OPSFIN_20231800000_01D_30S_CLK.CLK.gz (4.9MB) | Progress: 59.9% | ETA: 1min
[23:33:44] [SUCCESS] CODE: COD0OPSFIN_20231810000_01D_30S_CLK.CLK.gz (4.9MB) | Progress: 59.9% | ETA: 1min
[23:33:44] [SUCCESS] CODE: COD0OPSFIN_20231820000_01D_30S_CLK.CLK.gz (4.9MB) | Progress: 60.0% | ETA: 1min
[23:33:44] [SUCCESS] CODE: COD0OPSFIN_20231830000_01D_30S_CLK.CLK.gz (4.9MB) | Progress: 60.0% | ETA: 1min
[23:33:45] [SUCCESS] CODE: COD0OPSFIN_20231840000_01D_30S_CLK.CLK.gz (4.9MB) | Progress: 60.1% | ETA: 1min
[23:33:45] [SUCCESS] CODE: COD0OPSFIN_20231850000_01D_30S_CLK.CLK.gz (4.9MB) | Progress: 60.1% | ETA: 1min
[23:33:45] [SUCCESS] CODE: COD0OPSFIN_20231860000_01D_30S_CLK.CLK.gz (4.8MB) | Progress: 60.2% | ETA: 1min
[23:33:45] [SUCCESS] CODE: COD0OPSFIN_20231870000_01D_30S_CLK.CLK.gz (4.8MB) | Progress: 60.3% | ETA: 1min
[23:33:45] [SUCCESS] CODE: COD0OPSFIN_20231880000_01D_30S_CLK.CLK.gz (4.8MB) | Progress: 60.3% | ETA: 1min
[23:33:45] [SUCCESS] CODE: COD0OPSFIN_20231890000_01D_30S_CLK.CLK.gz (4.9MB) | Progress: 60.4% | ETA: 1min
[23:33:46] [SUCCESS] CODE: COD0OPSFIN_20231900000_01D_30S_CLK.CLK.gz (4.9MB) | Progress: 60.4% | ETA: 1min
[23:33:46] [SUCCESS] CODE: COD0OPSFIN_20231910000_01D_30S_CLK.CLK.gz (4.9MB) | Progress: 60.5% | ETA: 1min
[23:33:46] [SUCCESS] CODE: COD0OPSFIN_20231930000_01D_30S_CLK.CLK.gz (4.9MB) | Progress: 60.5% | ETA: 1min
[23:33:46] [SUCCESS] CODE: COD0OPSFIN_20231920000_01D_30S_CLK.CLK.gz (4.9MB) | Progress: 60.6% | ETA: 1min
[23:33:46] [SUCCESS] CODE: COD0OPSFIN_20231960000_01D_30S_CLK.CLK.gz (4.9MB) | Progress: 60.6% | ETA: 1min
[23:33:46] [SUCCESS] CODE: COD0OPSFIN_20231940000_01D_30S_CLK.CLK.gz (4.8MB) | Progress: 60.7% | ETA: 1min
[23:33:47] [SUCCESS] CODE: COD0OPSFIN_20231950000_01D_30S_CLK.CLK.gz (4.8MB) | Progress: 60.7% | ETA: 1min
[23:33:47] [SUCCESS] CODE: COD0OPSFIN_20231970000_01D_30S_CLK.CLK.gz (4.9MB) | Progress: 60.8% | ETA: 1min
[23:33:47] [SUCCESS] CODE: COD0OPSFIN_20231980000_01D_30S_CLK.CLK.gz (4.9MB) | Progress: 60.9% | ETA: 1min
[23:33:47] [SUCCESS] CODE: COD0OPSFIN_20231990000_01D_30S_CLK.CLK.gz (4.9MB) | Progress: 60.9% | ETA: 1min
[23:33:47] [SUCCESS] CODE: COD0OPSFIN_20232010000_01D_30S_CLK.CLK.gz (4.8MB) | Progress: 61.0% | ETA: 1min
[23:33:47] [INFO] [PROGRESS] Overall: 1112/1824 files (61.0%) | Rate: 9.8 files/sec
[23:33:47] [SUCCESS] CODE: COD0OPSFIN_20232020000_01D_30S_CLK.CLK.gz (4.9MB) | Progress: 61.0% | ETA: 1min
[23:33:47] [SUCCESS] CODE: COD0OPSFIN_20232040000_01D_30S_CLK.CLK.gz (4.9MB) | Progress: 61.1% | ETA: 1min
[23:33:47] [SUCCESS] CODE: COD0OPSFIN_20232030000_01D_30S_CLK.CLK.gz (4.8MB) | Progress: 61.1% | ETA: 1min
[23:33:48] [SUCCESS] CODE: COD0OPSFIN_20232050000_01D_30S_CLK.CLK.gz (4.8MB) | Progress: 61.2% | ETA: 1min
[23:33:48] [SUCCESS] CODE: COD0OPSFIN_20232070000_01D_30S_CLK.CLK.gz (4.9MB) | Progress: 61.2% | ETA: 1min
[23:33:48] [SUCCESS] CODE: COD0OPSFIN_20232080000_01D_30S_CLK.CLK.gz (4.9MB) | Progress: 61.3% | ETA: 1min
[23:33:48] [SUCCESS] CODE: COD0OPSFIN_20232060000_01D_30S_CLK.CLK.gz (4.9MB) | Progress: 61.3% | ETA: 1min
[23:33:48] [SUCCESS] CODE: COD0OPSFIN_20232100000_01D_30S_CLK.CLK.gz (4.9MB) | Progress: 61.4% | ETA: 1min
[23:33:48] [SUCCESS] CODE: COD0OPSFIN_20232090000_01D_30S_CLK.CLK.gz (4.9MB) | Progress: 61.5% | ETA: 1min
[23:33:49] [SUCCESS] CODE: COD0OPSFIN_20232110000_01D_30S_CLK.CLK.gz (4.9MB) | Progress: 61.5% | ETA: 1min
[23:33:49] [SUCCESS] CODE: COD0OPSFIN_20232120000_01D_30S_CLK.CLK.gz (4.9MB) | Progress: 61.6% | ETA: 1min
[23:33:49] [SUCCESS] CODE: COD0OPSFIN_20232130000_01D_30S_CLK.CLK.gz (4.9MB) | Progress: 61.6% | ETA: 1min
[23:33:49] [SUCCESS] CODE: COD0OPSFIN_20232140000_01D_30S_CLK.CLK.gz (4.9MB) | Progress: 61.7% | ETA: 1min
[23:33:50] [SUCCESS] CODE: COD0OPSFIN_20232150000_01D_30S_CLK.CLK.gz (4.9MB) | Progress: 61.7% | ETA: 1min
[23:33:50] [SUCCESS] CODE: COD0OPSFIN_20232170000_01D_30S_CLK.CLK.gz (4.9MB) | Progress: 61.8% | ETA: 1min
[23:33:50] [SUCCESS] CODE: COD0OPSFIN_20232160000_01D_30S_CLK.CLK.gz (4.8MB) | Progress: 61.8% | ETA: 1min
[23:33:50] [SUCCESS] CODE: COD0OPSFIN_20232180000_01D_30S_CLK.CLK.gz (4.9MB) | Progress: 61.9% | ETA: 1min
[23:33:50] [SUCCESS] CODE: COD0OPSFIN_20232190000_01D_30S_CLK.CLK.gz (4.9MB) | Progress: 62.0% | ETA: 1min
[23:33:51] [SUCCESS] CODE: COD0OPSFIN_20232200000_01D_30S_CLK.CLK.gz (4.9MB) | Progress: 62.0% | ETA: 1min
[23:33:51] [SUCCESS] CODE: COD0OPSFIN_20232000000_01D_30S_CLK.CLK.gz (4.8MB) | Progress: 62.1% | ETA: 1min
[23:33:51] [SUCCESS] CODE: COD0OPSFIN_20232210000_01D_30S_CLK.CLK.gz (4.8MB) | Progress: 62.1% | ETA: 1min
[23:33:51] [SUCCESS] CODE: COD0OPSFIN_20232220000_01D_30S_CLK.CLK.gz (4.8MB) | Progress: 62.2% | ETA: 1min
[23:33:51] [SUCCESS] CODE: COD0OPSFIN_20232230000_01D_30S_CLK.CLK.gz (4.8MB) | Progress: 62.2% | ETA: 1min
[23:33:52] [SUCCESS] CODE: COD0OPSFIN_20232240000_01D_30S_CLK.CLK.gz (4.8MB) | Progress: 62.3% | ETA: 1min
[23:33:52] [SUCCESS] CODE: COD0OPSFIN_20232250000_01D_30S_CLK.CLK.gz (4.9MB) | Progress: 62.3% | ETA: 1min
[23:33:52] [INFO] [PROGRESS] Overall: 1137/1824 files (62.3%) | Rate: 9.6 files/sec
[23:33:52] [SUCCESS] CODE: COD0OPSFIN_20232260000_01D_30S_CLK.CLK.gz (4.9MB) | Progress: 62.4% | ETA: 1min
[23:33:53] [SUCCESS] CODE: COD0OPSFIN_20232270000_01D_30S_CLK.CLK.gz (4.9MB) | Progress: 62.4% | ETA: 1min
[23:33:53] [SUCCESS] CODE: COD0OPSFIN_20232280000_01D_30S_CLK.CLK.gz (4.9MB) | Progress: 62.5% | ETA: 1min
[23:33:53] [SUCCESS] CODE: COD0OPSFIN_20232290000_01D_30S_CLK.CLK.gz (4.9MB) | Progress: 62.6% | ETA: 1min
[23:33:54] [SUCCESS] CODE: COD0OPSFIN_20232300000_01D_30S_CLK.CLK.gz (4.9MB) | Progress: 62.6% | ETA: 1min
[23:33:54] [SUCCESS] CODE: COD0OPSFIN_20232310000_01D_30S_CLK.CLK.gz (4.9MB) | Progress: 62.7% | ETA: 1min
[23:33:55] [SUCCESS] CODE: COD0OPSFIN_20232320000_01D_30S_CLK.CLK.gz (4.9MB) | Progress: 62.7% | ETA: 1min
[23:33:55] [SUCCESS] CODE: COD0OPSFIN_20232330000_01D_30S_CLK.CLK.gz (4.9MB) | Progress: 62.8% | ETA: 1min
[23:33:56] [SUCCESS] CODE: COD0OPSFIN_20232340000_01D_30S_CLK.CLK.gz (4.8MB) | Progress: 62.8% | ETA: 1min
[23:33:56] [SUCCESS] CODE: COD0OPSFIN_20232350000_01D_30S_CLK.CLK.gz (4.8MB) | Progress: 62.9% | ETA: 1min
[23:33:56] [SUCCESS] CODE: COD0OPSFIN_20232360000_01D_30S_CLK.CLK.gz (4.9MB) | Progress: 62.9% | ETA: 1min
[23:33:56] [SUCCESS] CODE: COD0OPSFIN_20232380000_01D_30S_CLK.CLK.gz (4.8MB) | Progress: 63.0% | ETA: 1min
[23:33:56] [SUCCESS] CODE: COD0OPSFIN_20232370000_01D_30S_CLK.CLK.gz (4.8MB) | Progress: 63.0% | ETA: 1min
[23:33:56] [SUCCESS] CODE: COD0OPSFIN_20232400000_01D_30S_CLK.CLK.gz (4.9MB) | Progress: 63.1% | ETA: 1min
[23:33:56] [SUCCESS] CODE: COD0OPSFIN_20232390000_01D_30S_CLK.CLK.gz (4.8MB) | Progress: 63.2% | ETA: 1min
[23:33:57] [SUCCESS] CODE: COD0OPSFIN_20232410000_01D_30S_CLK.CLK.gz (4.9MB) | Progress: 63.2% | ETA: 1min
[23:33:57] [SUCCESS] CODE: COD0OPSFIN_20232420000_01D_30S_CLK.CLK.gz (4.9MB) | Progress: 63.3% | ETA: 1min
[23:33:57] [SUCCESS] CODE: COD0OPSFIN_20232430000_01D_30S_CLK.CLK.gz (4.9MB) | Progress: 63.3% | ETA: 1min
[23:33:57] [SUCCESS] CODE: COD0OPSFIN_20232440000_01D_30S_CLK.CLK.gz (4.9MB) | Progress: 63.4% | ETA: 1min
[23:33:57] [SUCCESS] CODE: COD0OPSFIN_20232450000_01D_30S_CLK.CLK.gz (4.9MB) | Progress: 63.4% | ETA: 1min
[23:33:57] [SUCCESS] CODE: COD0OPSFIN_20232460000_01D_30S_CLK.CLK.gz (4.9MB) | Progress: 63.5% | ETA: 1min
[23:33:57] [SUCCESS] CODE: COD0OPSFIN_20232470000_01D_30S_CLK.CLK.gz (4.9MB) | Progress: 63.5% | ETA: 1min
[23:33:57] [SUCCESS] CODE: COD0OPSFIN_20232480000_01D_30S_CLK.CLK.gz (4.8MB) | Progress: 63.6% | ETA: 1min
[23:33:57] [SUCCESS] CODE: COD0OPSFIN_20232500000_01D_30S_CLK.CLK.gz (4.8MB) | Progress: 63.7% | ETA: 1min
[23:33:57] [SUCCESS] CODE: COD0OPSFIN_20232510000_01D_30S_CLK.CLK.gz (4.7MB) | Progress: 63.7% | ETA: 1min
[23:33:57] [INFO] [PROGRESS] Overall: 1162/1824 files (63.7%) | Rate: 9.4 files/sec
[23:33:57] [SUCCESS] CODE: COD0OPSFIN_20232490000_01D_30S_CLK.CLK.gz (4.8MB) | Progress: 63.8% | ETA: 1min
[23:33:57] [SUCCESS] CODE: COD0OPSFIN_20232520000_01D_30S_CLK.CLK.gz (4.8MB) | Progress: 63.8% | ETA: 1min
[23:33:58] [SUCCESS] CODE: COD0OPSFIN_20232530000_01D_30S_CLK.CLK.gz (4.8MB) | Progress: 63.9% | ETA: 1min
[23:33:58] [SUCCESS] CODE: COD0OPSFIN_20232540000_01D_30S_CLK.CLK.gz (4.8MB) | Progress: 63.9% | ETA: 1min
[23:33:58] [SUCCESS] CODE: COD0OPSFIN_20232550000_01D_30S_CLK.CLK.gz (4.8MB) | Progress: 64.0% | ETA: 1min
[23:33:58] [SUCCESS] CODE: COD0OPSFIN_20232570000_01D_30S_CLK.CLK.gz (4.8MB) | Progress: 64.0% | ETA: 1min
[23:33:58] [SUCCESS] CODE: COD0OPSFIN_20232580000_01D_30S_CLK.CLK.gz (4.8MB) | Progress: 64.1% | ETA: 1min
[23:33:58] [SUCCESS] CODE: COD0OPSFIN_20232560000_01D_30S_CLK.CLK.gz (4.8MB) | Progress: 64.1% | ETA: 1min
[23:33:58] [SUCCESS] CODE: COD0OPSFIN_20232590000_01D_30S_CLK.CLK.gz (4.8MB) | Progress: 64.2% | ETA: 1min
[23:33:58] [SUCCESS] CODE: COD0OPSFIN_20232600000_01D_30S_CLK.CLK.gz (4.8MB) | Progress: 64.3% | ETA: 1min
[23:33:58] [SUCCESS] CODE: COD0OPSFIN_20232610000_01D_30S_CLK.CLK.gz (4.8MB) | Progress: 64.3% | ETA: 1min
[23:33:59] [SUCCESS] CODE: COD0OPSFIN_20232630000_01D_30S_CLK.CLK.gz (4.8MB) | Progress: 64.4% | ETA: 1min
[23:33:59] [SUCCESS] CODE: COD0OPSFIN_20232620000_01D_30S_CLK.CLK.gz (4.9MB) | Progress: 64.4% | ETA: 1min
[23:33:59] [SUCCESS] CODE: COD0OPSFIN_20232640000_01D_30S_CLK.CLK.gz (4.9MB) | Progress: 64.5% | ETA: 1min
[23:33:59] [SUCCESS] CODE: COD0OPSFIN_20232650000_01D_30S_CLK.CLK.gz (4.8MB) | Progress: 64.5% | ETA: 1min
[23:33:59] [SUCCESS] CODE: COD0OPSFIN_20232680000_01D_30S_CLK.CLK.gz (4.9MB) | Progress: 64.6% | ETA: 1min
[23:33:59] [SUCCESS] CODE: COD0OPSFIN_20232660000_01D_30S_CLK.CLK.gz (4.9MB) | Progress: 64.6% | ETA: 1min
[23:33:59] [SUCCESS] CODE: COD0OPSFIN_20232700000_01D_30S_CLK.CLK.gz (4.8MB) | Progress: 64.7% | ETA: 1min
[23:33:59] [SUCCESS] CODE: COD0OPSFIN_20232670000_01D_30S_CLK.CLK.gz (4.9MB) | Progress: 64.7% | ETA: 1min
[23:34:00] [SUCCESS] CODE: COD0OPSFIN_20232820000_01D_30S_CLK.CLK.gz (4.9MB) | Progress: 64.8% | ETA: 1min
[23:34:00] [SUCCESS] CODE: COD0OPSFIN_20232690000_01D_30S_CLK.CLK.gz (4.9MB) | Progress: 64.9% | ETA: 1min
[23:34:00] [SUCCESS] CODE: COD0OPSFIN_20232860000_01D_30S_CLK.CLK.gz (4.9MB) | Progress: 64.9% | ETA: 1min
[23:34:01] [SUCCESS] CODE: COD0OPSFIN_20232710000_01D_30S_CLK.CLK.gz (4.9MB) | Progress: 65.0% | ETA: 1min
[23:34:01] [SUCCESS] CODE: COD0OPSFIN_20232830000_01D_30S_CLK.CLK.gz (4.9MB) | Progress: 65.0% | ETA: 1min
[23:34:02] [SUCCESS] CODE: COD0OPSFIN_20232720000_01D_30S_CLK.CLK.gz (4.9MB) | Progress: 65.1% | ETA: 1min
[23:34:02] [INFO] [PROGRESS] Overall: 1187/1824 files (65.1%) | Rate: 9.3 files/sec
[23:34:02] [SUCCESS] CODE: COD0OPSFIN_20232760000_01D_30S_CLK.CLK.gz (4.9MB) | Progress: 65.1% | ETA: 1min
[23:34:02] [SUCCESS] CODE: COD0OPSFIN_20232730000_01D_30S_CLK.CLK.gz (4.9MB) | Progress: 65.2% | ETA: 1min
[23:34:02] [SUCCESS] CODE: COD0OPSFIN_20232750000_01D_30S_CLK.CLK.gz (4.9MB) | Progress: 65.2% | ETA: 1min
[23:34:03] [SUCCESS] CODE: COD0OPSFIN_20232770000_01D_30S_CLK.CLK.gz (4.9MB) | Progress: 65.3% | ETA: 1min
[23:34:03] [SUCCESS] CODE: COD0OPSFIN_20232790000_01D_30S_CLK.CLK.gz (4.9MB) | Progress: 65.4% | ETA: 1min
[23:34:03] [SUCCESS] CODE: COD0OPSFIN_20232780000_01D_30S_CLK.CLK.gz (4.9MB) | Progress: 65.4% | ETA: 1min
[23:34:03] [SUCCESS] CODE: COD0OPSFIN_20232800000_01D_30S_CLK.CLK.gz (4.9MB) | Progress: 65.5% | ETA: 1min
[23:34:04] [SUCCESS] CODE: COD0OPSFIN_20232810000_01D_30S_CLK.CLK.gz (4.9MB) | Progress: 65.5% | ETA: 1min
[23:34:04] [SUCCESS] CODE: COD0OPSFIN_20232840000_01D_30S_CLK.CLK.gz (4.9MB) | Progress: 65.6% | ETA: 1min
[23:34:04] [SUCCESS] CODE: COD0OPSFIN_20232850000_01D_30S_CLK.CLK.gz (4.9MB) | Progress: 65.6% | ETA: 1min
[23:34:05] [SUCCESS] CODE: COD0OPSFIN_20232870000_01D_30S_CLK.CLK.gz (4.8MB) | Progress: 65.7% | ETA: 1min
[23:34:05] [SUCCESS] CODE: COD0OPSFIN_20232880000_01D_30S_CLK.CLK.gz (4.9MB) | Progress: 65.7% | ETA: 1min
[23:34:05] [SUCCESS] CODE: COD0OPSFIN_20232890000_01D_30S_CLK.CLK.gz (4.8MB) | Progress: 65.8% | ETA: 1min
[23:34:05] [SUCCESS] CODE: COD0OPSFIN_20232900000_01D_30S_CLK.CLK.gz (4.9MB) | Progress: 65.8% | ETA: 1min
[23:34:06] [SUCCESS] CODE: COD0OPSFIN_20232910000_01D_30S_CLK.CLK.gz (4.9MB) | Progress: 65.9% | ETA: 1min
[23:34:06] [SUCCESS] CODE: COD0OPSFIN_20232930000_01D_30S_CLK.CLK.gz (4.8MB) | Progress: 66.0% | ETA: 1min
[23:34:06] [SUCCESS] CODE: COD0OPSFIN_20232960000_01D_30S_CLK.CLK.gz (4.9MB) | Progress: 66.0% | ETA: 1min
[23:34:06] [SUCCESS] CODE: COD0OPSFIN_20232920000_01D_30S_CLK.CLK.gz (4.9MB) | Progress: 66.1% | ETA: 1min
[23:34:06] [SUCCESS] CODE: COD0OPSFIN_20232950000_01D_30S_CLK.CLK.gz (4.9MB) | Progress: 66.1% | ETA: 1min
[23:34:06] [SUCCESS] CODE: COD0OPSFIN_20232970000_01D_30S_CLK.CLK.gz (4.9MB) | Progress: 66.2% | ETA: 1min
[23:34:06] [SUCCESS] CODE: COD0OPSFIN_20232940000_01D_30S_CLK.CLK.gz (4.9MB) | Progress: 66.2% | ETA: 1min
[23:34:07] [SUCCESS] CODE: COD0OPSFIN_20232980000_01D_30S_CLK.CLK.gz (4.9MB) | Progress: 66.3% | ETA: 1min
[23:34:07] [SUCCESS] CODE: COD0OPSFIN_20232990000_01D_30S_CLK.CLK.gz (4.9MB) | Progress: 66.3% | ETA: 1min
[23:34:07] [SUCCESS] CODE: COD0OPSFIN_20232740000_01D_30S_CLK.CLK.gz (4.9MB) | Progress: 66.4% | ETA: 1min
[23:34:07] [SUCCESS] CODE: COD0OPSFIN_20233000000_01D_30S_CLK.CLK.gz (4.8MB) | Progress: 66.4% | ETA: 1min
[23:34:07] [INFO] [PROGRESS] Overall: 1212/1824 files (66.4%) | Rate: 9.1 files/sec
[23:34:07] [SUCCESS] CODE: COD0OPSFIN_20233030000_01D_30S_CLK.CLK.gz (4.8MB) | Progress: 66.5% | ETA: 1min
[23:34:07] [SUCCESS] CODE: COD0OPSFIN_20233020000_01D_30S_CLK.CLK.gz (4.9MB) | Progress: 66.6% | ETA: 1min
[23:34:07] [SUCCESS] CODE: COD0OPSFIN_20233040000_01D_30S_CLK.CLK.gz (4.8MB) | Progress: 66.6% | ETA: 1min
[23:34:07] [SUCCESS] CODE: COD0OPSFIN_20233010000_01D_30S_CLK.CLK.gz (4.9MB) | Progress: 66.7% | ETA: 1min
[23:34:08] [SUCCESS] CODE: COD0OPSFIN_20233050000_01D_30S_CLK.CLK.gz (4.8MB) | Progress: 66.7% | ETA: 1min
[23:34:08] [SUCCESS] CODE: COD0OPSFIN_20233070000_01D_30S_CLK.CLK.gz (4.8MB) | Progress: 66.8% | ETA: 1min
[23:34:08] [SUCCESS] CODE: COD0OPSFIN_20233080000_01D_30S_CLK.CLK.gz (4.8MB) | Progress: 66.8% | ETA: 1min
[23:34:08] [SUCCESS] CODE: COD0OPSFIN_20233060000_01D_30S_CLK.CLK.gz (4.8MB) | Progress: 66.9% | ETA: 1min
[23:34:08] [SUCCESS] CODE: COD0OPSFIN_20233090000_01D_30S_CLK.CLK.gz (4.8MB) | Progress: 66.9% | ETA: 1min
[23:34:08] [SUCCESS] CODE: COD0OPSFIN_20233100000_01D_30S_CLK.CLK.gz (4.8MB) | Progress: 67.0% | ETA: 1min
[23:34:09] [SUCCESS] CODE: COD0OPSFIN_20233110000_01D_30S_CLK.CLK.gz (4.8MB) | Progress: 67.1% | ETA: 1min
[23:34:09] [SUCCESS] CODE: COD0OPSFIN_20233120000_01D_30S_CLK.CLK.gz (4.8MB) | Progress: 67.1% | ETA: 1min
[23:34:09] [SUCCESS] CODE: COD0OPSFIN_20233130000_01D_30S_CLK.CLK.gz (4.8MB) | Progress: 67.2% | ETA: 1min
[23:34:09] [SUCCESS] CODE: COD0OPSFIN_20233140000_01D_30S_CLK.CLK.gz (4.7MB) | Progress: 67.2% | ETA: 1min
[23:34:09] [SUCCESS] CODE: COD0OPSFIN_20233150000_01D_30S_CLK.CLK.gz (4.8MB) | Progress: 67.3% | ETA: 1min
[23:34:10] [SUCCESS] CODE: COD0OPSFIN_20233160000_01D_30S_CLK.CLK.gz (4.8MB) | Progress: 67.3% | ETA: 1min
[23:34:10] [SUCCESS] CODE: COD0OPSFIN_20233170000_01D_30S_CLK.CLK.gz (4.8MB) | Progress: 67.4% | ETA: 1min
[23:34:10] [SUCCESS] CODE: COD0OPSFIN_20233180000_01D_30S_CLK.CLK.gz (4.8MB) | Progress: 67.4% | ETA: 1min
[23:34:10] [SUCCESS] CODE: COD0OPSFIN_20233190000_01D_30S_CLK.CLK.gz (4.8MB) | Progress: 67.5% | ETA: 1min
[23:34:10] [SUCCESS] CODE: COD0OPSFIN_20233200000_01D_30S_CLK.CLK.gz (4.8MB) | Progress: 67.5% | ETA: 1min
[23:34:11] [SUCCESS] CODE: COD0OPSFIN_20233210000_01D_30S_CLK.CLK.gz (4.8MB) | Progress: 67.6% | ETA: 1min
[23:34:11] [SUCCESS] CODE: COD0OPSFIN_20233230000_01D_30S_CLK.CLK.gz (4.8MB) | Progress: 67.7% | ETA: 1min
[23:34:11] [SUCCESS] CODE: COD0OPSFIN_20233220000_01D_30S_CLK.CLK.gz (4.8MB) | Progress: 67.7% | ETA: 1min
[23:34:11] [SUCCESS] CODE: COD0OPSFIN_20233240000_01D_30S_CLK.CLK.gz (4.8MB) | Progress: 67.8% | ETA: 1min
[23:34:12] [SUCCESS] CODE: COD0OPSFIN_20233250000_01D_30S_CLK.CLK.gz (4.8MB) | Progress: 67.8% | ETA: 1min
[23:34:12] [INFO] [PROGRESS] Overall: 1237/1824 files (67.8%) | Rate: 9.0 files/sec
[23:34:12] [SUCCESS] CODE: COD0OPSFIN_20233260000_01D_30S_CLK.CLK.gz (4.8MB) | Progress: 67.9% | ETA: 1min
[23:34:12] [SUCCESS] CODE: COD0OPSFIN_20233270000_01D_30S_CLK.CLK.gz (4.8MB) | Progress: 67.9% | ETA: 1min
[23:34:12] [SUCCESS] CODE: COD0OPSFIN_20233280000_01D_30S_CLK.CLK.gz (4.8MB) | Progress: 68.0% | ETA: 1min
[23:34:12] [SUCCESS] CODE: COD0OPSFIN_20233290000_01D_30S_CLK.CLK.gz (4.9MB) | Progress: 68.0% | ETA: 1min
[23:34:13] [SUCCESS] CODE: COD0OPSFIN_20233300000_01D_30S_CLK.CLK.gz (4.9MB) | Progress: 68.1% | ETA: 1min
[23:34:13] [SUCCESS] CODE: COD0OPSFIN_20233310000_01D_30S_CLK.CLK.gz (4.9MB) | Progress: 68.1% | ETA: 1min
[23:34:13] [SUCCESS] CODE: COD0OPSFIN_20233320000_01D_30S_CLK.CLK.gz (4.8MB) | Progress: 68.2% | ETA: 1min
[23:34:13] [SUCCESS] CODE: COD0OPSFIN_20233330000_01D_30S_CLK.CLK.gz (4.9MB) | Progress: 68.3% | ETA: 1min
[23:34:13] [SUCCESS] CODE: COD0OPSFIN_20233340000_01D_30S_CLK.CLK.gz (4.8MB) | Progress: 68.3% | ETA: 1min
[23:34:14] [SUCCESS] CODE: COD0OPSFIN_20233350000_01D_30S_CLK.CLK.gz (4.8MB) | Progress: 68.4% | ETA: 1min
[23:34:14] [SUCCESS] CODE: COD0OPSFIN_20233360000_01D_30S_CLK.CLK.gz (4.8MB) | Progress: 68.4% | ETA: 1min
[23:34:14] [SUCCESS] CODE: COD0OPSFIN_20233370000_01D_30S_CLK.CLK.gz (4.8MB) | Progress: 68.5% | ETA: 1min
[23:34:15] [SUCCESS] CODE: COD0OPSFIN_20233380000_01D_30S_CLK.CLK.gz (4.8MB) | Progress: 68.5% | ETA: 1min
[23:34:15] [SUCCESS] CODE: COD0OPSFIN_20233400000_01D_30S_CLK.CLK.gz (4.8MB) | Progress: 68.6% | ETA: 1min
[23:34:15] [SUCCESS] CODE: COD0OPSFIN_20233390000_01D_30S_CLK.CLK.gz (4.8MB) | Progress: 68.6% | ETA: 1min
[23:34:15] [SUCCESS] CODE: COD0OPSFIN_20233410000_01D_30S_CLK.CLK.gz (4.7MB) | Progress: 68.7% | ETA: 1min
[23:34:15] [SUCCESS] CODE: COD0OPSFIN_20233420000_01D_30S_CLK.CLK.gz (4.8MB) | Progress: 68.8% | ETA: 1min
[23:34:15] [SUCCESS] CODE: COD0OPSFIN_20233430000_01D_30S_CLK.CLK.gz (4.8MB) | Progress: 68.8% | ETA: 1min
[23:34:15] [SUCCESS] CODE: COD0OPSFIN_20233440000_01D_30S_CLK.CLK.gz (4.8MB) | Progress: 68.9% | ETA: 1min
[23:34:16] [SUCCESS] CODE: COD0OPSFIN_20233450000_01D_30S_CLK.CLK.gz (4.8MB) | Progress: 68.9% | ETA: 1min
[23:34:16] [SUCCESS] CODE: COD0OPSFIN_20233460000_01D_30S_CLK.CLK.gz (4.8MB) | Progress: 69.0% | ETA: 1min
[23:34:16] [SUCCESS] CODE: COD0OPSFIN_20233470000_01D_30S_CLK.CLK.gz (4.8MB) | Progress: 69.0% | ETA: 1min
[23:34:16] [SUCCESS] CODE: COD0OPSFIN_20233480000_01D_30S_CLK.CLK.gz (4.8MB) | Progress: 69.1% | ETA: 1min
[23:34:16] [SUCCESS] CODE: COD0OPSFIN_20233490000_01D_30S_CLK.CLK.gz (4.8MB) | Progress: 69.1% | ETA: 1min
[23:34:17] [SUCCESS] CODE: COD0OPSFIN_20233500000_01D_30S_CLK.CLK.gz (4.8MB) | Progress: 69.2% | ETA: 1min
[23:34:17] [INFO] [PROGRESS] Overall: 1262/1824 files (69.2%) | Rate: 8.8 files/sec
[23:34:17] [SUCCESS] CODE: COD0OPSFIN_20233520000_01D_30S_CLK.CLK.gz (4.8MB) | Progress: 69.2% | ETA: 1min
[23:34:17] [SUCCESS] CODE: COD0OPSFIN_20233530000_01D_30S_CLK.CLK.gz (4.8MB) | Progress: 69.3% | ETA: 1min
[23:34:17] [SUCCESS] CODE: COD0OPSFIN_20233510000_01D_30S_CLK.CLK.gz (4.8MB) | Progress: 69.4% | ETA: 1min
[23:34:17] [SUCCESS] CODE: COD0OPSFIN_20233540000_01D_30S_CLK.CLK.gz (4.9MB) | Progress: 69.4% | ETA: 1min
[23:34:17] [SUCCESS] CODE: COD0OPSFIN_20233550000_01D_30S_CLK.CLK.gz (4.8MB) | Progress: 69.5% | ETA: 1min
[23:34:17] [SUCCESS] CODE: COD0OPSFIN_20233570000_01D_30S_CLK.CLK.gz (4.8MB) | Progress: 69.5% | ETA: 1min
[23:34:18] [SUCCESS] CODE: COD0OPSFIN_20233560000_01D_30S_CLK.CLK.gz (4.8MB) | Progress: 69.6% | ETA: 1min
[23:34:18] [SUCCESS] CODE: COD0OPSFIN_20233580000_01D_30S_CLK.CLK.gz (4.8MB) | Progress: 69.6% | ETA: 1min
[23:34:18] [SUCCESS] CODE: COD0OPSFIN_20233590000_01D_30S_CLK.CLK.gz (4.8MB) | Progress: 69.7% | ETA: 1min
[23:34:18] [SUCCESS] CODE: COD0OPSFIN_20233600000_01D_30S_CLK.CLK.gz (4.8MB) | Progress: 69.7% | ETA: 1min
[23:34:18] [SUCCESS] CODE: COD0OPSFIN_20233610000_01D_30S_CLK.CLK.gz (4.8MB) | Progress: 69.8% | ETA: 1min
[23:34:18] [SUCCESS] CODE: COD0OPSFIN_20233620000_01D_30S_CLK.CLK.gz (4.8MB) | Progress: 69.8% | ETA: 1min
[23:34:18] [SUCCESS] CODE: COD0OPSFIN_20233630000_01D_30S_CLK.CLK.gz (4.8MB) | Progress: 69.9% | ETA: 1min
[23:34:19] [SUCCESS] CODE: COD0OPSFIN_20233640000_01D_30S_CLK.CLK.gz (4.7MB) | Progress: 70.0% | ETA: 1min
[23:34:19] [SUCCESS] CODE: COD0OPSFIN_20240010000_01D_30S_CLK.CLK.gz (4.7MB) | Progress: 70.0% | ETA: 1min
[23:34:19] [SUCCESS] CODE: COD0OPSFIN_20233650000_01D_30S_CLK.CLK.gz (4.7MB) | Progress: 70.1% | ETA: 1min
[23:34:19] [SUCCESS] CODE: COD0OPSFIN_20240020000_01D_30S_CLK.CLK.gz (4.7MB) | Progress: 70.1% | ETA: 1min
[23:34:19] [SUCCESS] CODE: COD0OPSFIN_20240030000_01D_30S_CLK.CLK.gz (4.8MB) | Progress: 70.2% | ETA: 1min
[23:34:19] [SUCCESS] CODE: COD0OPSFIN_20240040000_01D_30S_CLK.CLK.gz (4.8MB) | Progress: 70.2% | ETA: 1min
[23:34:20] [SUCCESS] CODE: COD0OPSFIN_20240050000_01D_30S_CLK.CLK.gz (4.7MB) | Progress: 70.3% | ETA: 1min
[23:34:20] [SUCCESS] CODE: COD0OPSFIN_20240060000_01D_30S_CLK.CLK.gz (4.8MB) | Progress: 70.3% | ETA: 1min
[23:34:20] [SUCCESS] CODE: COD0OPSFIN_20240070000_01D_30S_CLK.CLK.gz (4.8MB) | Progress: 70.4% | ETA: 1min
[23:34:20] [SUCCESS] CODE: COD0OPSFIN_20240080000_01D_30S_CLK.CLK.gz (4.8MB) | Progress: 70.4% | ETA: 1min
[23:34:20] [SUCCESS] CODE: COD0OPSFIN_20240090000_01D_30S_CLK.CLK.gz (4.8MB) | Progress: 70.5% | ETA: 1min
[23:34:21] [SUCCESS] CODE: COD0OPSFIN_20240100000_01D_30S_CLK.CLK.gz (4.8MB) | Progress: 70.6% | ETA: 1min
[23:34:21] [INFO] [PROGRESS] Overall: 1287/1824 files (70.6%) | Rate: 8.8 files/sec
[23:34:21] [SUCCESS] CODE: COD0OPSFIN_20240110000_01D_30S_CLK.CLK.gz (4.8MB) | Progress: 70.6% | ETA: 1min
[23:34:21] [SUCCESS] CODE: COD0OPSFIN_20240120000_01D_30S_CLK.CLK.gz (4.8MB) | Progress: 70.7% | ETA: 1min
[23:34:22] [SUCCESS] CODE: COD0OPSFIN_20240140000_01D_30S_CLK.CLK.gz (4.8MB) | Progress: 70.7% | ETA: 1min
[23:34:22] [SUCCESS] CODE: COD0OPSFIN_20240130000_01D_30S_CLK.CLK.gz (4.8MB) | Progress: 70.8% | ETA: 1min
[23:34:22] [SUCCESS] CODE: COD0OPSFIN_20240150000_01D_30S_CLK.CLK.gz (4.8MB) | Progress: 70.8% | ETA: 1min
[23:34:22] [SUCCESS] CODE: COD0OPSFIN_20240160000_01D_30S_CLK.CLK.gz (4.8MB) | Progress: 70.9% | ETA: 1min
[23:34:22] [SUCCESS] CODE: COD0OPSFIN_20240170000_01D_30S_CLK.CLK.gz (4.8MB) | Progress: 70.9% | ETA: 1min
[23:34:22] [SUCCESS] CODE: COD0OPSFIN_20240180000_01D_30S_CLK.CLK.gz (4.8MB) | Progress: 71.0% | ETA: 1min
[23:34:23] [SUCCESS] CODE: COD0OPSFIN_20240200000_01D_30S_CLK.CLK.gz (4.8MB) | Progress: 71.1% | ETA: 1min
[23:34:23] [SUCCESS] CODE: COD0OPSFIN_20240190000_01D_30S_CLK.CLK.gz (4.8MB) | Progress: 71.1% | ETA: 1min
[23:34:23] [SUCCESS] CODE: COD0OPSFIN_20240210000_01D_30S_CLK.CLK.gz (4.8MB) | Progress: 71.2% | ETA: 1min
[23:34:23] [SUCCESS] CODE: COD0OPSFIN_20240220000_01D_30S_CLK.CLK.gz (4.8MB) | Progress: 71.2% | ETA: 1min
[23:34:24] [SUCCESS] CODE: COD0OPSFIN_20240230000_01D_30S_CLK.CLK.gz (4.8MB) | Progress: 71.3% | ETA: 1min
[23:34:24] [SUCCESS] CODE: COD0OPSFIN_20240240000_01D_30S_CLK.CLK.gz (4.8MB) | Progress: 71.3% | ETA: 1min
[23:34:24] [SUCCESS] CODE: COD0OPSFIN_20240250000_01D_30S_CLK.CLK.gz (4.8MB) | Progress: 71.4% | ETA: 1min
[23:34:25] [SUCCESS] CODE: COD0OPSFIN_20240270000_01D_30S_CLK.CLK.gz (4.8MB) | Progress: 71.4% | ETA: 1min
[23:34:25] [SUCCESS] CODE: COD0OPSFIN_20240280000_01D_30S_CLK.CLK.gz (4.9MB) | Progress: 71.5% | ETA: 1min
[23:34:26] [SUCCESS] CODE: COD0OPSFIN_20240290000_01D_30S_CLK.CLK.gz (4.9MB) | Progress: 71.5% | ETA: 1min
[23:34:26] [SUCCESS] CODE: COD0OPSFIN_20240300000_01D_30S_CLK.CLK.gz (4.9MB) | Progress: 71.6% | ETA: 1min
[23:34:26] [SUCCESS] CODE: COD0OPSFIN_20240310000_01D_30S_CLK.CLK.gz (4.9MB) | Progress: 71.7% | ETA: 1min
[23:34:26] [SUCCESS] CODE: COD0OPSFIN_20240340000_01D_30S_CLK.CLK.gz (4.8MB) | Progress: 71.7% | ETA: 1min
[23:34:27] [SUCCESS] CODE: COD0OPSFIN_20240350000_01D_30S_CLK.CLK.gz (4.8MB) | Progress: 71.8% | ETA: 1min
[23:34:27] [SUCCESS] CODE: COD0OPSFIN_20240330000_01D_30S_CLK.CLK.gz (4.8MB) | Progress: 71.8% | ETA: 1min
[23:34:27] [SUCCESS] CODE: COD0OPSFIN_20240370000_01D_30S_CLK.CLK.gz (4.9MB) | Progress: 71.9% | ETA: 1min
[23:34:27] [SUCCESS] CODE: COD0OPSFIN_20240360000_01D_30S_CLK.CLK.gz (4.9MB) | Progress: 71.9% | ETA: 1min
[23:34:27] [INFO] [PROGRESS] Overall: 1312/1824 files (71.9%) | Rate: 8.6 files/sec
[23:34:27] [SUCCESS] CODE: COD0OPSFIN_20240380000_01D_30S_CLK.CLK.gz (4.8MB) | Progress: 72.0% | ETA: 1min
[23:34:27] [SUCCESS] CODE: COD0OPSFIN_20240320000_01D_30S_CLK.CLK.gz (4.9MB) | Progress: 72.0% | ETA: 1min
[23:34:28] [SUCCESS] CODE: COD0OPSFIN_20240390000_01D_30S_CLK.CLK.gz (4.8MB) | Progress: 72.1% | ETA: 1min
[23:34:28] [SUCCESS] CODE: COD0OPSFIN_20240400000_01D_30S_CLK.CLK.gz (4.8MB) | Progress: 72.1% | ETA: 1min
[23:34:28] [SUCCESS] CODE: COD0OPSFIN_20240410000_01D_30S_CLK.CLK.gz (4.8MB) | Progress: 72.2% | ETA: 1min
[23:34:29] [SUCCESS] CODE: COD0OPSFIN_20240420000_01D_30S_CLK.CLK.gz (4.8MB) | Progress: 72.3% | ETA: 1min
[23:34:29] [SUCCESS] CODE: COD0OPSFIN_20240440000_01D_30S_CLK.CLK.gz (4.8MB) | Progress: 72.3% | ETA: 1min
[23:34:30] [SUCCESS] CODE: COD0OPSFIN_20240260000_01D_30S_CLK.CLK.gz (4.8MB) | Progress: 72.4% | ETA: 1min
[23:34:30] [SUCCESS] CODE: COD0OPSFIN_20240450000_01D_30S_CLK.CLK.gz (4.8MB) | Progress: 72.4% | ETA: 1min
[23:34:30] [SUCCESS] CODE: COD0OPSFIN_20240460000_01D_30S_CLK.CLK.gz (4.8MB) | Progress: 72.5% | ETA: 1min
[23:34:30] [SUCCESS] CODE: COD0OPSFIN_20240470000_01D_30S_CLK.CLK.gz (4.8MB) | Progress: 72.5% | ETA: 1min
[23:34:30] [SUCCESS] CODE: COD0OPSFIN_20240480000_01D_30S_CLK.CLK.gz (4.8MB) | Progress: 72.6% | ETA: 1min
[23:34:30] [SUCCESS] CODE: COD0OPSFIN_20240490000_01D_30S_CLK.CLK.gz (4.8MB) | Progress: 72.6% | ETA: 1min
[23:34:30] [SUCCESS] CODE: COD0OPSFIN_20240430000_01D_30S_CLK.CLK.gz (4.8MB) | Progress: 72.7% | ETA: 1min
[23:34:30] [SUCCESS] CODE: COD0OPSFIN_20240510000_01D_30S_CLK.CLK.gz (4.8MB) | Progress: 72.8% | ETA: 1min
[23:34:30] [SUCCESS] CODE: COD0OPSFIN_20240500000_01D_30S_CLK.CLK.gz (4.8MB) | Progress: 72.8% | ETA: 1min
[23:34:30] [SUCCESS] CODE: COD0OPSFIN_20240530000_01D_30S_CLK.CLK.gz (4.8MB) | Progress: 72.9% | ETA: 1min
[23:34:30] [SUCCESS] CODE: COD0OPSFIN_20240540000_01D_30S_CLK.CLK.gz (4.8MB) | Progress: 72.9% | ETA: 1min
[23:34:31] [SUCCESS] CODE: COD0OPSFIN_20240550000_01D_30S_CLK.CLK.gz (4.8MB) | Progress: 73.0% | ETA: 1min
[23:34:31] [SUCCESS] CODE: COD0OPSFIN_20240560000_01D_30S_CLK.CLK.gz (4.8MB) | Progress: 73.0% | ETA: 1min
[23:34:31] [SUCCESS] CODE: COD0OPSFIN_20240570000_01D_30S_CLK.CLK.gz (4.8MB) | Progress: 73.1% | ETA: 1min
[23:34:31] [SUCCESS] CODE: COD0OPSFIN_20240580000_01D_30S_CLK.CLK.gz (4.8MB) | Progress: 73.1% | ETA: 1min
[23:34:31] [SUCCESS] CODE: COD0OPSFIN_20240520000_01D_30S_CLK.CLK.gz (4.8MB) | Progress: 73.2% | ETA: 1min
[23:34:31] [SUCCESS] CODE: COD0OPSFIN_20240610000_01D_30S_CLK.CLK.gz (4.8MB) | Progress: 73.2% | ETA: 1min
[23:34:31] [SUCCESS] CODE: COD0OPSFIN_20240600000_01D_30S_CLK.CLK.gz (4.8MB) | Progress: 73.3% | ETA: 1min
[23:34:31] [INFO] [PROGRESS] Overall: 1337/1824 files (73.3%) | Rate: 8.5 files/sec
[23:34:31] [SUCCESS] CODE: COD0OPSFIN_20240590000_01D_30S_CLK.CLK.gz (4.8MB) | Progress: 73.4% | ETA: 1min
[23:34:32] [SUCCESS] CODE: COD0OPSFIN_20240640000_01D_30S_CLK.CLK.gz (4.8MB) | Progress: 73.4% | ETA: 1min
[23:34:32] [SUCCESS] CODE: COD0OPSFIN_20240630000_01D_30S_CLK.CLK.gz (4.8MB) | Progress: 73.5% | ETA: 1min
[23:34:32] [SUCCESS] CODE: COD0OPSFIN_20240690000_01D_30S_CLK.CLK.gz (4.8MB) | Progress: 73.5% | ETA: 1min
[23:34:32] [SUCCESS] CODE: COD0OPSFIN_20240700000_01D_30S_CLK.CLK.gz (4.8MB) | Progress: 73.6% | ETA: 1min
[23:34:32] [SUCCESS] CODE: COD0OPSFIN_20240660000_01D_30S_CLK.CLK.gz (4.8MB) | Progress: 73.6% | ETA: 1min
[23:34:32] [SUCCESS] CODE: COD0OPSFIN_20240650000_01D_30S_CLK.CLK.gz (4.8MB) | Progress: 73.7% | ETA: 1min
[23:34:32] [SUCCESS] CODE: COD0OPSFIN_20240680000_01D_30S_CLK.CLK.gz (4.8MB) | Progress: 73.7% | ETA: 1min
[23:34:33] [SUCCESS] CODE: COD0OPSFIN_20240740000_01D_30S_CLK.CLK.gz (4.8MB) | Progress: 73.8% | ETA: 1min
[23:34:33] [SUCCESS] CODE: COD0OPSFIN_20240760000_01D_30S_CLK.CLK.gz (4.8MB) | Progress: 73.8% | ETA: 1min
[23:34:33] [SUCCESS] CODE: COD0OPSFIN_20240720000_01D_30S_CLK.CLK.gz (4.8MB) | Progress: 73.9% | ETA: 1min
[23:34:33] [SUCCESS] CODE: COD0OPSFIN_20240750000_01D_30S_CLK.CLK.gz (4.8MB) | Progress: 74.0% | ETA: 1min
[23:34:33] [SUCCESS] CODE: COD0OPSFIN_20240800000_01D_30S_CLK.CLK.gz (4.8MB) | Progress: 74.0% | ETA: 1min
[23:34:33] [SUCCESS] CODE: COD0OPSFIN_20240710000_01D_30S_CLK.CLK.gz (4.8MB) | Progress: 74.1% | ETA: 1min
[23:34:33] [SUCCESS] CODE: COD0OPSFIN_20240730000_01D_30S_CLK.CLK.gz (4.8MB) | Progress: 74.1% | ETA: 1min
[23:34:33] [SUCCESS] CODE: COD0OPSFIN_20240860000_01D_30S_CLK.CLK.gz (4.9MB) | Progress: 74.2% | ETA: 1min
[23:34:34] [SUCCESS] CODE: COD0OPSFIN_20240820000_01D_30S_CLK.CLK.gz (4.8MB) | Progress: 74.2% | ETA: 1min
[23:34:34] [SUCCESS] CODE: COD0OPSFIN_20240810000_01D_30S_CLK.CLK.gz (4.8MB) | Progress: 74.3% | ETA: 1min
[23:34:34] [SUCCESS] CODE: COD0OPSFIN_20240770000_01D_30S_CLK.CLK.gz (4.9MB) | Progress: 74.3% | ETA: 1min
[23:34:34] [SUCCESS] CODE: COD0OPSFIN_20240790000_01D_30S_CLK.CLK.gz (4.8MB) | Progress: 74.4% | ETA: 1min
[23:34:34] [SUCCESS] CODE: COD0OPSFIN_20240780000_01D_30S_CLK.CLK.gz (4.8MB) | Progress: 74.5% | ETA: 1min
[23:34:34] [SUCCESS] CODE: COD0OPSFIN_20240850000_01D_30S_CLK.CLK.gz (4.9MB) | Progress: 74.5% | ETA: 1min
[23:34:34] [SUCCESS] CODE: COD0OPSFIN_20240890000_01D_30S_CLK.CLK.gz (4.8MB) | Progress: 74.6% | ETA: 1min
[23:34:34] [SUCCESS] CODE: COD0OPSFIN_20240840000_01D_30S_CLK.CLK.gz (4.8MB) | Progress: 74.6% | ETA: 1min
[23:34:34] [SUCCESS] CODE: COD0OPSFIN_20240830000_01D_30S_CLK.CLK.gz (4.8MB) | Progress: 74.7% | ETA: 1min
[23:34:34] [INFO] [PROGRESS] Overall: 1362/1824 files (74.7%) | Rate: 8.5 files/sec
[23:34:35] [SUCCESS] CODE: COD0OPSFIN_20240870000_01D_30S_CLK.CLK.gz (4.8MB) | Progress: 74.7% | ETA: 1min
[23:34:35] [SUCCESS] CODE: COD0OPSFIN_20240930000_01D_30S_CLK.CLK.gz (4.8MB) | Progress: 74.8% | ETA: 1min
[23:34:35] [SUCCESS] CODE: COD0OPSFIN_20240940000_01D_30S_CLK.CLK.gz (4.8MB) | Progress: 74.8% | ETA: 1min
[23:34:35] [SUCCESS] CODE: COD0OPSFIN_20240950000_01D_30S_CLK.CLK.gz (4.8MB) | Progress: 74.9% | ETA: 1min
[23:34:36] [SUCCESS] CODE: COD0OPSFIN_20240910000_01D_30S_CLK.CLK.gz (4.9MB) | Progress: 74.9% | ETA: 1min
[23:34:36] [SUCCESS] CODE: COD0OPSFIN_20240880000_01D_30S_CLK.CLK.gz (4.9MB) | Progress: 75.0% | ETA: 1min
[23:34:36] [SUCCESS] CODE: COD0OPSFIN_20240620000_01D_30S_CLK.CLK.gz (4.8MB) | Progress: 75.1% | ETA: 1min
[23:34:36] [SUCCESS] CODE: COD0OPSFIN_20240670000_01D_30S_CLK.CLK.gz (4.8MB) | Progress: 75.1% | ETA: 1min
[23:34:37] [SUCCESS] CODE: COD0OPSFIN_20241000000_01D_30S_CLK.CLK.gz (4.7MB) | Progress: 75.2% | ETA: 1min
[23:34:37] [SUCCESS] CODE: COD0OPSFIN_20240990000_01D_30S_CLK.CLK.gz (4.8MB) | Progress: 75.2% | ETA: 1min
[23:34:37] [SUCCESS] CODE: COD0OPSFIN_20241010000_01D_30S_CLK.CLK.gz (4.8MB) | Progress: 75.3% | ETA: 1min
[23:34:37] [SUCCESS] CODE: COD0OPSFIN_20240920000_01D_30S_CLK.CLK.gz (4.8MB) | Progress: 75.3% | ETA: 1min
[23:34:38] [SUCCESS] CODE: COD0OPSFIN_20241030000_01D_30S_CLK.CLK.gz (4.8MB) | Progress: 75.4% | ETA: 1min
[23:34:38] [SUCCESS] CODE: COD0OPSFIN_20240900000_01D_30S_CLK.CLK.gz (4.8MB) | Progress: 75.4% | ETA: 1min
[23:34:38] [SUCCESS] CODE: COD0OPSFIN_20241050000_01D_30S_CLK.CLK.gz (4.8MB) | Progress: 75.5% | ETA: 1min
[23:34:38] [SUCCESS] CODE: COD0OPSFIN_20241140000_01D_30S_CLK.CLK.gz (4.8MB) | Progress: 75.5% | ETA: 1min
[23:34:39] [SUCCESS] CODE: COD0OPSFIN_20241100000_01D_30S_CLK.CLK.gz (4.7MB) | Progress: 75.6% | ETA: 1min
[23:34:39] [SUCCESS] CODE: COD0OPSFIN_20240960000_01D_30S_CLK.CLK.gz (4.8MB) | Progress: 75.7% | ETA: 1min
[23:34:40] [SUCCESS] CODE: COD0OPSFIN_20241020000_01D_30S_CLK.CLK.gz (4.8MB) | Progress: 75.7% | ETA: 1min
[23:34:40] [SUCCESS] CODE: COD0OPSFIN_20241150000_01D_30S_CLK.CLK.gz (4.8MB) | Progress: 75.8% | ETA: 1min
[23:34:40] [SUCCESS] CODE: COD0OPSFIN_20240970000_01D_30S_CLK.CLK.gz (4.8MB) | Progress: 75.8% | ETA: 1min
[23:34:40] [SUCCESS] CODE: COD0OPSFIN_20240980000_01D_30S_CLK.CLK.gz (4.8MB) | Progress: 75.9% | ETA: 1min
[23:34:40] [SUCCESS] CODE: COD0OPSFIN_20241110000_01D_30S_CLK.CLK.gz (4.7MB) | Progress: 75.9% | ETA: 1min
[23:34:40] [SUCCESS] CODE: COD0OPSFIN_20241180000_01D_30S_CLK.CLK.gz (4.8MB) | Progress: 76.0% | ETA: 1min
[23:34:40] [SUCCESS] CODE: COD0OPSFIN_20241200000_01D_30S_CLK.CLK.gz (4.8MB) | Progress: 76.0% | ETA: 1min
[23:34:40] [INFO] [PROGRESS] Overall: 1387/1824 files (76.0%) | Rate: 8.3 files/sec
[23:34:40] [SUCCESS] CODE: COD0OPSFIN_20241040000_01D_30S_CLK.CLK.gz (4.8MB) | Progress: 76.1% | ETA: 1min
[23:34:41] [SUCCESS] CODE: COD0OPSFIN_20241060000_01D_30S_CLK.CLK.gz (4.8MB) | Progress: 76.2% | ETA: 1min
[23:34:41] [SUCCESS] CODE: COD0OPSFIN_20241090000_01D_30S_CLK.CLK.gz (4.8MB) | Progress: 76.2% | ETA: 1min
[23:34:41] [SUCCESS] CODE: COD0OPSFIN_20241070000_01D_30S_CLK.CLK.gz (4.8MB) | Progress: 76.3% | ETA: 1min
[23:34:41] [SUCCESS] CODE: COD0OPSFIN_20241080000_01D_30S_CLK.CLK.gz (4.8MB) | Progress: 76.3% | ETA: 1min
[23:34:41] [SUCCESS] CODE: COD0OPSFIN_20241120000_01D_30S_CLK.CLK.gz (4.8MB) | Progress: 76.4% | ETA: 1min
[23:34:41] [SUCCESS] CODE: COD0OPSFIN_20241230000_01D_30S_CLK.CLK.gz (4.8MB) | Progress: 76.4% | ETA: 1min
[23:34:41] [SUCCESS] CODE: COD0OPSFIN_20241170000_01D_30S_CLK.CLK.gz (4.8MB) | Progress: 76.5% | ETA: 1min
[23:34:41] [SUCCESS] CODE: COD0OPSFIN_20241130000_01D_30S_CLK.CLK.gz (4.8MB) | Progress: 76.5% | ETA: 1min
[23:34:42] [SUCCESS] CODE: COD0OPSFIN_20241260000_01D_30S_CLK.CLK.gz (4.8MB) | Progress: 76.6% | ETA: 1min
[23:34:42] [SUCCESS] CODE: COD0OPSFIN_20241310000_01D_30S_CLK.CLK.gz (4.8MB) | Progress: 76.6% | ETA: 1min
[23:34:42] [SUCCESS] CODE: COD0OPSFIN_20241300000_01D_30S_CLK.CLK.gz (4.8MB) | Progress: 76.7% | ETA: 1min
[23:34:42] [SUCCESS] CODE: COD0OPSFIN_20241250000_01D_30S_CLK.CLK.gz (4.8MB) | Progress: 76.8% | ETA: 1min
[23:34:42] [SUCCESS] CODE: COD0OPSFIN_20241190000_01D_30S_CLK.CLK.gz (4.8MB) | Progress: 76.8% | ETA: 1min
[23:34:43] [SUCCESS] CODE: COD0OPSFIN_20241240000_01D_30S_CLK.CLK.gz (4.8MB) | Progress: 76.9% | ETA: 1min
[23:34:43] [SUCCESS] CODE: COD0OPSFIN_20241220000_01D_30S_CLK.CLK.gz (4.8MB) | Progress: 76.9% | ETA: 1min
[23:34:43] [SUCCESS] CODE: COD0OPSFIN_20241280000_01D_30S_CLK.CLK.gz (4.8MB) | Progress: 77.0% | ETA: 1min
[23:34:43] [SUCCESS] CODE: COD0OPSFIN_20241270000_01D_30S_CLK.CLK.gz (4.8MB) | Progress: 77.0% | ETA: 1min
[23:34:43] [SUCCESS] CODE: COD0OPSFIN_20241160000_01D_30S_CLK.CLK.gz (4.8MB) | Progress: 77.1% | ETA: 1min
[23:34:44] [SUCCESS] CODE: COD0OPSFIN_20241210000_01D_30S_CLK.CLK.gz (4.8MB) | Progress: 77.1% | ETA: 1min
[23:34:45] [SUCCESS] CODE: COD0OPSFIN_20241290000_01D_30S_CLK.CLK.gz (4.8MB) | Progress: 77.2% | ETA: 1min
[23:34:45] [SUCCESS] CODE: COD0OPSFIN_20241430000_01D_30S_CLK.CLK.gz (4.8MB) | Progress: 77.2% | ETA: 1min
[23:34:45] [SUCCESS] CODE: COD0OPSFIN_20241350000_01D_30S_CLK.CLK.gz (4.8MB) | Progress: 77.3% | ETA: 1min
[23:34:46] [SUCCESS] CODE: COD0OPSFIN_20241340000_01D_30S_CLK.CLK.gz (4.8MB) | Progress: 77.4% | ETA: 1min
[23:34:46] [SUCCESS] CODE: COD0OPSFIN_20241320000_01D_30S_CLK.CLK.gz (4.8MB) | Progress: 77.4% | ETA: 1min
[23:34:46] [INFO] [PROGRESS] Overall: 1412/1824 files (77.4%) | Rate: 8.2 files/sec
[23:34:46] [SUCCESS] CODE: COD0OPSFIN_20241330000_01D_30S_CLK.CLK.gz (4.8MB) | Progress: 77.5% | ETA: 1min
[23:34:46] [SUCCESS] CODE: COD0OPSFIN_20241380000_01D_30S_CLK.CLK.gz (4.8MB) | Progress: 77.5% | ETA: 1min
[23:34:46] [SUCCESS] CODE: COD0OPSFIN_20241470000_01D_30S_CLK.CLK.gz (4.8MB) | Progress: 77.6% | ETA: 1min
[23:34:47] [SUCCESS] CODE: COD0OPSFIN_20241360000_01D_30S_CLK.CLK.gz (4.8MB) | Progress: 77.6% | ETA: 1min
[23:34:48] [SUCCESS] CODE: COD0OPSFIN_20241500000_01D_30S_CLK.CLK.gz (4.8MB) | Progress: 77.7% | ETA: 1min
[23:34:48] [SUCCESS] CODE: COD0OPSFIN_20241390000_01D_30S_CLK.CLK.gz (4.8MB) | Progress: 77.7% | ETA: 1min
[23:34:48] [SUCCESS] CODE: COD0OPSFIN_20241370000_01D_30S_CLK.CLK.gz (4.8MB) | Progress: 77.8% | ETA: 1min
[23:34:48] [SUCCESS] CODE: COD0OPSFIN_20241410000_01D_30S_CLK.CLK.gz (4.8MB) | Progress: 77.9% | ETA: 1min
[23:34:48] [SUCCESS] CODE: COD0OPSFIN_20241400000_01D_30S_CLK.CLK.gz (4.8MB) | Progress: 77.9% | ETA: 1min
[23:34:49] [SUCCESS] CODE: COD0OPSFIN_20241450000_01D_30S_CLK.CLK.gz (4.8MB) | Progress: 78.0% | ETA: 1min
[23:34:49] [SUCCESS] CODE: COD0OPSFIN_20241440000_01D_30S_CLK.CLK.gz (4.8MB) | Progress: 78.0% | ETA: 1min
[23:34:49] [SUCCESS] CODE: COD0OPSFIN_20241460000_01D_30S_CLK.CLK.gz (4.8MB) | Progress: 78.1% | ETA: 1min
[23:34:49] [SUCCESS] CODE: COD0OPSFIN_20241420000_01D_30S_CLK.CLK.gz (4.8MB) | Progress: 78.1% | ETA: 1min
[23:34:49] [SUCCESS] CODE: COD0OPSFIN_20241480000_01D_30S_CLK.CLK.gz (4.8MB) | Progress: 78.2% | ETA: 1min
[23:34:49] [SUCCESS] CODE: COD0OPSFIN_20241490000_01D_30S_CLK.CLK.gz (4.8MB) | Progress: 78.2% | ETA: 1min
[23:34:50] [SUCCESS] CODE: COD0OPSFIN_20241510000_01D_30S_CLK.CLK.gz (4.8MB) | Progress: 78.3% | ETA: 1min
[23:34:50] [SUCCESS] CODE: COD0OPSFIN_20241520000_01D_30S_CLK.CLK.gz (4.8MB) | Progress: 78.3% | ETA: 1min
[23:34:50] [SUCCESS] CODE: COD0OPSFIN_20241540000_01D_30S_CLK.CLK.gz (4.8MB) | Progress: 78.4% | ETA: 1min
[23:34:51] [SUCCESS] CODE: COD0OPSFIN_20241550000_01D_30S_CLK.CLK.gz (4.8MB) | Progress: 78.5% | ETA: 1min
[23:34:51] [SUCCESS] CODE: COD0OPSFIN_20241560000_01D_30S_CLK.CLK.gz (4.8MB) | Progress: 78.5% | ETA: 1min
[23:34:51] [SUCCESS] CODE: COD0OPSFIN_20241570000_01D_30S_CLK.CLK.gz (4.8MB) | Progress: 78.6% | ETA: 1min
[23:34:51] [SUCCESS] CODE: COD0OPSFIN_20241580000_01D_30S_CLK.CLK.gz (4.9MB) | Progress: 78.6% | ETA: 1min
[23:34:52] [SUCCESS] CODE: COD0OPSFIN_20241590000_01D_30S_CLK.CLK.gz (4.9MB) | Progress: 78.7% | ETA: 1min
[23:34:52] [SUCCESS] CODE: COD0OPSFIN_20241600000_01D_30S_CLK.CLK.gz (4.8MB) | Progress: 78.7% | ETA: 1min
[23:34:52] [SUCCESS] CODE: COD0OPSFIN_20241610000_01D_30S_CLK.CLK.gz (4.8MB) | Progress: 78.8% | ETA: 1min
[23:34:52] [INFO] [PROGRESS] Overall: 1437/1824 files (78.8%) | Rate: 8.1 files/sec
[23:34:52] [SUCCESS] CODE: COD0OPSFIN_20241620000_01D_30S_CLK.CLK.gz (4.8MB) | Progress: 78.8% | ETA: 1min
[23:34:52] [SUCCESS] CODE: COD0OPSFIN_20241630000_01D_30S_CLK.CLK.gz (4.8MB) | Progress: 78.9% | ETA: 1min
[23:34:53] [SUCCESS] CODE: COD0OPSFIN_20241640000_01D_30S_CLK.CLK.gz (4.8MB) | Progress: 78.9% | ETA: 1min
[23:34:53] [SUCCESS] CODE: COD0OPSFIN_20241650000_01D_30S_CLK.CLK.gz (4.8MB) | Progress: 79.0% | ETA: 1min
[23:34:53] [SUCCESS] CODE: COD0OPSFIN_20241660000_01D_30S_CLK.CLK.gz (4.8MB) | Progress: 79.1% | ETA: 1min
[23:34:54] [SUCCESS] CODE: COD0OPSFIN_20241670000_01D_30S_CLK.CLK.gz (4.8MB) | Progress: 79.1% | ETA: 1min
[23:34:54] [SUCCESS] CODE: COD0OPSFIN_20241680000_01D_30S_CLK.CLK.gz (4.8MB) | Progress: 79.2% | ETA: 1min
[23:34:54] [SUCCESS] CODE: COD0OPSFIN_20241690000_01D_30S_CLK.CLK.gz (4.8MB) | Progress: 79.2% | ETA: 1min
[23:34:54] [SUCCESS] CODE: COD0OPSFIN_20241710000_01D_30S_CLK.CLK.gz (4.8MB) | Progress: 79.3% | ETA: 1min
[23:34:54] [SUCCESS] CODE: COD0OPSFIN_20241700000_01D_30S_CLK.CLK.gz (4.8MB) | Progress: 79.3% | ETA: 1min
[23:34:54] [SUCCESS] CODE: COD0OPSFIN_20241720000_01D_30S_CLK.CLK.gz (4.8MB) | Progress: 79.4% | ETA: 1min
[23:34:54] [SUCCESS] CODE: COD0OPSFIN_20241730000_01D_30S_CLK.CLK.gz (4.8MB) | Progress: 79.4% | ETA: 1min
[23:34:54] [SUCCESS] CODE: COD0OPSFIN_20241740000_01D_30S_CLK.CLK.gz (4.8MB) | Progress: 79.5% | ETA: 1min
[23:34:54] [SUCCESS] CODE: COD0OPSFIN_20241750000_01D_30S_CLK.CLK.gz (4.8MB) | Progress: 79.6% | ETA: 1min
[23:34:54] [SUCCESS] CODE: COD0OPSFIN_20241530000_01D_30S_CLK.CLK.gz (4.8MB) | Progress: 79.6% | ETA: 1min
[23:34:55] [SUCCESS] CODE: COD0OPSFIN_20241760000_01D_30S_CLK.CLK.gz (4.8MB) | Progress: 79.7% | ETA: 1min
[23:34:55] [SUCCESS] CODE: COD0OPSFIN_20241780000_01D_30S_CLK.CLK.gz (4.8MB) | Progress: 79.7% | ETA: 1min
[23:34:55] [SUCCESS] CODE: COD0OPSFIN_20241790000_01D_30S_CLK.CLK.gz (4.8MB) | Progress: 79.8% | ETA: 1min
[23:34:55] [SUCCESS] CODE: COD0OPSFIN_20241770000_01D_30S_CLK.CLK.gz (4.8MB) | Progress: 79.8% | ETA: 1min
[23:34:55] [SUCCESS] CODE: COD0OPSFIN_20241800000_01D_30S_CLK.CLK.gz (4.8MB) | Progress: 79.9% | ETA: 1min
[23:34:56] [SUCCESS] CODE: COD0OPSFIN_20241810000_01D_30S_CLK.CLK.gz (4.8MB) | Progress: 79.9% | ETA: 1min
[23:34:56] [SUCCESS] CODE: COD0OPSFIN_20241820000_01D_30S_CLK.CLK.gz (4.8MB) | Progress: 80.0% | ETA: 1min
[23:34:56] [SUCCESS] CODE: COD0OPSFIN_20241830000_01D_30S_CLK.CLK.gz (4.9MB) | Progress: 80.0% | ETA: 1min
[23:34:56] [SUCCESS] CODE: COD0OPSFIN_20241840000_01D_30S_CLK.CLK.gz (4.9MB) | Progress: 80.1% | ETA: 1min
[23:34:56] [SUCCESS] CODE: COD0OPSFIN_20241850000_01D_30S_CLK.CLK.gz (4.9MB) | Progress: 80.2% | ETA: 1min
[23:34:56] [INFO] [PROGRESS] Overall: 1462/1824 files (80.2%) | Rate: 8.0 files/sec
[23:34:56] [SUCCESS] CODE: COD0OPSFIN_20241860000_01D_30S_CLK.CLK.gz (4.8MB) | Progress: 80.2% | ETA: 1min
[23:34:56] [SUCCESS] CODE: COD0OPSFIN_20241870000_01D_30S_CLK.CLK.gz (4.9MB) | Progress: 80.3% | ETA: 1min
[23:34:57] [SUCCESS] CODE: COD0OPSFIN_20241880000_01D_30S_CLK.CLK.gz (4.8MB) | Progress: 80.3% | ETA: 1min
[23:34:57] [SUCCESS] CODE: COD0OPSFIN_20241890000_01D_30S_CLK.CLK.gz (4.9MB) | Progress: 80.4% | ETA: 1min
[23:34:57] [SUCCESS] CODE: COD0OPSFIN_20241910000_01D_30S_CLK.CLK.gz (4.9MB) | Progress: 80.4% | ETA: 1min
[23:34:57] [SUCCESS] CODE: COD0OPSFIN_20241900000_01D_30S_CLK.CLK.gz (4.8MB) | Progress: 80.5% | ETA: 1min
[23:34:57] [SUCCESS] CODE: COD0OPSFIN_20241920000_01D_30S_CLK.CLK.gz (4.8MB) | Progress: 80.5% | ETA: 1min
[23:34:58] [SUCCESS] CODE: COD0OPSFIN_20241930000_01D_30S_CLK.CLK.gz (4.8MB) | Progress: 80.6% | ETA: 1min
[23:34:58] [SUCCESS] CODE: COD0OPSFIN_20241940000_01D_30S_CLK.CLK.gz (4.8MB) | Progress: 80.6% | ETA: 1min
[23:34:58] [SUCCESS] CODE: COD0OPSFIN_20241950000_01D_30S_CLK.CLK.gz (4.8MB) | Progress: 80.7% | ETA: 1min
[23:34:58] [SUCCESS] CODE: COD0OPSFIN_20241960000_01D_30S_CLK.CLK.gz (4.8MB) | Progress: 80.8% | ETA: 1min
[23:34:58] [SUCCESS] CODE: COD0OPSFIN_20241980000_01D_30S_CLK.CLK.gz (4.8MB) | Progress: 80.8% | ETA: 1min
[23:34:58] [SUCCESS] CODE: COD0OPSFIN_20241970000_01D_30S_CLK.CLK.gz (4.9MB) | Progress: 80.9% | ETA: 1min
[23:34:59] [SUCCESS] CODE: COD0OPSFIN_20241990000_01D_30S_CLK.CLK.gz (4.9MB) | Progress: 80.9% | ETA: 1min
[23:34:59] [SUCCESS] CODE: COD0OPSFIN_20242000000_01D_30S_CLK.CLK.gz (4.8MB) | Progress: 81.0% | ETA: 1min
[23:34:59] [SUCCESS] CODE: COD0OPSFIN_20242010000_01D_30S_CLK.CLK.gz (4.9MB) | Progress: 81.0% | ETA: 1min
[23:34:59] [SUCCESS] CODE: COD0OPSFIN_20242030000_01D_30S_CLK.CLK.gz (4.9MB) | Progress: 81.1% | ETA: 1min
[23:34:59] [SUCCESS] CODE: COD0OPSFIN_20242020000_01D_30S_CLK.CLK.gz (4.9MB) | Progress: 81.1% | ETA: 1min
[23:34:59] [SUCCESS] CODE: COD0OPSFIN_20242040000_01D_30S_CLK.CLK.gz (4.9MB) | Progress: 81.2% | ETA: 1min
[23:34:59] [SUCCESS] CODE: COD0OPSFIN_20242050000_01D_30S_CLK.CLK.gz (4.8MB) | Progress: 81.2% | ETA: 1min
[23:35:00] [SUCCESS] CODE: COD0OPSFIN_20242060000_01D_30S_CLK.CLK.gz (4.9MB) | Progress: 81.3% | ETA: 1min
[23:35:00] [SUCCESS] CODE: COD0OPSFIN_20242220000_01D_30S_CLK.CLK.gz (4.9MB) | Progress: 81.4% | ETA: 1min
[23:35:00] [SUCCESS] CODE: COD0OPSFIN_20242070000_01D_30S_CLK.CLK.gz (4.9MB) | Progress: 81.4% | ETA: 1min
[23:35:00] [SUCCESS] CODE: COD0OPSFIN_20242080000_01D_30S_CLK.CLK.gz (4.9MB) | Progress: 81.5% | ETA: 1min
[23:35:01] [SUCCESS] CODE: COD0OPSFIN_20242090000_01D_30S_CLK.CLK.gz (4.9MB) | Progress: 81.5% | ETA: 1min
[23:35:01] [INFO] [PROGRESS] Overall: 1487/1824 files (81.5%) | Rate: 8.0 files/sec
[23:35:01] [SUCCESS] CODE: COD0OPSFIN_20242100000_01D_30S_CLK.CLK.gz (4.8MB) | Progress: 81.6% | ETA: 1min
[23:35:01] [SUCCESS] CODE: COD0OPSFIN_20242110000_01D_30S_CLK.CLK.gz (4.9MB) | Progress: 81.6% | ETA: 1min
[23:35:01] [SUCCESS] CODE: COD0OPSFIN_20242120000_01D_30S_CLK.CLK.gz (4.8MB) | Progress: 81.7% | ETA: 1min
[23:35:02] [SUCCESS] CODE: COD0OPSFIN_20242130000_01D_30S_CLK.CLK.gz (4.8MB) | Progress: 81.7% | ETA: 1min
[23:35:02] [SUCCESS] CODE: COD0OPSFIN_20242150000_01D_30S_CLK.CLK.gz (4.9MB) | Progress: 81.8% | ETA: 1min
[23:35:02] [SUCCESS] CODE: COD0OPSFIN_20242140000_01D_30S_CLK.CLK.gz (4.9MB) | Progress: 81.9% | ETA: 1min
[23:35:02] [SUCCESS] CODE: COD0OPSFIN_20242160000_01D_30S_CLK.CLK.gz (4.8MB) | Progress: 81.9% | ETA: 1min
[23:35:03] [SUCCESS] CODE: COD0OPSFIN_20242170000_01D_30S_CLK.CLK.gz (4.8MB) | Progress: 82.0% | ETA: 1min
[23:35:03] [SUCCESS] CODE: COD0OPSFIN_20242180000_01D_30S_CLK.CLK.gz (4.8MB) | Progress: 82.0% | ETA: 1min
[23:35:03] [SUCCESS] CODE: COD0OPSFIN_20242190000_01D_30S_CLK.CLK.gz (4.8MB) | Progress: 82.1% | ETA: 1min
[23:35:04] [SUCCESS] CODE: COD0OPSFIN_20242200000_01D_30S_CLK.CLK.gz (4.8MB) | Progress: 82.1% | ETA: 1min
[23:35:04] [SUCCESS] CODE: COD0OPSFIN_20242210000_01D_30S_CLK.CLK.gz (4.8MB) | Progress: 82.2% | ETA: 1min
[23:35:04] [SUCCESS] CODE: COD0OPSFIN_20242230000_01D_30S_CLK.CLK.gz (4.8MB) | Progress: 82.2% | ETA: 1min
[23:35:05] [SUCCESS] CODE: COD0OPSFIN_20242250000_01D_30S_CLK.CLK.gz (4.8MB) | Progress: 82.3% | ETA: 1min
[23:35:05] [SUCCESS] CODE: COD0OPSFIN_20242240000_01D_30S_CLK.CLK.gz (4.9MB) | Progress: 82.3% | ETA: 1min
[23:35:05] [SUCCESS] CODE: COD0OPSFIN_20242260000_01D_30S_CLK.CLK.gz (4.9MB) | Progress: 82.4% | ETA: 1min
[23:35:06] [SUCCESS] CODE: COD0OPSFIN_20242270000_01D_30S_CLK.CLK.gz (4.8MB) | Progress: 82.5% | ETA: 1min
[23:35:06] [SUCCESS] CODE: COD0OPSFIN_20242280000_01D_30S_CLK.CLK.gz (4.8MB) | Progress: 82.5% | ETA: 1min
[23:35:06] [SUCCESS] CODE: COD0OPSFIN_20242290000_01D_30S_CLK.CLK.gz (4.8MB) | Progress: 82.6% | ETA: 1min
[23:35:07] [SUCCESS] CODE: COD0OPSFIN_20242310000_01D_30S_CLK.CLK.gz (4.8MB) | Progress: 82.6% | ETA: 1min
[23:35:07] [SUCCESS] CODE: COD0OPSFIN_20242300000_01D_30S_CLK.CLK.gz (4.8MB) | Progress: 82.7% | ETA: 1min
[23:35:07] [SUCCESS] CODE: COD0OPSFIN_20242320000_01D_30S_CLK.CLK.gz (4.8MB) | Progress: 82.7% | ETA: 1min
[23:35:07] [SUCCESS] CODE: COD0OPSFIN_20242330000_01D_30S_CLK.CLK.gz (4.8MB) | Progress: 82.8% | ETA: 1min
[23:35:08] [SUCCESS] CODE: COD0OPSFIN_20242340000_01D_30S_CLK.CLK.gz (4.8MB) | Progress: 82.8% | ETA: 1min
[23:35:08] [SUCCESS] CODE: COD0OPSFIN_20242350000_01D_30S_CLK.CLK.gz (4.8MB) | Progress: 82.9% | ETA: 1min
[23:35:08] [INFO] [PROGRESS] Overall: 1512/1824 files (82.9%) | Rate: 7.8 files/sec
[23:35:08] [SUCCESS] CODE: COD0OPSFIN_20242360000_01D_30S_CLK.CLK.gz (4.8MB) | Progress: 82.9% | ETA: 1min
[23:35:08] [SUCCESS] CODE: COD0OPSFIN_20242370000_01D_30S_CLK.CLK.gz (4.8MB) | Progress: 83.0% | ETA: 1min
[23:35:08] [SUCCESS] CODE: COD0OPSFIN_20242380000_01D_30S_CLK.CLK.gz (4.8MB) | Progress: 83.1% | ETA: 1min
[23:35:08] [SUCCESS] CODE: COD0OPSFIN_20242400000_01D_30S_CLK.CLK.gz (4.8MB) | Progress: 83.1% | ETA: 1min
[23:35:09] [SUCCESS] CODE: COD0OPSFIN_20242390000_01D_30S_CLK.CLK.gz (4.8MB) | Progress: 83.2% | ETA: 1min
[23:35:09] [SUCCESS] CODE: COD0OPSFIN_20242410000_01D_30S_CLK.CLK.gz (4.8MB) | Progress: 83.2% | ETA: 1min
[23:35:09] [SUCCESS] CODE: COD0OPSFIN_20242430000_01D_30S_CLK.CLK.gz (4.8MB) | Progress: 83.3% | ETA: 1min
[23:35:09] [SUCCESS] CODE: COD0OPSFIN_20242440000_01D_30S_CLK.CLK.gz (4.8MB) | Progress: 83.3% | ETA: 1min
[23:35:09] [SUCCESS] CODE: COD0OPSFIN_20242460000_01D_30S_CLK.CLK.gz (4.8MB) | Progress: 83.4% | ETA: 1min
[23:35:09] [SUCCESS] CODE: COD0OPSFIN_20242450000_01D_30S_CLK.CLK.gz (4.8MB) | Progress: 83.4% | ETA: 1min
[23:35:10] [SUCCESS] CODE: COD0OPSFIN_20242420000_01D_30S_CLK.CLK.gz (4.8MB) | Progress: 83.5% | ETA: 1min
[23:35:10] [SUCCESS] CODE: COD0OPSFIN_20242470000_01D_30S_CLK.CLK.gz (4.8MB) | Progress: 83.6% | ETA: 1min
[23:35:10] [SUCCESS] CODE: COD0OPSFIN_20242480000_01D_30S_CLK.CLK.gz (4.8MB) | Progress: 83.6% | ETA: 1min
[23:35:10] [SUCCESS] CODE: COD0OPSFIN_20242490000_01D_30S_CLK.CLK.gz (4.8MB) | Progress: 83.7% | ETA: 1min
[23:35:10] [SUCCESS] CODE: COD0OPSFIN_20242500000_01D_30S_CLK.CLK.gz (4.8MB) | Progress: 83.7% | ETA: 1min
[23:35:10] [SUCCESS] CODE: COD0OPSFIN_20242510000_01D_30S_CLK.CLK.gz (4.8MB) | Progress: 83.8% | ETA: 1min
[23:35:11] [SUCCESS] CODE: COD0OPSFIN_20242530000_01D_30S_CLK.CLK.gz (4.8MB) | Progress: 83.8% | ETA: 1min
[23:35:11] [SUCCESS] CODE: COD0OPSFIN_20242520000_01D_30S_CLK.CLK.gz (4.8MB) | Progress: 83.9% | ETA: 1min
[23:35:11] [SUCCESS] CODE: COD0OPSFIN_20242540000_01D_30S_CLK.CLK.gz (4.8MB) | Progress: 83.9% | ETA: 1min
[23:35:11] [SUCCESS] CODE: COD0OPSFIN_20242550000_01D_30S_CLK.CLK.gz (4.8MB) | Progress: 84.0% | ETA: 1min
[23:35:11] [SUCCESS] CODE: COD0OPSFIN_20242560000_01D_30S_CLK.CLK.gz (4.8MB) | Progress: 84.0% | ETA: 1min
[23:35:11] [SUCCESS] CODE: COD0OPSFIN_20242570000_01D_30S_CLK.CLK.gz (4.8MB) | Progress: 84.1% | ETA: 1min
[23:35:11] [SUCCESS] CODE: COD0OPSFIN_20242580000_01D_30S_CLK.CLK.gz (4.8MB) | Progress: 84.2% | ETA: 1min
[23:35:11] [SUCCESS] CODE: COD0OPSFIN_20242590000_01D_30S_CLK.CLK.gz (4.8MB) | Progress: 84.2% | ETA: 1min
[23:35:11] [SUCCESS] CODE: COD0OPSFIN_20242600000_01D_30S_CLK.CLK.gz (4.8MB) | Progress: 84.3% | ETA: 1min
[23:35:11] [INFO] [PROGRESS] Overall: 1537/1824 files (84.3%) | Rate: 7.8 files/sec
[23:35:12] [SUCCESS] CODE: COD0OPSFIN_20242610000_01D_30S_CLK.CLK.gz (4.8MB) | Progress: 84.3% | ETA: 1min
[23:35:12] [SUCCESS] CODE: COD0OPSFIN_20242620000_01D_30S_CLK.CLK.gz (4.8MB) | Progress: 84.4% | ETA: 1min
[23:35:12] [SUCCESS] CODE: COD0OPSFIN_20242630000_01D_30S_CLK.CLK.gz (4.8MB) | Progress: 84.4% | ETA: 1min
[23:35:12] [SUCCESS] CODE: COD0OPSFIN_20242640000_01D_30S_CLK.CLK.gz (4.8MB) | Progress: 84.5% | ETA: 1min
[23:35:12] [SUCCESS] CODE: COD0OPSFIN_20242650000_01D_30S_CLK.CLK.gz (4.8MB) | Progress: 84.5% | ETA: 1min
[23:35:13] [SUCCESS] CODE: COD0OPSFIN_20242670000_01D_30S_CLK.CLK.gz (4.8MB) | Progress: 84.6% | ETA: 1min
[23:35:13] [SUCCESS] CODE: COD0OPSFIN_20242680000_01D_30S_CLK.CLK.gz (4.8MB) | Progress: 84.6% | ETA: 1min
[23:35:13] [SUCCESS] CODE: COD0OPSFIN_20242660000_01D_30S_CLK.CLK.gz (4.8MB) | Progress: 84.7% | ETA: 1min
[23:35:13] [SUCCESS] CODE: COD0OPSFIN_20242700000_01D_30S_CLK.CLK.gz (4.8MB) | Progress: 84.8% | ETA: 1min
[23:35:13] [SUCCESS] CODE: COD0OPSFIN_20242710000_01D_30S_CLK.CLK.gz (4.8MB) | Progress: 84.8% | ETA: 1min
[23:35:13] [SUCCESS] CODE: COD0OPSFIN_20242690000_01D_30S_CLK.CLK.gz (4.8MB) | Progress: 84.9% | ETA: 1min
[23:35:13] [SUCCESS] CODE: COD0OPSFIN_20242720000_01D_30S_CLK.CLK.gz (4.8MB) | Progress: 84.9% | ETA: 1min
[23:35:14] [SUCCESS] CODE: COD0OPSFIN_20242730000_01D_30S_CLK.CLK.gz (4.8MB) | Progress: 85.0% | ETA: 1min
[23:35:14] [SUCCESS] CODE: COD0OPSFIN_20242740000_01D_30S_CLK.CLK.gz (4.8MB) | Progress: 85.0% | ETA: 1min
[23:35:14] [SUCCESS] CODE: COD0OPSFIN_20242780000_01D_30S_CLK.CLK.gz (4.7MB) | Progress: 85.1% | ETA: 1min
[23:35:14] [SUCCESS] CODE: COD0OPSFIN_20242750000_01D_30S_CLK.CLK.gz (4.8MB) | Progress: 85.1% | ETA: 1min
[23:35:14] [SUCCESS] CODE: COD0OPSFIN_20242760000_01D_30S_CLK.CLK.gz (4.8MB) | Progress: 85.2% | ETA: 1min
[23:35:14] [SUCCESS] CODE: COD0OPSFIN_20242770000_01D_30S_CLK.CLK.gz (4.8MB) | Progress: 85.3% | ETA: 1min
[23:35:14] [SUCCESS] CODE: COD0OPSFIN_20242790000_01D_30S_CLK.CLK.gz (4.8MB) | Progress: 85.3% | ETA: 1min
[23:35:15] [SUCCESS] CODE: COD0OPSFIN_20242800000_01D_30S_CLK.CLK.gz (4.8MB) | Progress: 85.4% | ETA: 1min
[23:35:15] [SUCCESS] CODE: COD0OPSFIN_20242820000_01D_30S_CLK.CLK.gz (4.8MB) | Progress: 85.4% | ETA: 1min
[23:35:15] [SUCCESS] CODE: COD0OPSFIN_20242830000_01D_30S_CLK.CLK.gz (4.8MB) | Progress: 85.5% | ETA: 1min
[23:35:15] [SUCCESS] CODE: COD0OPSFIN_20242810000_01D_30S_CLK.CLK.gz (4.8MB) | Progress: 85.5% | ETA: 1min
[23:35:15] [SUCCESS] CODE: COD0OPSFIN_20242840000_01D_30S_CLK.CLK.gz (4.7MB) | Progress: 85.6% | ETA: 1min
[23:35:16] [SUCCESS] CODE: COD0OPSFIN_20242850000_01D_30S_CLK.CLK.gz (4.8MB) | Progress: 85.6% | ETA: 1min
[23:35:16] [INFO] [PROGRESS] Overall: 1562/1824 files (85.6%) | Rate: 7.7 files/sec
[23:35:16] [SUCCESS] CODE: COD0OPSFIN_20242870000_01D_30S_CLK.CLK.gz (4.8MB) | Progress: 85.7% | ETA: 1min
[23:35:16] [SUCCESS] CODE: COD0OPSFIN_20242860000_01D_30S_CLK.CLK.gz (4.8MB) | Progress: 85.7% | ETA: 1min
[23:35:16] [SUCCESS] CODE: COD0OPSFIN_20242880000_01D_30S_CLK.CLK.gz (4.8MB) | Progress: 85.8% | ETA: 1min
[23:35:17] [SUCCESS] CODE: COD0OPSFIN_20242890000_01D_30S_CLK.CLK.gz (4.8MB) | Progress: 85.9% | ETA: 1min
[23:35:17] [SUCCESS] CODE: COD0OPSFIN_20242900000_01D_30S_CLK.CLK.gz (4.8MB) | Progress: 85.9% | ETA: 1min
[23:35:17] [SUCCESS] CODE: COD0OPSFIN_20242910000_01D_30S_CLK.CLK.gz (4.8MB) | Progress: 86.0% | ETA: 1min
[23:35:17] [SUCCESS] CODE: COD0OPSFIN_20242920000_01D_30S_CLK.CLK.gz (4.7MB) | Progress: 86.0% | ETA: 1min
[23:35:17] [SUCCESS] CODE: COD0OPSFIN_20242930000_01D_30S_CLK.CLK.gz (4.8MB) | Progress: 86.1% | ETA: 1min
[23:35:18] [SUCCESS] CODE: COD0OPSFIN_20242940000_01D_30S_CLK.CLK.gz (4.8MB) | Progress: 86.1% | ETA: 1min
[23:35:18] [SUCCESS] CODE: COD0OPSFIN_20242950000_01D_30S_CLK.CLK.gz (4.8MB) | Progress: 86.2% | ETA: 1min
[23:35:18] [SUCCESS] CODE: COD0OPSFIN_20243030000_01D_30S_CLK.CLK.gz (4.8MB) | Progress: 86.2% | ETA: 1min
[23:35:18] [SUCCESS] CODE: COD0OPSFIN_20242960000_01D_30S_CLK.CLK.gz (4.8MB) | Progress: 86.3% | ETA: 1min
[23:35:18] [SUCCESS] CODE: COD0OPSFIN_20242970000_01D_30S_CLK.CLK.gz (4.8MB) | Progress: 86.3% | ETA: 1min
[23:35:18] [SUCCESS] CODE: COD0OPSFIN_20242980000_01D_30S_CLK.CLK.gz (4.8MB) | Progress: 86.4% | ETA: 1min
[23:35:18] [SUCCESS] CODE: COD0OPSFIN_20242990000_01D_30S_CLK.CLK.gz (4.8MB) | Progress: 86.5% | ETA: 1min
[23:35:18] [SUCCESS] CODE: COD0OPSFIN_20243130000_01D_30S_CLK.CLK.gz (4.7MB) | Progress: 86.5% | ETA: 1min
[23:35:19] [SUCCESS] CODE: COD0OPSFIN_20243120000_01D_30S_CLK.CLK.gz (4.7MB) | Progress: 86.6% | ETA: 1min
[23:35:19] [SUCCESS] CODE: COD0OPSFIN_20243000000_01D_30S_CLK.CLK.gz (4.8MB) | Progress: 86.6% | ETA: 1min
[23:35:19] [SUCCESS] CODE: COD0OPSFIN_20243010000_01D_30S_CLK.CLK.gz (4.9MB) | Progress: 86.7% | ETA: 1min
[23:35:19] [SUCCESS] CODE: COD0OPSFIN_20243020000_01D_30S_CLK.CLK.gz (4.8MB) | Progress: 86.7% | ETA: 1min
[23:35:19] [SUCCESS] CODE: COD0OPSFIN_20243040000_01D_30S_CLK.CLK.gz (4.8MB) | Progress: 86.8% | ETA: 1min
[23:35:19] [SUCCESS] CODE: COD0OPSFIN_20243050000_01D_30S_CLK.CLK.gz (4.8MB) | Progress: 86.8% | ETA: 1min
[23:35:19] [SUCCESS] CODE: COD0OPSFIN_20243070000_01D_30S_CLK.CLK.gz (4.7MB) | Progress: 86.9% | ETA: 1min
[23:35:20] [SUCCESS] CODE: COD0OPSFIN_20243060000_01D_30S_CLK.CLK.gz (4.8MB) | Progress: 87.0% | ETA: 1min
[23:35:20] [SUCCESS] CODE: COD0OPSFIN_20243080000_01D_30S_CLK.CLK.gz (4.7MB) | Progress: 87.0% | ETA: 1min
[23:35:20] [INFO] [PROGRESS] Overall: 1587/1824 files (87.0%) | Rate: 7.7 files/sec
[23:35:20] [SUCCESS] CODE: COD0OPSFIN_20243090000_01D_30S_CLK.CLK.gz (4.8MB) | Progress: 87.1% | ETA: 1min
[23:35:20] [SUCCESS] CODE: COD0OPSFIN_20243100000_01D_30S_CLK.CLK.gz (4.7MB) | Progress: 87.1% | ETA: 1min
[23:35:21] [SUCCESS] CODE: COD0OPSFIN_20243110000_01D_30S_CLK.CLK.gz (4.7MB) | Progress: 87.2% | ETA: 1min
[23:35:21] [SUCCESS] CODE: COD0OPSFIN_20243140000_01D_30S_CLK.CLK.gz (4.7MB) | Progress: 87.2% | ETA: 1min
[23:35:22] [SUCCESS] CODE: COD0OPSFIN_20243150000_01D_30S_CLK.CLK.gz (4.7MB) | Progress: 87.3% | ETA: 1min
[23:35:22] [SUCCESS] CODE: COD0OPSFIN_20243160000_01D_30S_CLK.CLK.gz (4.7MB) | Progress: 87.3% | ETA: 1min
[23:35:22] [SUCCESS] CODE: COD0OPSFIN_20243170000_01D_30S_CLK.CLK.gz (4.7MB) | Progress: 87.4% | ETA: 1min
[23:35:23] [SUCCESS] CODE: COD0OPSFIN_20243180000_01D_30S_CLK.CLK.gz (4.7MB) | Progress: 87.4% | ETA: 1min
[23:35:23] [SUCCESS] CODE: COD0OPSFIN_20243190000_01D_30S_CLK.CLK.gz (4.7MB) | Progress: 87.5% | ETA: 0min
[23:35:23] [SUCCESS] CODE: COD0OPSFIN_20243200000_01D_30S_CLK.CLK.gz (4.7MB) | Progress: 87.6% | ETA: 0min
[23:35:23] [SUCCESS] CODE: COD0OPSFIN_20243210000_01D_30S_CLK.CLK.gz (4.7MB) | Progress: 87.6% | ETA: 0min
[23:35:24] [SUCCESS] CODE: COD0OPSFIN_20243220000_01D_30S_CLK.CLK.gz (4.8MB) | Progress: 87.7% | ETA: 0min
[23:35:24] [SUCCESS] CODE: COD0OPSFIN_20243230000_01D_30S_CLK.CLK.gz (4.8MB) | Progress: 87.7% | ETA: 0min
[23:35:24] [SUCCESS] CODE: COD0OPSFIN_20243240000_01D_30S_CLK.CLK.gz (4.8MB) | Progress: 87.8% | ETA: 0min
[23:35:24] [SUCCESS] CODE: COD0OPSFIN_20243250000_01D_30S_CLK.CLK.gz (4.8MB) | Progress: 87.8% | ETA: 0min
[23:35:24] [SUCCESS] CODE: COD0OPSFIN_20243270000_01D_30S_CLK.CLK.gz (4.8MB) | Progress: 87.9% | ETA: 0min
[23:35:24] [SUCCESS] CODE: COD0OPSFIN_20243260000_01D_30S_CLK.CLK.gz (4.8MB) | Progress: 87.9% | ETA: 0min
[23:35:24] [SUCCESS] CODE: COD0OPSFIN_20243280000_01D_30S_CLK.CLK.gz (4.7MB) | Progress: 88.0% | ETA: 0min
[23:35:25] [SUCCESS] CODE: COD0OPSFIN_20243300000_01D_30S_CLK.CLK.gz (4.7MB) | Progress: 88.0% | ETA: 0min
[23:35:25] [SUCCESS] CODE: COD0OPSFIN_20243310000_01D_30S_CLK.CLK.gz (4.8MB) | Progress: 88.1% | ETA: 0min
[23:35:25] [SUCCESS] CODE: COD0OPSFIN_20243320000_01D_30S_CLK.CLK.gz (4.8MB) | Progress: 88.2% | ETA: 0min
[23:35:25] [SUCCESS] CODE: COD0OPSFIN_20243330000_01D_30S_CLK.CLK.gz (4.8MB) | Progress: 88.2% | ETA: 0min
[23:35:25] [SUCCESS] CODE: COD0OPSFIN_20243340000_01D_30S_CLK.CLK.gz (4.7MB) | Progress: 88.3% | ETA: 0min
[23:35:26] [SUCCESS] CODE: COD0OPSFIN_20243350000_01D_30S_CLK.CLK.gz (4.8MB) | Progress: 88.3% | ETA: 0min
[23:35:26] [SUCCESS] CODE: COD0OPSFIN_20243290000_01D_30S_CLK.CLK.gz (4.7MB) | Progress: 88.4% | ETA: 0min
[23:35:26] [INFO] [PROGRESS] Overall: 1612/1824 files (88.4%) | Rate: 7.6 files/sec
[23:35:26] [SUCCESS] CODE: COD0OPSFIN_20243370000_01D_30S_CLK.CLK.gz (4.8MB) | Progress: 88.4% | ETA: 0min
[23:35:27] [SUCCESS] CODE: COD0OPSFIN_20243360000_01D_30S_CLK.CLK.gz (4.8MB) | Progress: 88.5% | ETA: 0min
[23:35:27] [SUCCESS] CODE: COD0OPSFIN_20243380000_01D_30S_CLK.CLK.gz (4.8MB) | Progress: 88.5% | ETA: 0min
[23:35:27] [SUCCESS] CODE: COD0OPSFIN_20243390000_01D_30S_CLK.CLK.gz (4.8MB) | Progress: 88.6% | ETA: 0min
[23:35:27] [SUCCESS] CODE: COD0OPSFIN_20243400000_01D_30S_CLK.CLK.gz (4.8MB) | Progress: 88.7% | ETA: 0min
[23:35:27] [SUCCESS] CODE: COD0OPSFIN_20243410000_01D_30S_CLK.CLK.gz (4.8MB) | Progress: 88.7% | ETA: 0min
[23:35:27] [SUCCESS] CODE: COD0OPSFIN_20243420000_01D_30S_CLK.CLK.gz (4.7MB) | Progress: 88.8% | ETA: 0min
[23:35:28] [SUCCESS] CODE: COD0OPSFIN_20243430000_01D_30S_CLK.CLK.gz (4.8MB) | Progress: 88.8% | ETA: 0min
[23:35:28] [SUCCESS] CODE: COD0OPSFIN_20243440000_01D_30S_CLK.CLK.gz (4.8MB) | Progress: 88.9% | ETA: 0min
[23:35:29] [SUCCESS] CODE: COD0OPSFIN_20243470000_01D_30S_CLK.CLK.gz (4.7MB) | Progress: 88.9% | ETA: 0min
[23:35:29] [SUCCESS] CODE: COD0OPSFIN_20243460000_01D_30S_CLK.CLK.gz (4.8MB) | Progress: 89.0% | ETA: 0min
[23:35:29] [SUCCESS] CODE: COD0OPSFIN_20243450000_01D_30S_CLK.CLK.gz (4.7MB) | Progress: 89.0% | ETA: 0min
[23:35:29] [SUCCESS] CODE: COD0OPSFIN_20243490000_01D_30S_CLK.CLK.gz (4.7MB) | Progress: 89.1% | ETA: 0min
[23:35:29] [SUCCESS] CODE: COD0OPSFIN_20243480000_01D_30S_CLK.CLK.gz (4.8MB) | Progress: 89.1% | ETA: 0min
[23:35:29] [SUCCESS] CODE: COD0OPSFIN_20243500000_01D_30S_CLK.CLK.gz (4.8MB) | Progress: 89.2% | ETA: 0min
[23:35:29] [SUCCESS] CODE: COD0OPSFIN_20243510000_01D_30S_CLK.CLK.gz (4.7MB) | Progress: 89.3% | ETA: 0min
[23:35:30] [SUCCESS] CODE: COD0OPSFIN_20243520000_01D_30S_CLK.CLK.gz (4.7MB) | Progress: 89.3% | ETA: 0min
[23:35:30] [SUCCESS] CODE: COD0OPSFIN_20243530000_01D_30S_CLK.CLK.gz (4.7MB) | Progress: 89.4% | ETA: 0min
[23:35:30] [SUCCESS] CODE: COD0OPSFIN_20243540000_01D_30S_CLK.CLK.gz (4.7MB) | Progress: 89.4% | ETA: 0min
[23:35:30] [SUCCESS] CODE: COD0OPSFIN_20243570000_01D_30S_CLK.CLK.gz (4.7MB) | Progress: 89.5% | ETA: 0min
[23:35:30] [SUCCESS] CODE: COD0OPSFIN_20243550000_01D_30S_CLK.CLK.gz (4.8MB) | Progress: 89.5% | ETA: 0min
[23:35:30] [SUCCESS] CODE: COD0OPSFIN_20243560000_01D_30S_CLK.CLK.gz (4.8MB) | Progress: 89.6% | ETA: 0min
[23:35:30] [SUCCESS] CODE: COD0OPSFIN_20243580000_01D_30S_CLK.CLK.gz (4.8MB) | Progress: 89.6% | ETA: 0min
[23:35:31] [SUCCESS] CODE: COD0OPSFIN_20243600000_01D_30S_CLK.CLK.gz (4.8MB) | Progress: 89.7% | ETA: 0min
[23:35:31] [SUCCESS] CODE: COD0OPSFIN_20243610000_01D_30S_CLK.CLK.gz (4.8MB) | Progress: 89.7% | ETA: 0min
[23:35:31] [INFO] [PROGRESS] Overall: 1637/1824 files (89.7%) | Rate: 7.5 files/sec
[23:35:31] [SUCCESS] CODE: COD0OPSFIN_20243590000_01D_30S_CLK.CLK.gz (4.8MB) | Progress: 89.8% | ETA: 0min
[23:35:31] [SUCCESS] CODE: COD0OPSFIN_20243650000_01D_30S_CLK.CLK.gz (4.8MB) | Progress: 89.9% | ETA: 0min
[23:35:31] [SUCCESS] CODE: COD0OPSFIN_20243620000_01D_30S_CLK.CLK.gz (4.8MB) | Progress: 89.9% | ETA: 0min
[23:35:31] [SUCCESS] CODE: COD0OPSFIN_20243640000_01D_30S_CLK.CLK.gz (4.8MB) | Progress: 90.0% | ETA: 0min
[23:35:31] [SUCCESS] CODE: COD0OPSFIN_20243630000_01D_30S_CLK.CLK.gz (4.8MB) | Progress: 90.0% | ETA: 0min
[23:35:32] [SUCCESS] CODE: COD0OPSFIN_20243660000_01D_30S_CLK.CLK.gz (4.8MB) | Progress: 90.1% | ETA: 0min
[23:35:32] [SUCCESS] CODE: COD0OPSFIN_20250010000_01D_30S_CLK.CLK.gz (4.8MB) | Progress: 90.1% | ETA: 0min
[23:35:33] [SUCCESS] CODE: COD0OPSFIN_20250020000_01D_30S_CLK.CLK.gz (4.8MB) | Progress: 90.2% | ETA: 0min
[23:35:33] [SUCCESS] CODE: COD0OPSFIN_20250040000_01D_30S_CLK.CLK.gz (4.7MB) | Progress: 90.2% | ETA: 0min
[23:35:33] [SUCCESS] CODE: COD0OPSFIN_20250030000_01D_30S_CLK.CLK.gz (4.8MB) | Progress: 90.3% | ETA: 0min
[23:35:33] [SUCCESS] CODE: COD0OPSFIN_20250080000_01D_30S_CLK.CLK.gz (4.7MB) | Progress: 90.4% | ETA: 0min
[23:35:34] [SUCCESS] CODE: COD0OPSFIN_20250050000_01D_30S_CLK.CLK.gz (4.7MB) | Progress: 90.4% | ETA: 0min
[23:35:34] [SUCCESS] CODE: COD0OPSFIN_20250060000_01D_30S_CLK.CLK.gz (4.8MB) | Progress: 90.5% | ETA: 0min
[23:35:34] [SUCCESS] CODE: COD0OPSFIN_20250070000_01D_30S_CLK.CLK.gz (4.8MB) | Progress: 90.5% | ETA: 0min
[23:35:34] [SUCCESS] CODE: COD0OPSFIN_20250090000_01D_30S_CLK.CLK.gz (4.6MB) | Progress: 90.6% | ETA: 0min
[23:35:34] [SUCCESS] CODE: COD0OPSFIN_20250100000_01D_30S_CLK.CLK.gz (4.7MB) | Progress: 90.6% | ETA: 0min
[23:35:34] [SUCCESS] CODE: COD0OPSFIN_20250110000_01D_30S_CLK.CLK.gz (4.7MB) | Progress: 90.7% | ETA: 0min
[23:35:35] [SUCCESS] CODE: COD0OPSFIN_20250120000_01D_30S_CLK.CLK.gz (4.8MB) | Progress: 90.7% | ETA: 0min
[23:35:35] [SUCCESS] CODE: COD0OPSFIN_20250130000_01D_30S_CLK.CLK.gz (4.8MB) | Progress: 90.8% | ETA: 0min
[23:35:35] [SUCCESS] CODE: COD0OPSFIN_20250140000_01D_30S_CLK.CLK.gz (4.8MB) | Progress: 90.8% | ETA: 0min
[23:35:35] [SUCCESS] CODE: COD0OPSFIN_20250150000_01D_30S_CLK.CLK.gz (4.8MB) | Progress: 90.9% | ETA: 0min
[23:35:36] [SUCCESS] CODE: COD0OPSFIN_20250160000_01D_30S_CLK.CLK.gz (4.8MB) | Progress: 91.0% | ETA: 0min
[23:35:36] [SUCCESS] CODE: COD0OPSFIN_20250170000_01D_30S_CLK.CLK.gz (4.8MB) | Progress: 91.0% | ETA: 0min
[23:35:36] [SUCCESS] CODE: COD0OPSFIN_20250180000_01D_30S_CLK.CLK.gz (4.8MB) | Progress: 91.1% | ETA: 0min
[23:35:37] [SUCCESS] CODE: COD0OPSFIN_20250190000_01D_30S_CLK.CLK.gz (4.8MB) | Progress: 91.1% | ETA: 0min
[23:35:37] [INFO] [PROGRESS] Overall: 1662/1824 files (91.1%) | Rate: 7.5 files/sec
[23:35:37] [SUCCESS] CODE: COD0OPSFIN_20250200000_01D_30S_CLK.CLK.gz (4.8MB) | Progress: 91.2% | ETA: 0min
[23:35:37] [SUCCESS] CODE: COD0OPSFIN_20250210000_01D_30S_CLK.CLK.gz (4.7MB) | Progress: 91.2% | ETA: 0min
[23:35:37] [SUCCESS] CODE: COD0OPSFIN_20250230000_01D_30S_CLK.CLK.gz (4.8MB) | Progress: 91.3% | ETA: 0min
[23:35:37] [SUCCESS] CODE: COD0OPSFIN_20250220000_01D_30S_CLK.CLK.gz (4.8MB) | Progress: 91.3% | ETA: 0min
[23:35:37] [SUCCESS] CODE: COD0OPSFIN_20250250000_01D_30S_CLK.CLK.gz (4.7MB) | Progress: 91.4% | ETA: 0min
[23:35:37] [SUCCESS] CODE: COD0OPSFIN_20250240000_01D_30S_CLK.CLK.gz (4.7MB) | Progress: 91.4% | ETA: 0min
[23:35:37] [SUCCESS] CODE: COD0OPSFIN_20250270000_01D_30S_CLK.CLK.gz (4.8MB) | Progress: 91.5% | ETA: 0min
[23:35:38] [SUCCESS] CODE: COD0OPSFIN_20250260000_01D_30S_CLK.CLK.gz (4.8MB) | Progress: 91.6% | ETA: 0min
[23:35:38] [SUCCESS] CODE: COD0OPSFIN_20250280000_01D_30S_CLK.CLK.gz (4.8MB) | Progress: 91.6% | ETA: 0min
[23:35:38] [SUCCESS] CODE: COD0OPSFIN_20250300000_01D_30S_CLK.CLK.gz (4.8MB) | Progress: 91.7% | ETA: 0min
[23:35:38] [SUCCESS] CODE: COD0OPSFIN_20250290000_01D_30S_CLK.CLK.gz (4.8MB) | Progress: 91.7% | ETA: 0min
[23:35:39] [SUCCESS] CODE: COD0OPSFIN_20250320000_01D_30S_CLK.CLK.gz (4.8MB) | Progress: 91.8% | ETA: 0min
[23:35:39] [SUCCESS] CODE: COD0OPSFIN_20250310000_01D_30S_CLK.CLK.gz (4.8MB) | Progress: 91.8% | ETA: 0min
[23:35:39] [SUCCESS] CODE: COD0OPSFIN_20250340000_01D_30S_CLK.CLK.gz (4.8MB) | Progress: 91.9% | ETA: 0min
[23:35:39] [SUCCESS] CODE: COD0OPSFIN_20250330000_01D_30S_CLK.CLK.gz (4.7MB) | Progress: 91.9% | ETA: 0min
[23:35:39] [SUCCESS] CODE: COD0OPSFIN_20250350000_01D_30S_CLK.CLK.gz (4.8MB) | Progress: 92.0% | ETA: 0min
[23:35:39] [SUCCESS] CODE: COD0OPSFIN_20250360000_01D_30S_CLK.CLK.gz (4.8MB) | Progress: 92.1% | ETA: 0min
[23:35:39] [SUCCESS] CODE: COD0OPSFIN_20250370000_01D_30S_CLK.CLK.gz (4.7MB) | Progress: 92.1% | ETA: 0min
[23:35:39] [SUCCESS] CODE: COD0OPSFIN_20250380000_01D_30S_CLK.CLK.gz (4.8MB) | Progress: 92.2% | ETA: 0min
[23:35:39] [SUCCESS] CODE: COD0OPSFIN_20250390000_01D_30S_CLK.CLK.gz (4.8MB) | Progress: 92.2% | ETA: 0min
[23:35:40] [SUCCESS] CODE: COD0OPSFIN_20250400000_01D_30S_CLK.CLK.gz (4.8MB) | Progress: 92.3% | ETA: 0min
[23:35:40] [SUCCESS] CODE: COD0OPSFIN_20250420000_01D_30S_CLK.CLK.gz (4.8MB) | Progress: 92.3% | ETA: 0min
[23:35:40] [SUCCESS] CODE: COD0OPSFIN_20250410000_01D_30S_CLK.CLK.gz (4.8MB) | Progress: 92.4% | ETA: 0min
[23:35:40] [SUCCESS] CODE: COD0OPSFIN_20250430000_01D_30S_CLK.CLK.gz (4.8MB) | Progress: 92.4% | ETA: 0min
[23:35:41] [SUCCESS] CODE: COD0OPSFIN_20250450000_01D_30S_CLK.CLK.gz (4.8MB) | Progress: 92.5% | ETA: 0min
[23:35:41] [INFO] [PROGRESS] Overall: 1687/1824 files (92.5%) | Rate: 7.4 files/sec
[23:35:41] [SUCCESS] CODE: COD0OPSFIN_20250440000_01D_30S_CLK.CLK.gz (4.8MB) | Progress: 92.5% | ETA: 0min
[23:35:41] [SUCCESS] CODE: COD0OPSFIN_20250460000_01D_30S_CLK.CLK.gz (4.8MB) | Progress: 92.6% | ETA: 0min
[23:35:41] [SUCCESS] CODE: COD0OPSFIN_20250470000_01D_30S_CLK.CLK.gz (4.8MB) | Progress: 92.7% | ETA: 0min
[23:35:42] [SUCCESS] CODE: COD0OPSFIN_20250480000_01D_30S_CLK.CLK.gz (4.8MB) | Progress: 92.7% | ETA: 0min
[23:35:42] [SUCCESS] CODE: COD0OPSFIN_20250490000_01D_30S_CLK.CLK.gz (4.8MB) | Progress: 92.8% | ETA: 0min
[23:35:42] [SUCCESS] CODE: COD0OPSFIN_20250500000_01D_30S_CLK.CLK.gz (4.8MB) | Progress: 92.8% | ETA: 0min
[23:35:42] [SUCCESS] CODE: COD0OPSFIN_20250510000_01D_30S_CLK.CLK.gz (4.8MB) | Progress: 92.9% | ETA: 0min
[23:35:42] [SUCCESS] CODE: COD0OPSFIN_20250520000_01D_30S_CLK.CLK.gz (4.8MB) | Progress: 92.9% | ETA: 0min
[23:35:42] [SUCCESS] CODE: COD0OPSFIN_20250530000_01D_30S_CLK.CLK.gz (4.8MB) | Progress: 93.0% | ETA: 0min
[23:35:42] [SUCCESS] CODE: COD0OPSFIN_20250540000_01D_30S_CLK.CLK.gz (4.8MB) | Progress: 93.0% | ETA: 0min
[23:35:42] [SUCCESS] CODE: COD0OPSFIN_20250550000_01D_30S_CLK.CLK.gz (4.8MB) | Progress: 93.1% | ETA: 0min
[23:35:43] [SUCCESS] CODE: COD0OPSFIN_20250580000_01D_30S_CLK.CLK.gz (4.8MB) | Progress: 93.1% | ETA: 0min
[23:35:43] [SUCCESS] CODE: COD0OPSFIN_20250560000_01D_30S_CLK.CLK.gz (4.8MB) | Progress: 93.2% | ETA: 0min
[23:35:43] [SUCCESS] CODE: COD0OPSFIN_20250570000_01D_30S_CLK.CLK.gz (4.8MB) | Progress: 93.3% | ETA: 0min
[23:35:43] [SUCCESS] CODE: COD0OPSFIN_20250600000_01D_30S_CLK.CLK.gz (4.8MB) | Progress: 93.3% | ETA: 0min
[23:35:43] [SUCCESS] CODE: COD0OPSFIN_20250590000_01D_30S_CLK.CLK.gz (4.8MB) | Progress: 93.4% | ETA: 0min
[23:35:43] [SUCCESS] CODE: COD0OPSFIN_20250610000_01D_30S_CLK.CLK.gz (4.8MB) | Progress: 93.4% | ETA: 0min
[23:35:43] [SUCCESS] CODE: COD0OPSFIN_20250620000_01D_30S_CLK.CLK.gz (4.8MB) | Progress: 93.5% | ETA: 0min
[23:35:44] [SUCCESS] CODE: COD0OPSFIN_20250630000_01D_30S_CLK.CLK.gz (4.9MB) | Progress: 93.5% | ETA: 0min
[23:35:44] [SUCCESS] CODE: COD0OPSFIN_20250650000_01D_30S_CLK.CLK.gz (4.8MB) | Progress: 93.6% | ETA: 0min
[23:35:44] [SUCCESS] CODE: COD0OPSFIN_20250640000_01D_30S_CLK.CLK.gz (4.8MB) | Progress: 93.6% | ETA: 0min
[23:35:44] [SUCCESS] CODE: COD0OPSFIN_20250670000_01D_30S_CLK.CLK.gz (4.8MB) | Progress: 93.7% | ETA: 0min
[23:35:44] [SUCCESS] CODE: COD0OPSFIN_20250660000_01D_30S_CLK.CLK.gz (4.8MB) | Progress: 93.8% | ETA: 0min
[23:35:44] [SUCCESS] CODE: COD0OPSFIN_20250680000_01D_30S_CLK.CLK.gz (4.8MB) | Progress: 93.8% | ETA: 0min
[23:35:44] [SUCCESS] CODE: COD0OPSFIN_20250700000_01D_30S_CLK.CLK.gz (4.8MB) | Progress: 93.9% | ETA: 0min
[23:35:44] [INFO] [PROGRESS] Overall: 1712/1824 files (93.9%) | Rate: 7.4 files/sec
[23:35:44] [SUCCESS] CODE: COD0OPSFIN_20250690000_01D_30S_CLK.CLK.gz (4.8MB) | Progress: 93.9% | ETA: 0min
[23:35:44] [SUCCESS] CODE: COD0OPSFIN_20250710000_01D_30S_CLK.CLK.gz (4.8MB) | Progress: 94.0% | ETA: 0min
[23:35:45] [SUCCESS] CODE: COD0OPSFIN_20250720000_01D_30S_CLK.CLK.gz (4.8MB) | Progress: 94.0% | ETA: 0min
[23:35:45] [SUCCESS] CODE: COD0OPSFIN_20250730000_01D_30S_CLK.CLK.gz (4.8MB) | Progress: 94.1% | ETA: 0min
[23:35:45] [SUCCESS] CODE: COD0OPSFIN_20250740000_01D_30S_CLK.CLK.gz (4.8MB) | Progress: 94.1% | ETA: 0min
[23:35:45] [SUCCESS] CODE: COD0OPSFIN_20250750000_01D_30S_CLK.CLK.gz (4.8MB) | Progress: 94.2% | ETA: 0min
[23:35:45] [SUCCESS] CODE: COD0OPSFIN_20250760000_01D_30S_CLK.CLK.gz (4.8MB) | Progress: 94.2% | ETA: 0min
[23:35:45] [SUCCESS] CODE: COD0OPSFIN_20250780000_01D_30S_CLK.CLK.gz (4.8MB) | Progress: 94.3% | ETA: 0min
[23:35:45] [SUCCESS] CODE: COD0OPSFIN_20250770000_01D_30S_CLK.CLK.gz (4.8MB) | Progress: 94.4% | ETA: 0min
[23:35:45] [SUCCESS] CODE: COD0OPSFIN_20250790000_01D_30S_CLK.CLK.gz (4.8MB) | Progress: 94.4% | ETA: 0min
[23:35:45] [SUCCESS] CODE: COD0OPSFIN_20250800000_01D_30S_CLK.CLK.gz (4.8MB) | Progress: 94.5% | ETA: 0min
[23:35:46] [SUCCESS] CODE: COD0OPSFIN_20250810000_01D_30S_CLK.CLK.gz (4.8MB) | Progress: 94.5% | ETA: 0min
[23:35:47] [SUCCESS] CODE: COD0OPSFIN_20250920000_01D_30S_CLK.CLK.gz (4.8MB) | Progress: 94.6% | ETA: 0min
[23:35:47] [SUCCESS] CODE: COD0OPSFIN_20250930000_01D_30S_CLK.CLK.gz (4.8MB) | Progress: 94.6% | ETA: 0min
[23:35:47] [SUCCESS] CODE: COD0OPSFIN_20250820000_01D_30S_CLK.CLK.gz (4.8MB) | Progress: 94.7% | ETA: 0min
[23:35:48] [SUCCESS] CODE: COD0OPSFIN_20250830000_01D_30S_CLK.CLK.gz (4.8MB) | Progress: 94.7% | ETA: 0min
[23:35:48] [SUCCESS] CODE: COD0OPSFIN_20250890000_01D_30S_CLK.CLK.gz (4.8MB) | Progress: 94.8% | ETA: 0min
[23:35:48] [SUCCESS] CODE: COD0OPSFIN_20250840000_01D_30S_CLK.CLK.gz (4.8MB) | Progress: 94.8% | ETA: 0min
[23:35:49] [SUCCESS] CODE: COD0OPSFIN_20250850000_01D_30S_CLK.CLK.gz (4.8MB) | Progress: 94.9% | ETA: 0min
[23:35:49] [SUCCESS] CODE: COD0OPSFIN_20250940000_01D_30S_CLK.CLK.gz (4.8MB) | Progress: 95.0% | ETA: 0min
[23:35:49] [SUCCESS] CODE: COD0OPSFIN_20250860000_01D_30S_CLK.CLK.gz (4.8MB) | Progress: 95.0% | ETA: 0min
[23:35:49] [SUCCESS] CODE: COD0OPSFIN_20250870000_01D_30S_CLK.CLK.gz (4.8MB) | Progress: 95.1% | ETA: 0min
[23:35:49] [SUCCESS] CODE: COD0OPSFIN_20250880000_01D_30S_CLK.CLK.gz (4.8MB) | Progress: 95.1% | ETA: 0min
[23:35:49] [SUCCESS] CODE: COD0OPSFIN_20250900000_01D_30S_CLK.CLK.gz (4.8MB) | Progress: 95.2% | ETA: 0min
[23:35:50] [SUCCESS] CODE: COD0OPSFIN_20250910000_01D_30S_CLK.CLK.gz (4.8MB) | Progress: 95.2% | ETA: 0min
[23:35:50] [INFO] [PROGRESS] Overall: 1737/1824 files (95.2%) | Rate: 7.4 files/sec
[23:35:51] [SUCCESS] CODE: COD0OPSFIN_20250950000_01D_30S_CLK.CLK.gz (4.8MB) | Progress: 95.3% | ETA: 0min
[23:35:51] [SUCCESS] CODE: COD0OPSFIN_20250960000_01D_30S_CLK.CLK.gz (4.8MB) | Progress: 95.3% | ETA: 0min
[23:35:51] [SUCCESS] CODE: COD0OPSFIN_20250980000_01D_30S_CLK.CLK.gz (4.8MB) | Progress: 95.4% | ETA: 0min
[23:35:51] [SUCCESS] CODE: COD0OPSFIN_20251000000_01D_30S_CLK.CLK.gz (4.7MB) | Progress: 95.4% | ETA: 0min
[23:35:51] [SUCCESS] CODE: COD0OPSFIN_20250990000_01D_30S_CLK.CLK.gz (4.8MB) | Progress: 95.5% | ETA: 0min
[23:35:52] [SUCCESS] CODE: COD0OPSFIN_20251020000_01D_30S_CLK.CLK.gz (4.7MB) | Progress: 95.6% | ETA: 0min
[23:35:52] [SUCCESS] CODE: COD0OPSFIN_20251010000_01D_30S_CLK.CLK.gz (4.7MB) | Progress: 95.6% | ETA: 0min
[23:35:52] [SUCCESS] CODE: COD0OPSFIN_20250970000_01D_30S_CLK.CLK.gz (4.8MB) | Progress: 95.7% | ETA: 0min
[23:35:52] [SUCCESS] CODE: COD0OPSFIN_20251030000_01D_30S_CLK.CLK.gz (4.8MB) | Progress: 95.7% | ETA: 0min
[23:35:53] [SUCCESS] CODE: COD0OPSFIN_20251040000_01D_30S_CLK.CLK.gz (4.8MB) | Progress: 95.8% | ETA: 0min
[23:35:53] [SUCCESS] CODE: COD0OPSFIN_20251050000_01D_30S_CLK.CLK.gz (4.8MB) | Progress: 95.8% | ETA: 0min
[23:35:53] [SUCCESS] CODE: COD0OPSFIN_20251060000_01D_30S_CLK.CLK.gz (4.8MB) | Progress: 95.9% | ETA: 0min
[23:35:53] [SUCCESS] CODE: COD0OPSFIN_20251070000_01D_30S_CLK.CLK.gz (4.8MB) | Progress: 95.9% | ETA: 0min
[23:35:53] [SUCCESS] CODE: COD0OPSFIN_20251080000_01D_30S_CLK.CLK.gz (4.8MB) | Progress: 96.0% | ETA: 0min
[23:35:54] [SUCCESS] CODE: COD0OPSFIN_20251090000_01D_30S_CLK.CLK.gz (4.8MB) | Progress: 96.1% | ETA: 0min
[23:35:54] [SUCCESS] CODE: COD0OPSFIN_20251100000_01D_30S_CLK.CLK.gz (4.8MB) | Progress: 96.1% | ETA: 0min
[23:35:54] [SUCCESS] CODE: COD0OPSFIN_20251110000_01D_30S_CLK.CLK.gz (4.8MB) | Progress: 96.2% | ETA: 0min
[23:35:54] [SUCCESS] CODE: COD0OPSFIN_20251120000_01D_30S_CLK.CLK.gz (4.8MB) | Progress: 96.2% | ETA: 0min
[23:35:55] [SUCCESS] CODE: COD0OPSFIN_20251130000_01D_30S_CLK.CLK.gz (4.8MB) | Progress: 96.3% | ETA: 0min
[23:35:55] [SUCCESS] CODE: COD0OPSFIN_20251150000_01D_30S_CLK.CLK.gz (4.8MB) | Progress: 96.3% | ETA: 0min
[23:35:55] [SUCCESS] CODE: COD0OPSFIN_20251140000_01D_30S_CLK.CLK.gz (4.8MB) | Progress: 96.4% | ETA: 0min
[23:35:55] [SUCCESS] CODE: COD0OPSFIN_20251160000_01D_30S_CLK.CLK.gz (4.8MB) | Progress: 96.4% | ETA: 0min
[23:35:55] [SUCCESS] CODE: COD0OPSFIN_20251170000_01D_30S_CLK.CLK.gz (4.8MB) | Progress: 96.5% | ETA: 0min
[23:35:55] [SUCCESS] CODE: COD0OPSFIN_20251180000_01D_30S_CLK.CLK.gz (4.8MB) | Progress: 96.5% | ETA: 0min
[23:35:56] [SUCCESS] CODE: COD0OPSFIN_20251190000_01D_30S_CLK.CLK.gz (4.8MB) | Progress: 96.6% | ETA: 0min
[23:35:56] [INFO] [PROGRESS] Overall: 1762/1824 files (96.6%) | Rate: 7.3 files/sec
[23:35:56] [SUCCESS] CODE: COD0OPSFIN_20251210000_01D_30S_CLK.CLK.gz (4.7MB) | Progress: 96.7% | ETA: 0min
[23:35:56] [SUCCESS] CODE: COD0OPSFIN_20251200000_01D_30S_CLK.CLK.gz (4.8MB) | Progress: 96.7% | ETA: 0min
[23:35:56] [SUCCESS] CODE: COD0OPSFIN_20251220000_01D_30S_CLK.CLK.gz (4.7MB) | Progress: 96.8% | ETA: 0min
[23:35:56] [SUCCESS] CODE: COD0OPSFIN_20251240000_01D_30S_CLK.CLK.gz (4.7MB) | Progress: 96.8% | ETA: 0min
[23:35:56] [SUCCESS] CODE: COD0OPSFIN_20251230000_01D_30S_CLK.CLK.gz (4.8MB) | Progress: 96.9% | ETA: 0min
[23:35:56] [SUCCESS] CODE: COD0OPSFIN_20251250000_01D_30S_CLK.CLK.gz (4.8MB) | Progress: 96.9% | ETA: 0min
[23:35:56] [SUCCESS] CODE: COD0OPSFIN_20251260000_01D_30S_CLK.CLK.gz (4.7MB) | Progress: 97.0% | ETA: 0min
[23:35:56] [SUCCESS] CODE: COD0OPSFIN_20251270000_01D_30S_CLK.CLK.gz (4.8MB) | Progress: 97.0% | ETA: 0min
[23:35:57] [SUCCESS] CODE: COD0OPSFIN_20251280000_01D_30S_CLK.CLK.gz (4.8MB) | Progress: 97.1% | ETA: 0min
[23:35:57] [SUCCESS] CODE: COD0OPSFIN_20251290000_01D_30S_CLK.CLK.gz (4.8MB) | Progress: 97.1% | ETA: 0min
[23:35:57] [SUCCESS] CODE: COD0OPSFIN_20251300000_01D_30S_CLK.CLK.gz (4.8MB) | Progress: 97.2% | ETA: 0min
[23:35:57] [SUCCESS] CODE: COD0OPSFIN_20251310000_01D_30S_CLK.CLK.gz (4.8MB) | Progress: 97.3% | ETA: 0min
[23:35:57] [SUCCESS] CODE: COD0OPSFIN_20251320000_01D_30S_CLK.CLK.gz (4.8MB) | Progress: 97.3% | ETA: 0min
[23:35:58] [SUCCESS] CODE: COD0OPSFIN_20251340000_01D_30S_CLK.CLK.gz (4.7MB) | Progress: 97.4% | ETA: 0min
[23:35:58] [SUCCESS] CODE: COD0OPSFIN_20251330000_01D_30S_CLK.CLK.gz (4.7MB) | Progress: 97.4% | ETA: 0min
[23:35:58] [SUCCESS] CODE: COD0OPSFIN_20251350000_01D_30S_CLK.CLK.gz (4.7MB) | Progress: 97.5% | ETA: 0min
[23:35:58] [SUCCESS] CODE: COD0OPSFIN_20251360000_01D_30S_CLK.CLK.gz (4.8MB) | Progress: 97.5% | ETA: 0min
[23:35:58] [SUCCESS] CODE: COD0OPSFIN_20251370000_01D_30S_CLK.CLK.gz (4.8MB) | Progress: 97.6% | ETA: 0min
[23:35:58] [SUCCESS] CODE: COD0OPSFIN_20251380000_01D_30S_CLK.CLK.gz (4.8MB) | Progress: 97.6% | ETA: 0min
[23:35:58] [SUCCESS] CODE: COD0OPSFIN_20251390000_01D_30S_CLK.CLK.gz (4.8MB) | Progress: 97.7% | ETA: 0min
[23:35:58] [SUCCESS] CODE: COD0OPSFIN_20251410000_01D_30S_CLK.CLK.gz (4.7MB) | Progress: 97.8% | ETA: 0min
[23:35:58] [SUCCESS] CODE: COD0OPSFIN_20251400000_01D_30S_CLK.CLK.gz (4.8MB) | Progress: 97.8% | ETA: 0min
[23:35:59] [SUCCESS] CODE: COD0OPSFIN_20251420000_01D_30S_CLK.CLK.gz (4.7MB) | Progress: 97.9% | ETA: 0min
[23:35:59] [SUCCESS] CODE: COD0OPSFIN_20251430000_01D_30S_CLK.CLK.gz (4.7MB) | Progress: 97.9% | ETA: 0min
[23:35:59] [SUCCESS] CODE: COD0OPSFIN_20251450000_01D_30S_CLK.CLK.gz (4.8MB) | Progress: 98.0% | ETA: 0min
[23:35:59] [INFO] [PROGRESS] Overall: 1787/1824 files (98.0%) | Rate: 7.3 files/sec
[23:35:59] [SUCCESS] CODE: COD0OPSFIN_20251460000_01D_30S_CLK.CLK.gz (4.8MB) | Progress: 98.0% | ETA: 0min
[23:36:00] [SUCCESS] CODE: COD0OPSFIN_20251440000_01D_30S_CLK.CLK.gz (4.8MB) | Progress: 98.1% | ETA: 0min
[23:36:00] [SUCCESS] CODE: COD0OPSFIN_20251470000_01D_30S_CLK.CLK.gz (4.8MB) | Progress: 98.1% | ETA: 0min
[23:36:00] [SUCCESS] CODE: COD0OPSFIN_20251490000_01D_30S_CLK.CLK.gz (4.8MB) | Progress: 98.2% | ETA: 0min
[23:36:00] [SUCCESS] CODE: COD0OPSFIN_20251480000_01D_30S_CLK.CLK.gz (4.8MB) | Progress: 98.2% | ETA: 0min
[23:36:00] [SUCCESS] CODE: COD0OPSFIN_20251500000_01D_30S_CLK.CLK.gz (4.8MB) | Progress: 98.3% | ETA: 0min
[23:36:00] [SUCCESS] CODE: COD0OPSFIN_20251510000_01D_30S_CLK.CLK.gz (4.8MB) | Progress: 98.4% | ETA: 0min
[23:36:01] [SUCCESS] CODE: COD0OPSFIN_20251530000_01D_30S_CLK.CLK.gz (4.8MB) | Progress: 98.4% | ETA: 0min
[23:36:01] [SUCCESS] CODE: COD0OPSFIN_20251520000_01D_30S_CLK.CLK.gz (4.8MB) | Progress: 98.5% | ETA: 0min
[23:36:01] [SUCCESS] CODE: COD0OPSFIN_20251540000_01D_30S_CLK.CLK.gz (4.8MB) | Progress: 98.5% | ETA: 0min
[23:36:01] [SUCCESS] CODE: COD0OPSFIN_20251550000_01D_30S_CLK.CLK.gz (4.8MB) | Progress: 98.6% | ETA: 0min
[23:36:01] [SUCCESS] CODE: COD0OPSFIN_20251560000_01D_30S_CLK.CLK.gz (4.8MB) | Progress: 98.6% | ETA: 0min
[23:36:01] [SUCCESS] CODE: COD0OPSFIN_20251570000_01D_30S_CLK.CLK.gz (4.8MB) | Progress: 98.7% | ETA: 0min
[23:36:02] [SUCCESS] CODE: COD0OPSFIN_20251580000_01D_30S_CLK.CLK.gz (4.7MB) | Progress: 98.7% | ETA: 0min
[23:36:02] [SUCCESS] CODE: COD0OPSFIN_20251590000_01D_30S_CLK.CLK.gz (4.8MB) | Progress: 98.8% | ETA: 0min
[23:36:02] [SUCCESS] CODE: COD0OPSFIN_20251600000_01D_30S_CLK.CLK.gz (4.7MB) | Progress: 98.8% | ETA: 0min
[23:36:02] [SUCCESS] CODE: COD0OPSFIN_20251610000_01D_30S_CLK.CLK.gz (4.8MB) | Progress: 98.9% | ETA: 0min
[23:36:03] [SUCCESS] CODE: COD0OPSFIN_20251630000_01D_30S_CLK.CLK.gz (4.8MB) | Progress: 99.0% | ETA: 0min
[23:36:03] [SUCCESS] CODE: COD0OPSFIN_20251620000_01D_30S_CLK.CLK.gz (4.8MB) | Progress: 99.0% | ETA: 0min
[23:36:03] [SUCCESS] CODE: COD0OPSFIN_20251640000_01D_30S_CLK.CLK.gz (4.8MB) | Progress: 99.1% | ETA: 0min
[23:36:03] [SUCCESS] CODE: COD0OPSFIN_20251650000_01D_30S_CLK.CLK.gz (4.7MB) | Progress: 99.1% | ETA: 0min
[23:36:03] [SUCCESS] CODE: COD0OPSFIN_20251660000_01D_30S_CLK.CLK.gz (4.8MB) | Progress: 99.2% | ETA: 0min
[23:36:03] [SUCCESS] CODE: COD0OPSFIN_20251670000_01D_30S_CLK.CLK.gz (4.8MB) | Progress: 99.2% | ETA: 0min
[23:36:03] [SUCCESS] CODE: COD0OPSFIN_20251680000_01D_30S_CLK.CLK.gz (4.8MB) | Progress: 99.3% | ETA: 0min
[23:36:03] [SUCCESS] CODE: COD0OPSFIN_20251690000_01D_30S_CLK.CLK.gz (4.8MB) | Progress: 99.3% | ETA: 0min
[23:36:03] [INFO] [PROGRESS] Overall: 1812/1824 files (99.3%) | Rate: 7.3 files/sec
[23:36:03] [SUCCESS] CODE: COD0OPSFIN_20251700000_01D_30S_CLK.CLK.gz (4.8MB) | Progress: 99.4% | ETA: 0min
[23:36:03] [SUCCESS] CODE: COD0OPSFIN_20251710000_01D_30S_CLK.CLK.gz (4.8MB) | Progress: 99.5% | ETA: 0min
[23:36:03] [SUCCESS] CODE: COD0OPSFIN_20251720000_01D_30S_CLK.CLK.gz (4.8MB) | Progress: 99.5% | ETA: 0min
[23:36:03] [SUCCESS] CODE: COD0OPSFIN_20251730000_01D_30S_CLK.CLK.gz (4.8MB) | Progress: 99.6% | ETA: 0min
[23:36:03] [SUCCESS] CODE: COD0OPSFIN_20251740000_01D_30S_CLK.CLK.gz (4.8MB) | Progress: 99.6% | ETA: 0min
[23:36:03] [SUCCESS] CODE: COD0OPSFIN_20251780000_01D_30S_CLK.CLK.gz (4.8MB) | Progress: 99.7% | ETA: 0min
[23:36:03] [SUCCESS] CODE: COD0OPSFIN_20251800000_01D_30S_CLK.CLK.gz (4.8MB) | Progress: 99.7% | ETA: 0min
[23:36:03] [SUCCESS] CODE: COD0OPSFIN_20251790000_01D_30S_CLK.CLK.gz (4.8MB) | Progress: 99.8% | ETA: 0min
[23:36:03] [SUCCESS] CODE: COD0OPSFIN_20251770000_01D_30S_CLK.CLK.gz (4.8MB) | Progress: 99.8% | ETA: 0min
[23:36:03] [SUCCESS] CODE: COD0OPSFIN_20251750000_01D_30S_CLK.CLK.gz (4.8MB) | Progress: 99.9% | ETA: 0min
[23:36:03] [SUCCESS] CODE: COD0OPSFIN_20251810000_01D_30S_CLK.CLK.gz (4.7MB) | Progress: 99.9% | ETA: 0min
[23:36:07] [SUCCESS] CODE: COD0OPSFIN_20251760000_01D_30S_CLK.CLK.gz (4.8MB) | Progress: 100.0% | ETA: 0min
[23:36:07] [SUCCESS] CODE initial acquisition phase: 912 files acquired, 0 files failed
[23:36:07] [SUCCESS] CODE acquisition summary: 912 files successfully acquired, 0 files failed
[23:36:07] [PROCESS] Processing ESA: 912 files with 96 workers
[23:36:07] [PROCESS] ESA: Downloading 912 missing files...
[23:36:08] [SUCCESS] ESA: ESA0OPSFIN_20230140000_01D_30S_CLK.CLK.gz (2.4MB) | Progress: 66.7% | ETA: 2min
[23:36:08] [SUCCESS] ESA: ESA0OPSFIN_20230420000_01D_30S_CLK.CLK.gz (2.4MB) | Progress: 66.7% | ETA: 2min
[23:36:08] [SUCCESS] ESA: ESA0OPSFIN_20230780000_01D_30S_CLK.CLK.gz (2.4MB) | Progress: 66.8% | ETA: 2min
[23:36:08] [SUCCESS] ESA: ESA0OPSFIN_20230020000_01D_30S_CLK.CLK.gz (2.4MB) | Progress: 66.8% | ETA: 2min
[23:36:08] [SUCCESS] ESA: ESA0OPSFIN_20230080000_01D_30S_CLK.CLK.gz (2.4MB) | Progress: 66.8% | ETA: 2min
[23:36:08] [SUCCESS] ESA: ESA0OPSFIN_20230930000_01D_30S_CLK.CLK.gz (2.4MB) | Progress: 66.9% | ETA: 2min
[23:36:08] [SUCCESS] ESA: ESA0OPSFIN_20230220000_01D_30S_CLK.CLK.gz (2.4MB) | Progress: 66.9% | ETA: 2min
[23:36:08] [SUCCESS] ESA: ESA0OPSFIN_20230090000_01D_30S_CLK.CLK.gz (2.4MB) | Progress: 67.0% | ETA: 2min
[23:36:08] [SUCCESS] ESA: ESA0OPSFIN_20230150000_01D_30S_CLK.CLK.gz (2.4MB) | Progress: 67.0% | ETA: 2min
[23:36:09] [SUCCESS] ESA: ESA0OPSFIN_20230820000_01D_30S_CLK.CLK.gz (2.3MB) | Progress: 67.0% | ETA: 2min
[23:36:09] [SUCCESS] ESA: ESA0OPSFIN_20230170000_01D_30S_CLK.CLK.gz (2.3MB) | Progress: 67.1% | ETA: 2min
[23:36:09] [SUCCESS] ESA: ESA0OPSFIN_20230060000_01D_30S_CLK.CLK.gz (2.4MB) | Progress: 67.1% | ETA: 2min
[23:36:09] [SUCCESS] ESA: ESA0OPSFIN_20230490000_01D_30S_CLK.CLK.gz (2.4MB) | Progress: 67.1% | ETA: 2min
[23:36:09] [SUCCESS] ESA: ESA0OPSFIN_20230500000_01D_30S_CLK.CLK.gz (2.4MB) | Progress: 67.2% | ETA: 2min
[23:36:09] [SUCCESS] ESA: ESA0OPSFIN_20230640000_01D_30S_CLK.CLK.gz (2.3MB) | Progress: 67.2% | ETA: 2min
[23:36:09] [SUCCESS] ESA: ESA0OPSFIN_20230270000_01D_30S_CLK.CLK.gz (2.4MB) | Progress: 67.3% | ETA: 2min
[23:36:09] [SUCCESS] ESA: ESA0OPSFIN_20230070000_01D_30S_CLK.CLK.gz (2.4MB) | Progress: 67.3% | ETA: 2min
[23:36:09] [SUCCESS] ESA: ESA0OPSFIN_20230040000_01D_30S_CLK.CLK.gz (2.4MB) | Progress: 67.3% | ETA: 2min
[23:36:09] [SUCCESS] ESA: ESA0OPSFIN_20230180000_01D_30S_CLK.CLK.gz (2.3MB) | Progress: 67.4% | ETA: 2min
[23:36:10] [SUCCESS] ESA: ESA0OPSFIN_20230740000_01D_30S_CLK.CLK.gz (2.3MB) | Progress: 67.4% | ETA: 2min
[23:36:10] [SUCCESS] ESA: ESA0OPSFIN_20230530000_01D_30S_CLK.CLK.gz (2.3MB) | Progress: 67.4% | ETA: 2min
[23:36:10] [SUCCESS] ESA: ESA0OPSFIN_20230810000_01D_30S_CLK.CLK.gz (2.3MB) | Progress: 67.5% | ETA: 2min
[23:36:10] [SUCCESS] ESA: ESA0OPSFIN_20230130000_01D_30S_CLK.CLK.gz (2.4MB) | Progress: 67.5% | ETA: 2min
[23:36:10] [SUCCESS] ESA: ESA0OPSFIN_20230570000_01D_30S_CLK.CLK.gz (2.4MB) | Progress: 67.5% | ETA: 2min
[23:36:10] [SUCCESS] ESA: ESA0OPSFIN_20230960000_01D_30S_CLK.CLK.gz (2.3MB) | Progress: 67.6% | ETA: 2min
[23:36:10] [INFO] [PROGRESS] Overall: 1849/2736 files (67.6%) | Rate: 7.2 files/sec
[23:36:10] [SUCCESS] ESA: ESA0OPSFIN_20230950000_01D_30S_CLK.CLK.gz (2.3MB) | Progress: 67.6% | ETA: 2min
[23:36:10] [SUCCESS] ESA: ESA0OPSFIN_20230510000_01D_30S_CLK.CLK.gz (2.4MB) | Progress: 67.7% | ETA: 2min
[23:36:10] [SUCCESS] ESA: ESA0OPSFIN_20230650000_01D_30S_CLK.CLK.gz (2.3MB) | Progress: 67.7% | ETA: 2min
[23:36:10] [SUCCESS] ESA: ESA0OPSFIN_20230730000_01D_30S_CLK.CLK.gz (2.3MB) | Progress: 67.7% | ETA: 2min
[23:36:10] [SUCCESS] ESA: ESA0OPSFIN_20230710000_01D_30S_CLK.CLK.gz (2.4MB) | Progress: 67.8% | ETA: 2min
[23:36:10] [SUCCESS] ESA: ESA0OPSFIN_20230280000_01D_30S_CLK.CLK.gz (2.4MB) | Progress: 67.8% | ETA: 2min
[23:36:11] [SUCCESS] ESA: ESA0OPSFIN_20230910000_01D_30S_CLK.CLK.gz (2.4MB) | Progress: 67.8% | ETA: 2min
[23:36:11] [SUCCESS] ESA: ESA0OPSFIN_20230880000_01D_30S_CLK.CLK.gz (2.3MB) | Progress: 67.9% | ETA: 2min
[23:36:11] [SUCCESS] ESA: ESA0OPSFIN_20230030000_01D_30S_CLK.CLK.gz (2.4MB) | Progress: 67.9% | ETA: 2min
[23:36:11] [SUCCESS] ESA: ESA0OPSFIN_20230700000_01D_30S_CLK.CLK.gz (2.4MB) | Progress: 67.9% | ETA: 2min
[23:36:11] [SUCCESS] ESA: ESA0OPSFIN_20230600000_01D_30S_CLK.CLK.gz (2.3MB) | Progress: 68.0% | ETA: 2min
[23:36:11] [SUCCESS] ESA: ESA0OPSFIN_20230860000_01D_30S_CLK.CLK.gz (2.4MB) | Progress: 68.0% | ETA: 2min
[23:36:11] [SUCCESS] ESA: ESA0OPSFIN_20230760000_01D_30S_CLK.CLK.gz (2.4MB) | Progress: 68.1% | ETA: 2min
[23:36:11] [SUCCESS] ESA: ESA0OPSFIN_20230450000_01D_30S_CLK.CLK.gz (2.4MB) | Progress: 68.1% | ETA: 2min
[23:36:11] [SUCCESS] ESA: ESA0OPSFIN_20230900000_01D_30S_CLK.CLK.gz (2.4MB) | Progress: 68.1% | ETA: 2min
[23:36:11] [SUCCESS] ESA: ESA0OPSFIN_20230400000_01D_30S_CLK.CLK.gz (2.3MB) | Progress: 68.2% | ETA: 2min
[23:36:11] [SUCCESS] ESA: ESA0OPSFIN_20230480000_01D_30S_CLK.CLK.gz (2.4MB) | Progress: 68.2% | ETA: 2min
[23:36:11] [SUCCESS] ESA: ESA0OPSFIN_20230670000_01D_30S_CLK.CLK.gz (2.4MB) | Progress: 68.2% | ETA: 2min
[23:36:11] [SUCCESS] ESA: ESA0OPSFIN_20230830000_01D_30S_CLK.CLK.gz (2.4MB) | Progress: 68.3% | ETA: 2min
[23:36:11] [SUCCESS] ESA: ESA0OPSFIN_20230540000_01D_30S_CLK.CLK.gz (2.4MB) | Progress: 68.3% | ETA: 2min
[23:36:11] [SUCCESS] ESA: ESA0OPSFIN_20230330000_01D_30S_CLK.CLK.gz (2.4MB) | Progress: 68.3% | ETA: 2min
[23:36:11] [SUCCESS] ESA: ESA0OPSFIN_20230120000_01D_30S_CLK.CLK.gz (2.3MB) | Progress: 68.4% | ETA: 2min
[23:36:12] [SUCCESS] ESA: ESA0OPSFIN_20230010000_01D_30S_CLK.CLK.gz (2.4MB) | Progress: 68.4% | ETA: 2min
[23:36:12] [SUCCESS] ESA: ESA0OPSFIN_20230370000_01D_30S_CLK.CLK.gz (2.4MB) | Progress: 68.5% | ETA: 2min
[23:36:12] [SUCCESS] ESA: ESA0OPSFIN_20230100000_01D_30S_CLK.CLK.gz (2.4MB) | Progress: 68.5% | ETA: 2min
[23:36:12] [INFO] [PROGRESS] Overall: 1874/2736 files (68.5%) | Rate: 7.3 files/sec
[23:36:12] [SUCCESS] ESA: ESA0OPSFIN_20230160000_01D_30S_CLK.CLK.gz (2.4MB) | Progress: 68.5% | ETA: 2min
[23:36:12] [SUCCESS] ESA: ESA0OPSFIN_20230790000_01D_30S_CLK.CLK.gz (2.3MB) | Progress: 68.6% | ETA: 2min
[23:36:12] [SUCCESS] ESA: ESA0OPSFIN_20230560000_01D_30S_CLK.CLK.gz (2.4MB) | Progress: 68.6% | ETA: 2min
[23:36:12] [SUCCESS] ESA: ESA0OPSFIN_20230360000_01D_30S_CLK.CLK.gz (2.4MB) | Progress: 68.6% | ETA: 2min
[23:36:12] [SUCCESS] ESA: ESA0OPSFIN_20230550000_01D_30S_CLK.CLK.gz (2.3MB) | Progress: 68.7% | ETA: 2min
[23:36:12] [SUCCESS] ESA: ESA0OPSFIN_20230340000_01D_30S_CLK.CLK.gz (2.4MB) | Progress: 68.7% | ETA: 2min
[23:36:12] [SUCCESS] ESA: ESA0OPSFIN_20230230000_01D_30S_CLK.CLK.gz (2.4MB) | Progress: 68.8% | ETA: 2min
[23:36:12] [SUCCESS] ESA: ESA0OPSFIN_20230240000_01D_30S_CLK.CLK.gz (2.3MB) | Progress: 68.8% | ETA: 2min
[23:36:12] [SUCCESS] ESA: ESA0OPSFIN_20230250000_01D_30S_CLK.CLK.gz (2.3MB) | Progress: 68.8% | ETA: 2min
[23:36:12] [SUCCESS] ESA: ESA0OPSFIN_20230050000_01D_30S_CLK.CLK.gz (2.4MB) | Progress: 68.9% | ETA: 2min
[23:36:12] [SUCCESS] ESA: ESA0OPSFIN_20230410000_01D_30S_CLK.CLK.gz (2.4MB) | Progress: 68.9% | ETA: 2min
[23:36:12] [SUCCESS] ESA: ESA0OPSFIN_20230300000_01D_30S_CLK.CLK.gz (2.4MB) | Progress: 68.9% | ETA: 2min
[23:36:12] [SUCCESS] ESA: ESA0OPSFIN_20230110000_01D_30S_CLK.CLK.gz (2.3MB) | Progress: 69.0% | ETA: 2min
[23:36:12] [SUCCESS] ESA: ESA0OPSFIN_20230390000_01D_30S_CLK.CLK.gz (2.3MB) | Progress: 69.0% | ETA: 2min
[23:36:12] [SUCCESS] ESA: ESA0OPSFIN_20230200000_01D_30S_CLK.CLK.gz (2.4MB) | Progress: 69.0% | ETA: 2min
[23:36:12] [SUCCESS] ESA: ESA0OPSFIN_20230470000_01D_30S_CLK.CLK.gz (2.4MB) | Progress: 69.1% | ETA: 2min
[23:36:12] [SUCCESS] ESA: ESA0OPSFIN_20230520000_01D_30S_CLK.CLK.gz (2.3MB) | Progress: 69.1% | ETA: 2min
[23:36:12] [SUCCESS] ESA: ESA0OPSFIN_20230350000_01D_30S_CLK.CLK.gz (2.4MB) | Progress: 69.2% | ETA: 2min
[23:36:12] [SUCCESS] ESA: ESA0OPSFIN_20230380000_01D_30S_CLK.CLK.gz (2.4MB) | Progress: 69.2% | ETA: 2min
[23:36:12] [SUCCESS] ESA: ESA0OPSFIN_20230290000_01D_30S_CLK.CLK.gz (2.4MB) | Progress: 69.2% | ETA: 2min
[23:36:13] [SUCCESS] ESA: ESA0OPSFIN_20230610000_01D_30S_CLK.CLK.gz (2.3MB) | Progress: 69.3% | ETA: 2min
[23:36:13] [SUCCESS] ESA: ESA0OPSFIN_20230260000_01D_30S_CLK.CLK.gz (2.3MB) | Progress: 69.3% | ETA: 2min
[23:36:13] [SUCCESS] ESA: ESA0OPSFIN_20230990000_01D_30S_CLK.CLK.gz (2.3MB) | Progress: 69.3% | ETA: 2min
[23:36:13] [SUCCESS] ESA: ESA0OPSFIN_20230210000_01D_30S_CLK.CLK.gz (2.4MB) | Progress: 69.4% | ETA: 2min
[23:36:13] [SUCCESS] ESA: ESA0OPSFIN_20230800000_01D_30S_CLK.CLK.gz (2.3MB) | Progress: 69.4% | ETA: 2min
[23:36:13] [INFO] [PROGRESS] Overall: 1899/2736 files (69.4%) | Rate: 7.3 files/sec
[23:36:13] [SUCCESS] ESA: ESA0OPSFIN_20231020000_01D_30S_CLK.CLK.gz (2.4MB) | Progress: 69.4% | ETA: 2min
[23:36:13] [SUCCESS] ESA: ESA0OPSFIN_20231010000_01D_30S_CLK.CLK.gz (2.4MB) | Progress: 69.5% | ETA: 2min
[23:36:13] [SUCCESS] ESA: ESA0OPSFIN_20230940000_01D_30S_CLK.CLK.gz (2.3MB) | Progress: 69.5% | ETA: 2min
[23:36:13] [SUCCESS] ESA: ESA0OPSFIN_20230870000_01D_30S_CLK.CLK.gz (2.3MB) | Progress: 69.6% | ETA: 2min
[23:36:13] [SUCCESS] ESA: ESA0OPSFIN_20230980000_01D_30S_CLK.CLK.gz (2.3MB) | Progress: 69.6% | ETA: 2min
[23:36:13] [SUCCESS] ESA: ESA0OPSFIN_20230770000_01D_30S_CLK.CLK.gz (2.4MB) | Progress: 69.6% | ETA: 2min
[23:36:13] [SUCCESS] ESA: ESA0OPSFIN_20230680000_01D_30S_CLK.CLK.gz (2.4MB) | Progress: 69.7% | ETA: 2min
[23:36:13] [SUCCESS] ESA: ESA0OPSFIN_20230840000_01D_30S_CLK.CLK.gz (2.4MB) | Progress: 69.7% | ETA: 2min
[23:36:13] [SUCCESS] ESA: ESA0OPSFIN_20230720000_01D_30S_CLK.CLK.gz (2.4MB) | Progress: 69.7% | ETA: 2min
[23:36:13] [SUCCESS] ESA: ESA0OPSFIN_20231050000_01D_30S_CLK.CLK.gz (2.4MB) | Progress: 69.8% | ETA: 2min
[23:36:13] [SUCCESS] ESA: ESA0OPSFIN_20230460000_01D_30S_CLK.CLK.gz (2.4MB) | Progress: 69.8% | ETA: 2min
[23:36:13] [SUCCESS] ESA: ESA0OPSFIN_20231070000_01D_30S_CLK.CLK.gz (2.4MB) | Progress: 69.8% | ETA: 2min
[23:36:13] [SUCCESS] ESA: ESA0OPSFIN_20230310000_01D_30S_CLK.CLK.gz (2.3MB) | Progress: 69.9% | ETA: 2min
[23:36:13] [SUCCESS] ESA: ESA0OPSFIN_20230320000_01D_30S_CLK.CLK.gz (2.4MB) | Progress: 69.9% | ETA: 2min
[23:36:13] [SUCCESS] ESA: ESA0OPSFIN_20230690000_01D_30S_CLK.CLK.gz (2.3MB) | Progress: 70.0% | ETA: 2min
[23:36:13] [SUCCESS] ESA: ESA0OPSFIN_20230620000_01D_30S_CLK.CLK.gz (2.3MB) | Progress: 70.0% | ETA: 2min
[23:36:13] [SUCCESS] ESA: ESA0OPSFIN_20231040000_01D_30S_CLK.CLK.gz (2.3MB) | Progress: 70.0% | ETA: 2min
[23:36:13] [SUCCESS] ESA: ESA0OPSFIN_20230430000_01D_30S_CLK.CLK.gz (2.4MB) | Progress: 70.1% | ETA: 2min
[23:36:13] [SUCCESS] ESA: ESA0OPSFIN_20230750000_01D_30S_CLK.CLK.gz (2.3MB) | Progress: 70.1% | ETA: 2min
[23:36:13] [SUCCESS] ESA: ESA0OPSFIN_20230580000_01D_30S_CLK.CLK.gz (2.4MB) | Progress: 70.1% | ETA: 2min
[23:36:13] [SUCCESS] ESA: ESA0OPSFIN_20231030000_01D_30S_CLK.CLK.gz (2.4MB) | Progress: 70.2% | ETA: 2min
[23:36:13] [SUCCESS] ESA: ESA0OPSFIN_20230970000_01D_30S_CLK.CLK.gz (2.3MB) | Progress: 70.2% | ETA: 2min
[23:36:13] [SUCCESS] ESA: ESA0OPSFIN_20230590000_01D_30S_CLK.CLK.gz (2.3MB) | Progress: 70.2% | ETA: 2min
[23:36:13] [SUCCESS] ESA: ESA0OPSFIN_20230890000_01D_30S_CLK.CLK.gz (2.3MB) | Progress: 70.3% | ETA: 2min
[23:36:13] [SUCCESS] ESA: ESA0OPSFIN_20230190000_01D_30S_CLK.CLK.gz (2.3MB) | Progress: 70.3% | ETA: 2min
[23:36:13] [INFO] [PROGRESS] Overall: 1924/2736 files (70.3%) | Rate: 7.4 files/sec
[23:36:13] [SUCCESS] ESA: ESA0OPSFIN_20230630000_01D_30S_CLK.CLK.gz (2.3MB) | Progress: 70.4% | ETA: 2min
[23:36:13] [SUCCESS] ESA: ESA0OPSFIN_20231000000_01D_30S_CLK.CLK.gz (2.3MB) | Progress: 70.4% | ETA: 2min
[23:36:13] [SUCCESS] ESA: ESA0OPSFIN_20231100000_01D_30S_CLK.CLK.gz (2.3MB) | Progress: 70.4% | ETA: 2min
[23:36:13] [SUCCESS] ESA: ESA0OPSFIN_20230660000_01D_30S_CLK.CLK.gz (2.3MB) | Progress: 70.5% | ETA: 2min
[23:36:13] [SUCCESS] ESA: ESA0OPSFIN_20230440000_01D_30S_CLK.CLK.gz (2.4MB) | Progress: 70.5% | ETA: 2min
[23:36:13] [SUCCESS] ESA: ESA0OPSFIN_20230850000_01D_30S_CLK.CLK.gz (2.4MB) | Progress: 70.5% | ETA: 2min
[23:36:13] [SUCCESS] ESA: ESA0OPSFIN_20230920000_01D_30S_CLK.CLK.gz (2.4MB) | Progress: 70.6% | ETA: 2min
[23:36:13] [SUCCESS] ESA: ESA0OPSFIN_20231060000_01D_30S_CLK.CLK.gz (2.4MB) | Progress: 70.6% | ETA: 2min
[23:36:13] [SUCCESS] ESA: ESA0OPSFIN_20231080000_01D_30S_CLK.CLK.gz (2.3MB) | Progress: 70.7% | ETA: 2min
[23:36:14] [SUCCESS] ESA: ESA0OPSFIN_20231090000_01D_30S_CLK.CLK.gz (2.3MB) | Progress: 70.7% | ETA: 2min
[23:36:14] [SUCCESS] ESA: ESA0OPSFIN_20231110000_01D_30S_CLK.CLK.gz (2.3MB) | Progress: 70.7% | ETA: 2min
[23:36:14] [SUCCESS] ESA: ESA0OPSFIN_20231120000_01D_30S_CLK.CLK.gz (2.3MB) | Progress: 70.8% | ETA: 2min
[23:36:14] [SUCCESS] ESA: ESA0OPSFIN_20231460000_01D_30S_CLK.CLK.gz (2.4MB) | Progress: 70.8% | ETA: 2min
[23:36:14] [SUCCESS] ESA: ESA0OPSFIN_20231150000_01D_30S_CLK.CLK.gz (2.3MB) | Progress: 70.8% | ETA: 2min
[23:36:14] [SUCCESS] ESA: ESA0OPSFIN_20231300000_01D_30S_CLK.CLK.gz (2.3MB) | Progress: 70.9% | ETA: 2min
[23:36:14] [SUCCESS] ESA: ESA0OPSFIN_20231190000_01D_30S_CLK.CLK.gz (2.4MB) | Progress: 70.9% | ETA: 2min
[23:36:14] [SUCCESS] ESA: ESA0OPSFIN_20231280000_01D_30S_CLK.CLK.gz (2.4MB) | Progress: 70.9% | ETA: 2min
[23:36:14] [SUCCESS] ESA: ESA0OPSFIN_20231160000_01D_30S_CLK.CLK.gz (2.4MB) | Progress: 71.0% | ETA: 2min
[23:36:14] [SUCCESS] ESA: ESA0OPSFIN_20231180000_01D_30S_CLK.CLK.gz (2.3MB) | Progress: 71.0% | ETA: 2min
[23:36:14] [SUCCESS] ESA: ESA0OPSFIN_20231330000_01D_30S_CLK.CLK.gz (2.3MB) | Progress: 71.1% | ETA: 2min
[23:36:14] [SUCCESS] ESA: ESA0OPSFIN_20231130000_01D_30S_CLK.CLK.gz (2.4MB) | Progress: 71.1% | ETA: 2min
[23:36:14] [SUCCESS] ESA: ESA0OPSFIN_20231400000_01D_30S_CLK.CLK.gz (2.4MB) | Progress: 71.1% | ETA: 2min
[23:36:14] [SUCCESS] ESA: ESA0OPSFIN_20231480000_01D_30S_CLK.CLK.gz (2.4MB) | Progress: 71.2% | ETA: 2min
[23:36:14] [SUCCESS] ESA: ESA0OPSFIN_20231560000_01D_30S_CLK.CLK.gz (2.4MB) | Progress: 71.2% | ETA: 2min
[23:36:14] [SUCCESS] ESA: ESA0OPSFIN_20231550000_01D_30S_CLK.CLK.gz (2.4MB) | Progress: 71.2% | ETA: 2min
[23:36:14] [INFO] [PROGRESS] Overall: 1949/2736 files (71.2%) | Rate: 7.5 files/sec
[23:36:14] [SUCCESS] ESA: ESA0OPSFIN_20231490000_01D_30S_CLK.CLK.gz (2.4MB) | Progress: 71.3% | ETA: 2min
[23:36:14] [SUCCESS] ESA: ESA0OPSFIN_20231630000_01D_30S_CLK.CLK.gz (2.4MB) | Progress: 71.3% | ETA: 2min
[23:36:14] [SUCCESS] ESA: ESA0OPSFIN_20231420000_01D_30S_CLK.CLK.gz (2.4MB) | Progress: 71.3% | ETA: 2min
[23:36:14] [SUCCESS] ESA: ESA0OPSFIN_20231570000_01D_30S_CLK.CLK.gz (2.4MB) | Progress: 71.4% | ETA: 2min
[23:36:14] [SUCCESS] ESA: ESA0OPSFIN_20231320000_01D_30S_CLK.CLK.gz (2.3MB) | Progress: 71.4% | ETA: 2min
[23:36:14] [SUCCESS] ESA: ESA0OPSFIN_20231350000_01D_30S_CLK.CLK.gz (2.3MB) | Progress: 71.5% | ETA: 2min
[23:36:14] [SUCCESS] ESA: ESA0OPSFIN_20231220000_01D_30S_CLK.CLK.gz (2.3MB) | Progress: 71.5% | ETA: 2min
[23:36:14] [SUCCESS] ESA: ESA0OPSFIN_20231270000_01D_30S_CLK.CLK.gz (2.4MB) | Progress: 71.5% | ETA: 2min
[23:36:14] [SUCCESS] ESA: ESA0OPSFIN_20231230000_01D_30S_CLK.CLK.gz (2.4MB) | Progress: 71.6% | ETA: 2min
[23:36:14] [SUCCESS] ESA: ESA0OPSFIN_20231430000_01D_30S_CLK.CLK.gz (2.4MB) | Progress: 71.6% | ETA: 2min
[23:36:14] [SUCCESS] ESA: ESA0OPSFIN_20231170000_01D_30S_CLK.CLK.gz (2.3MB) | Progress: 71.6% | ETA: 2min
[23:36:15] [SUCCESS] ESA: ESA0OPSFIN_20231540000_01D_30S_CLK.CLK.gz (2.4MB) | Progress: 71.7% | ETA: 2min
[23:36:15] [SUCCESS] ESA: ESA0OPSFIN_20231370000_01D_30S_CLK.CLK.gz (2.4MB) | Progress: 71.7% | ETA: 2min
[23:36:15] [SUCCESS] ESA: ESA0OPSFIN_20231730000_01D_30S_CLK.CLK.gz (2.4MB) | Progress: 71.7% | ETA: 2min
[23:36:15] [SUCCESS] ESA: ESA0OPSFIN_20231250000_01D_30S_CLK.CLK.gz (2.4MB) | Progress: 71.8% | ETA: 2min
[23:36:15] [SUCCESS] ESA: ESA0OPSFIN_20231310000_01D_30S_CLK.CLK.gz (2.3MB) | Progress: 71.8% | ETA: 2min
[23:36:15] [SUCCESS] ESA: ESA0OPSFIN_20231360000_01D_30S_CLK.CLK.gz (2.3MB) | Progress: 71.9% | ETA: 2min
[23:36:15] [SUCCESS] ESA: ESA0OPSFIN_20231650000_01D_30S_CLK.CLK.gz (2.4MB) | Progress: 71.9% | ETA: 2min
[23:36:15] [SUCCESS] ESA: ESA0OPSFIN_20231470000_01D_30S_CLK.CLK.gz (2.4MB) | Progress: 71.9% | ETA: 2min
[23:36:15] [SUCCESS] ESA: ESA0OPSFIN_20231450000_01D_30S_CLK.CLK.gz (2.4MB) | Progress: 72.0% | ETA: 2min
[23:36:15] [SUCCESS] ESA: ESA0OPSFIN_20231140000_01D_30S_CLK.CLK.gz (2.4MB) | Progress: 72.0% | ETA: 2min
[23:36:15] [SUCCESS] ESA: ESA0OPSFIN_20231680000_01D_30S_CLK.CLK.gz (2.4MB) | Progress: 72.0% | ETA: 2min
[23:36:15] [SUCCESS] ESA: ESA0OPSFIN_20231780000_01D_30S_CLK.CLK.gz (2.3MB) | Progress: 72.1% | ETA: 2min
[23:36:15] [SUCCESS] ESA: ESA0OPSFIN_20231240000_01D_30S_CLK.CLK.gz (2.4MB) | Progress: 72.1% | ETA: 2min
[23:36:15] [SUCCESS] ESA: ESA0OPSFIN_20231290000_01D_30S_CLK.CLK.gz (2.3MB) | Progress: 72.1% | ETA: 2min
[23:36:15] [INFO] [PROGRESS] Overall: 1974/2736 files (72.1%) | Rate: 7.6 files/sec
[23:36:15] [SUCCESS] ESA: ESA0OPSFIN_20231210000_01D_30S_CLK.CLK.gz (2.4MB) | Progress: 72.2% | ETA: 2min
[23:36:15] [SUCCESS] ESA: ESA0OPSFIN_20231810000_01D_30S_CLK.CLK.gz (2.4MB) | Progress: 72.2% | ETA: 2min
[23:36:15] [SUCCESS] ESA: ESA0OPSFIN_20231340000_01D_30S_CLK.CLK.gz (2.3MB) | Progress: 72.3% | ETA: 2min
[23:36:15] [SUCCESS] ESA: ESA0OPSFIN_20231380000_01D_30S_CLK.CLK.gz (2.4MB) | Progress: 72.3% | ETA: 2min
[23:36:15] [SUCCESS] ESA: ESA0OPSFIN_20231530000_01D_30S_CLK.CLK.gz (2.4MB) | Progress: 72.3% | ETA: 2min
[23:36:15] [SUCCESS] ESA: ESA0OPSFIN_20231200000_01D_30S_CLK.CLK.gz (2.4MB) | Progress: 72.4% | ETA: 2min
[23:36:15] [SUCCESS] ESA: ESA0OPSFIN_20231590000_01D_30S_CLK.CLK.gz (2.4MB) | Progress: 72.4% | ETA: 2min
[23:36:15] [SUCCESS] ESA: ESA0OPSFIN_20231600000_01D_30S_CLK.CLK.gz (2.4MB) | Progress: 72.4% | ETA: 2min
[23:36:15] [SUCCESS] ESA: ESA0OPSFIN_20231770000_01D_30S_CLK.CLK.gz (2.4MB) | Progress: 72.5% | ETA: 2min
[23:36:15] [SUCCESS] ESA: ESA0OPSFIN_20231920000_01D_30S_CLK.CLK.gz (2.3MB) | Progress: 72.5% | ETA: 2min
[23:36:15] [SUCCESS] ESA: ESA0OPSFIN_20232000000_01D_30S_CLK.CLK.gz (2.4MB) | Progress: 72.6% | ETA: 2min
[23:36:15] [SUCCESS] ESA: ESA0OPSFIN_20232080000_01D_30S_CLK.CLK.gz (2.4MB) | Progress: 72.6% | ETA: 2min
[23:36:15] [SUCCESS] ESA: ESA0OPSFIN_20231720000_01D_30S_CLK.CLK.gz (2.4MB) | Progress: 72.6% | ETA: 2min
[23:36:15] [SUCCESS] ESA: ESA0OPSFIN_20231940000_01D_30S_CLK.CLK.gz (2.3MB) | Progress: 72.7% | ETA: 2min
[23:36:15] [SUCCESS] ESA: ESA0OPSFIN_20231260000_01D_30S_CLK.CLK.gz (2.4MB) | Progress: 72.7% | ETA: 2min
[23:36:15] [SUCCESS] ESA: ESA0OPSFIN_20231710000_01D_30S_CLK.CLK.gz (2.4MB) | Progress: 72.7% | ETA: 2min
[23:36:15] [SUCCESS] ESA: ESA0OPSFIN_20231410000_01D_30S_CLK.CLK.gz (2.4MB) | Progress: 72.8% | ETA: 2min
[23:36:15] [SUCCESS] ESA: ESA0OPSFIN_20231440000_01D_30S_CLK.CLK.gz (2.4MB) | Progress: 72.8% | ETA: 2min
[23:36:15] [SUCCESS] ESA: ESA0OPSFIN_20231670000_01D_30S_CLK.CLK.gz (2.4MB) | Progress: 72.8% | ETA: 2min
[23:36:15] [SUCCESS] ESA: ESA0OPSFIN_20231500000_01D_30S_CLK.CLK.gz (2.4MB) | Progress: 72.9% | ETA: 2min
[23:36:15] [SUCCESS] ESA: ESA0OPSFIN_20231510000_01D_30S_CLK.CLK.gz (2.4MB) | Progress: 72.9% | ETA: 2min
[23:36:15] [SUCCESS] ESA: ESA0OPSFIN_20231640000_01D_30S_CLK.CLK.gz (2.4MB) | Progress: 73.0% | ETA: 2min
[23:36:15] [SUCCESS] ESA: ESA0OPSFIN_20231790000_01D_30S_CLK.CLK.gz (2.3MB) | Progress: 73.0% | ETA: 2min
[23:36:15] [SUCCESS] ESA: ESA0OPSFIN_20231620000_01D_30S_CLK.CLK.gz (2.4MB) | Progress: 73.0% | ETA: 2min
[23:36:15] [SUCCESS] ESA: ESA0OPSFIN_20231760000_01D_30S_CLK.CLK.gz (2.4MB) | Progress: 73.1% | ETA: 2min
[23:36:15] [INFO] [PROGRESS] Overall: 1999/2736 files (73.1%) | Rate: 7.6 files/sec
[23:36:15] [SUCCESS] ESA: ESA0OPSFIN_20231390000_01D_30S_CLK.CLK.gz (2.4MB) | Progress: 73.1% | ETA: 2min
[23:36:16] [SUCCESS] ESA: ESA0OPSFIN_20231950000_01D_30S_CLK.CLK.gz (2.3MB) | Progress: 73.1% | ETA: 2min
[23:36:16] [SUCCESS] ESA: ESA0OPSFIN_20232030000_01D_30S_CLK.CLK.gz (2.4MB) | Progress: 73.2% | ETA: 2min
[23:36:16] [SUCCESS] ESA: ESA0OPSFIN_20232060000_01D_30S_CLK.CLK.gz (2.4MB) | Progress: 73.2% | ETA: 2min
[23:36:16] [SUCCESS] ESA: ESA0OPSFIN_20231890000_01D_30S_CLK.CLK.gz (2.3MB) | Progress: 73.2% | ETA: 2min
[23:36:16] [SUCCESS] ESA: ESA0OPSFIN_20231900000_01D_30S_CLK.CLK.gz (2.3MB) | Progress: 73.3% | ETA: 2min
[23:36:16] [SUCCESS] ESA: ESA0OPSFIN_20231690000_01D_30S_CLK.CLK.gz (2.4MB) | Progress: 73.3% | ETA: 2min
[23:36:16] [SUCCESS] ESA: ESA0OPSFIN_20232160000_01D_30S_CLK.CLK.gz (2.4MB) | Progress: 73.4% | ETA: 2min
[23:36:16] [SUCCESS] ESA: ESA0OPSFIN_20231840000_01D_30S_CLK.CLK.gz (2.4MB) | Progress: 73.4% | ETA: 2min
[23:36:16] [SUCCESS] ESA: ESA0OPSFIN_20231700000_01D_30S_CLK.CLK.gz (2.4MB) | Progress: 73.4% | ETA: 2min
[23:36:16] [SUCCESS] ESA: ESA0OPSFIN_20232130000_01D_30S_CLK.CLK.gz (2.4MB) | Progress: 73.5% | ETA: 2min
[23:36:16] [SUCCESS] ESA: ESA0OPSFIN_20231800000_01D_30S_CLK.CLK.gz (2.4MB) | Progress: 73.5% | ETA: 2min
[23:36:16] [SUCCESS] ESA: ESA0OPSFIN_20231930000_01D_30S_CLK.CLK.gz (2.3MB) | Progress: 73.5% | ETA: 2min
[23:36:16] [SUCCESS] ESA: ESA0OPSFIN_20231860000_01D_30S_CLK.CLK.gz (2.3MB) | Progress: 73.6% | ETA: 2min
[23:36:16] [SUCCESS] ESA: ESA0OPSFIN_20231610000_01D_30S_CLK.CLK.gz (2.4MB) | Progress: 73.6% | ETA: 2min
[23:36:16] [SUCCESS] ESA: ESA0OPSFIN_20232070000_01D_30S_CLK.CLK.gz (2.4MB) | Progress: 73.6% | ETA: 2min
[23:36:16] [SUCCESS] ESA: ESA0OPSFIN_20232180000_01D_30S_CLK.CLK.gz (2.4MB) | Progress: 73.7% | ETA: 2min
[23:36:16] [SUCCESS] ESA: ESA0OPSFIN_20231980000_01D_30S_CLK.CLK.gz (2.4MB) | Progress: 73.7% | ETA: 2min
[23:36:16] [SUCCESS] ESA: ESA0OPSFIN_20231910000_01D_30S_CLK.CLK.gz (2.3MB) | Progress: 73.8% | ETA: 2min
[23:36:16] [SUCCESS] ESA: ESA0OPSFIN_20231850000_01D_30S_CLK.CLK.gz (2.3MB) | Progress: 73.8% | ETA: 2min
[23:36:16] [SUCCESS] ESA: ESA0OPSFIN_20231820000_01D_30S_CLK.CLK.gz (2.4MB) | Progress: 73.8% | ETA: 2min
[23:36:16] [SUCCESS] ESA: ESA0OPSFIN_20232050000_01D_30S_CLK.CLK.gz (2.4MB) | Progress: 73.9% | ETA: 2min
[23:36:16] [SUCCESS] ESA: ESA0OPSFIN_20232210000_01D_30S_CLK.CLK.gz (2.3MB) | Progress: 73.9% | ETA: 2min
[23:36:16] [SUCCESS] ESA: ESA0OPSFIN_20232390000_01D_30S_CLK.CLK.gz (2.4MB) | Progress: 73.9% | ETA: 2min
[23:36:16] [SUCCESS] ESA: ESA0OPSFIN_20232170000_01D_30S_CLK.CLK.gz (2.4MB) | Progress: 74.0% | ETA: 2min
[23:36:16] [INFO] [PROGRESS] Overall: 2024/2736 files (74.0%) | Rate: 7.7 files/sec
[23:36:16] [SUCCESS] ESA: ESA0OPSFIN_20232100000_01D_30S_CLK.CLK.gz (2.4MB) | Progress: 74.0% | ETA: 2min
[23:36:16] [SUCCESS] ESA: ESA0OPSFIN_20232360000_01D_30S_CLK.CLK.gz (2.4MB) | Progress: 74.0% | ETA: 2min
[23:36:16] [SUCCESS] ESA: ESA0OPSFIN_20232140000_01D_30S_CLK.CLK.gz (2.4MB) | Progress: 74.1% | ETA: 2min
[23:36:16] [SUCCESS] ESA: ESA0OPSFIN_20231740000_01D_30S_CLK.CLK.gz (2.4MB) | Progress: 74.1% | ETA: 2min
[23:36:16] [SUCCESS] ESA: ESA0OPSFIN_20231880000_01D_30S_CLK.CLK.gz (2.3MB) | Progress: 74.2% | ETA: 2min
[23:36:16] [SUCCESS] ESA: ESA0OPSFIN_20231970000_01D_30S_CLK.CLK.gz (2.4MB) | Progress: 74.2% | ETA: 2min
[23:36:16] [SUCCESS] ESA: ESA0OPSFIN_20231870000_01D_30S_CLK.CLK.gz (2.3MB) | Progress: 74.2% | ETA: 2min
[23:36:16] [SUCCESS] ESA: ESA0OPSFIN_20231750000_01D_30S_CLK.CLK.gz (2.4MB) | Progress: 74.3% | ETA: 2min
[23:36:16] [SUCCESS] ESA: ESA0OPSFIN_20232110000_01D_30S_CLK.CLK.gz (2.4MB) | Progress: 74.3% | ETA: 2min
[23:36:16] [SUCCESS] ESA: ESA0OPSFIN_20232150000_01D_30S_CLK.CLK.gz (2.4MB) | Progress: 74.3% | ETA: 2min
[23:36:16] [SUCCESS] ESA: ESA0OPSFIN_20232310000_01D_30S_CLK.CLK.gz (2.4MB) | Progress: 74.4% | ETA: 2min
[23:36:16] [SUCCESS] ESA: ESA0OPSFIN_20232410000_01D_30S_CLK.CLK.gz (2.4MB) | Progress: 74.4% | ETA: 2min
[23:36:16] [SUCCESS] ESA: ESA0OPSFIN_20232380000_01D_30S_CLK.CLK.gz (2.4MB) | Progress: 74.5% | ETA: 2min
[23:36:16] [SUCCESS] ESA: ESA0OPSFIN_20232220000_01D_30S_CLK.CLK.gz (2.3MB) | Progress: 74.5% | ETA: 1min
[23:36:16] [SUCCESS] ESA: ESA0OPSFIN_20232260000_01D_30S_CLK.CLK.gz (2.4MB) | Progress: 74.5% | ETA: 1min
[23:36:16] [SUCCESS] ESA: ESA0OPSFIN_20232270000_01D_30S_CLK.CLK.gz (2.4MB) | Progress: 74.6% | ETA: 1min
[23:36:16] [SUCCESS] ESA: ESA0OPSFIN_20232200000_01D_30S_CLK.CLK.gz (2.3MB) | Progress: 74.6% | ETA: 1min
[23:36:16] [SUCCESS] ESA: ESA0OPSFIN_20232340000_01D_30S_CLK.CLK.gz (2.4MB) | Progress: 74.6% | ETA: 1min
[23:36:16] [SUCCESS] ESA: ESA0OPSFIN_20232350000_01D_30S_CLK.CLK.gz (2.4MB) | Progress: 74.7% | ETA: 1min
[23:36:16] [SUCCESS] ESA: ESA0OPSFIN_20232240000_01D_30S_CLK.CLK.gz (2.4MB) | Progress: 74.7% | ETA: 1min
[23:36:16] [SUCCESS] ESA: ESA0OPSFIN_20232580000_01D_30S_CLK.CLK.gz (2.3MB) | Progress: 74.7% | ETA: 1min
[23:36:16] [SUCCESS] ESA: ESA0OPSFIN_20232230000_01D_30S_CLK.CLK.gz (2.3MB) | Progress: 74.8% | ETA: 1min
[23:36:16] [SUCCESS] ESA: ESA0OPSFIN_20232600000_01D_30S_CLK.CLK.gz (2.4MB) | Progress: 74.8% | ETA: 1min
[23:36:16] [SUCCESS] ESA: ESA0OPSFIN_20232480000_01D_30S_CLK.CLK.gz (2.4MB) | Progress: 74.9% | ETA: 1min
[23:36:16] [SUCCESS] ESA: ESA0OPSFIN_20232370000_01D_30S_CLK.CLK.gz (2.4MB) | Progress: 74.9% | ETA: 1min
[23:36:16] [INFO] [PROGRESS] Overall: 2049/2736 files (74.9%) | Rate: 7.8 files/sec
[23:36:16] [SUCCESS] ESA: ESA0OPSFIN_20232550000_01D_30S_CLK.CLK.gz (2.4MB) | Progress: 74.9% | ETA: 1min
[23:36:16] [SUCCESS] ESA: ESA0OPSFIN_20232640000_01D_30S_CLK.CLK.gz (2.4MB) | Progress: 75.0% | ETA: 1min
[23:36:17] [SUCCESS] ESA: ESA0OPSFIN_20232630000_01D_30S_CLK.CLK.gz (2.4MB) | Progress: 75.0% | ETA: 1min
[23:36:17] [SUCCESS] ESA: ESA0OPSFIN_20232090000_01D_30S_CLK.CLK.gz (2.4MB) | Progress: 75.0% | ETA: 1min
[23:36:17] [SUCCESS] ESA: ESA0OPSFIN_20232500000_01D_30S_CLK.CLK.gz (2.4MB) | Progress: 75.1% | ETA: 1min
[23:36:17] [SUCCESS] ESA: ESA0OPSFIN_20231520000_01D_30S_CLK.CLK.gz (2.4MB) | Progress: 75.1% | ETA: 1min
[23:36:17] [SUCCESS] ESA: ESA0OPSFIN_20232320000_01D_30S_CLK.CLK.gz (2.4MB) | Progress: 75.1% | ETA: 1min
[23:36:17] [SUCCESS] ESA: ESA0OPSFIN_20232280000_01D_30S_CLK.CLK.gz (2.4MB) | Progress: 75.2% | ETA: 1min
[23:36:17] [SUCCESS] ESA: ESA0OPSFIN_20231580000_01D_30S_CLK.CLK.gz (2.4MB) | Progress: 75.2% | ETA: 1min
[23:36:17] [SUCCESS] ESA: ESA0OPSFIN_20232020000_01D_30S_CLK.CLK.gz (2.3MB) | Progress: 75.3% | ETA: 1min
[23:36:17] [SUCCESS] ESA: ESA0OPSFIN_20232650000_01D_30S_CLK.CLK.gz (2.4MB) | Progress: 75.3% | ETA: 1min
[23:36:17] [SUCCESS] ESA: ESA0OPSFIN_20232620000_01D_30S_CLK.CLK.gz (2.4MB) | Progress: 75.3% | ETA: 1min
[23:36:17] [SUCCESS] ESA: ESA0OPSFIN_20232330000_01D_30S_CLK.CLK.gz (2.4MB) | Progress: 75.4% | ETA: 1min
[23:36:17] [SUCCESS] ESA: ESA0OPSFIN_20231660000_01D_30S_CLK.CLK.gz (2.4MB) | Progress: 75.4% | ETA: 1min
[23:36:17] [SUCCESS] ESA: ESA0OPSFIN_20232740000_01D_30S_CLK.CLK.gz (2.4MB) | Progress: 75.4% | ETA: 1min
[23:36:17] [SUCCESS] ESA: ESA0OPSFIN_20232120000_01D_30S_CLK.CLK.gz (2.4MB) | Progress: 75.5% | ETA: 1min
[23:36:17] [SUCCESS] ESA: ESA0OPSFIN_20232250000_01D_30S_CLK.CLK.gz (2.4MB) | Progress: 75.5% | ETA: 1min
[23:36:17] [SUCCESS] ESA: ESA0OPSFIN_20232800000_01D_30S_CLK.CLK.gz (2.4MB) | Progress: 75.5% | ETA: 1min
[23:36:17] [SUCCESS] ESA: ESA0OPSFIN_20232300000_01D_30S_CLK.CLK.gz (2.4MB) | Progress: 75.6% | ETA: 1min
[23:36:17] [SUCCESS] ESA: ESA0OPSFIN_20232290000_01D_30S_CLK.CLK.gz (2.4MB) | Progress: 75.6% | ETA: 1min
[23:36:17] [SUCCESS] ESA: ESA0OPSFIN_20232750000_01D_30S_CLK.CLK.gz (2.4MB) | Progress: 75.7% | ETA: 1min
[23:36:17] [SUCCESS] ESA: ESA0OPSFIN_20232520000_01D_30S_CLK.CLK.gz (2.4MB) | Progress: 75.7% | ETA: 1min
[23:36:17] [SUCCESS] ESA: ESA0OPSFIN_20232470000_01D_30S_CLK.CLK.gz (2.4MB) | Progress: 75.7% | ETA: 1min
[23:36:17] [SUCCESS] ESA: ESA0OPSFIN_20232530000_01D_30S_CLK.CLK.gz (2.4MB) | Progress: 75.8% | ETA: 1min
[23:36:17] [SUCCESS] ESA: ESA0OPSFIN_20232710000_01D_30S_CLK.CLK.gz (2.4MB) | Progress: 75.8% | ETA: 1min
[23:36:17] [INFO] [PROGRESS] Overall: 2074/2736 files (75.8%) | Rate: 7.9 files/sec
[23:36:17] [SUCCESS] ESA: ESA0OPSFIN_20232610000_01D_30S_CLK.CLK.gz (2.4MB) | Progress: 75.8% | ETA: 1min
[23:36:17] [SUCCESS] ESA: ESA0OPSFIN_20232830000_01D_30S_CLK.CLK.gz (2.4MB) | Progress: 75.9% | ETA: 1min
[23:36:17] [SUCCESS] ESA: ESA0OPSFIN_20232670000_01D_30S_CLK.CLK.gz (2.4MB) | Progress: 75.9% | ETA: 1min
[23:36:17] [SUCCESS] ESA: ESA0OPSFIN_20232400000_01D_30S_CLK.CLK.gz (2.4MB) | Progress: 76.0% | ETA: 1min
[23:36:17] [SUCCESS] ESA: ESA0OPSFIN_20232960000_01D_30S_CLK.CLK.gz (2.3MB) | Progress: 76.0% | ETA: 1min
[23:36:17] [SUCCESS] ESA: ESA0OPSFIN_20232840000_01D_30S_CLK.CLK.gz (2.4MB) | Progress: 76.0% | ETA: 1min
[23:36:17] [SUCCESS] ESA: ESA0OPSFIN_20231990000_01D_30S_CLK.CLK.gz (2.4MB) | Progress: 76.1% | ETA: 1min
[23:36:17] [SUCCESS] ESA: ESA0OPSFIN_20232850000_01D_30S_CLK.CLK.gz (2.4MB) | Progress: 76.1% | ETA: 1min
[23:36:17] [SUCCESS] ESA: ESA0OPSFIN_20232560000_01D_30S_CLK.CLK.gz (2.4MB) | Progress: 76.1% | ETA: 1min
[23:36:17] [SUCCESS] ESA: ESA0OPSFIN_20232700000_01D_30S_CLK.CLK.gz (2.4MB) | Progress: 76.2% | ETA: 1min
[23:36:17] [SUCCESS] ESA: ESA0OPSFIN_20231830000_01D_30S_CLK.CLK.gz (2.4MB) | Progress: 76.2% | ETA: 1min
[23:36:17] [SUCCESS] ESA: ESA0OPSFIN_20232570000_01D_30S_CLK.CLK.gz (2.4MB) | Progress: 76.2% | ETA: 1min
[23:36:17] [SUCCESS] ESA: ESA0OPSFIN_20232900000_01D_30S_CLK.CLK.gz (2.3MB) | Progress: 76.3% | ETA: 1min
[23:36:17] [SUCCESS] ESA: ESA0OPSFIN_20231960000_01D_30S_CLK.CLK.gz (2.4MB) | Progress: 76.3% | ETA: 1min
[23:36:17] [SUCCESS] ESA: ESA0OPSFIN_20232040000_01D_30S_CLK.CLK.gz (2.4MB) | Progress: 76.4% | ETA: 1min
[23:36:17] [SUCCESS] ESA: ESA0OPSFIN_20232440000_01D_30S_CLK.CLK.gz (2.4MB) | Progress: 76.4% | ETA: 1min
[23:36:17] [SUCCESS] ESA: ESA0OPSFIN_20232820000_01D_30S_CLK.CLK.gz (2.4MB) | Progress: 76.4% | ETA: 1min
[23:36:17] [SUCCESS] ESA: ESA0OPSFIN_20232880000_01D_30S_CLK.CLK.gz (2.3MB) | Progress: 76.5% | ETA: 1min
[23:36:17] [SUCCESS] ESA: ESA0OPSFIN_20232010000_01D_30S_CLK.CLK.gz (2.3MB) | Progress: 76.5% | ETA: 1min
[23:36:17] [SUCCESS] ESA: ESA0OPSFIN_20232540000_01D_30S_CLK.CLK.gz (2.4MB) | Progress: 76.5% | ETA: 1min
[23:36:17] [SUCCESS] ESA: ESA0OPSFIN_20233140000_01D_30S_CLK.CLK.gz (2.3MB) | Progress: 76.6% | ETA: 1min
[23:36:17] [SUCCESS] ESA: ESA0OPSFIN_20233010000_01D_30S_CLK.CLK.gz (2.3MB) | Progress: 76.6% | ETA: 1min
[23:36:17] [SUCCESS] ESA: ESA0OPSFIN_20233030000_01D_30S_CLK.CLK.gz (2.3MB) | Progress: 76.6% | ETA: 1min
[23:36:17] [SUCCESS] ESA: ESA0OPSFIN_20232990000_01D_30S_CLK.CLK.gz (2.3MB) | Progress: 76.7% | ETA: 1min
[23:36:17] [SUCCESS] ESA: ESA0OPSFIN_20232190000_01D_30S_CLK.CLK.gz (2.3MB) | Progress: 76.7% | ETA: 1min
[23:36:17] [INFO] [PROGRESS] Overall: 2099/2736 files (76.7%) | Rate: 8.0 files/sec
[23:36:17] [SUCCESS] ESA: ESA0OPSFIN_20233020000_01D_30S_CLK.CLK.gz (2.3MB) | Progress: 76.8% | ETA: 1min
[23:36:18] [SUCCESS] ESA: ESA0OPSFIN_20232790000_01D_30S_CLK.CLK.gz (2.4MB) | Progress: 76.8% | ETA: 1min
[23:36:18] [SUCCESS] ESA: ESA0OPSFIN_20232770000_01D_30S_CLK.CLK.gz (2.4MB) | Progress: 76.8% | ETA: 1min
[23:36:18] [SUCCESS] ESA: ESA0OPSFIN_20232940000_01D_30S_CLK.CLK.gz (2.3MB) | Progress: 76.9% | ETA: 1min
[23:36:18] [SUCCESS] ESA: ESA0OPSFIN_20232930000_01D_30S_CLK.CLK.gz (2.4MB) | Progress: 76.9% | ETA: 1min
[23:36:18] [SUCCESS] ESA: ESA0OPSFIN_20232870000_01D_30S_CLK.CLK.gz (2.4MB) | Progress: 76.9% | ETA: 1min
[23:36:18] [SUCCESS] ESA: ESA0OPSFIN_20232660000_01D_30S_CLK.CLK.gz (2.4MB) | Progress: 77.0% | ETA: 1min
[23:36:18] [SUCCESS] ESA: ESA0OPSFIN_20232680000_01D_30S_CLK.CLK.gz (2.4MB) | Progress: 77.0% | ETA: 1min
[23:36:18] [SUCCESS] ESA: ESA0OPSFIN_20232720000_01D_30S_CLK.CLK.gz (2.4MB) | Progress: 77.0% | ETA: 1min
[23:36:18] [SUCCESS] ESA: ESA0OPSFIN_20232810000_01D_30S_CLK.CLK.gz (2.4MB) | Progress: 77.1% | ETA: 1min
[23:36:18] [SUCCESS] ESA: ESA0OPSFIN_20233090000_01D_30S_CLK.CLK.gz (2.3MB) | Progress: 77.1% | ETA: 1min
[23:36:18] [SUCCESS] ESA: ESA0OPSFIN_20232890000_01D_30S_CLK.CLK.gz (2.3MB) | Progress: 77.2% | ETA: 1min
[23:36:18] [SUCCESS] ESA: ESA0OPSFIN_20232430000_01D_30S_CLK.CLK.gz (2.4MB) | Progress: 77.2% | ETA: 1min
[23:36:18] [SUCCESS] ESA: ESA0OPSFIN_20232420000_01D_30S_CLK.CLK.gz (2.4MB) | Progress: 77.2% | ETA: 1min
[23:36:18] [SUCCESS] ESA: ESA0OPSFIN_20232950000_01D_30S_CLK.CLK.gz (2.3MB) | Progress: 77.3% | ETA: 1min
[23:36:18] [SUCCESS] ESA: ESA0OPSFIN_20233050000_01D_30S_CLK.CLK.gz (2.3MB) | Progress: 77.3% | ETA: 1min
[23:36:18] [SUCCESS] ESA: ESA0OPSFIN_20233310000_01D_30S_CLK.CLK.gz (2.3MB) | Progress: 77.3% | ETA: 1min
[23:36:18] [SUCCESS] ESA: ESA0OPSFIN_20233100000_01D_30S_CLK.CLK.gz (2.3MB) | Progress: 77.4% | ETA: 1min
[23:36:18] [SUCCESS] ESA: ESA0OPSFIN_20233120000_01D_30S_CLK.CLK.gz (2.3MB) | Progress: 77.4% | ETA: 1min
[23:36:18] [SUCCESS] ESA: ESA0OPSFIN_20233080000_01D_30S_CLK.CLK.gz (2.3MB) | Progress: 77.4% | ETA: 1min
[23:36:18] [SUCCESS] ESA: ESA0OPSFIN_20233000000_01D_30S_CLK.CLK.gz (2.3MB) | Progress: 77.5% | ETA: 1min
[23:36:18] [SUCCESS] ESA: ESA0OPSFIN_20233130000_01D_30S_CLK.CLK.gz (2.3MB) | Progress: 77.5% | ETA: 1min
[23:36:18] [SUCCESS] ESA: ESA0OPSFIN_20233330000_01D_30S_CLK.CLK.gz (2.4MB) | Progress: 77.6% | ETA: 1min
[23:36:18] [SUCCESS] ESA: ESA0OPSFIN_20232980000_01D_30S_CLK.CLK.gz (2.3MB) | Progress: 77.6% | ETA: 1min
[23:36:18] [SUCCESS] ESA: ESA0OPSFIN_20233170000_01D_30S_CLK.CLK.gz (2.3MB) | Progress: 77.6% | ETA: 1min
[23:36:18] [INFO] [PROGRESS] Overall: 2124/2736 files (77.6%) | Rate: 8.0 files/sec
[23:36:18] [SUCCESS] ESA: ESA0OPSFIN_20233320000_01D_30S_CLK.CLK.gz (2.3MB) | Progress: 77.7% | ETA: 1min
[23:36:18] [SUCCESS] ESA: ESA0OPSFIN_20233040000_01D_30S_CLK.CLK.gz (2.3MB) | Progress: 77.7% | ETA: 1min
[23:36:18] [SUCCESS] ESA: ESA0OPSFIN_20233290000_01D_30S_CLK.CLK.gz (2.3MB) | Progress: 77.7% | ETA: 1min
[23:36:18] [SUCCESS] ESA: ESA0OPSFIN_20233220000_01D_30S_CLK.CLK.gz (2.3MB) | Progress: 77.8% | ETA: 1min
[23:36:18] [SUCCESS] ESA: ESA0OPSFIN_20233270000_01D_30S_CLK.CLK.gz (2.3MB) | Progress: 77.8% | ETA: 1min
[23:36:18] [SUCCESS] ESA: ESA0OPSFIN_20233150000_01D_30S_CLK.CLK.gz (2.3MB) | Progress: 77.9% | ETA: 1min
[23:36:18] [SUCCESS] ESA: ESA0OPSFIN_20233380000_01D_30S_CLK.CLK.gz (2.4MB) | Progress: 77.9% | ETA: 1min
[23:36:18] [SUCCESS] ESA: ESA0OPSFIN_20233210000_01D_30S_CLK.CLK.gz (2.3MB) | Progress: 77.9% | ETA: 1min
[23:36:18] [SUCCESS] ESA: ESA0OPSFIN_20233240000_01D_30S_CLK.CLK.gz (2.3MB) | Progress: 78.0% | ETA: 1min
[23:36:18] [SUCCESS] ESA: ESA0OPSFIN_20233260000_01D_30S_CLK.CLK.gz (2.3MB) | Progress: 78.0% | ETA: 1min
[23:36:18] [SUCCESS] ESA: ESA0OPSFIN_20233300000_01D_30S_CLK.CLK.gz (2.3MB) | Progress: 78.0% | ETA: 1min
[23:36:18] [SUCCESS] ESA: ESA0OPSFIN_20233430000_01D_30S_CLK.CLK.gz (2.3MB) | Progress: 78.1% | ETA: 1min
[23:36:18] [SUCCESS] ESA: ESA0OPSFIN_20233590000_01D_30S_CLK.CLK.gz (2.4MB) | Progress: 78.1% | ETA: 1min
[23:36:18] [SUCCESS] ESA: ESA0OPSFIN_20233360000_01D_30S_CLK.CLK.gz (2.4MB) | Progress: 78.1% | ETA: 1min
[23:36:18] [SUCCESS] ESA: ESA0OPSFIN_20233370000_01D_30S_CLK.CLK.gz (2.4MB) | Progress: 78.2% | ETA: 1min
[23:36:18] [SUCCESS] ESA: ESA0OPSFIN_20233450000_01D_30S_CLK.CLK.gz (2.3MB) | Progress: 78.2% | ETA: 1min
[23:36:18] [SUCCESS] ESA: ESA0OPSFIN_20233580000_01D_30S_CLK.CLK.gz (2.4MB) | Progress: 78.3% | ETA: 1min
[23:36:18] [SUCCESS] ESA: ESA0OPSFIN_20233280000_01D_30S_CLK.CLK.gz (2.3MB) | Progress: 78.3% | ETA: 1min
[23:36:19] [SUCCESS] ESA: ESA0OPSFIN_20233620000_01D_30S_CLK.CLK.gz (2.4MB) | Progress: 78.3% | ETA: 1min
[23:36:19] [SUCCESS] ESA: ESA0OPSFIN_20233570000_01D_30S_CLK.CLK.gz (2.4MB) | Progress: 78.4% | ETA: 1min
[23:36:19] [SUCCESS] ESA: ESA0OPSFIN_20233470000_01D_30S_CLK.CLK.gz (2.3MB) | Progress: 78.4% | ETA: 1min
[23:36:19] [SUCCESS] ESA: ESA0OPSFIN_20233200000_01D_30S_CLK.CLK.gz (2.3MB) | Progress: 78.4% | ETA: 1min
[23:36:19] [SUCCESS] ESA: ESA0OPSFIN_20233230000_01D_30S_CLK.CLK.gz (2.3MB) | Progress: 78.5% | ETA: 1min
[23:36:19] [SUCCESS] ESA: ESA0OPSFIN_20233190000_01D_30S_CLK.CLK.gz (2.3MB) | Progress: 78.5% | ETA: 1min
[23:36:19] [SUCCESS] ESA: ESA0OPSFIN_20233460000_01D_30S_CLK.CLK.gz (2.3MB) | Progress: 78.5% | ETA: 1min
[23:36:19] [INFO] [PROGRESS] Overall: 2149/2736 files (78.5%) | Rate: 8.1 files/sec
[23:36:19] [SUCCESS] ESA: ESA0OPSFIN_20240010000_01D_30S_CLK.CLK.gz (2.3MB) | Progress: 78.6% | ETA: 1min
[23:36:19] [SUCCESS] ESA: ESA0OPSFIN_20233490000_01D_30S_CLK.CLK.gz (2.3MB) | Progress: 78.6% | ETA: 1min
[23:36:19] [SUCCESS] ESA: ESA0OPSFIN_20233600000_01D_30S_CLK.CLK.gz (2.4MB) | Progress: 78.7% | ETA: 1min
[23:36:19] [SUCCESS] ESA: ESA0OPSFIN_20233650000_01D_30S_CLK.CLK.gz (2.4MB) | Progress: 78.7% | ETA: 1min
[23:36:19] [SUCCESS] ESA: ESA0OPSFIN_20240040000_01D_30S_CLK.CLK.gz (2.4MB) | Progress: 78.7% | ETA: 1min
[23:36:19] [SUCCESS] ESA: ESA0OPSFIN_20233550000_01D_30S_CLK.CLK.gz (2.4MB) | Progress: 78.8% | ETA: 1min
[23:36:19] [SUCCESS] ESA: ESA0OPSFIN_20233340000_01D_30S_CLK.CLK.gz (2.3MB) | Progress: 78.8% | ETA: 1min
[23:36:19] [SUCCESS] ESA: ESA0OPSFIN_20240030000_01D_30S_CLK.CLK.gz (2.4MB) | Progress: 78.8% | ETA: 1min
[23:36:19] [SUCCESS] ESA: ESA0OPSFIN_20233350000_01D_30S_CLK.CLK.gz (2.4MB) | Progress: 78.9% | ETA: 1min
[23:36:19] [SUCCESS] ESA: ESA0OPSFIN_20233530000_01D_30S_CLK.CLK.gz (2.4MB) | Progress: 78.9% | ETA: 1min
[23:36:19] [SUCCESS] ESA: ESA0OPSFIN_20240060000_01D_30S_CLK.CLK.gz (2.4MB) | Progress: 78.9% | ETA: 1min
[23:36:19] [SUCCESS] ESA: ESA0OPSFIN_20233510000_01D_30S_CLK.CLK.gz (2.4MB) | Progress: 79.0% | ETA: 1min
[23:36:19] [SUCCESS] ESA: ESA0OPSFIN_20233520000_01D_30S_CLK.CLK.gz (2.4MB) | Progress: 79.0% | ETA: 1min
[23:36:19] [SUCCESS] ESA: ESA0OPSFIN_20240020000_01D_30S_CLK.CLK.gz (2.4MB) | Progress: 79.1% | ETA: 1min
[23:36:19] [SUCCESS] ESA: ESA0OPSFIN_20240070000_01D_30S_CLK.CLK.gz (2.3MB) | Progress: 79.1% | ETA: 1min
[23:36:19] [SUCCESS] ESA: ESA0OPSFIN_20240160000_01D_30S_CLK.CLK.gz (2.4MB) | Progress: 79.1% | ETA: 1min
[23:36:19] [SUCCESS] ESA: ESA0OPSFIN_20233400000_01D_30S_CLK.CLK.gz (2.3MB) | Progress: 79.2% | ETA: 1min
[23:36:19] [SUCCESS] ESA: ESA0OPSFIN_20232450000_01D_30S_CLK.CLK.gz (2.4MB) | Progress: 79.2% | ETA: 1min
[23:36:19] [SUCCESS] ESA: ESA0OPSFIN_20240090000_01D_30S_CLK.CLK.gz (2.4MB) | Progress: 79.2% | ETA: 1min
[23:36:19] [SUCCESS] ESA: ESA0OPSFIN_20240170000_01D_30S_CLK.CLK.gz (2.3MB) | Progress: 79.3% | ETA: 1min
[23:36:19] [SUCCESS] ESA: ESA0OPSFIN_20240130000_01D_30S_CLK.CLK.gz (2.4MB) | Progress: 79.3% | ETA: 1min
[23:36:19] [SUCCESS] ESA: ESA0OPSFIN_20233390000_01D_30S_CLK.CLK.gz (2.3MB) | Progress: 79.3% | ETA: 1min
[23:36:19] [SUCCESS] ESA: ESA0OPSFIN_20233610000_01D_30S_CLK.CLK.gz (2.4MB) | Progress: 79.4% | ETA: 1min
[23:36:19] [SUCCESS] ESA: ESA0OPSFIN_20240200000_01D_30S_CLK.CLK.gz (2.4MB) | Progress: 79.4% | ETA: 1min
[23:36:19] [SUCCESS] ESA: ESA0OPSFIN_20233480000_01D_30S_CLK.CLK.gz (2.3MB) | Progress: 79.5% | ETA: 1min
[23:36:19] [INFO] [PROGRESS] Overall: 2174/2736 files (79.5%) | Rate: 8.2 files/sec
[23:36:19] [SUCCESS] ESA: ESA0OPSFIN_20240350000_01D_30S_CLK.CLK.gz (2.4MB) | Progress: 79.5% | ETA: 1min
[23:36:19] [SUCCESS] ESA: ESA0OPSFIN_20240190000_01D_30S_CLK.CLK.gz (2.4MB) | Progress: 79.5% | ETA: 1min
[23:36:19] [SUCCESS] ESA: ESA0OPSFIN_20240270000_01D_30S_CLK.CLK.gz (2.4MB) | Progress: 79.6% | ETA: 1min
[23:36:19] [SUCCESS] ESA: ESA0OPSFIN_20240310000_01D_30S_CLK.CLK.gz (2.4MB) | Progress: 79.6% | ETA: 1min
[23:36:19] [SUCCESS] ESA: ESA0OPSFIN_20240240000_01D_30S_CLK.CLK.gz (2.3MB) | Progress: 79.6% | ETA: 1min
[23:36:19] [SUCCESS] ESA: ESA0OPSFIN_20232510000_01D_30S_CLK.CLK.gz (2.3MB) | Progress: 79.7% | ETA: 1min
[23:36:19] [SUCCESS] ESA: ESA0OPSFIN_20232490000_01D_30S_CLK.CLK.gz (2.4MB) | Progress: 79.7% | ETA: 1min
[23:36:19] [SUCCESS] ESA: ESA0OPSFIN_20232460000_01D_30S_CLK.CLK.gz (2.4MB) | Progress: 79.8% | ETA: 1min
[23:36:19] [SUCCESS] ESA: ESA0OPSFIN_20240260000_01D_30S_CLK.CLK.gz (2.3MB) | Progress: 79.8% | ETA: 1min
[23:36:19] [SUCCESS] ESA: ESA0OPSFIN_20240250000_01D_30S_CLK.CLK.gz (2.4MB) | Progress: 79.8% | ETA: 1min
[23:36:19] [SUCCESS] ESA: ESA0OPSFIN_20233560000_01D_30S_CLK.CLK.gz (2.4MB) | Progress: 79.9% | ETA: 1min
[23:36:19] [SUCCESS] ESA: ESA0OPSFIN_20240320000_01D_30S_CLK.CLK.gz (2.4MB) | Progress: 79.9% | ETA: 1min
[23:36:20] [SUCCESS] ESA: ESA0OPSFIN_20240430000_01D_30S_CLK.CLK.gz (2.3MB) | Progress: 79.9% | ETA: 1min
[23:36:20] [SUCCESS] ESA: ESA0OPSFIN_20233500000_01D_30S_CLK.CLK.gz (2.4MB) | Progress: 80.0% | ETA: 1min
[23:36:20] [SUCCESS] ESA: ESA0OPSFIN_20240440000_01D_30S_CLK.CLK.gz (2.3MB) | Progress: 80.0% | ETA: 1min
[23:36:20] [SUCCESS] ESA: ESA0OPSFIN_20240080000_01D_30S_CLK.CLK.gz (2.4MB) | Progress: 80.0% | ETA: 1min
[23:36:20] [SUCCESS] ESA: ESA0OPSFIN_20233630000_01D_30S_CLK.CLK.gz (2.4MB) | Progress: 80.1% | ETA: 1min
[23:36:20] [SUCCESS] ESA: ESA0OPSFIN_20240480000_01D_30S_CLK.CLK.gz (2.4MB) | Progress: 80.1% | ETA: 1min
[23:36:20] [SUCCESS] ESA: ESA0OPSFIN_20240100000_01D_30S_CLK.CLK.gz (2.4MB) | Progress: 80.2% | ETA: 1min
[23:36:20] [SUCCESS] ESA: ESA0OPSFIN_20240120000_01D_30S_CLK.CLK.gz (2.4MB) | Progress: 80.2% | ETA: 1min
[23:36:20] [SUCCESS] ESA: ESA0OPSFIN_20240340000_01D_30S_CLK.CLK.gz (2.4MB) | Progress: 80.2% | ETA: 1min
[23:36:20] [SUCCESS] ESA: ESA0OPSFIN_20240140000_01D_30S_CLK.CLK.gz (2.4MB) | Progress: 80.3% | ETA: 1min
[23:36:20] [SUCCESS] ESA: ESA0OPSFIN_20240110000_01D_30S_CLK.CLK.gz (2.3MB) | Progress: 80.3% | ETA: 1min
[23:36:20] [SUCCESS] ESA: ESA0OPSFIN_20240500000_01D_30S_CLK.CLK.gz (2.4MB) | Progress: 80.3% | ETA: 1min
[23:36:20] [SUCCESS] ESA: ESA0OPSFIN_20240390000_01D_30S_CLK.CLK.gz (2.4MB) | Progress: 80.4% | ETA: 1min
[23:36:20] [INFO] [PROGRESS] Overall: 2199/2736 files (80.4%) | Rate: 8.3 files/sec
[23:36:20] [SUCCESS] ESA: ESA0OPSFIN_20240400000_01D_30S_CLK.CLK.gz (2.3MB) | Progress: 80.4% | ETA: 1min
[23:36:20] [SUCCESS] ESA: ESA0OPSFIN_20240210000_01D_30S_CLK.CLK.gz (2.4MB) | Progress: 80.4% | ETA: 1min
[23:36:20] [SUCCESS] ESA: ESA0OPSFIN_20240420000_01D_30S_CLK.CLK.gz (2.4MB) | Progress: 80.5% | ETA: 1min
[23:36:20] [SUCCESS] ESA: ESA0OPSFIN_20232590000_01D_30S_CLK.CLK.gz (2.4MB) | Progress: 80.5% | ETA: 1min
[23:36:20] [SUCCESS] ESA: ESA0OPSFIN_20240230000_01D_30S_CLK.CLK.gz (2.4MB) | Progress: 80.6% | ETA: 1min
[23:36:20] [SUCCESS] ESA: ESA0OPSFIN_20240280000_01D_30S_CLK.CLK.gz (2.4MB) | Progress: 80.6% | ETA: 1min
[23:36:20] [SUCCESS] ESA: ESA0OPSFIN_20240460000_01D_30S_CLK.CLK.gz (2.4MB) | Progress: 80.6% | ETA: 1min
[23:36:20] [SUCCESS] ESA: ESA0OPSFIN_20240650000_01D_30S_CLK.CLK.gz (2.4MB) | Progress: 80.7% | ETA: 1min
[23:36:20] [SUCCESS] ESA: ESA0OPSFIN_20240330000_01D_30S_CLK.CLK.gz (2.4MB) | Progress: 80.7% | ETA: 1min
[23:36:20] [SUCCESS] ESA: ESA0OPSFIN_20240640000_01D_30S_CLK.CLK.gz (2.4MB) | Progress: 80.7% | ETA: 1min
[23:36:20] [SUCCESS] ESA: ESA0OPSFIN_20240380000_01D_30S_CLK.CLK.gz (2.4MB) | Progress: 80.8% | ETA: 1min
[23:36:20] [SUCCESS] ESA: ESA0OPSFIN_20240510000_01D_30S_CLK.CLK.gz (2.4MB) | Progress: 80.8% | ETA: 1min
[23:36:20] [SUCCESS] ESA: ESA0OPSFIN_20240370000_01D_30S_CLK.CLK.gz (2.4MB) | Progress: 80.8% | ETA: 1min
[23:36:20] [SUCCESS] ESA: ESA0OPSFIN_20240550000_01D_30S_CLK.CLK.gz (2.4MB) | Progress: 80.9% | ETA: 1min
[23:36:20] [SUCCESS] ESA: ESA0OPSFIN_20240470000_01D_30S_CLK.CLK.gz (2.3MB) | Progress: 80.9% | ETA: 1min
[23:36:20] [SUCCESS] ESA: ESA0OPSFIN_20240530000_01D_30S_CLK.CLK.gz (2.3MB) | Progress: 81.0% | ETA: 1min
[23:36:20] [SUCCESS] ESA: ESA0OPSFIN_20240360000_01D_30S_CLK.CLK.gz (2.4MB) | Progress: 81.0% | ETA: 1min
[23:36:20] [SUCCESS] ESA: ESA0OPSFIN_20240520000_01D_30S_CLK.CLK.gz (2.3MB) | Progress: 81.0% | ETA: 1min
[23:36:20] [SUCCESS] ESA: ESA0OPSFIN_20232690000_01D_30S_CLK.CLK.gz (2.4MB) | Progress: 81.1% | ETA: 1min
[23:36:20] [SUCCESS] ESA: ESA0OPSFIN_20240660000_01D_30S_CLK.CLK.gz (2.4MB) | Progress: 81.1% | ETA: 1min
[23:36:20] [SUCCESS] ESA: ESA0OPSFIN_20240450000_01D_30S_CLK.CLK.gz (2.4MB) | Progress: 81.1% | ETA: 1min
[23:36:20] [SUCCESS] ESA: ESA0OPSFIN_20240680000_01D_30S_CLK.CLK.gz (2.3MB) | Progress: 81.2% | ETA: 1min
[23:36:20] [SUCCESS] ESA: ESA0OPSFIN_20240570000_01D_30S_CLK.CLK.gz (2.4MB) | Progress: 81.2% | ETA: 1min
[23:36:20] [SUCCESS] ESA: ESA0OPSFIN_20240750000_01D_30S_CLK.CLK.gz (2.4MB) | Progress: 81.2% | ETA: 1min
[23:36:20] [SUCCESS] ESA: ESA0OPSFIN_20240180000_01D_30S_CLK.CLK.gz (2.3MB) | Progress: 81.3% | ETA: 1min
[23:36:20] [INFO] [PROGRESS] Overall: 2224/2736 files (81.3%) | Rate: 8.3 files/sec
[23:36:20] [SUCCESS] ESA: ESA0OPSFIN_20240710000_01D_30S_CLK.CLK.gz (2.4MB) | Progress: 81.3% | ETA: 1min
[23:36:20] [SUCCESS] ESA: ESA0OPSFIN_20240820000_01D_30S_CLK.CLK.gz (2.4MB) | Progress: 81.4% | ETA: 1min
[23:36:20] [SUCCESS] ESA: ESA0OPSFIN_20240690000_01D_30S_CLK.CLK.gz (2.4MB) | Progress: 81.4% | ETA: 1min
[23:36:20] [SUCCESS] ESA: ESA0OPSFIN_20240700000_01D_30S_CLK.CLK.gz (2.4MB) | Progress: 81.4% | ETA: 1min
[23:36:20] [SUCCESS] ESA: ESA0OPSFIN_20240810000_01D_30S_CLK.CLK.gz (2.4MB) | Progress: 81.5% | ETA: 1min
[23:36:20] [SUCCESS] ESA: ESA0OPSFIN_20232730000_01D_30S_CLK.CLK.gz (2.4MB) | Progress: 81.5% | ETA: 1min
[23:36:20] [SUCCESS] ESA: ESA0OPSFIN_20232760000_01D_30S_CLK.CLK.gz (2.4MB) | Progress: 81.5% | ETA: 1min
[23:36:20] [SUCCESS] ESA: ESA0OPSFIN_20240800000_01D_30S_CLK.CLK.gz (2.4MB) | Progress: 81.6% | ETA: 1min
[23:36:20] [SUCCESS] ESA: ESA0OPSFIN_20232920000_01D_30S_CLK.CLK.gz (2.3MB) | Progress: 81.6% | ETA: 1min
[23:36:20] [SUCCESS] ESA: ESA0OPSFIN_20240850000_01D_30S_CLK.CLK.gz (2.4MB) | Progress: 81.7% | ETA: 1min
[23:36:20] [SUCCESS] ESA: ESA0OPSFIN_20240560000_01D_30S_CLK.CLK.gz (2.4MB) | Progress: 81.7% | ETA: 1min
[23:36:20] [SUCCESS] ESA: ESA0OPSFIN_20240860000_01D_30S_CLK.CLK.gz (2.4MB) | Progress: 81.7% | ETA: 1min
[23:36:20] [SUCCESS] ESA: ESA0OPSFIN_20232910000_01D_30S_CLK.CLK.gz (2.3MB) | Progress: 81.8% | ETA: 1min
[23:36:20] [SUCCESS] ESA: ESA0OPSFIN_20232780000_01D_30S_CLK.CLK.gz (2.4MB) | Progress: 81.8% | ETA: 1min
[23:36:20] [SUCCESS] ESA: ESA0OPSFIN_20232860000_01D_30S_CLK.CLK.gz (2.3MB) | Progress: 81.8% | ETA: 1min
[23:36:21] [SUCCESS] ESA: ESA0OPSFIN_20240720000_01D_30S_CLK.CLK.gz (2.4MB) | Progress: 81.9% | ETA: 1min
[23:36:21] [SUCCESS] ESA: ESA0OPSFIN_20240600000_01D_30S_CLK.CLK.gz (2.4MB) | Progress: 81.9% | ETA: 1min
[23:36:21] [SUCCESS] ESA: ESA0OPSFIN_20240870000_01D_30S_CLK.CLK.gz (2.4MB) | Progress: 81.9% | ETA: 1min
[23:36:21] [SUCCESS] ESA: ESA0OPSFIN_20240540000_01D_30S_CLK.CLK.gz (2.4MB) | Progress: 82.0% | ETA: 1min
[23:36:21] [SUCCESS] ESA: ESA0OPSFIN_20240830000_01D_30S_CLK.CLK.gz (2.4MB) | Progress: 82.0% | ETA: 1min
[23:36:21] [SUCCESS] ESA: ESA0OPSFIN_20240910000_01D_30S_CLK.CLK.gz (2.4MB) | Progress: 82.1% | ETA: 1min
[23:36:21] [SUCCESS] ESA: ESA0OPSFIN_20240920000_01D_30S_CLK.CLK.gz (2.4MB) | Progress: 82.1% | ETA: 1min
[23:36:21] [SUCCESS] ESA: ESA0OPSFIN_20240760000_01D_30S_CLK.CLK.gz (2.4MB) | Progress: 82.1% | ETA: 1min
[23:36:21] [SUCCESS] ESA: ESA0OPSFIN_20240900000_01D_30S_CLK.CLK.gz (2.4MB) | Progress: 82.2% | ETA: 1min
[23:36:21] [SUCCESS] ESA: ESA0OPSFIN_20240620000_01D_30S_CLK.CLK.gz (2.4MB) | Progress: 82.2% | ETA: 1min
[23:36:21] [INFO] [PROGRESS] Overall: 2249/2736 files (82.2%) | Rate: 8.4 files/sec
[23:36:21] [SUCCESS] ESA: ESA0OPSFIN_20232970000_01D_30S_CLK.CLK.gz (2.3MB) | Progress: 82.2% | ETA: 1min
[23:36:21] [SUCCESS] ESA: ESA0OPSFIN_20240950000_01D_30S_CLK.CLK.gz (2.4MB) | Progress: 82.3% | ETA: 1min
[23:36:21] [SUCCESS] ESA: ESA0OPSFIN_20240670000_01D_30S_CLK.CLK.gz (2.4MB) | Progress: 82.3% | ETA: 1min
[23:36:21] [SUCCESS] ESA: ESA0OPSFIN_20240940000_01D_30S_CLK.CLK.gz (2.4MB) | Progress: 82.3% | ETA: 1min
[23:36:21] [SUCCESS] ESA: ESA0OPSFIN_20240880000_01D_30S_CLK.CLK.gz (2.4MB) | Progress: 82.4% | ETA: 1min
[23:36:21] [SUCCESS] ESA: ESA0OPSFIN_20233070000_01D_30S_CLK.CLK.gz (2.3MB) | Progress: 82.4% | ETA: 1min
[23:36:21] [SUCCESS] ESA: ESA0OPSFIN_20240960000_01D_30S_CLK.CLK.gz (2.4MB) | Progress: 82.5% | ETA: 1min
[23:36:21] [SUCCESS] ESA: ESA0OPSFIN_20233060000_01D_30S_CLK.CLK.gz (2.3MB) | Progress: 82.5% | ETA: 1min
[23:36:21] [SUCCESS] ESA: ESA0OPSFIN_20241000000_01D_30S_CLK.CLK.gz (2.4MB) | Progress: 82.5% | ETA: 1min
[23:36:21] [SUCCESS] ESA: ESA0OPSFIN_20240980000_01D_30S_CLK.CLK.gz (2.4MB) | Progress: 82.6% | ETA: 1min
[23:36:21] [SUCCESS] ESA: ESA0OPSFIN_20240890000_01D_30S_CLK.CLK.gz (2.4MB) | Progress: 82.6% | ETA: 1min
[23:36:21] [SUCCESS] ESA: ESA0OPSFIN_20240840000_01D_30S_CLK.CLK.gz (2.4MB) | Progress: 82.6% | ETA: 1min
[23:36:21] [SUCCESS] ESA: ESA0OPSFIN_20233110000_01D_30S_CLK.CLK.gz (2.3MB) | Progress: 82.7% | ETA: 1min
[23:36:21] [SUCCESS] ESA: ESA0OPSFIN_20240990000_01D_30S_CLK.CLK.gz (2.4MB) | Progress: 82.7% | ETA: 1min
[23:36:21] [SUCCESS] ESA: ESA0OPSFIN_20241170000_01D_30S_CLK.CLK.gz (2.4MB) | Progress: 82.7% | ETA: 1min
[23:36:21] [SUCCESS] ESA: ESA0OPSFIN_20241080000_01D_30S_CLK.CLK.gz (2.3MB) | Progress: 82.8% | ETA: 1min
[23:36:21] [SUCCESS] ESA: ESA0OPSFIN_20241010000_01D_30S_CLK.CLK.gz (2.3MB) | Progress: 82.8% | ETA: 1min
[23:36:21] [SUCCESS] ESA: ESA0OPSFIN_20241180000_01D_30S_CLK.CLK.gz (2.4MB) | Progress: 82.9% | ETA: 1min
[23:36:21] [SUCCESS] ESA: ESA0OPSFIN_20241190000_01D_30S_CLK.CLK.gz (2.3MB) | Progress: 82.9% | ETA: 1min
[23:36:21] [SUCCESS] ESA: ESA0OPSFIN_20241140000_01D_30S_CLK.CLK.gz (2.3MB) | Progress: 82.9% | ETA: 1min
[23:36:21] [SUCCESS] ESA: ESA0OPSFIN_20241040000_01D_30S_CLK.CLK.gz (2.3MB) | Progress: 83.0% | ETA: 1min
[23:36:21] [SUCCESS] ESA: ESA0OPSFIN_20241050000_01D_30S_CLK.CLK.gz (2.3MB) | Progress: 83.0% | ETA: 1min
[23:36:21] [SUCCESS] ESA: ESA0OPSFIN_20241110000_01D_30S_CLK.CLK.gz (2.3MB) | Progress: 83.0% | ETA: 1min
[23:36:21] [SUCCESS] ESA: ESA0OPSFIN_20240970000_01D_30S_CLK.CLK.gz (2.4MB) | Progress: 83.1% | ETA: 1min
[23:36:21] [SUCCESS] ESA: ESA0OPSFIN_20241130000_01D_30S_CLK.CLK.gz (2.3MB) | Progress: 83.1% | ETA: 1min
[23:36:21] [INFO] [PROGRESS] Overall: 2274/2736 files (83.1%) | Rate: 8.5 files/sec
[23:36:21] [SUCCESS] ESA: ESA0OPSFIN_20241160000_01D_30S_CLK.CLK.gz (2.4MB) | Progress: 83.2% | ETA: 1min
[23:36:21] [SUCCESS] ESA: ESA0OPSFIN_20241150000_01D_30S_CLK.CLK.gz (2.4MB) | Progress: 83.2% | ETA: 1min
[23:36:21] [SUCCESS] ESA: ESA0OPSFIN_20241120000_01D_30S_CLK.CLK.gz (2.3MB) | Progress: 83.2% | ETA: 1min
[23:36:21] [SUCCESS] ESA: ESA0OPSFIN_20233160000_01D_30S_CLK.CLK.gz (2.3MB) | Progress: 83.3% | ETA: 1min
[23:36:21] [SUCCESS] ESA: ESA0OPSFIN_20233180000_01D_30S_CLK.CLK.gz (2.3MB) | Progress: 83.3% | ETA: 1min
[23:36:21] [SUCCESS] ESA: ESA0OPSFIN_20241290000_01D_30S_CLK.CLK.gz (2.4MB) | Progress: 83.3% | ETA: 1min
[23:36:21] [SUCCESS] ESA: ESA0OPSFIN_20241220000_01D_30S_CLK.CLK.gz (2.4MB) | Progress: 83.4% | ETA: 1min
[23:36:21] [SUCCESS] ESA: ESA0OPSFIN_20241330000_01D_30S_CLK.CLK.gz (2.4MB) | Progress: 83.4% | ETA: 1min
[23:36:21] [SUCCESS] ESA: ESA0OPSFIN_20241230000_01D_30S_CLK.CLK.gz (2.4MB) | Progress: 83.4% | ETA: 1min
[23:36:21] [SUCCESS] ESA: ESA0OPSFIN_20241200000_01D_30S_CLK.CLK.gz (2.4MB) | Progress: 83.5% | ETA: 1min
[23:36:22] [SUCCESS] ESA: ESA0OPSFIN_20241410000_01D_30S_CLK.CLK.gz (2.3MB) | Progress: 83.5% | ETA: 1min
[23:36:22] [SUCCESS] ESA: ESA0OPSFIN_20233250000_01D_30S_CLK.CLK.gz (2.3MB) | Progress: 83.6% | ETA: 1min
[23:36:22] [SUCCESS] ESA: ESA0OPSFIN_20241440000_01D_30S_CLK.CLK.gz (2.4MB) | Progress: 83.6% | ETA: 1min
[23:36:22] [SUCCESS] ESA: ESA0OPSFIN_20241320000_01D_30S_CLK.CLK.gz (2.4MB) | Progress: 83.6% | ETA: 1min
[23:36:22] [SUCCESS] ESA: ESA0OPSFIN_20241250000_01D_30S_CLK.CLK.gz (2.4MB) | Progress: 83.7% | ETA: 1min
[23:36:22] [SUCCESS] ESA: ESA0OPSFIN_20241310000_01D_30S_CLK.CLK.gz (2.4MB) | Progress: 83.7% | ETA: 1min
[23:36:22] [SUCCESS] ESA: ESA0OPSFIN_20241360000_01D_30S_CLK.CLK.gz (2.4MB) | Progress: 83.7% | ETA: 1min
[23:36:22] [SUCCESS] ESA: ESA0OPSFIN_20241420000_01D_30S_CLK.CLK.gz (2.4MB) | Progress: 83.8% | ETA: 1min
[23:36:22] [SUCCESS] ESA: ESA0OPSFIN_20241460000_01D_30S_CLK.CLK.gz (2.3MB) | Progress: 83.8% | ETA: 1min
[23:36:22] [SUCCESS] ESA: ESA0OPSFIN_20241390000_01D_30S_CLK.CLK.gz (2.4MB) | Progress: 83.8% | ETA: 1min
[23:36:22] [SUCCESS] ESA: ESA0OPSFIN_20241340000_01D_30S_CLK.CLK.gz (2.4MB) | Progress: 83.9% | ETA: 1min
[23:36:22] [SUCCESS] ESA: ESA0OPSFIN_20241430000_01D_30S_CLK.CLK.gz (2.3MB) | Progress: 83.9% | ETA: 1min
[23:36:22] [SUCCESS] ESA: ESA0OPSFIN_20241300000_01D_30S_CLK.CLK.gz (2.4MB) | Progress: 84.0% | ETA: 1min
[23:36:22] [SUCCESS] ESA: ESA0OPSFIN_20241480000_01D_30S_CLK.CLK.gz (2.3MB) | Progress: 84.0% | ETA: 1min
[23:36:22] [SUCCESS] ESA: ESA0OPSFIN_20241270000_01D_30S_CLK.CLK.gz (2.4MB) | Progress: 84.0% | ETA: 1min
[23:36:22] [INFO] [PROGRESS] Overall: 2299/2736 files (84.0%) | Rate: 8.6 files/sec
[23:36:22] [SUCCESS] ESA: ESA0OPSFIN_20241060000_01D_30S_CLK.CLK.gz (2.3MB) | Progress: 84.1% | ETA: 1min
[23:36:22] [SUCCESS] ESA: ESA0OPSFIN_20241510000_01D_30S_CLK.CLK.gz (2.3MB) | Progress: 84.1% | ETA: 1min
[23:36:22] [SUCCESS] ESA: ESA0OPSFIN_20241550000_01D_30S_CLK.CLK.gz (2.3MB) | Progress: 84.1% | ETA: 1min
[23:36:22] [SUCCESS] ESA: ESA0OPSFIN_20241350000_01D_30S_CLK.CLK.gz (2.4MB) | Progress: 84.2% | ETA: 1min
[23:36:22] [SUCCESS] ESA: ESA0OPSFIN_20241540000_01D_30S_CLK.CLK.gz (2.3MB) | Progress: 84.2% | ETA: 1min
[23:36:22] [SUCCESS] ESA: ESA0OPSFIN_20241400000_01D_30S_CLK.CLK.gz (2.4MB) | Progress: 84.2% | ETA: 1min
[23:36:22] [SUCCESS] ESA: ESA0OPSFIN_20241370000_01D_30S_CLK.CLK.gz (2.4MB) | Progress: 84.3% | ETA: 1min
[23:36:22] [SUCCESS] ESA: ESA0OPSFIN_20241530000_01D_30S_CLK.CLK.gz (2.3MB) | Progress: 84.3% | ETA: 1min
[23:36:22] [SUCCESS] ESA: ESA0OPSFIN_20241640000_01D_30S_CLK.CLK.gz (2.4MB) | Progress: 84.4% | ETA: 1min
[23:36:22] [SUCCESS] ESA: ESA0OPSFIN_20233410000_01D_30S_CLK.CLK.gz (2.3MB) | Progress: 84.4% | ETA: 1min
[23:36:22] [SUCCESS] ESA: ESA0OPSFIN_20241630000_01D_30S_CLK.CLK.gz (2.4MB) | Progress: 84.4% | ETA: 1min
[23:36:22] [SUCCESS] ESA: ESA0OPSFIN_20241620000_01D_30S_CLK.CLK.gz (2.3MB) | Progress: 84.5% | ETA: 1min
[23:36:22] [SUCCESS] ESA: ESA0OPSFIN_20233420000_01D_30S_CLK.CLK.gz (2.3MB) | Progress: 84.5% | ETA: 1min
[23:36:22] [SUCCESS] ESA: ESA0OPSFIN_20241650000_01D_30S_CLK.CLK.gz (2.4MB) | Progress: 84.5% | ETA: 1min
[23:36:22] [SUCCESS] ESA: ESA0OPSFIN_20241690000_01D_30S_CLK.CLK.gz (2.4MB) | Progress: 84.6% | ETA: 1min
[23:36:22] [SUCCESS] ESA: ESA0OPSFIN_20241500000_01D_30S_CLK.CLK.gz (2.3MB) | Progress: 84.6% | ETA: 1min
[23:36:22] [SUCCESS] ESA: ESA0OPSFIN_20233440000_01D_30S_CLK.CLK.gz (2.3MB) | Progress: 84.6% | ETA: 1min
[23:36:22] [SUCCESS] ESA: ESA0OPSFIN_20241750000_01D_30S_CLK.CLK.gz (2.4MB) | Progress: 84.7% | ETA: 1min
[23:36:22] [SUCCESS] ESA: ESA0OPSFIN_20241490000_01D_30S_CLK.CLK.gz (2.3MB) | Progress: 84.7% | ETA: 1min
[23:36:22] [SUCCESS] ESA: ESA0OPSFIN_20241730000_01D_30S_CLK.CLK.gz (2.4MB) | Progress: 84.8% | ETA: 1min
[23:36:22] [SUCCESS] ESA: ESA0OPSFIN_20241670000_01D_30S_CLK.CLK.gz (2.4MB) | Progress: 84.8% | ETA: 1min
[23:36:22] [SUCCESS] ESA: ESA0OPSFIN_20241450000_01D_30S_CLK.CLK.gz (2.4MB) | Progress: 84.8% | ETA: 1min
[23:36:22] [SUCCESS] ESA: ESA0OPSFIN_20241780000_01D_30S_CLK.CLK.gz (2.4MB) | Progress: 84.9% | ETA: 1min
[23:36:22] [SUCCESS] ESA: ESA0OPSFIN_20241790000_01D_30S_CLK.CLK.gz (2.3MB) | Progress: 84.9% | ETA: 1min
[23:36:22] [SUCCESS] ESA: ESA0OPSFIN_20241740000_01D_30S_CLK.CLK.gz (2.3MB) | Progress: 84.9% | ETA: 1min
[23:36:22] [INFO] [PROGRESS] Overall: 2324/2736 files (84.9%) | Rate: 8.7 files/sec
[23:36:22] [SUCCESS] ESA: ESA0OPSFIN_20241470000_01D_30S_CLK.CLK.gz (2.3MB) | Progress: 85.0% | ETA: 1min
[23:36:22] [SUCCESS] ESA: ESA0OPSFIN_20241800000_01D_30S_CLK.CLK.gz (2.3MB) | Progress: 85.0% | ETA: 1min
[23:36:22] [SUCCESS] ESA: ESA0OPSFIN_20241260000_01D_30S_CLK.CLK.gz (2.4MB) | Progress: 85.1% | ETA: 1min
[23:36:22] [SUCCESS] ESA: ESA0OPSFIN_20241770000_01D_30S_CLK.CLK.gz (2.4MB) | Progress: 85.1% | ETA: 1min
[23:36:22] [SUCCESS] ESA: ESA0OPSFIN_20233540000_01D_30S_CLK.CLK.gz (2.4MB) | Progress: 85.1% | ETA: 1min
[23:36:22] [SUCCESS] ESA: ESA0OPSFIN_20241840000_01D_30S_CLK.CLK.gz (2.3MB) | Progress: 85.2% | ETA: 1min
[23:36:22] [SUCCESS] ESA: ESA0OPSFIN_20241810000_01D_30S_CLK.CLK.gz (2.4MB) | Progress: 85.2% | ETA: 1min
[23:36:22] [SUCCESS] ESA: ESA0OPSFIN_20241850000_01D_30S_CLK.CLK.gz (2.4MB) | Progress: 85.2% | ETA: 1min
[23:36:23] [SUCCESS] ESA: ESA0OPSFIN_20241680000_01D_30S_CLK.CLK.gz (2.4MB) | Progress: 85.3% | ETA: 1min
[23:36:23] [SUCCESS] ESA: ESA0OPSFIN_20241890000_01D_30S_CLK.CLK.gz (2.4MB) | Progress: 85.3% | ETA: 1min
[23:36:23] [SUCCESS] ESA: ESA0OPSFIN_20241700000_01D_30S_CLK.CLK.gz (2.3MB) | Progress: 85.3% | ETA: 1min
[23:36:23] [SUCCESS] ESA: ESA0OPSFIN_20241910000_01D_30S_CLK.CLK.gz (2.4MB) | Progress: 85.4% | ETA: 1min
[23:36:23] [SUCCESS] ESA: ESA0OPSFIN_20241860000_01D_30S_CLK.CLK.gz (2.4MB) | Progress: 85.4% | ETA: 1min
[23:36:23] [SUCCESS] ESA: ESA0OPSFIN_20241970000_01D_30S_CLK.CLK.gz (2.3MB) | Progress: 85.5% | ETA: 1min
[23:36:23] [SUCCESS] ESA: ESA0OPSFIN_20241880000_01D_30S_CLK.CLK.gz (2.4MB) | Progress: 85.5% | ETA: 1min
[23:36:23] [SUCCESS] ESA: ESA0OPSFIN_20240050000_01D_30S_CLK.CLK.gz (2.3MB) | Progress: 85.5% | ETA: 1min
[23:36:23] [SUCCESS] ESA: ESA0OPSFIN_20233640000_01D_30S_CLK.CLK.gz (2.4MB) | Progress: 85.6% | ETA: 1min
[23:36:23] [SUCCESS] ESA: ESA0OPSFIN_20241990000_01D_30S_CLK.CLK.gz (2.3MB) | Progress: 85.6% | ETA: 1min
[23:36:23] [SUCCESS] ESA: ESA0OPSFIN_20241940000_01D_30S_CLK.CLK.gz (2.3MB) | Progress: 85.6% | ETA: 1min
[23:36:23] [SUCCESS] ESA: ESA0OPSFIN_20241600000_01D_30S_CLK.CLK.gz (2.3MB) | Progress: 85.7% | ETA: 1min
[23:36:23] [SUCCESS] ESA: ESA0OPSFIN_20241820000_01D_30S_CLK.CLK.gz (2.3MB) | Progress: 85.7% | ETA: 1min
[23:36:23] [SUCCESS] ESA: ESA0OPSFIN_20241710000_01D_30S_CLK.CLK.gz (2.4MB) | Progress: 85.7% | ETA: 1min
[23:36:23] [SUCCESS] ESA: ESA0OPSFIN_20241760000_01D_30S_CLK.CLK.gz (2.4MB) | Progress: 85.8% | ETA: 1min
[23:36:23] [SUCCESS] ESA: ESA0OPSFIN_20241920000_01D_30S_CLK.CLK.gz (2.3MB) | Progress: 85.8% | ETA: 1min
[23:36:23] [SUCCESS] ESA: ESA0OPSFIN_20241520000_01D_30S_CLK.CLK.gz (2.3MB) | Progress: 85.9% | ETA: 1min
[23:36:23] [INFO] [PROGRESS] Overall: 2349/2736 files (85.9%) | Rate: 8.7 files/sec
[23:36:23] [SUCCESS] ESA: ESA0OPSFIN_20241960000_01D_30S_CLK.CLK.gz (2.3MB) | Progress: 85.9% | ETA: 1min
[23:36:23] [SUCCESS] ESA: ESA0OPSFIN_20241580000_01D_30S_CLK.CLK.gz (2.3MB) | Progress: 85.9% | ETA: 1min
[23:36:23] [SUCCESS] ESA: ESA0OPSFIN_20242000000_01D_30S_CLK.CLK.gz (2.4MB) | Progress: 86.0% | ETA: 1min
[23:36:23] [SUCCESS] ESA: ESA0OPSFIN_20241720000_01D_30S_CLK.CLK.gz (2.4MB) | Progress: 86.0% | ETA: 1min
[23:36:23] [SUCCESS] ESA: ESA0OPSFIN_20241590000_01D_30S_CLK.CLK.gz (2.4MB) | Progress: 86.0% | ETA: 1min
[23:36:23] [SUCCESS] ESA: ESA0OPSFIN_20240150000_01D_30S_CLK.CLK.gz (2.4MB) | Progress: 86.1% | ETA: 1min
[23:36:23] [SUCCESS] ESA: ESA0OPSFIN_20241660000_01D_30S_CLK.CLK.gz (2.4MB) | Progress: 86.1% | ETA: 1min
[23:36:23] [SUCCESS] ESA: ESA0OPSFIN_20241980000_01D_30S_CLK.CLK.gz (2.3MB) | Progress: 86.1% | ETA: 1min
[23:36:23] [SUCCESS] ESA: ESA0OPSFIN_20242110000_01D_30S_CLK.CLK.gz (2.4MB) | Progress: 86.2% | ETA: 1min
[23:36:23] [SUCCESS] ESA: ESA0OPSFIN_20242020000_01D_30S_CLK.CLK.gz (2.4MB) | Progress: 86.2% | ETA: 1min
[23:36:23] [SUCCESS] ESA: ESA0OPSFIN_20242090000_01D_30S_CLK.CLK.gz (2.4MB) | Progress: 86.3% | ETA: 1min
[23:36:23] [SUCCESS] ESA: ESA0OPSFIN_20240220000_01D_30S_CLK.CLK.gz (2.4MB) | Progress: 86.3% | ETA: 1min
[23:36:23] [SUCCESS] ESA: ESA0OPSFIN_20242070000_01D_30S_CLK.CLK.gz (2.4MB) | Progress: 86.3% | ETA: 1min
[23:36:23] [SUCCESS] ESA: ESA0OPSFIN_20240300000_01D_30S_CLK.CLK.gz (2.4MB) | Progress: 86.4% | ETA: 1min
[23:36:23] [SUCCESS] ESA: ESA0OPSFIN_20242190000_01D_30S_CLK.CLK.gz (2.3MB) | Progress: 86.4% | ETA: 1min
[23:36:23] [SUCCESS] ESA: ESA0OPSFIN_20240290000_01D_30S_CLK.CLK.gz (2.4MB) | Progress: 86.4% | ETA: 1min
[23:36:23] [SUCCESS] ESA: ESA0OPSFIN_20242160000_01D_30S_CLK.CLK.gz (2.3MB) | Progress: 86.5% | ETA: 1min
[23:36:23] [SUCCESS] ESA: ESA0OPSFIN_20241950000_01D_30S_CLK.CLK.gz (2.3MB) | Progress: 86.5% | ETA: 1min
[23:36:23] [SUCCESS] ESA: ESA0OPSFIN_20242040000_01D_30S_CLK.CLK.gz (2.4MB) | Progress: 86.5% | ETA: 1min
[23:36:23] [SUCCESS] ESA: ESA0OPSFIN_20242230000_01D_30S_CLK.CLK.gz (2.3MB) | Progress: 86.6% | ETA: 1min
[23:36:23] [SUCCESS] ESA: ESA0OPSFIN_20241900000_01D_30S_CLK.CLK.gz (2.4MB) | Progress: 86.6% | ETA: 1min
[23:36:23] [SUCCESS] ESA: ESA0OPSFIN_20242100000_01D_30S_CLK.CLK.gz (2.4MB) | Progress: 86.7% | ETA: 1min
[23:36:23] [SUCCESS] ESA: ESA0OPSFIN_20242260000_01D_30S_CLK.CLK.gz (2.3MB) | Progress: 86.7% | ETA: 1min
[23:36:23] [SUCCESS] ESA: ESA0OPSFIN_20241930000_01D_30S_CLK.CLK.gz (2.3MB) | Progress: 86.7% | ETA: 1min
[23:36:23] [SUCCESS] ESA: ESA0OPSFIN_20242060000_01D_30S_CLK.CLK.gz (2.4MB) | Progress: 86.8% | ETA: 1min
[23:36:23] [INFO] [PROGRESS] Overall: 2374/2736 files (86.8%) | Rate: 8.8 files/sec
[23:36:23] [SUCCESS] ESA: ESA0OPSFIN_20242320000_01D_30S_CLK.CLK.gz (2.3MB) | Progress: 86.8% | ETA: 1min
[23:36:23] [SUCCESS] ESA: ESA0OPSFIN_20242120000_01D_30S_CLK.CLK.gz (2.3MB) | Progress: 86.8% | ETA: 1min
[23:36:23] [SUCCESS] ESA: ESA0OPSFIN_20242030000_01D_30S_CLK.CLK.gz (2.4MB) | Progress: 86.9% | ETA: 1min
[23:36:23] [SUCCESS] ESA: ESA0OPSFIN_20242080000_01D_30S_CLK.CLK.gz (2.4MB) | Progress: 86.9% | ETA: 1min
[23:36:23] [SUCCESS] ESA: ESA0OPSFIN_20242210000_01D_30S_CLK.CLK.gz (2.3MB) | Progress: 87.0% | ETA: 1min
[23:36:23] [SUCCESS] ESA: ESA0OPSFIN_20242180000_01D_30S_CLK.CLK.gz (2.3MB) | Progress: 87.0% | ETA: 1min
[23:36:24] [SUCCESS] ESA: ESA0OPSFIN_20242050000_01D_30S_CLK.CLK.gz (2.4MB) | Progress: 87.0% | ETA: 1min
[23:36:24] [SUCCESS] ESA: ESA0OPSFIN_20242130000_01D_30S_CLK.CLK.gz (2.3MB) | Progress: 87.1% | ETA: 1min
[23:36:24] [SUCCESS] ESA: ESA0OPSFIN_20242200000_01D_30S_CLK.CLK.gz (2.3MB) | Progress: 87.1% | ETA: 1min
[23:36:24] [SUCCESS] ESA: ESA0OPSFIN_20240410000_01D_30S_CLK.CLK.gz (2.3MB) | Progress: 87.1% | ETA: 1min
[23:36:24] [SUCCESS] ESA: ESA0OPSFIN_20242150000_01D_30S_CLK.CLK.gz (2.3MB) | Progress: 87.2% | ETA: 1min
[23:36:24] [SUCCESS] ESA: ESA0OPSFIN_20242280000_01D_30S_CLK.CLK.gz (2.3MB) | Progress: 87.2% | ETA: 1min
[23:36:24] [SUCCESS] ESA: ESA0OPSFIN_20242240000_01D_30S_CLK.CLK.gz (2.3MB) | Progress: 87.2% | ETA: 1min
[23:36:24] [SUCCESS] ESA: ESA0OPSFIN_20242220000_01D_30S_CLK.CLK.gz (2.3MB) | Progress: 87.3% | ETA: 1min
[23:36:24] [SUCCESS] ESA: ESA0OPSFIN_20242250000_01D_30S_CLK.CLK.gz (2.3MB) | Progress: 87.3% | ETA: 1min
[23:36:24] [SUCCESS] ESA: ESA0OPSFIN_20240490000_01D_30S_CLK.CLK.gz (2.4MB) | Progress: 87.4% | ETA: 1min
[23:36:24] [SUCCESS] ESA: ESA0OPSFIN_20242430000_01D_30S_CLK.CLK.gz (2.3MB) | Progress: 87.4% | ETA: 1min
[23:36:24] [SUCCESS] ESA: ESA0OPSFIN_20242290000_01D_30S_CLK.CLK.gz (2.3MB) | Progress: 87.4% | ETA: 1min
[23:36:24] [SUCCESS] ESA: ESA0OPSFIN_20242500000_01D_30S_CLK.CLK.gz (2.3MB) | Progress: 87.5% | ETA: 1min
[23:36:24] [SUCCESS] ESA: ESA0OPSFIN_20242310000_01D_30S_CLK.CLK.gz (2.3MB) | Progress: 87.5% | ETA: 1min
[23:36:24] [SUCCESS] ESA: ESA0OPSFIN_20242460000_01D_30S_CLK.CLK.gz (2.3MB) | Progress: 87.5% | ETA: 1min
[23:36:24] [SUCCESS] ESA: ESA0OPSFIN_20242490000_01D_30S_CLK.CLK.gz (2.3MB) | Progress: 87.6% | ETA: 1min
[23:36:24] [SUCCESS] ESA: ESA0OPSFIN_20240590000_01D_30S_CLK.CLK.gz (2.4MB) | Progress: 87.6% | ETA: 1min
[23:36:24] [SUCCESS] ESA: ESA0OPSFIN_20242530000_01D_30S_CLK.CLK.gz (2.3MB) | Progress: 87.6% | ETA: 1min
[23:36:24] [SUCCESS] ESA: ESA0OPSFIN_20242580000_01D_30S_CLK.CLK.gz (2.3MB) | Progress: 87.7% | ETA: 1min
[23:36:24] [INFO] [PROGRESS] Overall: 2399/2736 files (87.7%) | Rate: 8.9 files/sec
[23:36:24] [SUCCESS] ESA: ESA0OPSFIN_20242550000_01D_30S_CLK.CLK.gz (2.3MB) | Progress: 87.7% | ETA: 1min
[23:36:24] [SUCCESS] ESA: ESA0OPSFIN_20242390000_01D_30S_CLK.CLK.gz (2.3MB) | Progress: 87.8% | ETA: 1min
[23:36:24] [SUCCESS] ESA: ESA0OPSFIN_20240580000_01D_30S_CLK.CLK.gz (2.4MB) | Progress: 87.8% | ETA: 1min
[23:36:24] [SUCCESS] ESA: ESA0OPSFIN_20242360000_01D_30S_CLK.CLK.gz (2.3MB) | Progress: 87.8% | ETA: 1min
[23:36:24] [SUCCESS] ESA: ESA0OPSFIN_20240610000_01D_30S_CLK.CLK.gz (2.4MB) | Progress: 87.9% | ETA: 1min
[23:36:24] [SUCCESS] ESA: ESA0OPSFIN_20240630000_01D_30S_CLK.CLK.gz (2.4MB) | Progress: 87.9% | ETA: 1min
[23:36:24] [SUCCESS] ESA: ESA0OPSFIN_20242650000_01D_30S_CLK.CLK.gz (2.3MB) | Progress: 87.9% | ETA: 1min
[23:36:24] [SUCCESS] ESA: ESA0OPSFIN_20242540000_01D_30S_CLK.CLK.gz (2.3MB) | Progress: 88.0% | ETA: 1min
[23:36:24] [SUCCESS] ESA: ESA0OPSFIN_20242470000_01D_30S_CLK.CLK.gz (2.3MB) | Progress: 88.0% | ETA: 1min
[23:36:24] [SUCCESS] ESA: ESA0OPSFIN_20242420000_01D_30S_CLK.CLK.gz (2.3MB) | Progress: 88.0% | ETA: 1min
[23:36:24] [SUCCESS] ESA: ESA0OPSFIN_20242340000_01D_30S_CLK.CLK.gz (2.3MB) | Progress: 88.1% | ETA: 1min
[23:36:24] [SUCCESS] ESA: ESA0OPSFIN_20242480000_01D_30S_CLK.CLK.gz (2.3MB) | Progress: 88.1% | ETA: 1min
[23:36:24] [SUCCESS] ESA: ESA0OPSFIN_20242350000_01D_30S_CLK.CLK.gz (2.3MB) | Progress: 88.2% | ETA: 1min
[23:36:24] [SUCCESS] ESA: ESA0OPSFIN_20242380000_01D_30S_CLK.CLK.gz (2.3MB) | Progress: 88.2% | ETA: 1min
[23:36:24] [SUCCESS] ESA: ESA0OPSFIN_20242410000_01D_30S_CLK.CLK.gz (2.3MB) | Progress: 88.2% | ETA: 1min
[23:36:24] [SUCCESS] ESA: ESA0OPSFIN_20242510000_01D_30S_CLK.CLK.gz (2.3MB) | Progress: 88.3% | ETA: 1min
[23:36:24] [SUCCESS] ESA: ESA0OPSFIN_20242300000_01D_30S_CLK.CLK.gz (2.3MB) | Progress: 88.3% | ETA: 1min
[23:36:24] [SUCCESS] ESA: ESA0OPSFIN_20242610000_01D_30S_CLK.CLK.gz (2.3MB) | Progress: 88.3% | ETA: 1min
[23:36:24] [SUCCESS] ESA: ESA0OPSFIN_20242270000_01D_30S_CLK.CLK.gz (2.3MB) | Progress: 88.4% | ETA: 1min
[23:36:24] [SUCCESS] ESA: ESA0OPSFIN_20240740000_01D_30S_CLK.CLK.gz (2.4MB) | Progress: 88.4% | ETA: 1min
[23:36:24] [SUCCESS] ESA: ESA0OPSFIN_20240730000_01D_30S_CLK.CLK.gz (2.4MB) | Progress: 88.5% | ETA: 1min
[23:36:24] [SUCCESS] ESA: ESA0OPSFIN_20240790000_01D_30S_CLK.CLK.gz (2.4MB) | Progress: 88.5% | ETA: 1min
[23:36:24] [SUCCESS] ESA: ESA0OPSFIN_20240770000_01D_30S_CLK.CLK.gz (2.4MB) | Progress: 88.5% | ETA: 1min
[23:36:24] [SUCCESS] ESA: ESA0OPSFIN_20240780000_01D_30S_CLK.CLK.gz (2.4MB) | Progress: 88.6% | ETA: 1min
[23:36:24] [SUCCESS] ESA: ESA0OPSFIN_20242400000_01D_30S_CLK.CLK.gz (2.3MB) | Progress: 88.6% | ETA: 1min
[23:36:24] [INFO] [PROGRESS] Overall: 2424/2736 files (88.6%) | Rate: 9.0 files/sec
[23:36:24] [SUCCESS] ESA: ESA0OPSFIN_20242520000_01D_30S_CLK.CLK.gz (2.3MB) | Progress: 88.6% | ETA: 1min
[23:36:24] [SUCCESS] ESA: ESA0OPSFIN_20242690000_01D_30S_CLK.CLK.gz (2.3MB) | Progress: 88.7% | ETA: 1min
[23:36:24] [SUCCESS] ESA: ESA0OPSFIN_20242710000_01D_30S_CLK.CLK.gz (2.3MB) | Progress: 88.7% | ETA: 1min
[23:36:25] [SUCCESS] ESA: ESA0OPSFIN_20242760000_01D_30S_CLK.CLK.gz (2.3MB) | Progress: 88.7% | ETA: 1min
[23:36:25] [SUCCESS] ESA: ESA0OPSFIN_20242570000_01D_30S_CLK.CLK.gz (2.3MB) | Progress: 88.8% | ETA: 1min
[23:36:25] [SUCCESS] ESA: ESA0OPSFIN_20242440000_01D_30S_CLK.CLK.gz (2.3MB) | Progress: 88.8% | ETA: 1min
[23:36:25] [SUCCESS] ESA: ESA0OPSFIN_20242790000_01D_30S_CLK.CLK.gz (2.3MB) | Progress: 88.9% | ETA: 1min
[23:36:25] [SUCCESS] ESA: ESA0OPSFIN_20242630000_01D_30S_CLK.CLK.gz (2.3MB) | Progress: 88.9% | ETA: 1min
[23:36:25] [SUCCESS] ESA: ESA0OPSFIN_20242830000_01D_30S_CLK.CLK.gz (2.3MB) | Progress: 88.9% | ETA: 1min
[23:36:25] [SUCCESS] ESA: ESA0OPSFIN_20242880000_01D_30S_CLK.CLK.gz (2.3MB) | Progress: 89.0% | ETA: 1min
[23:36:25] [SUCCESS] ESA: ESA0OPSFIN_20242870000_01D_30S_CLK.CLK.gz (2.3MB) | Progress: 89.0% | ETA: 1min
[23:36:25] [SUCCESS] ESA: ESA0OPSFIN_20242750000_01D_30S_CLK.CLK.gz (2.3MB) | Progress: 89.0% | ETA: 1min
[23:36:25] [SUCCESS] ESA: ESA0OPSFIN_20242820000_01D_30S_CLK.CLK.gz (2.3MB) | Progress: 89.1% | ETA: 1min
[23:36:25] [SUCCESS] ESA: ESA0OPSFIN_20242910000_01D_30S_CLK.CLK.gz (2.3MB) | Progress: 89.1% | ETA: 1min
[23:36:25] [SUCCESS] ESA: ESA0OPSFIN_20242900000_01D_30S_CLK.CLK.gz (2.3MB) | Progress: 89.1% | ETA: 1min
[23:36:25] [SUCCESS] ESA: ESA0OPSFIN_20242660000_01D_30S_CLK.CLK.gz (2.3MB) | Progress: 89.2% | ETA: 1min
[23:36:25] [SUCCESS] ESA: ESA0OPSFIN_20242670000_01D_30S_CLK.CLK.gz (2.3MB) | Progress: 89.2% | ETA: 1min
[23:36:25] [SUCCESS] ESA: ESA0OPSFIN_20240930000_01D_30S_CLK.CLK.gz (2.4MB) | Progress: 89.3% | ETA: 1min
[23:36:25] [SUCCESS] ESA: ESA0OPSFIN_20242700000_01D_30S_CLK.CLK.gz (2.3MB) | Progress: 89.3% | ETA: 1min
[23:36:25] [SUCCESS] ESA: ESA0OPSFIN_20242720000_01D_30S_CLK.CLK.gz (2.3MB) | Progress: 89.3% | ETA: 1min
[23:36:25] [SUCCESS] ESA: ESA0OPSFIN_20241090000_01D_30S_CLK.CLK.gz (2.3MB) | Progress: 89.4% | ETA: 1min
[23:36:25] [SUCCESS] ESA: ESA0OPSFIN_20241030000_01D_30S_CLK.CLK.gz (2.3MB) | Progress: 89.4% | ETA: 1min
[23:36:25] [SUCCESS] ESA: ESA0OPSFIN_20242590000_01D_30S_CLK.CLK.gz (2.3MB) | Progress: 89.4% | ETA: 1min
[23:36:25] [SUCCESS] ESA: ESA0OPSFIN_20241070000_01D_30S_CLK.CLK.gz (2.3MB) | Progress: 89.5% | ETA: 1min
[23:36:25] [SUCCESS] ESA: ESA0OPSFIN_20241100000_01D_30S_CLK.CLK.gz (2.3MB) | Progress: 89.5% | ETA: 1min
[23:36:25] [INFO] [PROGRESS] Overall: 2449/2736 files (89.5%) | Rate: 9.0 files/sec
[23:36:25] [SUCCESS] ESA: ESA0OPSFIN_20242890000_01D_30S_CLK.CLK.gz (2.3MB) | Progress: 89.5% | ETA: 1min
[23:36:25] [SUCCESS] ESA: ESA0OPSFIN_20241020000_01D_30S_CLK.CLK.gz (2.3MB) | Progress: 89.6% | ETA: 1min
[23:36:25] [SUCCESS] ESA: ESA0OPSFIN_20243000000_01D_30S_CLK.CLK.gz (2.3MB) | Progress: 89.6% | ETA: 1min
[23:36:25] [SUCCESS] ESA: ESA0OPSFIN_20242620000_01D_30S_CLK.CLK.gz (2.3MB) | Progress: 89.7% | ETA: 1min
[23:36:25] [SUCCESS] ESA: ESA0OPSFIN_20243030000_01D_30S_CLK.CLK.gz (2.3MB) | Progress: 89.7% | ETA: 1min
[23:36:25] [SUCCESS] ESA: ESA0OPSFIN_20242640000_01D_30S_CLK.CLK.gz (2.3MB) | Progress: 89.7% | ETA: 1min
[23:36:25] [SUCCESS] ESA: ESA0OPSFIN_20242800000_01D_30S_CLK.CLK.gz (2.3MB) | Progress: 89.8% | ETA: 1min
[23:36:25] [SUCCESS] ESA: ESA0OPSFIN_20242930000_01D_30S_CLK.CLK.gz (2.3MB) | Progress: 89.8% | ETA: 1min
[23:36:25] [SUCCESS] ESA: ESA0OPSFIN_20242840000_01D_30S_CLK.CLK.gz (2.3MB) | Progress: 89.8% | ETA: 1min
[23:36:25] [SUCCESS] ESA: ESA0OPSFIN_20241210000_01D_30S_CLK.CLK.gz (2.4MB) | Progress: 89.9% | ETA: 1min
[23:36:25] [SUCCESS] ESA: ESA0OPSFIN_20241240000_01D_30S_CLK.CLK.gz (2.4MB) | Progress: 89.9% | ETA: 1min
[23:36:25] [SUCCESS] ESA: ESA0OPSFIN_20241280000_01D_30S_CLK.CLK.gz (2.4MB) | Progress: 89.9% | ETA: 1min
[23:36:25] [SUCCESS] ESA: ESA0OPSFIN_20242920000_01D_30S_CLK.CLK.gz (2.3MB) | Progress: 90.0% | ETA: 1min
[23:36:25] [SUCCESS] ESA: ESA0OPSFIN_20243060000_01D_30S_CLK.CLK.gz (2.3MB) | Progress: 90.0% | ETA: 1min
[23:36:25] [SUCCESS] ESA: ESA0OPSFIN_20242970000_01D_30S_CLK.CLK.gz (2.3MB) | Progress: 90.1% | ETA: 0min
[23:36:25] [SUCCESS] ESA: ESA0OPSFIN_20243130000_01D_30S_CLK.CLK.gz (2.3MB) | Progress: 90.1% | ETA: 0min
[23:36:25] [SUCCESS] ESA: ESA0OPSFIN_20243140000_01D_30S_CLK.CLK.gz (2.3MB) | Progress: 90.1% | ETA: 0min
[23:36:25] [SUCCESS] ESA: ESA0OPSFIN_20242940000_01D_30S_CLK.CLK.gz (2.3MB) | Progress: 90.2% | ETA: 0min
[23:36:25] [SUCCESS] ESA: ESA0OPSFIN_20242950000_01D_30S_CLK.CLK.gz (2.3MB) | Progress: 90.2% | ETA: 0min
[23:36:25] [SUCCESS] ESA: ESA0OPSFIN_20243100000_01D_30S_CLK.CLK.gz (2.3MB) | Progress: 90.2% | ETA: 0min
[23:36:25] [SUCCESS] ESA: ESA0OPSFIN_20242960000_01D_30S_CLK.CLK.gz (2.3MB) | Progress: 90.3% | ETA: 0min
[23:36:25] [SUCCESS] ESA: ESA0OPSFIN_20242850000_01D_30S_CLK.CLK.gz (2.3MB) | Progress: 90.3% | ETA: 0min
[23:36:25] [SUCCESS] ESA: ESA0OPSFIN_20243020000_01D_30S_CLK.CLK.gz (2.3MB) | Progress: 90.4% | ETA: 0min
[23:36:25] [SUCCESS] ESA: ESA0OPSFIN_20243160000_01D_30S_CLK.CLK.gz (2.3MB) | Progress: 90.4% | ETA: 0min
[23:36:25] [SUCCESS] ESA: ESA0OPSFIN_20242990000_01D_30S_CLK.CLK.gz (2.3MB) | Progress: 90.4% | ETA: 0min
[23:36:25] [INFO] [PROGRESS] Overall: 2474/2736 files (90.4%) | Rate: 9.1 files/sec
[23:36:25] [SUCCESS] ESA: ESA0OPSFIN_20241380000_01D_30S_CLK.CLK.gz (2.4MB) | Progress: 90.5% | ETA: 0min
[23:36:25] [SUCCESS] ESA: ESA0OPSFIN_20242560000_01D_30S_CLK.CLK.gz (2.3MB) | Progress: 90.5% | ETA: 0min
[23:36:25] [SUCCESS] ESA: ESA0OPSFIN_20243080000_01D_30S_CLK.CLK.gz (2.3MB) | Progress: 90.5% | ETA: 0min
[23:36:25] [SUCCESS] ESA: ESA0OPSFIN_20243210000_01D_30S_CLK.CLK.gz (2.3MB) | Progress: 90.6% | ETA: 0min
[23:36:26] [SUCCESS] ESA: ESA0OPSFIN_20243050000_01D_30S_CLK.CLK.gz (2.3MB) | Progress: 90.6% | ETA: 0min
[23:36:26] [SUCCESS] ESA: ESA0OPSFIN_20243200000_01D_30S_CLK.CLK.gz (2.3MB) | Progress: 90.6% | ETA: 0min
[23:36:26] [SUCCESS] ESA: ESA0OPSFIN_20243070000_01D_30S_CLK.CLK.gz (2.3MB) | Progress: 90.7% | ETA: 0min
[23:36:26] [SUCCESS] ESA: ESA0OPSFIN_20241570000_01D_30S_CLK.CLK.gz (2.3MB) | Progress: 90.7% | ETA: 0min
[23:36:26] [SUCCESS] ESA: ESA0OPSFIN_20241560000_01D_30S_CLK.CLK.gz (2.3MB) | Progress: 90.8% | ETA: 0min
[23:36:26] [SUCCESS] ESA: ESA0OPSFIN_20243090000_01D_30S_CLK.CLK.gz (2.3MB) | Progress: 90.8% | ETA: 0min
[23:36:26] [SUCCESS] ESA: ESA0OPSFIN_20243150000_01D_30S_CLK.CLK.gz (2.3MB) | Progress: 90.8% | ETA: 0min
[23:36:26] [SUCCESS] ESA: ESA0OPSFIN_20241610000_01D_30S_CLK.CLK.gz (2.3MB) | Progress: 90.9% | ETA: 0min
[23:36:26] [SUCCESS] ESA: ESA0OPSFIN_20243190000_01D_30S_CLK.CLK.gz (2.3MB) | Progress: 90.9% | ETA: 0min
[23:36:26] [SUCCESS] ESA: ESA0OPSFIN_20243230000_01D_30S_CLK.CLK.gz (2.3MB) | Progress: 90.9% | ETA: 0min
[23:36:26] [SUCCESS] ESA: ESA0OPSFIN_20243320000_01D_30S_CLK.CLK.gz (2.3MB) | Progress: 91.0% | ETA: 0min
[23:36:26] [SUCCESS] ESA: ESA0OPSFIN_20243290000_01D_30S_CLK.CLK.gz (2.3MB) | Progress: 91.0% | ETA: 0min
[23:36:26] [SUCCESS] ESA: ESA0OPSFIN_20243340000_01D_30S_CLK.CLK.gz (2.3MB) | Progress: 91.0% | ETA: 0min
[23:36:26] [SUCCESS] ESA: ESA0OPSFIN_20243330000_01D_30S_CLK.CLK.gz (2.3MB) | Progress: 91.1% | ETA: 0min
[23:36:26] [SUCCESS] ESA: ESA0OPSFIN_20243180000_01D_30S_CLK.CLK.gz (2.3MB) | Progress: 91.1% | ETA: 0min
[23:36:26] [SUCCESS] ESA: ESA0OPSFIN_20243310000_01D_30S_CLK.CLK.gz (2.3MB) | Progress: 91.2% | ETA: 0min
[23:36:26] [SUCCESS] ESA: ESA0OPSFIN_20243300000_01D_30S_CLK.CLK.gz (2.3MB) | Progress: 91.2% | ETA: 0min
[23:36:26] [SUCCESS] ESA: ESA0OPSFIN_20242980000_01D_30S_CLK.CLK.gz (2.3MB) | Progress: 91.2% | ETA: 0min
[23:36:26] [SUCCESS] ESA: ESA0OPSFIN_20243390000_01D_30S_CLK.CLK.gz (2.3MB) | Progress: 91.3% | ETA: 0min
[23:36:26] [SUCCESS] ESA: ESA0OPSFIN_20243280000_01D_30S_CLK.CLK.gz (2.3MB) | Progress: 91.3% | ETA: 0min
[23:36:26] [SUCCESS] ESA: ESA0OPSFIN_20243450000_01D_30S_CLK.CLK.gz (2.3MB) | Progress: 91.3% | ETA: 0min
[23:36:26] [INFO] [PROGRESS] Overall: 2499/2736 files (91.3%) | Rate: 9.2 files/sec
[23:36:26] [SUCCESS] ESA: ESA0OPSFIN_20241830000_01D_30S_CLK.CLK.gz (2.3MB) | Progress: 91.4% | ETA: 0min
[23:36:26] [SUCCESS] ESA: ESA0OPSFIN_20241870000_01D_30S_CLK.CLK.gz (2.4MB) | Progress: 91.4% | ETA: 0min
[23:36:26] [SUCCESS] ESA: ESA0OPSFIN_20243040000_01D_30S_CLK.CLK.gz (2.3MB) | Progress: 91.4% | ETA: 0min
[23:36:26] [SUCCESS] ESA: ESA0OPSFIN_20243440000_01D_30S_CLK.CLK.gz (2.3MB) | Progress: 91.5% | ETA: 0min
[23:36:26] [SUCCESS] ESA: ESA0OPSFIN_20243530000_01D_30S_CLK.CLK.gz (2.3MB) | Progress: 91.5% | ETA: 0min
[23:36:26] [SUCCESS] ESA: ESA0OPSFIN_20243540000_01D_30S_CLK.CLK.gz (2.3MB) | Progress: 91.6% | ETA: 0min
[23:36:26] [SUCCESS] ESA: ESA0OPSFIN_20243560000_01D_30S_CLK.CLK.gz (2.3MB) | Progress: 91.6% | ETA: 0min
[23:36:26] [SUCCESS] ESA: ESA0OPSFIN_20243500000_01D_30S_CLK.CLK.gz (2.3MB) | Progress: 91.6% | ETA: 0min
[23:36:26] [SUCCESS] ESA: ESA0OPSFIN_20242010000_01D_30S_CLK.CLK.gz (2.4MB) | Progress: 91.7% | ETA: 0min
[23:36:26] [SUCCESS] ESA: ESA0OPSFIN_20243610000_01D_30S_CLK.CLK.gz (2.3MB) | Progress: 91.7% | ETA: 0min
[23:36:26] [SUCCESS] ESA: ESA0OPSFIN_20242140000_01D_30S_CLK.CLK.gz (2.3MB) | Progress: 91.7% | ETA: 0min
[23:36:26] [SUCCESS] ESA: ESA0OPSFIN_20243520000_01D_30S_CLK.CLK.gz (2.3MB) | Progress: 91.8% | ETA: 0min
[23:36:26] [SUCCESS] ESA: ESA0OPSFIN_20250010000_01D_30S_CLK.CLK.gz (2.3MB) | Progress: 91.8% | ETA: 0min
[23:36:26] [SUCCESS] ESA: ESA0OPSFIN_20242170000_01D_30S_CLK.CLK.gz (2.3MB) | Progress: 91.8% | ETA: 0min
[23:36:26] [SUCCESS] ESA: ESA0OPSFIN_20243570000_01D_30S_CLK.CLK.gz (2.3MB) | Progress: 91.9% | ETA: 0min
[23:36:26] [SUCCESS] ESA: ESA0OPSFIN_20243630000_01D_30S_CLK.CLK.gz (2.3MB) | Progress: 91.9% | ETA: 0min
[23:36:26] [SUCCESS] ESA: ESA0OPSFIN_20243640000_01D_30S_CLK.CLK.gz (2.3MB) | Progress: 92.0% | ETA: 0min
[23:36:26] [SUCCESS] ESA: ESA0OPSFIN_20243470000_01D_30S_CLK.CLK.gz (2.3MB) | Progress: 92.0% | ETA: 0min
[23:36:26] [SUCCESS] ESA: ESA0OPSFIN_20243490000_01D_30S_CLK.CLK.gz (2.3MB) | Progress: 92.0% | ETA: 0min
[23:36:26] [SUCCESS] ESA: ESA0OPSFIN_20243510000_01D_30S_CLK.CLK.gz (2.3MB) | Progress: 92.1% | ETA: 0min
[23:36:26] [SUCCESS] ESA: ESA0OPSFIN_20243620000_01D_30S_CLK.CLK.gz (2.3MB) | Progress: 92.1% | ETA: 0min
[23:36:26] [SUCCESS] ESA: ESA0OPSFIN_20250050000_01D_30S_CLK.CLK.gz (2.3MB) | Progress: 92.1% | ETA: 0min
[23:36:26] [SUCCESS] ESA: ESA0OPSFIN_20250160000_01D_30S_CLK.CLK.gz (2.3MB) | Progress: 92.2% | ETA: 0min
[23:36:26] [SUCCESS] ESA: ESA0OPSFIN_20243650000_01D_30S_CLK.CLK.gz (2.3MB) | Progress: 92.2% | ETA: 0min
[23:36:26] [SUCCESS] ESA: ESA0OPSFIN_20250080000_01D_30S_CLK.CLK.gz (2.3MB) | Progress: 92.3% | ETA: 0min
[23:36:26] [INFO] [PROGRESS] Overall: 2524/2736 files (92.3%) | Rate: 9.3 files/sec
[23:36:27] [SUCCESS] ESA: ESA0OPSFIN_20242330000_01D_30S_CLK.CLK.gz (2.3MB) | Progress: 92.3% | ETA: 0min
[23:36:27] [SUCCESS] ESA: ESA0OPSFIN_20250140000_01D_30S_CLK.CLK.gz (2.3MB) | Progress: 92.3% | ETA: 0min
[23:36:27] [SUCCESS] ESA: ESA0OPSFIN_20242370000_01D_30S_CLK.CLK.gz (2.3MB) | Progress: 92.4% | ETA: 0min
[23:36:27] [SUCCESS] ESA: ESA0OPSFIN_20250030000_01D_30S_CLK.CLK.gz (2.3MB) | Progress: 92.4% | ETA: 0min
[23:36:27] [SUCCESS] ESA: ESA0OPSFIN_20250150000_01D_30S_CLK.CLK.gz (2.3MB) | Progress: 92.4% | ETA: 0min
[23:36:27] [SUCCESS] ESA: ESA0OPSFIN_20243550000_01D_30S_CLK.CLK.gz (2.3MB) | Progress: 92.5% | ETA: 0min
[23:36:27] [SUCCESS] ESA: ESA0OPSFIN_20250110000_01D_30S_CLK.CLK.gz (2.3MB) | Progress: 92.5% | ETA: 0min
[23:36:27] [SUCCESS] ESA: ESA0OPSFIN_20242450000_01D_30S_CLK.CLK.gz (2.3MB) | Progress: 92.5% | ETA: 0min
[23:36:27] [SUCCESS] ESA: ESA0OPSFIN_20250090000_01D_30S_CLK.CLK.gz (2.3MB) | Progress: 92.6% | ETA: 0min
[23:36:27] [SUCCESS] ESA: ESA0OPSFIN_20250130000_01D_30S_CLK.CLK.gz (2.3MB) | Progress: 92.6% | ETA: 0min
[23:36:27] [SUCCESS] ESA: ESA0OPSFIN_20250220000_01D_30S_CLK.CLK.gz (2.3MB) | Progress: 92.7% | ETA: 0min
[23:36:27] [SUCCESS] ESA: ESA0OPSFIN_20243600000_01D_30S_CLK.CLK.gz (2.3MB) | Progress: 92.7% | ETA: 0min
[23:36:27] [SUCCESS] ESA: ESA0OPSFIN_20242600000_01D_30S_CLK.CLK.gz (2.3MB) | Progress: 92.7% | ETA: 0min
[23:36:27] [SUCCESS] ESA: ESA0OPSFIN_20250200000_01D_30S_CLK.CLK.gz (2.3MB) | Progress: 92.8% | ETA: 0min
[23:36:27] [SUCCESS] ESA: ESA0OPSFIN_20250210000_01D_30S_CLK.CLK.gz (2.3MB) | Progress: 92.8% | ETA: 0min
[23:36:27] [SUCCESS] ESA: ESA0OPSFIN_20250240000_01D_30S_CLK.CLK.gz (2.3MB) | Progress: 92.8% | ETA: 0min
[23:36:27] [SUCCESS] ESA: ESA0OPSFIN_20250180000_01D_30S_CLK.CLK.gz (2.3MB) | Progress: 92.9% | ETA: 0min
[23:36:27] [SUCCESS] ESA: ESA0OPSFIN_20250040000_01D_30S_CLK.CLK.gz (2.3MB) | Progress: 92.9% | ETA: 0min
[23:36:27] [SUCCESS] ESA: ESA0OPSFIN_20242680000_01D_30S_CLK.CLK.gz (2.3MB) | Progress: 92.9% | ETA: 0min
[23:36:27] [SUCCESS] ESA: ESA0OPSFIN_20250070000_01D_30S_CLK.CLK.gz (2.3MB) | Progress: 93.0% | ETA: 0min
[23:36:27] [SUCCESS] ESA: ESA0OPSFIN_20242730000_01D_30S_CLK.CLK.gz (2.3MB) | Progress: 93.0% | ETA: 0min
[23:36:27] [SUCCESS] ESA: ESA0OPSFIN_20242740000_01D_30S_CLK.CLK.gz (2.3MB) | Progress: 93.1% | ETA: 0min
[23:36:27] [SUCCESS] ESA: ESA0OPSFIN_20242780000_01D_30S_CLK.CLK.gz (2.3MB) | Progress: 93.1% | ETA: 0min
[23:36:27] [SUCCESS] ESA: ESA0OPSFIN_20243430000_01D_30S_CLK.CLK.gz (2.3MB) | Progress: 93.1% | ETA: 0min
[23:36:27] [SUCCESS] ESA: ESA0OPSFIN_20242770000_01D_30S_CLK.CLK.gz (2.3MB) | Progress: 93.2% | ETA: 0min
[23:36:27] [INFO] [PROGRESS] Overall: 2549/2736 files (93.2%) | Rate: 9.3 files/sec
[23:36:27] [SUCCESS] ESA: ESA0OPSFIN_20242810000_01D_30S_CLK.CLK.gz (2.3MB) | Progress: 93.2% | ETA: 0min
[23:36:28] [SUCCESS] ESA: ESA0OPSFIN_20250280000_01D_30S_CLK.CLK.gz (7.5MB) | Progress: 93.2% | ETA: 0min
[23:36:28] [SUCCESS] ESA: ESA0OPSFIN_20242860000_01D_30S_CLK.CLK.gz (2.3MB) | Progress: 93.3% | ETA: 0min
[23:36:28] [SUCCESS] ESA: ESA0OPSFIN_20243240000_01D_30S_CLK.CLK.gz (2.3MB) | Progress: 93.3% | ETA: 0min
[23:36:28] [SUCCESS] ESA: ESA0OPSFIN_20243220000_01D_30S_CLK.CLK.gz (2.3MB) | Progress: 93.3% | ETA: 0min
[23:36:28] [SUCCESS] ESA: ESA0OPSFIN_20250390000_01D_30S_CLK.CLK.gz (7.6MB) | Progress: 93.4% | ETA: 0min
[23:36:28] [SUCCESS] ESA: ESA0OPSFIN_20243250000_01D_30S_CLK.CLK.gz (2.3MB) | Progress: 93.4% | ETA: 0min
[23:36:28] [SUCCESS] ESA: ESA0OPSFIN_20243270000_01D_30S_CLK.CLK.gz (2.3MB) | Progress: 93.5% | ETA: 0min
[23:36:28] [SUCCESS] ESA: ESA0OPSFIN_20250230000_01D_30S_CLK.CLK.gz (2.3MB) | Progress: 93.5% | ETA: 0min
[23:36:28] [SUCCESS] ESA: ESA0OPSFIN_20250270000_01D_30S_CLK.CLK.gz (7.5MB) | Progress: 93.5% | ETA: 0min
[23:36:28] [SUCCESS] ESA: ESA0OPSFIN_20243350000_01D_30S_CLK.CLK.gz (2.3MB) | Progress: 93.6% | ETA: 0min
[23:36:28] [SUCCESS] ESA: ESA0OPSFIN_20243380000_01D_30S_CLK.CLK.gz (2.3MB) | Progress: 93.6% | ETA: 0min
[23:36:28] [SUCCESS] ESA: ESA0OPSFIN_20243010000_01D_30S_CLK.CLK.gz (2.3MB) | Progress: 93.6% | ETA: 0min
[23:36:28] [SUCCESS] ESA: ESA0OPSFIN_20243420000_01D_30S_CLK.CLK.gz (2.3MB) | Progress: 93.7% | ETA: 0min
[23:36:28] [SUCCESS] ESA: ESA0OPSFIN_20243410000_01D_30S_CLK.CLK.gz (2.3MB) | Progress: 93.7% | ETA: 0min
[23:36:28] [SUCCESS] ESA: ESA0OPSFIN_20243370000_01D_30S_CLK.CLK.gz (2.3MB) | Progress: 93.8% | ETA: 0min
[23:36:28] [SUCCESS] ESA: ESA0OPSFIN_20243400000_01D_30S_CLK.CLK.gz (2.3MB) | Progress: 93.8% | ETA: 0min
[23:36:28] [SUCCESS] ESA: ESA0OPSFIN_20243110000_01D_30S_CLK.CLK.gz (2.3MB) | Progress: 93.8% | ETA: 0min
[23:36:28] [SUCCESS] ESA: ESA0OPSFIN_20243120000_01D_30S_CLK.CLK.gz (2.3MB) | Progress: 93.9% | ETA: 0min
[23:36:28] [SUCCESS] ESA: ESA0OPSFIN_20250370000_01D_30S_CLK.CLK.gz (7.6MB) | Progress: 93.9% | ETA: 0min
[23:36:28] [SUCCESS] ESA: ESA0OPSFIN_20250350000_01D_30S_CLK.CLK.gz (7.6MB) | Progress: 93.9% | ETA: 0min
[23:36:28] [SUCCESS] ESA: ESA0OPSFIN_20250310000_01D_30S_CLK.CLK.gz (7.5MB) | Progress: 94.0% | ETA: 0min
[23:36:28] [SUCCESS] ESA: ESA0OPSFIN_20243170000_01D_30S_CLK.CLK.gz (2.3MB) | Progress: 94.0% | ETA: 0min
[23:36:28] [SUCCESS] ESA: ESA0OPSFIN_20243260000_01D_30S_CLK.CLK.gz (2.3MB) | Progress: 94.0% | ETA: 0min
[23:36:28] [SUCCESS] ESA: ESA0OPSFIN_20243360000_01D_30S_CLK.CLK.gz (2.3MB) | Progress: 94.1% | ETA: 0min
[23:36:28] [INFO] [PROGRESS] Overall: 2574/2736 files (94.1%) | Rate: 9.4 files/sec
[23:36:28] [SUCCESS] ESA: ESA0OPSFIN_20243460000_01D_30S_CLK.CLK.gz (2.3MB) | Progress: 94.1% | ETA: 0min
[23:36:28] [SUCCESS] ESA: ESA0OPSFIN_20243480000_01D_30S_CLK.CLK.gz (2.3MB) | Progress: 94.2% | ETA: 0min
[23:36:29] [SUCCESS] ESA: ESA0OPSFIN_20243660000_01D_30S_CLK.CLK.gz (2.3MB) | Progress: 94.2% | ETA: 0min
[23:36:29] [SUCCESS] ESA: ESA0OPSFIN_20250120000_01D_30S_CLK.CLK.gz (2.3MB) | Progress: 94.2% | ETA: 0min
[23:36:29] [SUCCESS] ESA: ESA0OPSFIN_20250020000_01D_30S_CLK.CLK.gz (2.3MB) | Progress: 94.3% | ETA: 0min
[23:36:29] [SUCCESS] ESA: ESA0OPSFIN_20250060000_01D_30S_CLK.CLK.gz (2.3MB) | Progress: 94.3% | ETA: 0min
[23:36:29] [SUCCESS] ESA: ESA0OPSFIN_20250660000_01D_30S_CLK.CLK.gz (7.6MB) | Progress: 94.3% | ETA: 0min
[23:36:29] [SUCCESS] ESA: ESA0OPSFIN_20243580000_01D_30S_CLK.CLK.gz (2.3MB) | Progress: 94.4% | ETA: 0min
[23:36:29] [SUCCESS] ESA: ESA0OPSFIN_20250100000_01D_30S_CLK.CLK.gz (2.3MB) | Progress: 94.4% | ETA: 0min
[23:36:29] [SUCCESS] ESA: ESA0OPSFIN_20243590000_01D_30S_CLK.CLK.gz (2.3MB) | Progress: 94.4% | ETA: 0min
[23:36:29] [SUCCESS] ESA: ESA0OPSFIN_20250440000_01D_30S_CLK.CLK.gz (7.6MB) | Progress: 94.5% | ETA: 0min
[23:36:29] [SUCCESS] ESA: ESA0OPSFIN_20250190000_01D_30S_CLK.CLK.gz (2.3MB) | Progress: 94.5% | ETA: 0min
[23:36:29] [SUCCESS] ESA: ESA0OPSFIN_20250260000_01D_30S_CLK.CLK.gz (7.5MB) | Progress: 94.6% | ETA: 0min
[23:36:29] [SUCCESS] ESA: ESA0OPSFIN_20250170000_01D_30S_CLK.CLK.gz (2.3MB) | Progress: 94.6% | ETA: 0min
[23:36:29] [SUCCESS] ESA: ESA0OPSFIN_20250250000_01D_30S_CLK.CLK.gz (2.3MB) | Progress: 94.6% | ETA: 0min
[23:36:29] [SUCCESS] ESA: ESA0OPSFIN_20250850000_01D_30S_CLK.CLK.gz (7.7MB) | Progress: 94.7% | ETA: 0min
[23:36:29] [SUCCESS] ESA: ESA0OPSFIN_20250590000_01D_30S_CLK.CLK.gz (7.6MB) | Progress: 94.7% | ETA: 0min
[23:36:30] [SUCCESS] ESA: ESA0OPSFIN_20250400000_01D_30S_CLK.CLK.gz (7.6MB) | Progress: 94.7% | ETA: 0min
[23:36:30] [SUCCESS] ESA: ESA0OPSFIN_20250530000_01D_30S_CLK.CLK.gz (7.6MB) | Progress: 94.8% | ETA: 0min
[23:36:30] [SUCCESS] ESA: ESA0OPSFIN_20250950000_01D_30S_CLK.CLK.gz (7.7MB) | Progress: 94.8% | ETA: 0min
[23:36:30] [SUCCESS] ESA: ESA0OPSFIN_20250340000_01D_30S_CLK.CLK.gz (7.5MB) | Progress: 94.8% | ETA: 0min
[23:36:30] [SUCCESS] ESA: ESA0OPSFIN_20250670000_01D_30S_CLK.CLK.gz (7.6MB) | Progress: 94.9% | ETA: 0min
[23:36:30] [SUCCESS] ESA: ESA0OPSFIN_20250700000_01D_30S_CLK.CLK.gz (7.6MB) | Progress: 94.9% | ETA: 0min
[23:36:30] [SUCCESS] ESA: ESA0OPSFIN_20250770000_01D_30S_CLK.CLK.gz (7.6MB) | Progress: 95.0% | ETA: 0min
[23:36:30] [SUCCESS] ESA: ESA0OPSFIN_20250320000_01D_30S_CLK.CLK.gz (7.5MB) | Progress: 95.0% | ETA: 0min
[23:36:30] [INFO] [PROGRESS] Overall: 2599/2736 files (95.0%) | Rate: 9.4 files/sec
[23:36:30] [SUCCESS] ESA: ESA0OPSFIN_20250330000_01D_30S_CLK.CLK.gz (7.5MB) | Progress: 95.0% | ETA: 0min
[23:36:31] [SUCCESS] ESA: ESA0OPSFIN_20250740000_01D_30S_CLK.CLK.gz (7.6MB) | Progress: 95.1% | ETA: 0min
[23:36:31] [SUCCESS] ESA: ESA0OPSFIN_20250360000_01D_30S_CLK.CLK.gz (7.6MB) | Progress: 95.1% | ETA: 0min
[23:36:31] [SUCCESS] ESA: ESA0OPSFIN_20250290000_01D_30S_CLK.CLK.gz (7.5MB) | Progress: 95.1% | ETA: 0min
[23:36:31] [SUCCESS] ESA: ESA0OPSFIN_20250380000_01D_30S_CLK.CLK.gz (7.6MB) | Progress: 95.2% | ETA: 0min
[23:36:31] [SUCCESS] ESA: ESA0OPSFIN_20251280000_01D_30S_CLK.CLK.gz (7.6MB) | Progress: 95.2% | ETA: 0min
[23:36:31] [SUCCESS] ESA: ESA0OPSFIN_20250410000_01D_30S_CLK.CLK.gz (7.6MB) | Progress: 95.2% | ETA: 0min
[23:36:31] [SUCCESS] ESA: ESA0OPSFIN_20250680000_01D_30S_CLK.CLK.gz (7.6MB) | Progress: 95.3% | ETA: 0min
[23:36:31] [SUCCESS] ESA: ESA0OPSFIN_20250760000_01D_30S_CLK.CLK.gz (7.6MB) | Progress: 95.3% | ETA: 0min
[23:36:31] [SUCCESS] ESA: ESA0OPSFIN_20250620000_01D_30S_CLK.CLK.gz (7.6MB) | Progress: 95.4% | ETA: 0min
[23:36:31] [SUCCESS] ESA: ESA0OPSFIN_20250450000_01D_30S_CLK.CLK.gz (7.6MB) | Progress: 95.4% | ETA: 0min
[23:36:31] [SUCCESS] ESA: ESA0OPSFIN_20251300000_01D_30S_CLK.CLK.gz (7.6MB) | Progress: 95.4% | ETA: 0min
[23:36:31] [SUCCESS] ESA: ESA0OPSFIN_20250690000_01D_30S_CLK.CLK.gz (7.6MB) | Progress: 95.5% | ETA: 0min
[23:36:31] [SUCCESS] ESA: ESA0OPSFIN_20250780000_01D_30S_CLK.CLK.gz (7.6MB) | Progress: 95.5% | ETA: 0min
[23:36:31] [SUCCESS] ESA: ESA0OPSFIN_20250640000_01D_30S_CLK.CLK.gz (7.6MB) | Progress: 95.5% | ETA: 0min
[23:36:32] [SUCCESS] ESA: ESA0OPSFIN_20250470000_01D_30S_CLK.CLK.gz (7.6MB) | Progress: 95.6% | ETA: 0min
[23:36:32] [SUCCESS] ESA: ESA0OPSFIN_20250500000_01D_30S_CLK.CLK.gz (7.6MB) | Progress: 95.6% | ETA: 0min
[23:36:32] [SUCCESS] ESA: ESA0OPSFIN_20250960000_01D_30S_CLK.CLK.gz (7.7MB) | Progress: 95.7% | ETA: 0min
[23:36:32] [SUCCESS] ESA: ESA0OPSFIN_20250600000_01D_30S_CLK.CLK.gz (7.6MB) | Progress: 95.7% | ETA: 0min
[23:36:32] [SUCCESS] ESA: ESA0OPSFIN_20250480000_01D_30S_CLK.CLK.gz (7.6MB) | Progress: 95.7% | ETA: 0min
[23:36:32] [SUCCESS] ESA: ESA0OPSFIN_20251090000_01D_30S_CLK.CLK.gz (7.6MB) | Progress: 95.8% | ETA: 0min
[23:36:32] [SUCCESS] ESA: ESA0OPSFIN_20250730000_01D_30S_CLK.CLK.gz (7.6MB) | Progress: 95.8% | ETA: 0min
[23:36:32] [SUCCESS] ESA: ESA0OPSFIN_20250510000_01D_30S_CLK.CLK.gz (7.6MB) | Progress: 95.8% | ETA: 0min
[23:36:33] [SUCCESS] ESA: ESA0OPSFIN_20250970000_01D_30S_CLK.CLK.gz (7.7MB) | Progress: 95.9% | ETA: 0min
[23:36:33] [SUCCESS] ESA: ESA0OPSFIN_20251370000_01D_30S_CLK.CLK.gz (7.6MB) | Progress: 95.9% | ETA: 0min
[23:36:33] [INFO] [PROGRESS] Overall: 2624/2736 files (95.9%) | Rate: 9.4 files/sec
[23:36:33] [SUCCESS] ESA: ESA0OPSFIN_20251200000_01D_30S_CLK.CLK.gz (7.6MB) | Progress: 95.9% | ETA: 0min
[23:36:33] [SUCCESS] ESA: ESA0OPSFIN_20251050000_01D_30S_CLK.CLK.gz (7.6MB) | Progress: 96.0% | ETA: 0min
[23:36:33] [SUCCESS] ESA: ESA0OPSFIN_20250910000_01D_30S_CLK.CLK.gz (7.6MB) | Progress: 96.0% | ETA: 0min
[23:36:33] [SUCCESS] ESA: ESA0OPSFIN_20251060000_01D_30S_CLK.CLK.gz (7.6MB) | Progress: 96.1% | ETA: 0min
[23:36:33] [SUCCESS] ESA: ESA0OPSFIN_20251270000_01D_30S_CLK.CLK.gz (7.7MB) | Progress: 96.1% | ETA: 0min
[23:36:33] [SUCCESS] ESA: ESA0OPSFIN_20251250000_01D_30S_CLK.CLK.gz (7.6MB) | Progress: 96.1% | ETA: 0min
[23:36:33] [SUCCESS] ESA: ESA0OPSFIN_20251190000_01D_30S_CLK.CLK.gz (7.7MB) | Progress: 96.2% | ETA: 0min
[23:36:33] [SUCCESS] ESA: ESA0OPSFIN_20251100000_01D_30S_CLK.CLK.gz (7.7MB) | Progress: 96.2% | ETA: 0min
[23:36:33] [SUCCESS] ESA: ESA0OPSFIN_20251340000_01D_30S_CLK.CLK.gz (7.6MB) | Progress: 96.2% | ETA: 0min
[23:36:33] [SUCCESS] ESA: ESA0OPSFIN_20251020000_01D_30S_CLK.CLK.gz (7.6MB) | Progress: 96.3% | ETA: 0min
[23:36:33] [SUCCESS] ESA: ESA0OPSFIN_20250790000_01D_30S_CLK.CLK.gz (7.7MB) | Progress: 96.3% | ETA: 0min
[23:36:33] [SUCCESS] ESA: ESA0OPSFIN_20250800000_01D_30S_CLK.CLK.gz (7.7MB) | Progress: 96.3% | ETA: 0min
[23:36:34] [SUCCESS] ESA: ESA0OPSFIN_20251410000_01D_30S_CLK.CLK.gz (7.6MB) | Progress: 96.4% | ETA: 0min
[23:36:34] [SUCCESS] ESA: ESA0OPSFIN_20251360000_01D_30S_CLK.CLK.gz (7.6MB) | Progress: 96.4% | ETA: 0min
[23:36:34] [SUCCESS] ESA: ESA0OPSFIN_20250540000_01D_30S_CLK.CLK.gz (7.6MB) | Progress: 96.5% | ETA: 0min
[23:36:34] [SUCCESS] ESA: ESA0OPSFIN_20251180000_01D_30S_CLK.CLK.gz (7.6MB) | Progress: 96.5% | ETA: 0min
[23:36:34] [SUCCESS] ESA: ESA0OPSFIN_20251620000_01D_30S_CLK.CLK.gz (7.6MB) | Progress: 96.5% | ETA: 0min
[23:36:34] [SUCCESS] ESA: ESA0OPSFIN_20251430000_01D_30S_CLK.CLK.gz (7.6MB) | Progress: 96.6% | ETA: 0min
[23:36:34] [SUCCESS] ESA: ESA0OPSFIN_20251420000_01D_30S_CLK.CLK.gz (7.6MB) | Progress: 96.6% | ETA: 0min
[23:36:34] [SUCCESS] ESA: ESA0OPSFIN_20251670000_01D_30S_CLK.CLK.gz (7.6MB) | Progress: 96.6% | ETA: 0min
[23:36:35] [SUCCESS] ESA: ESA0OPSFIN_20251470000_01D_30S_CLK.CLK.gz (7.6MB) | Progress: 96.7% | ETA: 0min
[23:36:35] [SUCCESS] ESA: ESA0OPSFIN_20251490000_01D_30S_CLK.CLK.gz (7.6MB) | Progress: 96.7% | ETA: 0min
[23:36:35] [SUCCESS] ESA: ESA0OPSFIN_20251560000_01D_30S_CLK.CLK.gz (7.6MB) | Progress: 96.7% | ETA: 0min
[23:36:35] [SUCCESS] ESA: ESA0OPSFIN_20250710000_01D_30S_CLK.CLK.gz (7.6MB) | Progress: 96.8% | ETA: 0min
[23:36:35] [SUCCESS] ESA: ESA0OPSFIN_20251440000_01D_30S_CLK.CLK.gz (7.6MB) | Progress: 96.8% | ETA: 0min
[23:36:35] [INFO] [PROGRESS] Overall: 2649/2736 files (96.8%) | Rate: 9.4 files/sec
[23:36:35] [SUCCESS] ESA: ESA0OPSFIN_20251510000_01D_30S_CLK.CLK.gz (7.6MB) | Progress: 96.9% | ETA: 0min
[23:36:35] [SUCCESS] ESA: ESA0OPSFIN_20251530000_01D_30S_CLK.CLK.gz (7.6MB) | Progress: 96.9% | ETA: 0min
[23:36:35] [SUCCESS] ESA: ESA0OPSFIN_20250900000_01D_30S_CLK.CLK.gz (7.6MB) | Progress: 96.9% | ETA: 0min
[23:36:36] [SUCCESS] ESA: ESA0OPSFIN_20250920000_01D_30S_CLK.CLK.gz (7.7MB) | Progress: 97.0% | ETA: 0min
[23:36:36] [SUCCESS] ESA: ESA0OPSFIN_20250940000_01D_30S_CLK.CLK.gz (7.7MB) | Progress: 97.0% | ETA: 0min
[23:36:36] [SUCCESS] ESA: ESA0OPSFIN_20251070000_01D_30S_CLK.CLK.gz (7.7MB) | Progress: 97.0% | ETA: 0min
[23:36:36] [SUCCESS] ESA: ESA0OPSFIN_20251650000_01D_30S_CLK.CLK.gz (7.6MB) | Progress: 97.1% | ETA: 0min
[23:36:36] [SUCCESS] ESA: ESA0OPSFIN_20251130000_01D_30S_CLK.CLK.gz (7.6MB) | Progress: 97.1% | ETA: 0min
[23:36:36] [SUCCESS] ESA: ESA0OPSFIN_20251160000_01D_30S_CLK.CLK.gz (7.7MB) | Progress: 97.1% | ETA: 0min
[23:36:36] [SUCCESS] ESA: ESA0OPSFIN_20251080000_01D_30S_CLK.CLK.gz (7.6MB) | Progress: 97.2% | ETA: 0min
[23:36:36] [SUCCESS] ESA: ESA0OPSFIN_20251220000_01D_30S_CLK.CLK.gz (7.6MB) | Progress: 97.2% | ETA: 0min
[23:36:36] [SUCCESS] ESA: ESA0OPSFIN_20251040000_01D_30S_CLK.CLK.gz (7.6MB) | Progress: 97.3% | ETA: 0min
[23:36:36] [SUCCESS] ESA: ESA0OPSFIN_20250550000_01D_30S_CLK.CLK.gz (7.6MB) | Progress: 97.3% | ETA: 0min
[23:36:36] [SUCCESS] ESA: ESA0OPSFIN_20251550000_01D_30S_CLK.CLK.gz (7.6MB) | Progress: 97.3% | ETA: 0min
[23:36:36] [SUCCESS] ESA: ESA0OPSFIN_20251590000_01D_30S_CLK.CLK.gz (7.6MB) | Progress: 97.4% | ETA: 0min
[23:36:36] [SUCCESS] ESA: ESA0OPSFIN_20251640000_01D_30S_CLK.CLK.gz (7.6MB) | Progress: 97.4% | ETA: 0min
[23:36:36] [SUCCESS] ESA: ESA0OPSFIN_20251580000_01D_30S_CLK.CLK.gz (7.7MB) | Progress: 97.4% | ETA: 0min
[23:36:36] [SUCCESS] ESA: ESA0OPSFIN_20251600000_01D_30S_CLK.CLK.gz (7.6MB) | Progress: 97.5% | ETA: 0min
[23:36:36] [SUCCESS] ESA: ESA0OPSFIN_20250810000_01D_30S_CLK.CLK.gz (7.7MB) | Progress: 97.5% | ETA: 0min
[23:36:36] [SUCCESS] ESA: ESA0OPSFIN_20251610000_01D_30S_CLK.CLK.gz (7.6MB) | Progress: 97.6% | ETA: 0min
[23:36:36] [SUCCESS] ESA: ESA0OPSFIN_20251230000_01D_30S_CLK.CLK.gz (7.7MB) | Progress: 97.6% | ETA: 0min
[23:36:36] [SUCCESS] ESA: ESA0OPSFIN_20251810000_01D_30S_CLK.CLK.gz (7.6MB) | Progress: 97.6% | ETA: 0min
[23:36:36] [SUCCESS] ESA: ESA0OPSFIN_20251780000_01D_30S_CLK.CLK.gz (7.7MB) | Progress: 97.7% | ETA: 0min
[23:36:36] [SUCCESS] ESA: ESA0OPSFIN_20251030000_01D_30S_CLK.CLK.gz (7.6MB) | Progress: 97.7% | ETA: 0min
[23:36:36] [SUCCESS] ESA: ESA0OPSFIN_20251570000_01D_30S_CLK.CLK.gz (7.6MB) | Progress: 97.7% | ETA: 0min
[23:36:36] [INFO] [PROGRESS] Overall: 2674/2736 files (97.7%) | Rate: 9.5 files/sec
[23:36:36] [SUCCESS] ESA: ESA0OPSFIN_20251150000_01D_30S_CLK.CLK.gz (7.7MB) | Progress: 97.8% | ETA: 0min
[23:36:36] [SUCCESS] ESA: ESA0OPSFIN_20250890000_01D_30S_CLK.CLK.gz (7.6MB) | Progress: 97.8% | ETA: 0min
[23:36:36] [SUCCESS] ESA: ESA0OPSFIN_20251480000_01D_30S_CLK.CLK.gz (7.6MB) | Progress: 97.8% | ETA: 0min
[23:36:36] [SUCCESS] ESA: ESA0OPSFIN_20251630000_01D_30S_CLK.CLK.gz (7.6MB) | Progress: 97.9% | ETA: 0min
[23:36:36] [SUCCESS] ESA: ESA0OPSFIN_20251310000_01D_30S_CLK.CLK.gz (7.6MB) | Progress: 97.9% | ETA: 0min
[23:36:37] [SUCCESS] ESA: ESA0OPSFIN_20250880000_01D_30S_CLK.CLK.gz (7.7MB) | Progress: 98.0% | ETA: 0min
[23:36:37] [SUCCESS] ESA: ESA0OPSFIN_20250650000_01D_30S_CLK.CLK.gz (7.6MB) | Progress: 98.0% | ETA: 0min
[23:36:37] [SUCCESS] ESA: ESA0OPSFIN_20250300000_01D_30S_CLK.CLK.gz (7.5MB) | Progress: 98.0% | ETA: 0min
[23:36:37] [SUCCESS] ESA: ESA0OPSFIN_20251700000_01D_30S_CLK.CLK.gz (7.6MB) | Progress: 98.1% | ETA: 0min
[23:36:37] [SUCCESS] ESA: ESA0OPSFIN_20251660000_01D_30S_CLK.CLK.gz (7.6MB) | Progress: 98.1% | ETA: 0min
[23:36:37] [SUCCESS] ESA: ESA0OPSFIN_20251760000_01D_30S_CLK.CLK.gz (7.6MB) | Progress: 98.1% | ETA: 0min
[23:36:37] [SUCCESS] ESA: ESA0OPSFIN_20251790000_01D_30S_CLK.CLK.gz (7.7MB) | Progress: 98.2% | ETA: 0min
[23:36:37] [SUCCESS] ESA: ESA0OPSFIN_20250610000_01D_30S_CLK.CLK.gz (7.6MB) | Progress: 98.2% | ETA: 0min
[23:36:37] [SUCCESS] ESA: ESA0OPSFIN_20250750000_01D_30S_CLK.CLK.gz (7.6MB) | Progress: 98.2% | ETA: 0min
[23:36:37] [SUCCESS] ESA: ESA0OPSFIN_20250490000_01D_30S_CLK.CLK.gz (7.6MB) | Progress: 98.3% | ETA: 0min
[23:36:37] [SUCCESS] ESA: ESA0OPSFIN_20250930000_01D_30S_CLK.CLK.gz (7.7MB) | Progress: 98.3% | ETA: 0min
[23:36:37] [SUCCESS] ESA: ESA0OPSFIN_20250830000_01D_30S_CLK.CLK.gz (7.7MB) | Progress: 98.4% | ETA: 0min
[23:36:37] [SUCCESS] ESA: ESA0OPSFIN_20250460000_01D_30S_CLK.CLK.gz (7.6MB) | Progress: 98.4% | ETA: 0min
[23:36:37] [SUCCESS] ESA: ESA0OPSFIN_20250630000_01D_30S_CLK.CLK.gz (7.6MB) | Progress: 98.4% | ETA: 0min
[23:36:37] [SUCCESS] ESA: ESA0OPSFIN_20250990000_01D_30S_CLK.CLK.gz (7.6MB) | Progress: 98.5% | ETA: 0min
[23:36:37] [SUCCESS] ESA: ESA0OPSFIN_20251450000_01D_30S_CLK.CLK.gz (7.6MB) | Progress: 98.5% | ETA: 0min
[23:36:37] [SUCCESS] ESA: ESA0OPSFIN_20250580000_01D_30S_CLK.CLK.gz (7.6MB) | Progress: 98.5% | ETA: 0min
[23:36:37] [SUCCESS] ESA: ESA0OPSFIN_20250840000_01D_30S_CLK.CLK.gz (7.7MB) | Progress: 98.6% | ETA: 0min
[23:36:37] [SUCCESS] ESA: ESA0OPSFIN_20251400000_01D_30S_CLK.CLK.gz (7.6MB) | Progress: 98.6% | ETA: 0min
[23:36:37] [SUCCESS] ESA: ESA0OPSFIN_20251210000_01D_30S_CLK.CLK.gz (7.7MB) | Progress: 98.6% | ETA: 0min
[23:36:37] [INFO] [PROGRESS] Overall: 2699/2736 files (98.6%) | Rate: 9.5 files/sec
[23:36:37] [SUCCESS] ESA: ESA0OPSFIN_20250560000_01D_30S_CLK.CLK.gz (7.6MB) | Progress: 98.7% | ETA: 0min
[23:36:37] [SUCCESS] ESA: ESA0OPSFIN_20251520000_01D_30S_CLK.CLK.gz (7.6MB) | Progress: 98.7% | ETA: 0min
[23:36:37] [SUCCESS] ESA: ESA0OPSFIN_20251500000_01D_30S_CLK.CLK.gz (7.6MB) | Progress: 98.8% | ETA: 0min
[23:36:37] [SUCCESS] ESA: ESA0OPSFIN_20250430000_01D_30S_CLK.CLK.gz (7.6MB) | Progress: 98.8% | ETA: 0min
[23:36:37] [SUCCESS] ESA: ESA0OPSFIN_20250420000_01D_30S_CLK.CLK.gz (7.6MB) | Progress: 98.8% | ETA: 0min
[23:36:37] [SUCCESS] ESA: ESA0OPSFIN_20251000000_01D_30S_CLK.CLK.gz (7.6MB) | Progress: 98.9% | ETA: 0min
[23:36:37] [SUCCESS] ESA: ESA0OPSFIN_20250980000_01D_30S_CLK.CLK.gz (7.7MB) | Progress: 98.9% | ETA: 0min
[23:36:37] [SUCCESS] ESA: ESA0OPSFIN_20250820000_01D_30S_CLK.CLK.gz (7.7MB) | Progress: 98.9% | ETA: 0min
[23:36:37] [SUCCESS] ESA: ESA0OPSFIN_20251120000_01D_30S_CLK.CLK.gz (7.6MB) | Progress: 99.0% | ETA: 0min
[23:36:37] [SUCCESS] ESA: ESA0OPSFIN_20251720000_01D_30S_CLK.CLK.gz (7.6MB) | Progress: 99.0% | ETA: 0min
[23:36:37] [SUCCESS] ESA: ESA0OPSFIN_20251770000_01D_30S_CLK.CLK.gz (7.6MB) | Progress: 99.0% | ETA: 0min
[23:36:37] [SUCCESS] ESA: ESA0OPSFIN_20250570000_01D_30S_CLK.CLK.gz (7.6MB) | Progress: 99.1% | ETA: 0min
[23:36:37] [SUCCESS] ESA: ESA0OPSFIN_20250520000_01D_30S_CLK.CLK.gz (7.6MB) | Progress: 99.1% | ETA: 0min
[23:36:37] [SUCCESS] ESA: ESA0OPSFIN_20251330000_01D_30S_CLK.CLK.gz (7.6MB) | Progress: 99.2% | ETA: 0min
[23:36:37] [SUCCESS] ESA: ESA0OPSFIN_20251110000_01D_30S_CLK.CLK.gz (7.6MB) | Progress: 99.2% | ETA: 0min
[23:36:37] [SUCCESS] ESA: ESA0OPSFIN_20251350000_01D_30S_CLK.CLK.gz (7.6MB) | Progress: 99.2% | ETA: 0min
[23:36:37] [SUCCESS] ESA: ESA0OPSFIN_20251170000_01D_30S_CLK.CLK.gz (7.7MB) | Progress: 99.3% | ETA: 0min
[23:36:37] [SUCCESS] ESA: ESA0OPSFIN_20251460000_01D_30S_CLK.CLK.gz (7.6MB) | Progress: 99.3% | ETA: 0min
[23:36:37] [SUCCESS] ESA: ESA0OPSFIN_20250720000_01D_30S_CLK.CLK.gz (7.6MB) | Progress: 99.3% | ETA: 0min
[23:36:37] [SUCCESS] ESA: ESA0OPSFIN_20251730000_01D_30S_CLK.CLK.gz (7.6MB) | Progress: 99.4% | ETA: 0min
[23:36:37] [SUCCESS] ESA: ESA0OPSFIN_20251290000_01D_30S_CLK.CLK.gz (7.6MB) | Progress: 99.4% | ETA: 0min
[23:36:37] [SUCCESS] ESA: ESA0OPSFIN_20251320000_01D_30S_CLK.CLK.gz (7.6MB) | Progress: 99.5% | ETA: 0min
[23:36:37] [SUCCESS] ESA: ESA0OPSFIN_20251390000_01D_30S_CLK.CLK.gz (7.6MB) | Progress: 99.5% | ETA: 0min
[23:36:37] [SUCCESS] ESA: ESA0OPSFIN_20251010000_01D_30S_CLK.CLK.gz (7.6MB) | Progress: 99.5% | ETA: 0min
[23:36:38] [SUCCESS] ESA: ESA0OPSFIN_20251690000_01D_30S_CLK.CLK.gz (7.6MB) | Progress: 99.6% | ETA: 0min
[23:36:38] [INFO] [PROGRESS] Overall: 2724/2736 files (99.6%) | Rate: 9.6 files/sec
[23:36:38] [SUCCESS] ESA: ESA0OPSFIN_20251540000_01D_30S_CLK.CLK.gz (7.6MB) | Progress: 99.6% | ETA: 0min
[23:36:38] [SUCCESS] ESA: ESA0OPSFIN_20251680000_01D_30S_CLK.CLK.gz (7.6MB) | Progress: 99.6% | ETA: 0min
[23:36:38] [SUCCESS] ESA: ESA0OPSFIN_20251800000_01D_30S_CLK.CLK.gz (7.6MB) | Progress: 99.7% | ETA: 0min
[23:36:38] [SUCCESS] ESA: ESA0OPSFIN_20251710000_01D_30S_CLK.CLK.gz (7.6MB) | Progress: 99.7% | ETA: 0min
[23:36:38] [SUCCESS] ESA: ESA0OPSFIN_20251380000_01D_30S_CLK.CLK.gz (7.6MB) | Progress: 99.7% | ETA: 0min
[23:36:38] [SUCCESS] ESA: ESA0OPSFIN_20251750000_01D_30S_CLK.CLK.gz (7.6MB) | Progress: 99.8% | ETA: 0min
[23:36:38] [SUCCESS] ESA: ESA0OPSFIN_20250870000_01D_30S_CLK.CLK.gz (7.7MB) | Progress: 99.8% | ETA: 0min
[23:36:38] [SUCCESS] ESA: ESA0OPSFIN_20251240000_01D_30S_CLK.CLK.gz (7.6MB) | Progress: 99.9% | ETA: 0min
[23:36:38] [SUCCESS] ESA: ESA0OPSFIN_20250860000_01D_30S_CLK.CLK.gz (7.6MB) | Progress: 99.9% | ETA: 0min
[23:36:38] [SUCCESS] ESA: ESA0OPSFIN_20251260000_01D_30S_CLK.CLK.gz (7.6MB) | Progress: 99.9% | ETA: 0min
[23:36:38] [SUCCESS] ESA: ESA0OPSFIN_20251140000_01D_30S_CLK.CLK.gz (7.6MB) | Progress: 100.0% | ETA: 0min
[23:36:39] [SUCCESS] ESA: ESA0OPSFIN_20251740000_01D_30S_CLK.CLK.gz (7.6MB) | Progress: 100.0% | ETA: 0min
[23:36:39] [SUCCESS] ESA initial acquisition phase: 912 files acquired, 0 files failed
[23:36:39] [SUCCESS] ESA acquisition summary: 912 files successfully acquired, 0 files failed
[23:36:39] [INFO] ACQUISITION COMPLETE
[23:36:39] [SUCCESS] Final clock files: IGS:912 CODE:912 ESA:912
[23:36:39] [SUCCESS] Total time: 4.8 minutes
[23:36:39] [SUCCESS] Downloaded: 2736 files
[23:36:39] [SUCCESS] Average speed: 9.6 files/sec
[23:36:39] [SUCCESS] Data acquisition completed successfully
[23:36:39] [INFO] Ready for coordinate validation (Step 1.2)
[23:36:39] [SUCCESS] Results saved to step_1_1_data_acquisition.json
[23:36:39] [SUCCESS] Detailed logs available in step_1_1_data_acquisition.log
[23:36:42] [SUCCESS] Provenance snapshot updated
