[05:14:41] [INFO] 
[05:14:41] [INFO] ================================================================================
[05:14:41] [INFO] TEP GNSS Analysis Package v0.17 (Jaipur)
[05:14:41] [INFO] STEP 2.0: Correlation Analysis
[05:14:41] [INFO] Detecting TEP signatures through phase-coherent clock correlation analysis
[05:14:41] [INFO] ================================================================================
[05:14:41] [INFO] 
[05:14:41] [INFO] Using phase-alignment index: cos(phase(CSD))
[05:14:41] [SUCCESS] Configuration validated successfully
[05:14:41] [INFO] === TEP Configuration ===
[05:14:41] [INFO] Analysis Parameters:
[05:14:41] [INFO]   TEP_BINS: 40
[05:14:41] [INFO]   TEP_MAX_DISTANCE_KM: 13000.0
[05:14:41] [INFO]   TEP_MIN_BIN_COUNT: 50
[05:14:41] [INFO]   TEP_BOOTSTRAP_ITER: 5000
[05:14:41] [INFO] Processing Parameters:
[05:14:41] [INFO]   TEP_WORKERS: 96
[05:14:41] [INFO]   TEP_MEMORY_LIMIT_GB: 75.0
[05:14:41] [INFO] File Limits:
[05:14:41] [INFO]   IGS_COMBINED: unlimited
[05:14:41] [INFO]   CODE: unlimited
[05:14:41] [INFO]   ESA_FINAL: unlimited
[05:14:41] [INFO] Date Range: 2023-01-01 to 2025-06-30
[05:14:41] [INFO] Feature Flags:
[05:14:41] [INFO]   TEP_PROCESS_ALL_CENTERS: True
[05:14:41] [INFO]   TEP_WRITE_PAIR_LEVEL: True
[05:14:41] [INFO]   TEP_ENABLE_JACKKNIFE: True
[05:14:41] [INFO]   TEP_ENABLE_ANISOTROPY: True
[05:14:41] [INFO]   TEP_ENABLE_TEMPORAL: True
[05:14:41] [INFO]   TEP_ENABLE_LOSO: True
[05:14:41] [INFO]   TEP_ENABLE_LODO: True
[05:14:41] [INFO]   TEP_ENABLE_ENHANCED_ANISOTROPY: True
[05:14:41] [INFO] ========================
[05:14:41] [PROCESS] Loading station coordinates...
[05:14:41] [SUCCESS] Loaded 767 station coordinates
[05:14:41] [PROCESS] Verifying Step 1.1 data acquisition...
[05:14:41] [SUCCESS] Step 1.1 data acquisition verified.
[05:14:41] [INFO] 
[05:14:41] [INFO] ============================================================
[05:14:41] [INFO] BUILDING SHARED DISTANCE CACHE
[05:14:41] [INFO] ============================================================
[05:14:41] [PROCESS] Building distance cache for station pairs...
[05:14:41] [INFO] Distance cache: 1,000/293,761 pairs
[05:14:42] [INFO] Distance cache: 2,000/293,761 pairs
[05:14:42] [INFO] Distance cache: 3,000/293,761 pairs
[05:14:43] [INFO] Distance cache: 4,000/293,761 pairs
[05:14:43] [INFO] Distance cache: 5,000/293,761 pairs
[05:14:44] [INFO] Distance cache: 6,000/293,761 pairs
[05:14:44] [INFO] Distance cache: 7,000/293,761 pairs
[05:14:45] [INFO] Distance cache: 8,000/293,761 pairs
[05:14:45] [INFO] Distance cache: 9,000/293,761 pairs
[05:14:46] [INFO] Distance cache: 10,000/293,761 pairs
[05:14:46] [INFO] Distance cache: 11,000/293,761 pairs
[05:14:47] [INFO] Distance cache: 12,000/293,761 pairs
[05:14:47] [INFO] Distance cache: 13,000/293,761 pairs
[05:14:48] [INFO] Distance cache: 14,000/293,761 pairs
[05:14:48] [INFO] Distance cache: 15,000/293,761 pairs
[05:14:49] [INFO] Distance cache: 16,000/293,761 pairs
[05:14:49] [INFO] Distance cache: 17,000/293,761 pairs
[05:14:50] [INFO] Distance cache: 18,000/293,761 pairs
[05:14:50] [INFO] Distance cache: 19,000/293,761 pairs
[05:14:51] [INFO] Distance cache: 20,000/293,761 pairs
[05:14:51] [INFO] Distance cache: 21,000/293,761 pairs
[05:14:52] [INFO] Distance cache: 22,000/293,761 pairs
[05:14:52] [INFO] Distance cache: 23,000/293,761 pairs
[05:14:52] [INFO] Distance cache: 24,000/293,761 pairs
[05:14:53] [INFO] Distance cache: 25,000/293,761 pairs
[05:14:53] [INFO] Distance cache: 26,000/293,761 pairs
[05:14:54] [INFO] Distance cache: 27,000/293,761 pairs
[05:14:54] [INFO] Distance cache: 28,000/293,761 pairs
[05:14:55] [INFO] Distance cache: 29,000/293,761 pairs
[05:14:55] [INFO] Distance cache: 30,000/293,761 pairs
[05:14:56] [INFO] Distance cache: 31,000/293,761 pairs
[05:14:56] [INFO] Distance cache: 32,000/293,761 pairs
[05:14:57] [INFO] Distance cache: 33,000/293,761 pairs
[05:14:57] [INFO] Distance cache: 34,000/293,761 pairs
[05:14:58] [INFO] Distance cache: 35,000/293,761 pairs
[05:14:58] [INFO] Distance cache: 36,000/293,761 pairs
[05:14:59] [INFO] Distance cache: 37,000/293,761 pairs
[05:14:59] [INFO] Distance cache: 38,000/293,761 pairs
[05:15:00] [INFO] Distance cache: 39,000/293,761 pairs
[05:15:00] [INFO] Distance cache: 40,000/293,761 pairs
[05:15:01] [INFO] Distance cache: 41,000/293,761 pairs
[05:15:01] [INFO] Distance cache: 42,000/293,761 pairs
[05:15:02] [INFO] Distance cache: 43,000/293,761 pairs
[05:15:02] [INFO] Distance cache: 44,000/293,761 pairs
[05:15:03] [INFO] Distance cache: 45,000/293,761 pairs
[05:15:03] [INFO] Distance cache: 46,000/293,761 pairs
[05:15:04] [INFO] Distance cache: 47,000/293,761 pairs
[05:15:04] [INFO] Distance cache: 48,000/293,761 pairs
[05:15:04] [INFO] Distance cache: 49,000/293,761 pairs
[05:15:05] [INFO] Distance cache: 50,000/293,761 pairs
[05:15:05] [INFO] Distance cache: 51,000/293,761 pairs
[05:15:06] [INFO] Distance cache: 52,000/293,761 pairs
[05:15:06] [INFO] Distance cache: 53,000/293,761 pairs
[05:15:07] [INFO] Distance cache: 54,000/293,761 pairs
[05:15:07] [INFO] Distance cache: 55,000/293,761 pairs
[05:15:08] [INFO] Distance cache: 56,000/293,761 pairs
[05:15:08] [INFO] Distance cache: 57,000/293,761 pairs
[05:15:09] [INFO] Distance cache: 58,000/293,761 pairs
[05:15:09] [INFO] Distance cache: 59,000/293,761 pairs
[05:15:10] [INFO] Distance cache: 60,000/293,761 pairs
[05:15:10] [INFO] Distance cache: 61,000/293,761 pairs
[05:15:11] [INFO] Distance cache: 62,000/293,761 pairs
[05:15:11] [INFO] Distance cache: 63,000/293,761 pairs
[05:15:12] [INFO] Distance cache: 64,000/293,761 pairs
[05:15:12] [INFO] Distance cache: 65,000/293,761 pairs
[05:15:13] [INFO] Distance cache: 66,000/293,761 pairs
[05:15:13] [INFO] Distance cache: 67,000/293,761 pairs
[05:15:14] [INFO] Distance cache: 68,000/293,761 pairs
[05:15:14] [INFO] Distance cache: 69,000/293,761 pairs
[05:15:15] [INFO] Distance cache: 70,000/293,761 pairs
[05:15:15] [INFO] Distance cache: 71,000/293,761 pairs
[05:15:15] [INFO] Distance cache: 72,000/293,761 pairs
[05:15:16] [INFO] Distance cache: 73,000/293,761 pairs
[05:15:16] [INFO] Distance cache: 74,000/293,761 pairs
[05:15:17] [INFO] Distance cache: 75,000/293,761 pairs
[05:15:17] [INFO] Distance cache: 76,000/293,761 pairs
[05:15:18] [INFO] Distance cache: 77,000/293,761 pairs
[05:15:18] [INFO] Distance cache: 78,000/293,761 pairs
[05:15:19] [INFO] Distance cache: 79,000/293,761 pairs
[05:15:19] [INFO] Distance cache: 80,000/293,761 pairs
[05:15:20] [INFO] Distance cache: 81,000/293,761 pairs
[05:15:20] [INFO] Distance cache: 82,000/293,761 pairs
[05:15:21] [INFO] Distance cache: 83,000/293,761 pairs
[05:15:21] [INFO] Distance cache: 84,000/293,761 pairs
[05:15:22] [INFO] Distance cache: 85,000/293,761 pairs
[05:15:22] [INFO] Distance cache: 86,000/293,761 pairs
[05:15:23] [INFO] Distance cache: 87,000/293,761 pairs
[05:15:23] [INFO] Distance cache: 88,000/293,761 pairs
[05:15:24] [INFO] Distance cache: 89,000/293,761 pairs
[05:15:24] [INFO] Distance cache: 90,000/293,761 pairs
[05:15:25] [INFO] Distance cache: 91,000/293,761 pairs
[05:15:25] [INFO] Distance cache: 92,000/293,761 pairs
[05:15:26] [INFO] Distance cache: 93,000/293,761 pairs
[05:15:26] [INFO] Distance cache: 94,000/293,761 pairs
[05:15:26] [INFO] Distance cache: 95,000/293,761 pairs
[05:15:27] [INFO] Distance cache: 96,000/293,761 pairs
[05:15:27] [INFO] Distance cache: 97,000/293,761 pairs
[05:15:28] [INFO] Distance cache: 98,000/293,761 pairs
[05:15:28] [INFO] Distance cache: 99,000/293,761 pairs
[05:15:29] [INFO] Distance cache: 100,000/293,761 pairs
[05:15:29] [INFO] Distance cache: 101,000/293,761 pairs
[05:15:30] [INFO] Distance cache: 102,000/293,761 pairs
[05:15:30] [INFO] Distance cache: 103,000/293,761 pairs
[05:15:31] [INFO] Distance cache: 104,000/293,761 pairs
[05:15:31] [INFO] Distance cache: 105,000/293,761 pairs
[05:15:32] [INFO] Distance cache: 106,000/293,761 pairs
[05:15:32] [INFO] Distance cache: 107,000/293,761 pairs
[05:15:33] [INFO] Distance cache: 108,000/293,761 pairs
[05:15:33] [INFO] Distance cache: 109,000/293,761 pairs
[05:15:34] [INFO] Distance cache: 110,000/293,761 pairs
[05:15:34] [INFO] Distance cache: 111,000/293,761 pairs
[05:15:35] [INFO] Distance cache: 112,000/293,761 pairs
[05:15:35] [INFO] Distance cache: 113,000/293,761 pairs
[05:15:36] [INFO] Distance cache: 114,000/293,761 pairs
[05:15:36] [INFO] Distance cache: 115,000/293,761 pairs
[05:15:36] [INFO] Distance cache: 116,000/293,761 pairs
[05:15:37] [INFO] Distance cache: 117,000/293,761 pairs
[05:15:37] [INFO] Distance cache: 118,000/293,761 pairs
[05:15:38] [INFO] Distance cache: 119,000/293,761 pairs
[05:15:38] [INFO] Distance cache: 120,000/293,761 pairs
[05:15:39] [INFO] Distance cache: 121,000/293,761 pairs
[05:15:39] [INFO] Distance cache: 122,000/293,761 pairs
[05:15:40] [INFO] Distance cache: 123,000/293,761 pairs
[05:15:40] [INFO] Distance cache: 124,000/293,761 pairs
[05:15:41] [INFO] Distance cache: 125,000/293,761 pairs
[05:15:41] [INFO] Distance cache: 126,000/293,761 pairs
[05:15:42] [INFO] Distance cache: 127,000/293,761 pairs
[05:15:42] [INFO] Distance cache: 128,000/293,761 pairs
[05:15:43] [INFO] Distance cache: 129,000/293,761 pairs
[05:15:43] [INFO] Distance cache: 130,000/293,761 pairs
[05:15:44] [INFO] Distance cache: 131,000/293,761 pairs
[05:15:44] [INFO] Distance cache: 132,000/293,761 pairs
[05:15:45] [INFO] Distance cache: 133,000/293,761 pairs
[05:15:45] [INFO] Distance cache: 134,000/293,761 pairs
[05:15:46] [INFO] Distance cache: 135,000/293,761 pairs
[05:15:46] [INFO] Distance cache: 136,000/293,761 pairs
[05:15:47] [INFO] Distance cache: 137,000/293,761 pairs
[05:15:47] [INFO] Distance cache: 138,000/293,761 pairs
[05:15:47] [INFO] Distance cache: 139,000/293,761 pairs
[05:15:48] [INFO] Distance cache: 140,000/293,761 pairs
[05:15:48] [INFO] Distance cache: 141,000/293,761 pairs
[05:15:49] [INFO] Distance cache: 142,000/293,761 pairs
[05:15:49] [INFO] Distance cache: 143,000/293,761 pairs
[05:15:50] [INFO] Distance cache: 144,000/293,761 pairs
[05:15:50] [INFO] Distance cache: 145,000/293,761 pairs
[05:15:51] [INFO] Distance cache: 146,000/293,761 pairs
[05:15:51] [INFO] Distance cache: 147,000/293,761 pairs
[05:15:52] [INFO] Distance cache: 148,000/293,761 pairs
[05:15:52] [INFO] Distance cache: 149,000/293,761 pairs
[05:15:53] [INFO] Distance cache: 150,000/293,761 pairs
[05:15:53] [INFO] Distance cache: 151,000/293,761 pairs
[05:15:54] [INFO] Distance cache: 152,000/293,761 pairs
[05:15:54] [INFO] Distance cache: 153,000/293,761 pairs
[05:15:55] [INFO] Distance cache: 154,000/293,761 pairs
[05:15:55] [INFO] Distance cache: 155,000/293,761 pairs
[05:15:56] [INFO] Distance cache: 156,000/293,761 pairs
[05:15:56] [INFO] Distance cache: 157,000/293,761 pairs
[05:15:57] [INFO] Distance cache: 158,000/293,761 pairs
[05:15:57] [INFO] Distance cache: 159,000/293,761 pairs
[05:15:57] [INFO] Distance cache: 160,000/293,761 pairs
[05:15:58] [INFO] Distance cache: 161,000/293,761 pairs
[05:15:58] [INFO] Distance cache: 162,000/293,761 pairs
[05:15:59] [INFO] Distance cache: 163,000/293,761 pairs
[05:15:59] [INFO] Distance cache: 164,000/293,761 pairs
[05:16:00] [INFO] Distance cache: 165,000/293,761 pairs
[05:16:00] [INFO] Distance cache: 166,000/293,761 pairs
[05:16:01] [INFO] Distance cache: 167,000/293,761 pairs
[05:16:01] [INFO] Distance cache: 168,000/293,761 pairs
[05:16:02] [INFO] Distance cache: 169,000/293,761 pairs
[05:16:02] [INFO] Distance cache: 170,000/293,761 pairs
[05:16:03] [INFO] Distance cache: 171,000/293,761 pairs
[05:16:03] [INFO] Distance cache: 172,000/293,761 pairs
[05:16:04] [INFO] Distance cache: 173,000/293,761 pairs
[05:16:04] [INFO] Distance cache: 174,000/293,761 pairs
[05:16:05] [INFO] Distance cache: 175,000/293,761 pairs
[05:16:05] [INFO] Distance cache: 176,000/293,761 pairs
[05:16:06] [INFO] Distance cache: 177,000/293,761 pairs
[05:16:06] [INFO] Distance cache: 178,000/293,761 pairs
[05:16:07] [INFO] Distance cache: 179,000/293,761 pairs
[05:16:07] [INFO] Distance cache: 180,000/293,761 pairs
[05:16:08] [INFO] Distance cache: 181,000/293,761 pairs
[05:16:08] [INFO] Distance cache: 182,000/293,761 pairs
[05:16:08] [INFO] Distance cache: 183,000/293,761 pairs
[05:16:09] [INFO] Distance cache: 184,000/293,761 pairs
[05:16:09] [INFO] Distance cache: 185,000/293,761 pairs
[05:16:10] [INFO] Distance cache: 186,000/293,761 pairs
[05:16:10] [INFO] Distance cache: 187,000/293,761 pairs
[05:16:11] [INFO] Distance cache: 188,000/293,761 pairs
[05:16:11] [INFO] Distance cache: 189,000/293,761 pairs
[05:16:12] [INFO] Distance cache: 190,000/293,761 pairs
[05:16:12] [INFO] Distance cache: 191,000/293,761 pairs
[05:16:13] [INFO] Distance cache: 192,000/293,761 pairs
[05:16:13] [INFO] Distance cache: 193,000/293,761 pairs
[05:16:14] [INFO] Distance cache: 194,000/293,761 pairs
[05:16:14] [INFO] Distance cache: 195,000/293,761 pairs
[05:16:15] [INFO] Distance cache: 196,000/293,761 pairs
[05:16:15] [INFO] Distance cache: 197,000/293,761 pairs
[05:16:16] [INFO] Distance cache: 198,000/293,761 pairs
[05:16:16] [INFO] Distance cache: 199,000/293,761 pairs
[05:16:17] [INFO] Distance cache: 200,000/293,761 pairs
[05:16:17] [INFO] Distance cache: 201,000/293,761 pairs
[05:16:18] [INFO] Distance cache: 202,000/293,761 pairs
[05:16:18] [INFO] Distance cache: 203,000/293,761 pairs
[05:16:18] [INFO] Distance cache: 204,000/293,761 pairs
[05:16:19] [INFO] Distance cache: 205,000/293,761 pairs
[05:16:19] [INFO] Distance cache: 206,000/293,761 pairs
[05:16:20] [INFO] Distance cache: 207,000/293,761 pairs
[05:16:20] [INFO] Distance cache: 208,000/293,761 pairs
[05:16:21] [INFO] Distance cache: 209,000/293,761 pairs
[05:16:21] [INFO] Distance cache: 210,000/293,761 pairs
[05:16:22] [INFO] Distance cache: 211,000/293,761 pairs
[05:16:22] [INFO] Distance cache: 212,000/293,761 pairs
[05:16:23] [INFO] Distance cache: 213,000/293,761 pairs
[05:16:23] [INFO] Distance cache: 214,000/293,761 pairs
[05:16:24] [INFO] Distance cache: 215,000/293,761 pairs
[05:16:24] [INFO] Distance cache: 216,000/293,761 pairs
[05:16:25] [INFO] Distance cache: 217,000/293,761 pairs
[05:16:25] [INFO] Distance cache: 218,000/293,761 pairs
[05:16:26] [INFO] Distance cache: 219,000/293,761 pairs
[05:16:26] [INFO] Distance cache: 220,000/293,761 pairs
[05:16:27] [INFO] Distance cache: 221,000/293,761 pairs
[05:16:27] [INFO] Distance cache: 222,000/293,761 pairs
[05:16:28] [INFO] Distance cache: 223,000/293,761 pairs
[05:16:28] [INFO] Distance cache: 224,000/293,761 pairs
[05:16:28] [INFO] Distance cache: 225,000/293,761 pairs
[05:16:29] [INFO] Distance cache: 226,000/293,761 pairs
[05:16:29] [INFO] Distance cache: 227,000/293,761 pairs
[05:16:30] [INFO] Distance cache: 228,000/293,761 pairs
[05:16:30] [INFO] Distance cache: 229,000/293,761 pairs
[05:16:31] [INFO] Distance cache: 230,000/293,761 pairs
[05:16:31] [INFO] Distance cache: 231,000/293,761 pairs
[05:16:32] [INFO] Distance cache: 232,000/293,761 pairs
[05:16:32] [INFO] Distance cache: 233,000/293,761 pairs
[05:16:33] [INFO] Distance cache: 234,000/293,761 pairs
[05:16:33] [INFO] Distance cache: 235,000/293,761 pairs
[05:16:34] [INFO] Distance cache: 236,000/293,761 pairs
[05:16:34] [INFO] Distance cache: 237,000/293,761 pairs
[05:16:35] [INFO] Distance cache: 238,000/293,761 pairs
[05:16:35] [INFO] Distance cache: 239,000/293,761 pairs
[05:16:36] [INFO] Distance cache: 240,000/293,761 pairs
[05:16:36] [INFO] Distance cache: 241,000/293,761 pairs
[05:16:37] [INFO] Distance cache: 242,000/293,761 pairs
[05:16:37] [INFO] Distance cache: 243,000/293,761 pairs
[05:16:38] [INFO] Distance cache: 244,000/293,761 pairs
[05:16:38] [INFO] Distance cache: 245,000/293,761 pairs
[05:16:38] [INFO] Distance cache: 246,000/293,761 pairs
[05:16:39] [INFO] Distance cache: 247,000/293,761 pairs
[05:16:39] [INFO] Distance cache: 248,000/293,761 pairs
[05:16:40] [INFO] Distance cache: 249,000/293,761 pairs
[05:16:40] [INFO] Distance cache: 250,000/293,761 pairs
[05:16:41] [INFO] Distance cache: 251,000/293,761 pairs
[05:16:41] [INFO] Distance cache: 252,000/293,761 pairs
[05:16:42] [INFO] Distance cache: 253,000/293,761 pairs
[05:16:42] [INFO] Distance cache: 254,000/293,761 pairs
[05:16:43] [INFO] Distance cache: 255,000/293,761 pairs
[05:16:43] [INFO] Distance cache: 256,000/293,761 pairs
[05:16:44] [INFO] Distance cache: 257,000/293,761 pairs
[05:16:44] [INFO] Distance cache: 258,000/293,761 pairs
[05:16:45] [INFO] Distance cache: 259,000/293,761 pairs
[05:16:45] [INFO] Distance cache: 260,000/293,761 pairs
[05:16:46] [INFO] Distance cache: 261,000/293,761 pairs
[05:16:46] [INFO] Distance cache: 262,000/293,761 pairs
[05:16:47] [INFO] Distance cache: 263,000/293,761 pairs
[05:16:47] [INFO] Distance cache: 264,000/293,761 pairs
[05:16:48] [INFO] Distance cache: 265,000/293,761 pairs
[05:16:48] [INFO] Distance cache: 266,000/293,761 pairs
[05:16:49] [INFO] Distance cache: 267,000/293,761 pairs
[05:16:49] [INFO] Distance cache: 268,000/293,761 pairs
[05:16:49] [INFO] Distance cache: 269,000/293,761 pairs
[05:16:50] [INFO] Distance cache: 270,000/293,761 pairs
[05:16:50] [INFO] Distance cache: 271,000/293,761 pairs
[05:16:51] [INFO] Distance cache: 272,000/293,761 pairs
[05:16:51] [INFO] Distance cache: 273,000/293,761 pairs
[05:16:52] [INFO] Distance cache: 274,000/293,761 pairs
[05:16:52] [INFO] Distance cache: 275,000/293,761 pairs
[05:16:53] [INFO] Distance cache: 276,000/293,761 pairs
[05:16:53] [INFO] Distance cache: 277,000/293,761 pairs
[05:16:54] [INFO] Distance cache: 278,000/293,761 pairs
[05:16:54] [INFO] Distance cache: 279,000/293,761 pairs
[05:16:55] [INFO] Distance cache: 280,000/293,761 pairs
[05:16:55] [INFO] Distance cache: 281,000/293,761 pairs
[05:16:56] [INFO] Distance cache: 282,000/293,761 pairs
[05:16:56] [INFO] Distance cache: 283,000/293,761 pairs
[05:16:57] [INFO] Distance cache: 284,000/293,761 pairs
[05:16:57] [INFO] Distance cache: 285,000/293,761 pairs
[05:16:58] [INFO] Distance cache: 286,000/293,761 pairs
[05:16:58] [INFO] Distance cache: 287,000/293,761 pairs
[05:16:59] [INFO] Distance cache: 288,000/293,761 pairs
[05:16:59] [INFO] Distance cache: 289,000/293,761 pairs
[05:17:00] [INFO] Distance cache: 290,000/293,761 pairs
[05:17:00] [INFO] Distance cache: 291,000/293,761 pairs
[05:17:00] [INFO] Distance cache: 292,000/293,761 pairs
[05:17:01] [INFO] Distance cache: 293,000/293,761 pairs
[05:17:02] [SUCCESS] Distance cache saved to distance_cache_bfd138a9.pkl
[05:17:02] [SUCCESS] Distance cache complete: 587,522 cached distances
[05:17:02] [INFO] 
[05:17:02] [INFO] ============================================================
[05:17:02] [INFO] PROCESSING CODE - Phase-Coherent Analysis
[05:17:02] [INFO] ============================================================
[05:17:02] [INFO] TEP-GNSS Phase-Coherent Correlation Analysis - CODE
[05:17:02] [SUCCESS] Found 912 CODE files to process
[05:17:02] [INFO] Data directory: /mnt/data/data/raw/code
[05:17:02] [INFO] File size range: 4.6 - 4.9 MB
[05:17:02] [SUCCESS] Binning configuration: 40 bins from 50 to 13000.0 km
[05:17:02] [INFO] Minimum 50 pairs required per bin for fitting
[05:17:02] [INFO] Distance bin edges: 50.0, 57.5, ..., 11312.8, 13000.0 km
[05:17:02] [SUCCESS] Using 96 parallel workers (96 CPU cores available)
[05:17:02] [INFO] No valid checkpoint found, starting fresh
[05:17:02] [INFO] Using provided distance cache with 587,522 cached distances
[05:17:02] [PROCESS] Initializing persistent worker pool with 96 workers...
[05:17:02] [PROCESS] Processing batch 1: 192 files
[05:19:56] [SUCCESS] COD0OPSFIN_20230830000_01D_30S_CLK.CLK.gz: 41,308 pairs
[05:19:58] [SUCCESS] COD0OPSFIN_20230890000_01D_30S_CLK.CLK.gz: 42,174 pairs
[05:20:00] [SUCCESS] COD0OPSFIN_20230090000_01D_30S_CLK.CLK.gz: 42,460 pairs
[05:20:00] [SUCCESS] COD0OPSFIN_20230960000_01D_30S_CLK.CLK.gz: 42,457 pairs
[05:20:00] [SUCCESS] COD0OPSFIN_20230050000_01D_30S_CLK.CLK.gz: 42,462 pairs
[05:20:01] [SUCCESS] COD0OPSFIN_20230750000_01D_30S_CLK.CLK.gz: 43,050 pairs
[05:20:01] [SUCCESS] COD0OPSFIN_20230560000_01D_30S_CLK.CLK.gz: 42,756 pairs
[05:20:02] [SUCCESS] COD0OPSFIN_20230320000_01D_30S_CLK.CLK.gz: 43,047 pairs
[05:20:03] [SUCCESS] COD0OPSFIN_20230010000_01D_30S_CLK.CLK.gz: 43,341 pairs
[05:20:04] [SUCCESS] COD0OPSFIN_20230820000_01D_30S_CLK.CLK.gz: 43,344 pairs
[05:20:04] [SUCCESS] COD0OPSFIN_20230340000_01D_30S_CLK.CLK.gz: 43,341 pairs
[05:20:04] [SUCCESS] COD0OPSFIN_20230400000_01D_30S_CLK.CLK.gz: 43,344 pairs
[05:20:04] [SUCCESS] COD0OPSFIN_20230900000_01D_30S_CLK.CLK.gz: 43,934 pairs
[05:20:04] [SUCCESS] COD0OPSFIN_20230030000_01D_30S_CLK.CLK.gz: 43,048 pairs
[05:20:04] [SUCCESS] COD0OPSFIN_20230350000_01D_30S_CLK.CLK.gz: 43,341 pairs
[05:20:05] [SUCCESS] COD0OPSFIN_20230950000_01D_30S_CLK.CLK.gz: 43,633 pairs
[05:20:05] [SUCCESS] COD0OPSFIN_20230770000_01D_30S_CLK.CLK.gz: 43,934 pairs
[05:20:05] [SUCCESS] COD0OPSFIN_20230480000_01D_30S_CLK.CLK.gz: 43,635 pairs
[05:20:05] [SUCCESS] COD0OPSFIN_20230690000_01D_30S_CLK.CLK.gz: 43,638 pairs
[05:20:06] [SUCCESS] COD0OPSFIN_20230070000_01D_30S_CLK.CLK.gz: 43,932 pairs
[05:20:06] [SUCCESS] COD0OPSFIN_20230270000_01D_30S_CLK.CLK.gz: 43,636 pairs
[05:20:06] [SUCCESS] COD0OPSFIN_20230620000_01D_30S_CLK.CLK.gz: 43,931 pairs
[05:20:06] [SUCCESS] COD0OPSFIN_20230740000_01D_30S_CLK.CLK.gz: 44,231 pairs
[05:20:07] [SUCCESS] COD0OPSFIN_20230920000_01D_30S_CLK.CLK.gz: 44,528 pairs
[05:20:08] [SUCCESS] COD0OPSFIN_20230440000_01D_30S_CLK.CLK.gz: 44,528 pairs
[05:20:08] [SUCCESS] COD0OPSFIN_20230370000_01D_30S_CLK.CLK.gz: 44,228 pairs
[05:20:09] [SUCCESS] COD0OPSFIN_20230670000_01D_30S_CLK.CLK.gz: 44,828 pairs
[05:20:09] [SUCCESS] COD0OPSFIN_20230760000_01D_30S_CLK.CLK.gz: 44,528 pairs
[05:20:09] [SUCCESS] COD0OPSFIN_20230130000_01D_30S_CLK.CLK.gz: 40,161 pairs
[05:20:10] [SUCCESS] COD0OPSFIN_20230680000_01D_30S_CLK.CLK.gz: 44,528 pairs
[05:20:10] [SUCCESS] COD0OPSFIN_20230380000_01D_30S_CLK.CLK.gz: 44,825 pairs
[05:20:10] [SUCCESS] COD0OPSFIN_20230850000_01D_30S_CLK.CLK.gz: 44,830 pairs
[05:20:10] [SUCCESS] COD0OPSFIN_20230360000_01D_30S_CLK.CLK.gz: 44,820 pairs
[05:20:11] [SUCCESS] COD0OPSFIN_20230930000_01D_30S_CLK.CLK.gz: 44,828 pairs
[05:20:11] [SUCCESS] COD0OPSFIN_20230290000_01D_30S_CLK.CLK.gz: 45,429 pairs
[05:20:12] [SUCCESS] COD0OPSFIN_20230180000_01D_30S_CLK.CLK.gz: 45,427 pairs
[05:20:12] [SUCCESS] COD0OPSFIN_20230870000_01D_30S_CLK.CLK.gz: 45,429 pairs
[05:20:12] [SUCCESS] COD0OPSFIN_20230660000_01D_30S_CLK.CLK.gz: 45,427 pairs
[05:20:12] [SUCCESS] COD0OPSFIN_20230300000_01D_30S_CLK.CLK.gz: 45,729 pairs
[05:20:13] [SUCCESS] COD0OPSFIN_20230810000_01D_30S_CLK.CLK.gz: 45,430 pairs
[05:20:14] [SUCCESS] COD0OPSFIN_20230530000_01D_30S_CLK.CLK.gz: 45,424 pairs
[05:20:14] [SUCCESS] COD0OPSFIN_20230860000_01D_30S_CLK.CLK.gz: 46,034 pairs
[05:20:14] [SUCCESS] COD0OPSFIN_20230430000_01D_30S_CLK.CLK.gz: 45,729 pairs
[05:20:15] [SUCCESS] COD0OPSFIN_20230790000_01D_30S_CLK.CLK.gz: 46,035 pairs
[05:20:16] [SUCCESS] COD0OPSFIN_20230060000_01D_30S_CLK.CLK.gz: 41,592 pairs
[05:20:16] [SUCCESS] COD0OPSFIN_20230470000_01D_30S_CLK.CLK.gz: 46,336 pairs
[05:20:16] [SUCCESS] COD0OPSFIN_20230460000_01D_30S_CLK.CLK.gz: 46,029 pairs
[05:20:17] [SUCCESS] COD0OPSFIN_20230840000_01D_30S_CLK.CLK.gz: 42,758 pairs
[05:20:18] [SUCCESS] COD0OPSFIN_20230520000_01D_30S_CLK.CLK.gz: 46,636 pairs
[05:20:18] [SUCCESS] COD0OPSFIN_20230140000_01D_30S_CLK.CLK.gz: 42,755 pairs
[05:20:19] [SUCCESS] COD0OPSFIN_20230390000_01D_30S_CLK.CLK.gz: 46,638 pairs
[05:20:19] [SUCCESS] COD0OPSFIN_20230040000_01D_30S_CLK.CLK.gz: 42,753 pairs
[05:20:20] [SUCCESS] COD0OPSFIN_20230910000_01D_30S_CLK.CLK.gz: 43,639 pairs
[05:20:20] [SUCCESS] COD0OPSFIN_20230020000_01D_30S_CLK.CLK.gz: 43,047 pairs
[05:20:21] [SUCCESS] COD0OPSFIN_20230550000_01D_30S_CLK.CLK.gz: 43,048 pairs
[05:20:21] [SUCCESS] COD0OPSFIN_20230230000_01D_30S_CLK.CLK.gz: 43,049 pairs
[05:20:21] [SUCCESS] COD0OPSFIN_20230450000_01D_30S_CLK.CLK.gz: 47,255 pairs
[05:20:22] [SUCCESS] COD0OPSFIN_20230220000_01D_30S_CLK.CLK.gz: 43,639 pairs
[05:20:22] [SUCCESS] COD0OPSFIN_20230330000_01D_30S_CLK.CLK.gz: 43,341 pairs
[05:20:22] [SUCCESS] COD0OPSFIN_20230210000_01D_30S_CLK.CLK.gz: 43,342 pairs
[05:20:23] [SUCCESS] COD0OPSFIN_20230630000_01D_30S_CLK.CLK.gz: 44,229 pairs
[05:20:24] [SUCCESS] COD0OPSFIN_20230080000_01D_30S_CLK.CLK.gz: 43,932 pairs
[05:20:24] [SUCCESS] COD0OPSFIN_20230200000_01D_30S_CLK.CLK.gz: 43,637 pairs
[05:20:25] [SUCCESS] COD0OPSFIN_20230610000_01D_30S_CLK.CLK.gz: 43,931 pairs
[05:20:25] [SUCCESS] COD0OPSFIN_20230410000_01D_30S_CLK.CLK.gz: 43,923 pairs
[05:20:26] [SUCCESS] COD0OPSFIN_20230120000_01D_30S_CLK.CLK.gz: 44,229 pairs
[05:20:26] [SUCCESS] COD0OPSFIN_20230250000_01D_30S_CLK.CLK.gz: 44,829 pairs
[05:20:26] [SUCCESS] COD0OPSFIN_20230600000_01D_30S_CLK.CLK.gz: 44,826 pairs
[05:20:26] [SUCCESS] COD0OPSFIN_20230280000_01D_30S_CLK.CLK.gz: 43,935 pairs
[05:20:27] [SUCCESS] COD0OPSFIN_20230940000_01D_30S_CLK.CLK.gz: 44,528 pairs
[05:20:27] [SUCCESS] COD0OPSFIN_20230100000_01D_30S_CLK.CLK.gz: 44,229 pairs
[05:20:27] [SUCCESS] COD0OPSFIN_20230260000_01D_30S_CLK.CLK.gz: 44,521 pairs
[05:20:27] [SUCCESS] COD0OPSFIN_20230150000_01D_30S_CLK.CLK.gz: 44,231 pairs
[05:20:28] [SUCCESS] COD0OPSFIN_20230580000_01D_30S_CLK.CLK.gz: 44,825 pairs
[05:20:29] [SUCCESS] COD0OPSFIN_20230490000_01D_30S_CLK.CLK.gz: 44,826 pairs
[05:20:29] [SUCCESS] COD0OPSFIN_20230730000_01D_30S_CLK.CLK.gz: 45,429 pairs
[05:20:29] [SUCCESS] COD0OPSFIN_20230240000_01D_30S_CLK.CLK.gz: 44,232 pairs
[05:20:30] [SUCCESS] COD0OPSFIN_20230700000_01D_30S_CLK.CLK.gz: 45,429 pairs
[05:20:30] [SUCCESS] COD0OPSFIN_20230420000_01D_30S_CLK.CLK.gz: 45,125 pairs
[05:20:30] [SUCCESS] COD0OPSFIN_20230310000_01D_30S_CLK.CLK.gz: 45,421 pairs
[05:20:30] [SUCCESS] COD0OPSFIN_20230720000_01D_30S_CLK.CLK.gz: 45,731 pairs
[05:20:31] [SUCCESS] COD0OPSFIN_20230160000_01D_30S_CLK.CLK.gz: 44,528 pairs
[05:20:31] [SUCCESS] COD0OPSFIN_20230590000_01D_30S_CLK.CLK.gz: 44,826 pairs
[05:20:31] [SUCCESS] COD0OPSFIN_20230640000_01D_30S_CLK.CLK.gz: 45,417 pairs
[05:20:31] [SUCCESS] COD0OPSFIN_20230650000_01D_30S_CLK.CLK.gz: 44,825 pairs
[05:20:31] [SUCCESS] COD0OPSFIN_20230170000_01D_30S_CLK.CLK.gz: 44,828 pairs
[05:20:31] [SUCCESS] COD0OPSFIN_20230110000_01D_30S_CLK.CLK.gz: 44,824 pairs
[05:20:31] [SUCCESS] COD0OPSFIN_20230880000_01D_30S_CLK.CLK.gz: 45,429 pairs
[05:20:32] [SUCCESS] COD0OPSFIN_20230540000_01D_30S_CLK.CLK.gz: 45,126 pairs
[05:20:32] [SUCCESS] COD0OPSFIN_20230710000_01D_30S_CLK.CLK.gz: 46,035 pairs
[05:20:32] [SUCCESS] COD0OPSFIN_20230510000_01D_30S_CLK.CLK.gz: 45,728 pairs
[05:20:34] [SUCCESS] COD0OPSFIN_20230570000_01D_30S_CLK.CLK.gz: 46,336 pairs
[05:20:34] [SUCCESS] COD0OPSFIN_20230500000_01D_30S_CLK.CLK.gz: 45,729 pairs
[05:20:34] [SUCCESS] COD0OPSFIN_20230190000_01D_30S_CLK.CLK.gz: 45,128 pairs
[05:20:36] [SUCCESS] COD0OPSFIN_20230780000_01D_30S_CLK.CLK.gz: 46,035 pairs
[05:20:36] [SUCCESS] COD0OPSFIN_20230800000_01D_30S_CLK.CLK.gz: 45,732 pairs
[05:23:00] [SUCCESS] COD0OPSFIN_20230970000_01D_30S_CLK.CLK.gz: 43,933 pairs
[05:23:06] [SUCCESS] COD0OPSFIN_20230980000_01D_30S_CLK.CLK.gz: 44,829 pairs
[05:23:10] [SUCCESS] COD0OPSFIN_20230990000_01D_30S_CLK.CLK.gz: 45,731 pairs
[05:23:11] [SUCCESS] COD0OPSFIN_20231010000_01D_30S_CLK.CLK.gz: 46,028 pairs
[05:23:11] [SUCCESS] COD0OPSFIN_20231000000_01D_30S_CLK.CLK.gz: 45,128 pairs
[05:23:13] [SUCCESS] COD0OPSFIN_20231130000_01D_30S_CLK.CLK.gz: 45,129 pairs
[05:23:13] [SUCCESS] COD0OPSFIN_20231020000_01D_30S_CLK.CLK.gz: 46,034 pairs
[05:23:13] [SUCCESS] COD0OPSFIN_20231040000_01D_30S_CLK.CLK.gz: 46,032 pairs
[05:23:14] [SUCCESS] COD0OPSFIN_20231050000_01D_30S_CLK.CLK.gz: 46,339 pairs
[05:23:15] [SUCCESS] COD0OPSFIN_20231140000_01D_30S_CLK.CLK.gz: 45,732 pairs
[05:23:15] [SUCCESS] COD0OPSFIN_20231090000_01D_30S_CLK.CLK.gz: 46,035 pairs
[05:23:15] [SUCCESS] COD0OPSFIN_20231110000_01D_30S_CLK.CLK.gz: 45,430 pairs
[05:23:16] [SUCCESS] COD0OPSFIN_20231260000_01D_30S_CLK.CLK.gz: 44,827 pairs
[05:23:17] [SUCCESS] COD0OPSFIN_20231180000_01D_30S_CLK.CLK.gz: 45,128 pairs
[05:23:17] [SUCCESS] COD0OPSFIN_20231060000_01D_30S_CLK.CLK.gz: 47,256 pairs
[05:23:17] [SUCCESS] COD0OPSFIN_20231070000_01D_30S_CLK.CLK.gz: 46,337 pairs
[05:23:18] [SUCCESS] COD0OPSFIN_20231230000_01D_30S_CLK.CLK.gz: 46,643 pairs
[05:23:19] [SUCCESS] COD0OPSFIN_20231080000_01D_30S_CLK.CLK.gz: 46,949 pairs
[05:23:19] [SUCCESS] COD0OPSFIN_20231170000_01D_30S_CLK.CLK.gz: 46,033 pairs
[05:23:19] [SUCCESS] COD0OPSFIN_20231210000_01D_30S_CLK.CLK.gz: 46,338 pairs
[05:23:20] [SUCCESS] COD0OPSFIN_20231150000_01D_30S_CLK.CLK.gz: 47,256 pairs
[05:23:20] [SUCCESS] COD0OPSFIN_20231100000_01D_30S_CLK.CLK.gz: 46,643 pairs
[05:23:21] [SUCCESS] COD0OPSFIN_20231120000_01D_30S_CLK.CLK.gz: 46,950 pairs
[05:23:22] [SUCCESS] COD0OPSFIN_20231030000_01D_30S_CLK.CLK.gz: 47,564 pairs
[05:23:22] [SUCCESS] COD0OPSFIN_20231190000_01D_30S_CLK.CLK.gz: 46,949 pairs
[05:23:23] [SUCCESS] COD0OPSFIN_20231320000_01D_30S_CLK.CLK.gz: 46,032 pairs
[05:23:23] [SUCCESS] COD0OPSFIN_20231160000_01D_30S_CLK.CLK.gz: 47,873 pairs
[05:23:23] [SUCCESS] COD0OPSFIN_20231200000_01D_30S_CLK.CLK.gz: 46,949 pairs
[05:23:23] [SUCCESS] COD0OPSFIN_20231270000_01D_30S_CLK.CLK.gz: 46,642 pairs
[05:23:24] [SUCCESS] COD0OPSFIN_20231240000_01D_30S_CLK.CLK.gz: 46,643 pairs
[05:23:24] [SUCCESS] COD0OPSFIN_20231420000_01D_30S_CLK.CLK.gz: 45,729 pairs
[05:23:24] [SUCCESS] COD0OPSFIN_20231400000_01D_30S_CLK.CLK.gz: 46,034 pairs
[05:23:25] [SUCCESS] COD0OPSFIN_20231370000_01D_30S_CLK.CLK.gz: 46,032 pairs
[05:23:25] [SUCCESS] COD0OPSFIN_20231280000_01D_30S_CLK.CLK.gz: 47,563 pairs
[05:23:25] [SUCCESS] COD0OPSFIN_20231390000_01D_30S_CLK.CLK.gz: 46,944 pairs
[05:23:25] [SUCCESS] COD0OPSFIN_20231330000_01D_30S_CLK.CLK.gz: 46,336 pairs
[05:23:26] [SUCCESS] COD0OPSFIN_20231450000_01D_30S_CLK.CLK.gz: 45,428 pairs
[05:23:26] [SUCCESS] COD0OPSFIN_20231470000_01D_30S_CLK.CLK.gz: 45,426 pairs
[05:23:26] [SUCCESS] COD0OPSFIN_20231430000_01D_30S_CLK.CLK.gz: 46,643 pairs
[05:23:26] [SUCCESS] COD0OPSFIN_20231220000_01D_30S_CLK.CLK.gz: 47,255 pairs
[05:23:27] [SUCCESS] COD0OPSFIN_20231340000_01D_30S_CLK.CLK.gz: 46,949 pairs
[05:23:27] [SUCCESS] COD0OPSFIN_20231300000_01D_30S_CLK.CLK.gz: 47,871 pairs
[05:23:27] [SUCCESS] COD0OPSFIN_20231530000_01D_30S_CLK.CLK.gz: 46,642 pairs
[05:23:28] [SUCCESS] COD0OPSFIN_20231310000_01D_30S_CLK.CLK.gz: 47,255 pairs
[05:23:28] [SUCCESS] COD0OPSFIN_20231380000_01D_30S_CLK.CLK.gz: 47,253 pairs
[05:23:29] [SUCCESS] COD0OPSFIN_20231350000_01D_30S_CLK.CLK.gz: 48,181 pairs
[05:23:29] [SUCCESS] COD0OPSFIN_20231360000_01D_30S_CLK.CLK.gz: 47,562 pairs
[05:23:29] [SUCCESS] COD0OPSFIN_20231290000_01D_30S_CLK.CLK.gz: 48,181 pairs
[05:23:31] [SUCCESS] COD0OPSFIN_20231250000_01D_30S_CLK.CLK.gz: 46,034 pairs
[05:23:34] [SUCCESS] COD0OPSFIN_20231440000_01D_30S_CLK.CLK.gz: 45,429 pairs
[05:23:35] [SUCCESS] COD0OPSFIN_20231460000_01D_30S_CLK.CLK.gz: 45,427 pairs
[05:23:38] [SUCCESS] COD0OPSFIN_20231480000_01D_30S_CLK.CLK.gz: 45,126 pairs
[05:23:39] [SUCCESS] COD0OPSFIN_20231490000_01D_30S_CLK.CLK.gz: 45,730 pairs
[05:23:39] [SUCCESS] COD0OPSFIN_20231610000_01D_30S_CLK.CLK.gz: 44,230 pairs
[05:23:39] [SUCCESS] COD0OPSFIN_20231520000_01D_30S_CLK.CLK.gz: 45,429 pairs
[05:23:40] [SUCCESS] COD0OPSFIN_20231500000_01D_30S_CLK.CLK.gz: 46,030 pairs
[05:23:40] [SUCCESS] COD0OPSFIN_20231670000_01D_30S_CLK.CLK.gz: 44,825 pairs
[05:23:40] [SUCCESS] COD0OPSFIN_20231410000_01D_30S_CLK.CLK.gz: 46,643 pairs
[05:23:41] [SUCCESS] COD0OPSFIN_20231660000_01D_30S_CLK.CLK.gz: 46,336 pairs
[05:23:41] [SUCCESS] COD0OPSFIN_20231540000_01D_30S_CLK.CLK.gz: 46,031 pairs
[05:23:42] [SUCCESS] COD0OPSFIN_20231600000_01D_30S_CLK.CLK.gz: 45,126 pairs
[05:23:42] [SUCCESS] COD0OPSFIN_20231820000_01D_30S_CLK.CLK.gz: 44,826 pairs
[05:23:43] [SUCCESS] COD0OPSFIN_20231550000_01D_30S_CLK.CLK.gz: 46,948 pairs
[05:23:43] [SUCCESS] COD0OPSFIN_20231580000_01D_30S_CLK.CLK.gz: 46,945 pairs
[05:23:44] [SUCCESS] COD0OPSFIN_20231510000_01D_30S_CLK.CLK.gz: 45,731 pairs
[05:23:44] [SUCCESS] COD0OPSFIN_20231870000_01D_30S_CLK.CLK.gz: 44,229 pairs
[05:23:44] [SUCCESS] COD0OPSFIN_20231630000_01D_30S_CLK.CLK.gz: 47,254 pairs
[05:23:45] [SUCCESS] COD0OPSFIN_20231620000_01D_30S_CLK.CLK.gz: 46,030 pairs
[05:23:45] [SUCCESS] COD0OPSFIN_20231640000_01D_30S_CLK.CLK.gz: 47,253 pairs
[05:23:45] [SUCCESS] COD0OPSFIN_20231810000_01D_30S_CLK.CLK.gz: 45,427 pairs
[05:23:45] [SUCCESS] COD0OPSFIN_20231840000_01D_30S_CLK.CLK.gz: 45,727 pairs
[05:23:46] [SUCCESS] COD0OPSFIN_20231560000_01D_30S_CLK.CLK.gz: 46,643 pairs
[05:23:46] [SUCCESS] COD0OPSFIN_20231570000_01D_30S_CLK.CLK.gz: 46,948 pairs
[05:23:46] [SUCCESS] COD0OPSFIN_20231650000_01D_30S_CLK.CLK.gz: 47,256 pairs
[05:23:47] [SUCCESS] COD0OPSFIN_20231800000_01D_30S_CLK.CLK.gz: 45,729 pairs
[05:23:47] [SUCCESS] COD0OPSFIN_20231880000_01D_30S_CLK.CLK.gz: 45,127 pairs
[05:23:47] [SUCCESS] COD0OPSFIN_20231590000_01D_30S_CLK.CLK.gz: 47,254 pairs
[05:23:48] [SUCCESS] COD0OPSFIN_20231700000_01D_30S_CLK.CLK.gz: 48,179 pairs
[05:23:48] [SUCCESS] COD0OPSFIN_20231860000_01D_30S_CLK.CLK.gz: 45,427 pairs
[05:23:49] [SUCCESS] COD0OPSFIN_20231780000_01D_30S_CLK.CLK.gz: 47,562 pairs
[05:23:49] [SUCCESS] COD0OPSFIN_20231740000_01D_30S_CLK.CLK.gz: 46,947 pairs
[05:23:49] [SUCCESS] COD0OPSFIN_20231890000_01D_30S_CLK.CLK.gz: 46,337 pairs
[05:23:50] [SUCCESS] COD0OPSFIN_20231710000_01D_30S_CLK.CLK.gz: 47,562 pairs
[05:23:50] [SUCCESS] COD0OPSFIN_20231730000_01D_30S_CLK.CLK.gz: 46,641 pairs
[05:23:50] [SUCCESS] COD0OPSFIN_20231680000_01D_30S_CLK.CLK.gz: 48,491 pairs
[05:23:50] [SUCCESS] COD0OPSFIN_20231750000_01D_30S_CLK.CLK.gz: 46,947 pairs
[05:23:50] [SUCCESS] COD0OPSFIN_20231830000_01D_30S_CLK.CLK.gz: 46,640 pairs
[05:23:51] [SUCCESS] COD0OPSFIN_20231760000_01D_30S_CLK.CLK.gz: 47,871 pairs
[05:23:51] [SUCCESS] COD0OPSFIN_20231770000_01D_30S_CLK.CLK.gz: 47,869 pairs
[05:23:51] [SUCCESS] COD0OPSFIN_20231850000_01D_30S_CLK.CLK.gz: 46,636 pairs
[05:23:51] [SUCCESS] COD0OPSFIN_20231720000_01D_30S_CLK.CLK.gz: 47,871 pairs
[05:23:51] [SUCCESS] COD0OPSFIN_20231790000_01D_30S_CLK.CLK.gz: 47,254 pairs
[05:23:51] [SUCCESS] COD0OPSFIN_20231690000_01D_30S_CLK.CLK.gz: 47,870 pairs
[05:23:53] [SUCCESS] COD0OPSFIN_20231920000_01D_30S_CLK.CLK.gz: 46,337 pairs
[05:23:54] [SUCCESS] COD0OPSFIN_20231910000_01D_30S_CLK.CLK.gz: 47,255 pairs
[05:23:55] [SUCCESS] COD0OPSFIN_20231900000_01D_30S_CLK.CLK.gz: 47,255 pairs
[05:23:55] [INFO] Checkpoint saved: 192/912 files processed
[05:23:55] [PROCESS] Processing batch 2: 192 files
[05:26:57] [SUCCESS] COD0OPSFIN_20232610000_01D_30S_CLK.CLK.gz: 43,045 pairs
[05:27:01] [SUCCESS] COD0OPSFIN_20232500000_01D_30S_CLK.CLK.gz: 43,635 pairs
[05:27:03] [SUCCESS] COD0OPSFIN_20232010000_01D_30S_CLK.CLK.gz: 45,126 pairs
[05:27:03] [SUCCESS] COD0OPSFIN_20232370000_01D_30S_CLK.CLK.gz: 44,226 pairs
[05:27:03] [SUCCESS] COD0OPSFIN_20232390000_01D_30S_CLK.CLK.gz: 44,527 pairs
[05:27:05] [SUCCESS] COD0OPSFIN_20232380000_01D_30S_CLK.CLK.gz: 44,825 pairs
[05:27:05] [SUCCESS] COD0OPSFIN_20232480000_01D_30S_CLK.CLK.gz: 44,826 pairs
[05:27:05] [SUCCESS] COD0OPSFIN_20232790000_01D_30S_CLK.CLK.gz: 45,124 pairs
[05:27:06] [SUCCESS] COD0OPSFIN_20232160000_01D_30S_CLK.CLK.gz: 45,125 pairs
[05:27:06] [SUCCESS] COD0OPSFIN_20232050000_01D_30S_CLK.CLK.gz: 45,127 pairs
[05:27:06] [SUCCESS] COD0OPSFIN_20232030000_01D_30S_CLK.CLK.gz: 44,827 pairs
[05:27:07] [SUCCESS] COD0OPSFIN_20231950000_01D_30S_CLK.CLK.gz: 44,528 pairs
[05:27:07] [SUCCESS] COD0OPSFIN_20232240000_01D_30S_CLK.CLK.gz: 45,427 pairs
[05:27:07] [SUCCESS] COD0OPSFIN_20232290000_01D_30S_CLK.CLK.gz: 45,426 pairs
[05:27:07] [SUCCESS] COD0OPSFIN_20232020000_01D_30S_CLK.CLK.gz: 45,730 pairs
[05:27:09] [SUCCESS] COD0OPSFIN_20232230000_01D_30S_CLK.CLK.gz: 46,031 pairs
[05:27:09] [SUCCESS] COD0OPSFIN_20232510000_01D_30S_CLK.CLK.gz: 41,879 pairs
[05:27:09] [SUCCESS] COD0OPSFIN_20232280000_01D_30S_CLK.CLK.gz: 46,032 pairs
[05:27:10] [SUCCESS] COD0OPSFIN_20232090000_01D_30S_CLK.CLK.gz: 46,032 pairs
[05:27:10] [SUCCESS] COD0OPSFIN_20232350000_01D_30S_CLK.CLK.gz: 45,728 pairs
[05:27:10] [SUCCESS] COD0OPSFIN_20232310000_01D_30S_CLK.CLK.gz: 46,032 pairs
[05:27:10] [SUCCESS] COD0OPSFIN_20231940000_01D_30S_CLK.CLK.gz: 45,428 pairs
[05:27:10] [SUCCESS] COD0OPSFIN_20231990000_01D_30S_CLK.CLK.gz: 46,642 pairs
[05:27:11] [SUCCESS] COD0OPSFIN_20232140000_01D_30S_CLK.CLK.gz: 46,031 pairs
[05:27:11] [SUCCESS] COD0OPSFIN_20232360000_01D_30S_CLK.CLK.gz: 46,335 pairs
[05:27:12] [SUCCESS] COD0OPSFIN_20232220000_01D_30S_CLK.CLK.gz: 46,640 pairs
[05:27:12] [SUCCESS] COD0OPSFIN_20232810000_01D_30S_CLK.CLK.gz: 45,427 pairs
[05:27:12] [SUCCESS] COD0OPSFIN_20231980000_01D_30S_CLK.CLK.gz: 46,948 pairs
[05:27:13] [SUCCESS] COD0OPSFIN_20232100000_01D_30S_CLK.CLK.gz: 46,947 pairs
[05:27:13] [SUCCESS] COD0OPSFIN_20232270000_01D_30S_CLK.CLK.gz: 46,335 pairs
[05:27:13] [SUCCESS] COD0OPSFIN_20232150000_01D_30S_CLK.CLK.gz: 46,639 pairs
[05:27:13] [SUCCESS] COD0OPSFIN_20232580000_01D_30S_CLK.CLK.gz: 43,044 pairs
[05:27:13] [SUCCESS] COD0OPSFIN_20232170000_01D_30S_CLK.CLK.gz: 46,946 pairs
[05:27:13] [SUCCESS] COD0OPSFIN_20232120000_01D_30S_CLK.CLK.gz: 46,947 pairs
[05:27:13] [SUCCESS] COD0OPSFIN_20231970000_01D_30S_CLK.CLK.gz: 46,642 pairs
[05:27:13] [SUCCESS] COD0OPSFIN_20232320000_01D_30S_CLK.CLK.gz: 47,254 pairs
[05:27:14] [SUCCESS] COD0OPSFIN_20232590000_01D_30S_CLK.CLK.gz: 42,754 pairs
[05:27:14] [SUCCESS] COD0OPSFIN_20232330000_01D_30S_CLK.CLK.gz: 47,253 pairs
[05:27:15] [SUCCESS] COD0OPSFIN_20232520000_01D_30S_CLK.CLK.gz: 43,340 pairs
[05:27:15] [SUCCESS] COD0OPSFIN_20232110000_01D_30S_CLK.CLK.gz: 47,254 pairs
[05:27:15] [SUCCESS] COD0OPSFIN_20232070000_01D_30S_CLK.CLK.gz: 46,641 pairs
[05:27:15] [SUCCESS] COD0OPSFIN_20232340000_01D_30S_CLK.CLK.gz: 46,640 pairs
[05:27:15] [SUCCESS] COD0OPSFIN_20232250000_01D_30S_CLK.CLK.gz: 46,640 pairs
[05:27:16] [SUCCESS] COD0OPSFIN_20232180000_01D_30S_CLK.CLK.gz: 48,180 pairs
[05:27:16] [SUCCESS] COD0OPSFIN_20232080000_01D_30S_CLK.CLK.gz: 47,253 pairs
[05:27:16] [SUCCESS] COD0OPSFIN_20232130000_01D_30S_CLK.CLK.gz: 47,562 pairs
[05:27:16] [SUCCESS] COD0OPSFIN_20232570000_01D_30S_CLK.CLK.gz: 43,340 pairs
[05:27:16] [SUCCESS] COD0OPSFIN_20231960000_01D_30S_CLK.CLK.gz: 47,255 pairs
[05:27:17] [SUCCESS] COD0OPSFIN_20232650000_01D_30S_CLK.CLK.gz: 43,636 pairs
[05:27:17] [SUCCESS] COD0OPSFIN_20232550000_01D_30S_CLK.CLK.gz: 43,635 pairs
[05:27:18] [SUCCESS] COD0OPSFIN_20232600000_01D_30S_CLK.CLK.gz: 43,636 pairs
[05:27:18] [SUCCESS] COD0OPSFIN_20232630000_01D_30S_CLK.CLK.gz: 43,932 pairs
[05:27:18] [SUCCESS] COD0OPSFIN_20231930000_01D_30S_CLK.CLK.gz: 47,255 pairs
[05:27:19] [SUCCESS] COD0OPSFIN_20232840000_01D_30S_CLK.CLK.gz: 46,335 pairs
[05:27:20] [SUCCESS] COD0OPSFIN_20232210000_01D_30S_CLK.CLK.gz: 48,180 pairs
[05:27:20] [SUCCESS] COD0OPSFIN_20232490000_01D_30S_CLK.CLK.gz: 44,526 pairs
[05:27:21] [SUCCESS] COD0OPSFIN_20232200000_01D_30S_CLK.CLK.gz: 48,803 pairs
[05:27:21] [SUCCESS] COD0OPSFIN_20232560000_01D_30S_CLK.CLK.gz: 44,526 pairs
[05:27:21] [SUCCESS] COD0OPSFIN_20232670000_01D_30S_CLK.CLK.gz: 44,527 pairs
[05:27:22] [SUCCESS] COD0OPSFIN_20232190000_01D_30S_CLK.CLK.gz: 48,488 pairs
[05:27:22] [SUCCESS] COD0OPSFIN_20232730000_01D_30S_CLK.CLK.gz: 44,527 pairs
[05:27:22] [SUCCESS] COD0OPSFIN_20232700000_01D_30S_CLK.CLK.gz: 44,229 pairs
[05:27:23] [SUCCESS] COD0OPSFIN_20232540000_01D_30S_CLK.CLK.gz: 44,825 pairs
[05:27:24] [SUCCESS] COD0OPSFIN_20232710000_01D_30S_CLK.CLK.gz: 44,824 pairs
[05:27:24] [SUCCESS] COD0OPSFIN_20232870000_01D_30S_CLK.CLK.gz: 44,825 pairs
[05:27:24] [SUCCESS] COD0OPSFIN_20232660000_01D_30S_CLK.CLK.gz: 44,527 pairs
[05:27:24] [SUCCESS] COD0OPSFIN_20232440000_01D_30S_CLK.CLK.gz: 45,124 pairs
[05:27:24] [SUCCESS] COD0OPSFIN_20232740000_01D_30S_CLK.CLK.gz: 45,729 pairs
[05:27:25] [SUCCESS] COD0OPSFIN_20232690000_01D_30S_CLK.CLK.gz: 45,427 pairs
[05:27:25] [SUCCESS] COD0OPSFIN_20232530000_01D_30S_CLK.CLK.gz: 44,824 pairs
[05:27:26] [SUCCESS] COD0OPSFIN_20232450000_01D_30S_CLK.CLK.gz: 45,125 pairs
[05:27:26] [SUCCESS] COD0OPSFIN_20232640000_01D_30S_CLK.CLK.gz: 44,826 pairs
[05:27:26] [SUCCESS] COD0OPSFIN_20232720000_01D_30S_CLK.CLK.gz: 45,126 pairs
[05:27:26] [SUCCESS] COD0OPSFIN_20232860000_01D_30S_CLK.CLK.gz: 45,125 pairs
[05:27:27] [SUCCESS] COD0OPSFIN_20232620000_01D_30S_CLK.CLK.gz: 44,826 pairs
[05:27:27] [SUCCESS] COD0OPSFIN_20232800000_01D_30S_CLK.CLK.gz: 45,427 pairs
[05:27:29] [SUCCESS] COD0OPSFIN_20232300000_01D_30S_CLK.CLK.gz: 45,727 pairs
[05:27:30] [SUCCESS] COD0OPSFIN_20232000000_01D_30S_CLK.CLK.gz: 45,730 pairs
[05:27:30] [SUCCESS] COD0OPSFIN_20232780000_01D_30S_CLK.CLK.gz: 46,336 pairs
[05:27:30] [SUCCESS] COD0OPSFIN_20232820000_01D_30S_CLK.CLK.gz: 45,426 pairs
[05:27:30] [SUCCESS] COD0OPSFIN_20232040000_01D_30S_CLK.CLK.gz: 46,033 pairs
[05:27:30] [SUCCESS] COD0OPSFIN_20232750000_01D_30S_CLK.CLK.gz: 45,728 pairs
[05:27:31] [SUCCESS] COD0OPSFIN_20232830000_01D_30S_CLK.CLK.gz: 46,335 pairs
[05:27:31] [SUCCESS] COD0OPSFIN_20232770000_01D_30S_CLK.CLK.gz: 46,336 pairs
[05:27:31] [SUCCESS] COD0OPSFIN_20232680000_01D_30S_CLK.CLK.gz: 45,728 pairs
[05:27:31] [SUCCESS] COD0OPSFIN_20232410000_01D_30S_CLK.CLK.gz: 46,639 pairs
[05:27:32] [SUCCESS] COD0OPSFIN_20232470000_01D_30S_CLK.CLK.gz: 46,640 pairs
[05:27:32] [SUCCESS] COD0OPSFIN_20232400000_01D_30S_CLK.CLK.gz: 46,640 pairs
[05:27:32] [SUCCESS] COD0OPSFIN_20232880000_01D_30S_CLK.CLK.gz: 45,729 pairs
[05:27:32] [SUCCESS] COD0OPSFIN_20232460000_01D_30S_CLK.CLK.gz: 46,946 pairs
[05:27:32] [SUCCESS] COD0OPSFIN_20232060000_01D_30S_CLK.CLK.gz: 46,030 pairs
[05:27:33] [SUCCESS] COD0OPSFIN_20232760000_01D_30S_CLK.CLK.gz: 46,033 pairs
[05:27:34] [SUCCESS] COD0OPSFIN_20232850000_01D_30S_CLK.CLK.gz: 46,335 pairs
[05:27:35] [SUCCESS] COD0OPSFIN_20232430000_01D_30S_CLK.CLK.gz: 47,253 pairs
[05:27:35] [SUCCESS] COD0OPSFIN_20232420000_01D_30S_CLK.CLK.gz: 46,946 pairs
[05:27:39] [SUCCESS] COD0OPSFIN_20232260000_01D_30S_CLK.CLK.gz: 47,556 pairs
[05:30:06] [SUCCESS] COD0OPSFIN_20232890000_01D_30S_CLK.CLK.gz: 44,826 pairs
[05:30:08] [SUCCESS] COD0OPSFIN_20232930000_01D_30S_CLK.CLK.gz: 43,931 pairs
[05:30:13] [SUCCESS] COD0OPSFIN_20232910000_01D_30S_CLK.CLK.gz: 45,728 pairs
[05:30:14] [SUCCESS] COD0OPSFIN_20233030000_01D_30S_CLK.CLK.gz: 44,528 pairs
[05:30:15] [SUCCESS] COD0OPSFIN_20233140000_01D_30S_CLK.CLK.gz: 43,341 pairs
[05:30:15] [SUCCESS] COD0OPSFIN_20233070000_01D_30S_CLK.CLK.gz: 44,228 pairs
[05:30:15] [SUCCESS] COD0OPSFIN_20233190000_01D_30S_CLK.CLK.gz: 44,227 pairs
[05:30:16] [SUCCESS] COD0OPSFIN_20233130000_01D_30S_CLK.CLK.gz: 43,932 pairs
[05:30:16] [SUCCESS] COD0OPSFIN_20233000000_01D_30S_CLK.CLK.gz: 44,527 pairs
[05:30:17] [SUCCESS] COD0OPSFIN_20233040000_01D_30S_CLK.CLK.gz: 44,527 pairs
[05:30:17] [SUCCESS] COD0OPSFIN_20232990000_01D_30S_CLK.CLK.gz: 45,125 pairs
[05:30:18] [SUCCESS] COD0OPSFIN_20232980000_01D_30S_CLK.CLK.gz: 45,728 pairs
[05:30:18] [SUCCESS] COD0OPSFIN_20232940000_01D_30S_CLK.CLK.gz: 46,031 pairs
[05:30:18] [SUCCESS] COD0OPSFIN_20232920000_01D_30S_CLK.CLK.gz: 46,335 pairs
[05:30:19] [SUCCESS] COD0OPSFIN_20233010000_01D_30S_CLK.CLK.gz: 45,728 pairs
[05:30:19] [SUCCESS] COD0OPSFIN_20233430000_01D_30S_CLK.CLK.gz: 42,754 pairs
[05:30:19] [SUCCESS] COD0OPSFIN_20232900000_01D_30S_CLK.CLK.gz: 46,641 pairs
[05:30:19] [SUCCESS] COD0OPSFIN_20233020000_01D_30S_CLK.CLK.gz: 45,728 pairs
[05:30:20] [SUCCESS] COD0OPSFIN_20233410000_01D_30S_CLK.CLK.gz: 43,337 pairs
[05:30:20] [SUCCESS] COD0OPSFIN_20233110000_01D_30S_CLK.CLK.gz: 45,125 pairs
[05:30:20] [SUCCESS] COD0OPSFIN_20232950000_01D_30S_CLK.CLK.gz: 46,335 pairs
[05:30:20] [SUCCESS] COD0OPSFIN_20232960000_01D_30S_CLK.CLK.gz: 46,335 pairs
[05:30:21] [SUCCESS] COD0OPSFIN_20233160000_01D_30S_CLK.CLK.gz: 46,032 pairs
[05:30:21] [SUCCESS] COD0OPSFIN_20233060000_01D_30S_CLK.CLK.gz: 45,424 pairs
[05:30:21] [SUCCESS] COD0OPSFIN_20233080000_01D_30S_CLK.CLK.gz: 46,031 pairs
[05:30:21] [SUCCESS] COD0OPSFIN_20233120000_01D_30S_CLK.CLK.gz: 45,427 pairs
[05:30:22] [SUCCESS] COD0OPSFIN_20233420000_01D_30S_CLK.CLK.gz: 43,340 pairs
[05:30:22] [SUCCESS] COD0OPSFIN_20233170000_01D_30S_CLK.CLK.gz: 45,125 pairs
[05:30:22] [SUCCESS] COD0OPSFIN_20232970000_01D_30S_CLK.CLK.gz: 46,334 pairs
[05:30:22] [SUCCESS] COD0OPSFIN_20233150000_01D_30S_CLK.CLK.gz: 45,427 pairs
[05:30:22] [SUCCESS] COD0OPSFIN_20233320000_01D_30S_CLK.CLK.gz: 45,124 pairs
[05:30:22] [SUCCESS] COD0OPSFIN_20233100000_01D_30S_CLK.CLK.gz: 45,426 pairs
[05:30:23] [SUCCESS] COD0OPSFIN_20233090000_01D_30S_CLK.CLK.gz: 45,728 pairs
[05:30:23] [SUCCESS] COD0OPSFIN_20233340000_01D_30S_CLK.CLK.gz: 44,825 pairs
[05:30:23] [SUCCESS] COD0OPSFIN_20233280000_01D_30S_CLK.CLK.gz: 45,124 pairs
[05:30:23] [SUCCESS] COD0OPSFIN_20233290000_01D_30S_CLK.CLK.gz: 45,426 pairs
[05:30:24] [SUCCESS] COD0OPSFIN_20233180000_01D_30S_CLK.CLK.gz: 45,728 pairs
[05:30:24] [SUCCESS] COD0OPSFIN_20233220000_01D_30S_CLK.CLK.gz: 46,640 pairs
[05:30:24] [SUCCESS] COD0OPSFIN_20233450000_01D_30S_CLK.CLK.gz: 43,634 pairs
[05:30:24] [SUCCESS] COD0OPSFIN_20233260000_01D_30S_CLK.CLK.gz: 45,123 pairs
[05:30:24] [SUCCESS] COD0OPSFIN_20233480000_01D_30S_CLK.CLK.gz: 43,339 pairs
[05:30:24] [SUCCESS] COD0OPSFIN_20233210000_01D_30S_CLK.CLK.gz: 46,640 pairs
[05:30:24] [SUCCESS] COD0OPSFIN_20233360000_01D_30S_CLK.CLK.gz: 44,827 pairs
[05:30:25] [SUCCESS] COD0OPSFIN_20233240000_01D_30S_CLK.CLK.gz: 46,335 pairs
[05:30:26] [SUCCESS] COD0OPSFIN_20233330000_01D_30S_CLK.CLK.gz: 46,031 pairs
[05:30:26] [SUCCESS] COD0OPSFIN_20233310000_01D_30S_CLK.CLK.gz: 46,031 pairs
[05:30:27] [SUCCESS] COD0OPSFIN_20233230000_01D_30S_CLK.CLK.gz: 46,335 pairs
[05:30:27] [SUCCESS] COD0OPSFIN_20233300000_01D_30S_CLK.CLK.gz: 46,335 pairs
[05:30:30] [SUCCESS] COD0OPSFIN_20233650000_01D_30S_CLK.CLK.gz: 40,732 pairs
[05:30:30] [SUCCESS] COD0OPSFIN_20233500000_01D_30S_CLK.CLK.gz: 41,591 pairs
[05:30:31] [SUCCESS] COD0OPSFIN_20233630000_01D_30S_CLK.CLK.gz: 41,305 pairs
[05:30:32] [SUCCESS] COD0OPSFIN_20233620000_01D_30S_CLK.CLK.gz: 41,017 pairs
[05:30:32] [SUCCESS] COD0OPSFIN_20240020000_01D_30S_CLK.CLK.gz: 40,163 pairs
[05:30:33] [SUCCESS] COD0OPSFIN_20233600000_01D_30S_CLK.CLK.gz: 42,755 pairs
[05:30:33] [SUCCESS] COD0OPSFIN_20233560000_01D_30S_CLK.CLK.gz: 41,592 pairs
[05:30:33] [SUCCESS] COD0OPSFIN_20233510000_01D_30S_CLK.CLK.gz: 43,047 pairs
[05:30:33] [SUCCESS] COD0OPSFIN_20240010000_01D_30S_CLK.CLK.gz: 40,732 pairs
[05:30:33] [SUCCESS] COD0OPSFIN_20233380000_01D_30S_CLK.CLK.gz: 44,231 pairs
[05:30:34] [SUCCESS] COD0OPSFIN_20233440000_01D_30S_CLK.CLK.gz: 43,931 pairs
[05:30:34] [SUCCESS] COD0OPSFIN_20233570000_01D_30S_CLK.CLK.gz: 41,881 pairs
[05:30:34] [SUCCESS] COD0OPSFIN_20233640000_01D_30S_CLK.CLK.gz: 41,018 pairs
[05:30:34] [SUCCESS] COD0OPSFIN_20233270000_01D_30S_CLK.CLK.gz: 44,826 pairs
[05:30:34] [SUCCESS] COD0OPSFIN_20233470000_01D_30S_CLK.CLK.gz: 43,048 pairs
[05:30:35] [SUCCESS] COD0OPSFIN_20233460000_01D_30S_CLK.CLK.gz: 43,340 pairs
[05:30:35] [SUCCESS] COD0OPSFIN_20233350000_01D_30S_CLK.CLK.gz: 43,635 pairs
[05:30:35] [SUCCESS] COD0OPSFIN_20233050000_01D_30S_CLK.CLK.gz: 45,426 pairs
[05:30:35] [SUCCESS] COD0OPSFIN_20233520000_01D_30S_CLK.CLK.gz: 42,753 pairs
[05:30:35] [SUCCESS] COD0OPSFIN_20233530000_01D_30S_CLK.CLK.gz: 43,047 pairs
[05:30:35] [SUCCESS] COD0OPSFIN_20233200000_01D_30S_CLK.CLK.gz: 45,125 pairs
[05:30:35] [SUCCESS] COD0OPSFIN_20233610000_01D_30S_CLK.CLK.gz: 41,882 pairs
[05:30:35] [SUCCESS] COD0OPSFIN_20233580000_01D_30S_CLK.CLK.gz: 41,879 pairs
[05:30:36] [SUCCESS] COD0OPSFIN_20233400000_01D_30S_CLK.CLK.gz: 44,228 pairs
[05:30:36] [SUCCESS] COD0OPSFIN_20233490000_01D_30S_CLK.CLK.gz: 43,636 pairs
[05:30:36] [SUCCESS] COD0OPSFIN_20233390000_01D_30S_CLK.CLK.gz: 43,935 pairs
[05:30:36] [SUCCESS] COD0OPSFIN_20233250000_01D_30S_CLK.CLK.gz: 45,426 pairs
[05:30:37] [SUCCESS] COD0OPSFIN_20233370000_01D_30S_CLK.CLK.gz: 45,127 pairs
[05:30:38] [SUCCESS] COD0OPSFIN_20240060000_01D_30S_CLK.CLK.gz: 42,463 pairs
[05:30:38] [SUCCESS] COD0OPSFIN_20233550000_01D_30S_CLK.CLK.gz: 43,932 pairs
[05:30:38] [SUCCESS] COD0OPSFIN_20240030000_01D_30S_CLK.CLK.gz: 42,172 pairs
[05:30:38] [SUCCESS] COD0OPSFIN_20233590000_01D_30S_CLK.CLK.gz: 43,049 pairs
[05:30:38] [SUCCESS] COD0OPSFIN_20240050000_01D_30S_CLK.CLK.gz: 41,882 pairs
[05:30:39] [SUCCESS] COD0OPSFIN_20240130000_01D_30S_CLK.CLK.gz: 42,462 pairs
[05:30:39] [SUCCESS] COD0OPSFIN_20240090000_01D_30S_CLK.CLK.gz: 43,932 pairs
[05:30:40] [SUCCESS] COD0OPSFIN_20240100000_01D_30S_CLK.CLK.gz: 43,636 pairs
[05:30:40] [SUCCESS] COD0OPSFIN_20240110000_01D_30S_CLK.CLK.gz: 42,755 pairs
[05:30:40] [SUCCESS] COD0OPSFIN_20240040000_01D_30S_CLK.CLK.gz: 43,342 pairs
[05:30:40] [SUCCESS] COD0OPSFIN_20240160000_01D_30S_CLK.CLK.gz: 43,047 pairs
[05:30:41] [SUCCESS] COD0OPSFIN_20233540000_01D_30S_CLK.CLK.gz: 44,826 pairs
[05:30:41] [SUCCESS] COD0OPSFIN_20240070000_01D_30S_CLK.CLK.gz: 43,933 pairs
[05:30:42] [SUCCESS] COD0OPSFIN_20240120000_01D_30S_CLK.CLK.gz: 42,754 pairs
[05:30:42] [SUCCESS] COD0OPSFIN_20240150000_01D_30S_CLK.CLK.gz: 42,753 pairs
[05:30:42] [SUCCESS] COD0OPSFIN_20240080000_01D_30S_CLK.CLK.gz: 43,635 pairs
[05:30:43] [SUCCESS] COD0OPSFIN_20240170000_01D_30S_CLK.CLK.gz: 43,636 pairs
[05:30:43] [SUCCESS] COD0OPSFIN_20240180000_01D_30S_CLK.CLK.gz: 43,341 pairs
[05:30:44] [SUCCESS] COD0OPSFIN_20240190000_01D_30S_CLK.CLK.gz: 43,047 pairs
[05:30:48] [SUCCESS] COD0OPSFIN_20240140000_01D_30S_CLK.CLK.gz: 44,527 pairs
[05:30:48] [INFO] Checkpoint saved: 384/912 files processed
[05:30:48] [PROCESS] Processing batch 3: 192 files
[05:33:42] [SUCCESS] COD0OPSFIN_20240340000_01D_30S_CLK.CLK.gz: 41,306 pairs
[05:33:42] [SUCCESS] COD0OPSFIN_20241110000_01D_30S_CLK.CLK.gz: 41,596 pairs
[05:33:44] [SUCCESS] COD0OPSFIN_20241120000_01D_30S_CLK.CLK.gz: 41,596 pairs
[05:33:44] [SUCCESS] COD0OPSFIN_20240530000_01D_30S_CLK.CLK.gz: 41,882 pairs
[05:33:45] [SUCCESS] COD0OPSFIN_20240420000_01D_30S_CLK.CLK.gz: 42,173 pairs
[05:33:47] [SUCCESS] COD0OPSFIN_20240200000_01D_30S_CLK.CLK.gz: 42,462 pairs
[05:33:47] [SUCCESS] COD0OPSFIN_20240560000_01D_30S_CLK.CLK.gz: 42,463 pairs
[05:33:49] [SUCCESS] COD0OPSFIN_20240570000_01D_30S_CLK.CLK.gz: 42,755 pairs
[05:33:49] [SUCCESS] COD0OPSFIN_20240540000_01D_30S_CLK.CLK.gz: 42,755 pairs
[05:33:49] [SUCCESS] COD0OPSFIN_20240400000_01D_30S_CLK.CLK.gz: 42,464 pairs
[05:33:50] [SUCCESS] COD0OPSFIN_20240550000_01D_30S_CLK.CLK.gz: 43,048 pairs
[05:33:50] [SUCCESS] COD0OPSFIN_20240350000_01D_30S_CLK.CLK.gz: 43,638 pairs
[05:33:51] [SUCCESS] COD0OPSFIN_20240380000_01D_30S_CLK.CLK.gz: 43,050 pairs
[05:33:51] [SUCCESS] COD0OPSFIN_20240450000_01D_30S_CLK.CLK.gz: 43,049 pairs
[05:33:51] [SUCCESS] COD0OPSFIN_20240480000_01D_30S_CLK.CLK.gz: 43,342 pairs
[05:33:51] [SUCCESS] COD0OPSFIN_20240330000_01D_30S_CLK.CLK.gz: 43,343 pairs
[05:33:52] [SUCCESS] COD0OPSFIN_20240390000_01D_30S_CLK.CLK.gz: 43,639 pairs
[05:33:52] [SUCCESS] COD0OPSFIN_20240490000_01D_30S_CLK.CLK.gz: 43,637 pairs
[05:33:52] [SUCCESS] COD0OPSFIN_20240630000_01D_30S_CLK.CLK.gz: 43,637 pairs
[05:33:53] [SUCCESS] COD0OPSFIN_20240430000_01D_30S_CLK.CLK.gz: 43,342 pairs
[05:33:53] [SUCCESS] COD0OPSFIN_20240520000_01D_30S_CLK.CLK.gz: 43,933 pairs
[05:33:53] [SUCCESS] COD0OPSFIN_20240470000_01D_30S_CLK.CLK.gz: 43,933 pairs
[05:33:54] [SUCCESS] COD0OPSFIN_20240580000_01D_30S_CLK.CLK.gz: 44,230 pairs
[05:33:54] [SUCCESS] COD0OPSFIN_20240670000_01D_30S_CLK.CLK.gz: 44,528 pairs
[05:33:54] [SUCCESS] COD0OPSFIN_20240690000_01D_30S_CLK.CLK.gz: 43,932 pairs
[05:33:54] [SUCCESS] COD0OPSFIN_20240510000_01D_30S_CLK.CLK.gz: 43,933 pairs
[05:33:55] [SUCCESS] COD0OPSFIN_20240820000_01D_30S_CLK.CLK.gz: 40,163 pairs
[05:33:55] [SUCCESS] COD0OPSFIN_20240620000_01D_30S_CLK.CLK.gz: 44,529 pairs
[05:33:55] [SUCCESS] COD0OPSFIN_20240370000_01D_30S_CLK.CLK.gz: 44,231 pairs
[05:33:55] [SUCCESS] COD0OPSFIN_20240500000_01D_30S_CLK.CLK.gz: 44,528 pairs
[05:33:55] [SUCCESS] COD0OPSFIN_20240230000_01D_30S_CLK.CLK.gz: 44,826 pairs
[05:33:56] [SUCCESS] COD0OPSFIN_20240360000_01D_30S_CLK.CLK.gz: 44,230 pairs
[05:33:56] [SUCCESS] COD0OPSFIN_20240210000_01D_30S_CLK.CLK.gz: 44,527 pairs
[05:33:56] [SUCCESS] COD0OPSFIN_20240260000_01D_30S_CLK.CLK.gz: 44,826 pairs
[05:33:56] [SUCCESS] COD0OPSFIN_20240270000_01D_30S_CLK.CLK.gz: 44,826 pairs
[05:33:56] [SUCCESS] COD0OPSFIN_20240240000_01D_30S_CLK.CLK.gz: 44,827 pairs
[05:33:57] [SUCCESS] COD0OPSFIN_20240440000_01D_30S_CLK.CLK.gz: 44,528 pairs
[05:33:57] [SUCCESS] COD0OPSFIN_20240610000_01D_30S_CLK.CLK.gz: 44,526 pairs
[05:33:57] [SUCCESS] COD0OPSFIN_20240660000_01D_30S_CLK.CLK.gz: 44,527 pairs
[05:33:57] [SUCCESS] COD0OPSFIN_20240590000_01D_30S_CLK.CLK.gz: 44,527 pairs
[05:33:58] [SUCCESS] COD0OPSFIN_20240640000_01D_30S_CLK.CLK.gz: 44,824 pairs
[05:33:58] [SUCCESS] COD0OPSFIN_20241100000_01D_30S_CLK.CLK.gz: 41,018 pairs
[05:33:59] [SUCCESS] COD0OPSFIN_20240250000_01D_30S_CLK.CLK.gz: 45,126 pairs
[05:33:59] [SUCCESS] COD0OPSFIN_20240650000_01D_30S_CLK.CLK.gz: 45,127 pairs
[05:33:59] [SUCCESS] COD0OPSFIN_20240600000_01D_30S_CLK.CLK.gz: 45,127 pairs
[05:33:59] [SUCCESS] COD0OPSFIN_20240290000_01D_30S_CLK.CLK.gz: 45,729 pairs
[05:34:00] [SUCCESS] COD0OPSFIN_20240320000_01D_30S_CLK.CLK.gz: 45,127 pairs
[05:34:01] [SUCCESS] COD0OPSFIN_20240300000_01D_30S_CLK.CLK.gz: 45,425 pairs
[05:34:02] [SUCCESS] COD0OPSFIN_20240810000_01D_30S_CLK.CLK.gz: 41,881 pairs
[05:34:03] [SUCCESS] COD0OPSFIN_20240280000_01D_30S_CLK.CLK.gz: 46,032 pairs
[05:34:03] [SUCCESS] COD0OPSFIN_20240310000_01D_30S_CLK.CLK.gz: 46,338 pairs
[05:34:05] [SUCCESS] COD0OPSFIN_20241140000_01D_30S_CLK.CLK.gz: 42,172 pairs
[05:34:05] [SUCCESS] COD0OPSFIN_20240830000_01D_30S_CLK.CLK.gz: 42,171 pairs
[05:34:06] [SUCCESS] COD0OPSFIN_20240950000_01D_30S_CLK.CLK.gz: 42,463 pairs
[05:34:06] [SUCCESS] COD0OPSFIN_20241000000_01D_30S_CLK.CLK.gz: 42,463 pairs
[05:34:06] [SUCCESS] COD0OPSFIN_20241130000_01D_30S_CLK.CLK.gz: 42,758 pairs
[05:34:06] [SUCCESS] COD0OPSFIN_20240980000_01D_30S_CLK.CLK.gz: 42,756 pairs
[05:34:07] [SUCCESS] COD0OPSFIN_20241030000_01D_30S_CLK.CLK.gz: 42,756 pairs
[05:34:07] [SUCCESS] COD0OPSFIN_20241010000_01D_30S_CLK.CLK.gz: 43,045 pairs
[05:34:08] [SUCCESS] COD0OPSFIN_20240790000_01D_30S_CLK.CLK.gz: 43,048 pairs
[05:34:08] [SUCCESS] COD0OPSFIN_20240920000_01D_30S_CLK.CLK.gz: 43,342 pairs
[05:34:08] [SUCCESS] COD0OPSFIN_20240940000_01D_30S_CLK.CLK.gz: 43,342 pairs
[05:34:09] [SUCCESS] COD0OPSFIN_20240930000_01D_30S_CLK.CLK.gz: 43,045 pairs
[05:34:09] [SUCCESS] COD0OPSFIN_20241040000_01D_30S_CLK.CLK.gz: 43,343 pairs
[05:34:09] [SUCCESS] COD0OPSFIN_20240780000_01D_30S_CLK.CLK.gz: 43,638 pairs
[05:34:09] [SUCCESS] COD0OPSFIN_20241070000_01D_30S_CLK.CLK.gz: 43,047 pairs
[05:34:09] [SUCCESS] COD0OPSFIN_20240970000_01D_30S_CLK.CLK.gz: 43,342 pairs
[05:34:09] [SUCCESS] COD0OPSFIN_20240870000_01D_30S_CLK.CLK.gz: 43,048 pairs
[05:34:09] [SUCCESS] COD0OPSFIN_20240990000_01D_30S_CLK.CLK.gz: 43,338 pairs
[05:34:10] [SUCCESS] COD0OPSFIN_20240760000_01D_30S_CLK.CLK.gz: 43,048 pairs
[05:34:10] [SUCCESS] COD0OPSFIN_20240900000_01D_30S_CLK.CLK.gz: 43,340 pairs
[05:34:10] [SUCCESS] COD0OPSFIN_20241060000_01D_30S_CLK.CLK.gz: 43,049 pairs
[05:34:10] [SUCCESS] COD0OPSFIN_20240460000_01D_30S_CLK.CLK.gz: 43,048 pairs
[05:34:11] [SUCCESS] COD0OPSFIN_20240220000_01D_30S_CLK.CLK.gz: 43,636 pairs
[05:34:11] [SUCCESS] COD0OPSFIN_20240410000_01D_30S_CLK.CLK.gz: 42,756 pairs
[05:34:11] [SUCCESS] COD0OPSFIN_20240960000_01D_30S_CLK.CLK.gz: 43,637 pairs
[05:34:11] [SUCCESS] COD0OPSFIN_20240740000_01D_30S_CLK.CLK.gz: 43,933 pairs
[05:34:11] [SUCCESS] COD0OPSFIN_20240890000_01D_30S_CLK.CLK.gz: 43,048 pairs
[05:34:12] [SUCCESS] COD0OPSFIN_20241080000_01D_30S_CLK.CLK.gz: 43,637 pairs
[05:34:13] [SUCCESS] COD0OPSFIN_20241090000_01D_30S_CLK.CLK.gz: 43,048 pairs
[05:34:13] [SUCCESS] COD0OPSFIN_20241050000_01D_30S_CLK.CLK.gz: 43,934 pairs
[05:34:13] [SUCCESS] COD0OPSFIN_20240710000_01D_30S_CLK.CLK.gz: 43,341 pairs
[05:34:13] [SUCCESS] COD0OPSFIN_20241150000_01D_30S_CLK.CLK.gz: 43,342 pairs
[05:34:13] [SUCCESS] COD0OPSFIN_20240730000_01D_30S_CLK.CLK.gz: 43,638 pairs
[05:34:13] [SUCCESS] COD0OPSFIN_20241020000_01D_30S_CLK.CLK.gz: 43,342 pairs
[05:34:13] [SUCCESS] COD0OPSFIN_20240800000_01D_30S_CLK.CLK.gz: 43,342 pairs
[05:34:14] [SUCCESS] COD0OPSFIN_20240840000_01D_30S_CLK.CLK.gz: 43,635 pairs
[05:34:14] [SUCCESS] COD0OPSFIN_20240700000_01D_30S_CLK.CLK.gz: 44,230 pairs
[05:34:14] [SUCCESS] COD0OPSFIN_20240850000_01D_30S_CLK.CLK.gz: 44,826 pairs
[05:34:14] [SUCCESS] COD0OPSFIN_20240750000_01D_30S_CLK.CLK.gz: 44,230 pairs
[05:34:15] [SUCCESS] COD0OPSFIN_20240680000_01D_30S_CLK.CLK.gz: 43,933 pairs
[05:34:15] [SUCCESS] COD0OPSFIN_20240880000_01D_30S_CLK.CLK.gz: 44,524 pairs
[05:34:16] [SUCCESS] COD0OPSFIN_20240910000_01D_30S_CLK.CLK.gz: 44,230 pairs
[05:34:16] [SUCCESS] COD0OPSFIN_20240860000_01D_30S_CLK.CLK.gz: 44,827 pairs
[05:34:17] [SUCCESS] COD0OPSFIN_20240720000_01D_30S_CLK.CLK.gz: 44,827 pairs
[05:34:18] [SUCCESS] COD0OPSFIN_20240770000_01D_30S_CLK.CLK.gz: 44,827 pairs
[05:36:37] [SUCCESS] COD0OPSFIN_20241170000_01D_30S_CLK.CLK.gz: 41,305 pairs
[05:36:42] [SUCCESS] COD0OPSFIN_20241160000_01D_30S_CLK.CLK.gz: 42,755 pairs
[05:36:42] [SUCCESS] COD0OPSFIN_20241190000_01D_30S_CLK.CLK.gz: 42,172 pairs
[05:36:44] [SUCCESS] COD0OPSFIN_20241210000_01D_30S_CLK.CLK.gz: 41,882 pairs
[05:36:45] [SUCCESS] COD0OPSFIN_20241180000_01D_30S_CLK.CLK.gz: 42,755 pairs
[05:36:45] [SUCCESS] COD0OPSFIN_20241230000_01D_30S_CLK.CLK.gz: 41,593 pairs
[05:36:45] [SUCCESS] COD0OPSFIN_20241320000_01D_30S_CLK.CLK.gz: 41,880 pairs
[05:36:47] [SUCCESS] COD0OPSFIN_20241340000_01D_30S_CLK.CLK.gz: 41,593 pairs
[05:36:47] [SUCCESS] COD0OPSFIN_20241330000_01D_30S_CLK.CLK.gz: 41,882 pairs
[05:36:47] [SUCCESS] COD0OPSFIN_20241310000_01D_30S_CLK.CLK.gz: 41,594 pairs
[05:36:47] [SUCCESS] COD0OPSFIN_20241200000_01D_30S_CLK.CLK.gz: 43,627 pairs
[05:36:49] [SUCCESS] COD0OPSFIN_20241260000_01D_30S_CLK.CLK.gz: 42,755 pairs
[05:36:50] [SUCCESS] COD0OPSFIN_20241300000_01D_30S_CLK.CLK.gz: 42,462 pairs
[05:36:50] [SUCCESS] COD0OPSFIN_20241530000_01D_30S_CLK.CLK.gz: 41,019 pairs
[05:36:50] [SUCCESS] COD0OPSFIN_20241220000_01D_30S_CLK.CLK.gz: 43,632 pairs
[05:36:50] [SUCCESS] COD0OPSFIN_20241360000_01D_30S_CLK.CLK.gz: 42,172 pairs
[05:36:50] [SUCCESS] COD0OPSFIN_20241390000_01D_30S_CLK.CLK.gz: 43,638 pairs
[05:36:50] [SUCCESS] COD0OPSFIN_20241240000_01D_30S_CLK.CLK.gz: 43,048 pairs
[05:36:51] [SUCCESS] COD0OPSFIN_20241380000_01D_30S_CLK.CLK.gz: 42,173 pairs
[05:36:51] [SUCCESS] COD0OPSFIN_20241250000_01D_30S_CLK.CLK.gz: 43,049 pairs
[05:36:51] [SUCCESS] COD0OPSFIN_20241500000_01D_30S_CLK.CLK.gz: 41,594 pairs
[05:36:51] [SUCCESS] COD0OPSFIN_20241370000_01D_30S_CLK.CLK.gz: 42,172 pairs
[05:36:51] [SUCCESS] COD0OPSFIN_20241450000_01D_30S_CLK.CLK.gz: 41,883 pairs
[05:36:52] [SUCCESS] COD0OPSFIN_20241540000_01D_30S_CLK.CLK.gz: 41,307 pairs
[05:36:52] [SUCCESS] COD0OPSFIN_20241480000_01D_30S_CLK.CLK.gz: 42,463 pairs
[05:36:52] [SUCCESS] COD0OPSFIN_20241280000_01D_30S_CLK.CLK.gz: 43,341 pairs
[05:36:52] [SUCCESS] COD0OPSFIN_20241460000_01D_30S_CLK.CLK.gz: 43,047 pairs
[05:36:52] [SUCCESS] COD0OPSFIN_20241550000_01D_30S_CLK.CLK.gz: 41,593 pairs
[05:36:52] [SUCCESS] COD0OPSFIN_20241490000_01D_30S_CLK.CLK.gz: 42,173 pairs
[05:36:53] [SUCCESS] COD0OPSFIN_20241350000_01D_30S_CLK.CLK.gz: 42,755 pairs
[05:36:53] [SUCCESS] COD0OPSFIN_20241510000_01D_30S_CLK.CLK.gz: 42,173 pairs
[05:36:53] [SUCCESS] COD0OPSFIN_20241610000_01D_30S_CLK.CLK.gz: 41,593 pairs
[05:36:53] [SUCCESS] COD0OPSFIN_20241270000_01D_30S_CLK.CLK.gz: 43,933 pairs
[05:36:53] [SUCCESS] COD0OPSFIN_20241290000_01D_30S_CLK.CLK.gz: 43,338 pairs
[05:36:53] [SUCCESS] COD0OPSFIN_20241580000_01D_30S_CLK.CLK.gz: 42,755 pairs
[05:36:54] [SUCCESS] COD0OPSFIN_20241520000_01D_30S_CLK.CLK.gz: 42,172 pairs
[05:36:54] [SUCCESS] COD0OPSFIN_20241430000_01D_30S_CLK.CLK.gz: 42,464 pairs
[05:36:54] [SUCCESS] COD0OPSFIN_20241440000_01D_30S_CLK.CLK.gz: 42,756 pairs
[05:36:54] [SUCCESS] COD0OPSFIN_20241470000_01D_30S_CLK.CLK.gz: 42,755 pairs
[05:36:55] [SUCCESS] COD0OPSFIN_20241560000_01D_30S_CLK.CLK.gz: 42,463 pairs
[05:36:55] [SUCCESS] COD0OPSFIN_20241620000_01D_30S_CLK.CLK.gz: 41,593 pairs
[05:36:56] [SUCCESS] COD0OPSFIN_20241400000_01D_30S_CLK.CLK.gz: 43,049 pairs
[05:36:56] [SUCCESS] COD0OPSFIN_20241590000_01D_30S_CLK.CLK.gz: 42,462 pairs
[05:36:56] [SUCCESS] COD0OPSFIN_20241410000_01D_30S_CLK.CLK.gz: 43,343 pairs
[05:36:56] [SUCCESS] COD0OPSFIN_20241630000_01D_30S_CLK.CLK.gz: 42,172 pairs
[05:36:57] [SUCCESS] COD0OPSFIN_20241600000_01D_30S_CLK.CLK.gz: 43,339 pairs
[05:36:59] [SUCCESS] COD0OPSFIN_20241650000_01D_30S_CLK.CLK.gz: 42,463 pairs
[05:37:01] [SUCCESS] COD0OPSFIN_20241660000_01D_30S_CLK.CLK.gz: 43,637 pairs
[05:37:06] [SUCCESS] COD0OPSFIN_20241420000_01D_30S_CLK.CLK.gz: 43,343 pairs
[05:37:06] [SUCCESS] COD0OPSFIN_20241570000_01D_30S_CLK.CLK.gz: 42,172 pairs
[05:37:08] [SUCCESS] COD0OPSFIN_20241710000_01D_30S_CLK.CLK.gz: 42,172 pairs
[05:37:09] [SUCCESS] COD0OPSFIN_20241730000_01D_30S_CLK.CLK.gz: 41,303 pairs
[05:37:09] [SUCCESS] COD0OPSFIN_20241810000_01D_30S_CLK.CLK.gz: 42,174 pairs
[05:37:09] [SUCCESS] COD0OPSFIN_20241640000_01D_30S_CLK.CLK.gz: 42,464 pairs
[05:37:10] [SUCCESS] COD0OPSFIN_20241720000_01D_30S_CLK.CLK.gz: 42,755 pairs
[05:37:10] [SUCCESS] COD0OPSFIN_20242050000_01D_30S_CLK.CLK.gz: 41,020 pairs
[05:37:11] [SUCCESS] COD0OPSFIN_20241740000_01D_30S_CLK.CLK.gz: 42,172 pairs
[05:37:11] [SUCCESS] COD0OPSFIN_20241670000_01D_30S_CLK.CLK.gz: 43,342 pairs
[05:37:11] [SUCCESS] COD0OPSFIN_20241760000_01D_30S_CLK.CLK.gz: 41,882 pairs
[05:37:11] [SUCCESS] COD0OPSFIN_20241920000_01D_30S_CLK.CLK.gz: 41,593 pairs
[05:37:11] [SUCCESS] COD0OPSFIN_20241800000_01D_30S_CLK.CLK.gz: 42,464 pairs
[05:37:11] [SUCCESS] COD0OPSFIN_20241770000_01D_30S_CLK.CLK.gz: 42,462 pairs
[05:37:12] [SUCCESS] COD0OPSFIN_20241870000_01D_30S_CLK.CLK.gz: 42,756 pairs
[05:37:12] [SUCCESS] COD0OPSFIN_20241850000_01D_30S_CLK.CLK.gz: 43,343 pairs
[05:37:12] [SUCCESS] COD0OPSFIN_20241750000_01D_30S_CLK.CLK.gz: 42,172 pairs
[05:37:13] [SUCCESS] COD0OPSFIN_20242000000_01D_30S_CLK.CLK.gz: 41,595 pairs
[05:37:13] [SUCCESS] COD0OPSFIN_20241880000_01D_30S_CLK.CLK.gz: 42,757 pairs
[05:37:13] [SUCCESS] COD0OPSFIN_20241680000_01D_30S_CLK.CLK.gz: 43,933 pairs
[05:37:13] [SUCCESS] COD0OPSFIN_20241910000_01D_30S_CLK.CLK.gz: 41,594 pairs
[05:37:13] [SUCCESS] COD0OPSFIN_20241940000_01D_30S_CLK.CLK.gz: 42,173 pairs
[05:37:13] [SUCCESS] COD0OPSFIN_20242090000_01D_30S_CLK.CLK.gz: 41,596 pairs
[05:37:13] [SUCCESS] COD0OPSFIN_20242030000_01D_30S_CLK.CLK.gz: 42,463 pairs
[05:37:14] [SUCCESS] COD0OPSFIN_20241790000_01D_30S_CLK.CLK.gz: 42,173 pairs
[05:37:14] [SUCCESS] COD0OPSFIN_20241860000_01D_30S_CLK.CLK.gz: 42,756 pairs
[05:37:14] [SUCCESS] COD0OPSFIN_20241950000_01D_30S_CLK.CLK.gz: 41,594 pairs
[05:37:14] [SUCCESS] COD0OPSFIN_20241890000_01D_30S_CLK.CLK.gz: 43,638 pairs
[05:37:14] [SUCCESS] COD0OPSFIN_20241820000_01D_30S_CLK.CLK.gz: 42,756 pairs
[05:37:14] [SUCCESS] COD0OPSFIN_20241780000_01D_30S_CLK.CLK.gz: 42,755 pairs
[05:37:15] [SUCCESS] COD0OPSFIN_20242060000_01D_30S_CLK.CLK.gz: 41,884 pairs
[05:37:15] [SUCCESS] COD0OPSFIN_20242100000_01D_30S_CLK.CLK.gz: 40,737 pairs
[05:37:15] [SUCCESS] COD0OPSFIN_20241690000_01D_30S_CLK.CLK.gz: 43,342 pairs
[05:37:15] [SUCCESS] COD0OPSFIN_20241830000_01D_30S_CLK.CLK.gz: 43,049 pairs
[05:37:15] [SUCCESS] COD0OPSFIN_20241960000_01D_30S_CLK.CLK.gz: 42,464 pairs
[05:37:15] [SUCCESS] COD0OPSFIN_20241700000_01D_30S_CLK.CLK.gz: 43,637 pairs
[05:37:15] [SUCCESS] COD0OPSFIN_20241930000_01D_30S_CLK.CLK.gz: 41,884 pairs
[05:37:16] [SUCCESS] COD0OPSFIN_20241970000_01D_30S_CLK.CLK.gz: 43,049 pairs
[05:37:16] [SUCCESS] COD0OPSFIN_20242070000_01D_30S_CLK.CLK.gz: 42,174 pairs
[05:37:16] [SUCCESS] COD0OPSFIN_20242010000_01D_30S_CLK.CLK.gz: 42,756 pairs
[05:37:16] [SUCCESS] COD0OPSFIN_20242110000_01D_30S_CLK.CLK.gz: 41,596 pairs
[05:37:16] [SUCCESS] COD0OPSFIN_20241840000_01D_30S_CLK.CLK.gz: 43,049 pairs
[05:37:17] [SUCCESS] COD0OPSFIN_20241990000_01D_30S_CLK.CLK.gz: 43,049 pairs
[05:37:17] [SUCCESS] COD0OPSFIN_20242040000_01D_30S_CLK.CLK.gz: 42,757 pairs
[05:37:17] [SUCCESS] COD0OPSFIN_20242080000_01D_30S_CLK.CLK.gz: 42,465 pairs
[05:37:17] [SUCCESS] COD0OPSFIN_20241900000_01D_30S_CLK.CLK.gz: 41,883 pairs
[05:37:19] [SUCCESS] COD0OPSFIN_20241980000_01D_30S_CLK.CLK.gz: 42,462 pairs
[05:37:19] [SUCCESS] COD0OPSFIN_20242020000_01D_30S_CLK.CLK.gz: 42,757 pairs
[05:37:19] [INFO] Checkpoint saved: 576/912 files processed
[05:37:19] [PROCESS] Processing batch 4: 192 files
[05:40:05] [SUCCESS] COD0OPSFIN_20242510000_01D_30S_CLK.CLK.gz: 38,205 pairs
[05:40:07] [SUCCESS] COD0OPSFIN_20242430000_01D_30S_CLK.CLK.gz: 39,319 pairs
[05:40:08] [SUCCESS] COD0OPSFIN_20242340000_01D_30S_CLK.CLK.gz: 39,318 pairs
[05:40:08] [SUCCESS] COD0OPSFIN_20242560000_01D_30S_CLK.CLK.gz: 39,320 pairs
[05:40:09] [SUCCESS] COD0OPSFIN_20242460000_01D_30S_CLK.CLK.gz: 39,319 pairs
[05:40:09] [SUCCESS] COD0OPSFIN_20242650000_01D_30S_CLK.CLK.gz: 39,601 pairs
[05:40:10] [SUCCESS] COD0OPSFIN_20242300000_01D_30S_CLK.CLK.gz: 40,166 pairs
[05:40:10] [SUCCESS] COD0OPSFIN_20242450000_01D_30S_CLK.CLK.gz: 39,883 pairs
[05:40:10] [SUCCESS] COD0OPSFIN_20242410000_01D_30S_CLK.CLK.gz: 39,882 pairs
[05:40:10] [SUCCESS] COD0OPSFIN_20242660000_01D_30S_CLK.CLK.gz: 39,601 pairs
[05:40:10] [SUCCESS] COD0OPSFIN_20242360000_01D_30S_CLK.CLK.gz: 40,165 pairs
[05:40:11] [SUCCESS] COD0OPSFIN_20242350000_01D_30S_CLK.CLK.gz: 40,167 pairs
[05:40:11] [SUCCESS] COD0OPSFIN_20242590000_01D_30S_CLK.CLK.gz: 40,449 pairs
[05:40:12] [SUCCESS] COD0OPSFIN_20242530000_01D_30S_CLK.CLK.gz: 40,449 pairs
[05:40:12] [SUCCESS] COD0OPSFIN_20242390000_01D_30S_CLK.CLK.gz: 40,733 pairs
[05:40:13] [SUCCESS] COD0OPSFIN_20242250000_01D_30S_CLK.CLK.gz: 40,735 pairs
[05:40:13] [SUCCESS] COD0OPSFIN_20242500000_01D_30S_CLK.CLK.gz: 40,449 pairs
[05:40:13] [SUCCESS] COD0OPSFIN_20242580000_01D_30S_CLK.CLK.gz: 40,735 pairs
[05:40:13] [SUCCESS] COD0OPSFIN_20242550000_01D_30S_CLK.CLK.gz: 40,734 pairs
[05:40:13] [SUCCESS] COD0OPSFIN_20242170000_01D_30S_CLK.CLK.gz: 40,735 pairs
[05:40:13] [SUCCESS] COD0OPSFIN_20242470000_01D_30S_CLK.CLK.gz: 40,449 pairs
[05:40:13] [SUCCESS] COD0OPSFIN_20242380000_01D_30S_CLK.CLK.gz: 41,020 pairs
[05:40:13] [SUCCESS] COD0OPSFIN_20242440000_01D_30S_CLK.CLK.gz: 40,734 pairs
[05:40:14] [SUCCESS] COD0OPSFIN_20242520000_01D_30S_CLK.CLK.gz: 41,021 pairs
[05:40:14] [SUCCESS] COD0OPSFIN_20242200000_01D_30S_CLK.CLK.gz: 41,021 pairs
[05:40:14] [SUCCESS] COD0OPSFIN_20242570000_01D_30S_CLK.CLK.gz: 41,020 pairs
[05:40:15] [SUCCESS] COD0OPSFIN_20242400000_01D_30S_CLK.CLK.gz: 41,018 pairs
[05:40:16] [SUCCESS] COD0OPSFIN_20242540000_01D_30S_CLK.CLK.gz: 41,595 pairs
[05:40:16] [SUCCESS] COD0OPSFIN_20242270000_01D_30S_CLK.CLK.gz: 41,884 pairs
[05:40:16] [SUCCESS] COD0OPSFIN_20242320000_01D_30S_CLK.CLK.gz: 41,884 pairs
[05:40:17] [SUCCESS] COD0OPSFIN_20242190000_01D_30S_CLK.CLK.gz: 41,884 pairs
[05:40:17] [SUCCESS] COD0OPSFIN_20242330000_01D_30S_CLK.CLK.gz: 41,882 pairs
[05:40:17] [SUCCESS] COD0OPSFIN_20242420000_01D_30S_CLK.CLK.gz: 41,884 pairs
[05:40:17] [SUCCESS] COD0OPSFIN_20242130000_01D_30S_CLK.CLK.gz: 42,174 pairs
[05:40:18] [SUCCESS] COD0OPSFIN_20242210000_01D_30S_CLK.CLK.gz: 41,884 pairs
[05:40:19] [SUCCESS] COD0OPSFIN_20242120000_01D_30S_CLK.CLK.gz: 41,884 pairs
[05:40:19] [SUCCESS] COD0OPSFIN_20242310000_01D_30S_CLK.CLK.gz: 42,174 pairs
[05:40:19] [SUCCESS] COD0OPSFIN_20242480000_01D_30S_CLK.CLK.gz: 42,173 pairs
[05:40:19] [SUCCESS] COD0OPSFIN_20242840000_01D_30S_CLK.CLK.gz: 38,761 pairs
[05:40:20] [SUCCESS] COD0OPSFIN_20242160000_01D_30S_CLK.CLK.gz: 42,465 pairs
[05:40:20] [SUCCESS] COD0OPSFIN_20242230000_01D_30S_CLK.CLK.gz: 42,757 pairs
[05:40:20] [SUCCESS] COD0OPSFIN_20242290000_01D_30S_CLK.CLK.gz: 42,465 pairs
[05:40:20] [SUCCESS] COD0OPSFIN_20242490000_01D_30S_CLK.CLK.gz: 42,465 pairs
[05:40:21] [SUCCESS] COD0OPSFIN_20242150000_01D_30S_CLK.CLK.gz: 42,757 pairs
[05:40:21] [SUCCESS] COD0OPSFIN_20242240000_01D_30S_CLK.CLK.gz: 42,757 pairs
[05:40:21] [SUCCESS] COD0OPSFIN_20242260000_01D_30S_CLK.CLK.gz: 42,465 pairs
[05:40:22] [SUCCESS] COD0OPSFIN_20242220000_01D_30S_CLK.CLK.gz: 43,050 pairs
[05:40:23] [SUCCESS] COD0OPSFIN_20242180000_01D_30S_CLK.CLK.gz: 43,045 pairs
[05:40:24] [SUCCESS] COD0OPSFIN_20242140000_01D_30S_CLK.CLK.gz: 43,344 pairs
[05:40:25] [SUCCESS] COD0OPSFIN_20243070000_01D_30S_CLK.CLK.gz: 38,762 pairs
[05:40:25] [SUCCESS] COD0OPSFIN_20242720000_01D_30S_CLK.CLK.gz: 39,602 pairs
[05:40:25] [SUCCESS] COD0OPSFIN_20242960000_01D_30S_CLK.CLK.gz: 39,601 pairs
[05:40:26] [SUCCESS] COD0OPSFIN_20242710000_01D_30S_CLK.CLK.gz: 39,883 pairs
[05:40:27] [SUCCESS] COD0OPSFIN_20243000000_01D_30S_CLK.CLK.gz: 39,320 pairs
[05:40:27] [SUCCESS] COD0OPSFIN_20242680000_01D_30S_CLK.CLK.gz: 40,450 pairs
[05:40:27] [SUCCESS] COD0OPSFIN_20242750000_01D_30S_CLK.CLK.gz: 39,601 pairs
[05:40:28] [SUCCESS] COD0OPSFIN_20242780000_01D_30S_CLK.CLK.gz: 39,602 pairs
[05:40:28] [SUCCESS] COD0OPSFIN_20243030000_01D_30S_CLK.CLK.gz: 40,450 pairs
[05:40:28] [SUCCESS] COD0OPSFIN_20242890000_01D_30S_CLK.CLK.gz: 40,167 pairs
[05:40:28] [SUCCESS] COD0OPSFIN_20242700000_01D_30S_CLK.CLK.gz: 40,164 pairs
[05:40:28] [SUCCESS] COD0OPSFIN_20242370000_01D_30S_CLK.CLK.gz: 39,882 pairs
[05:40:28] [SUCCESS] COD0OPSFIN_20242730000_01D_30S_CLK.CLK.gz: 40,167 pairs
[05:40:28] [SUCCESS] COD0OPSFIN_20243040000_01D_30S_CLK.CLK.gz: 39,601 pairs
[05:40:29] [SUCCESS] COD0OPSFIN_20242950000_01D_30S_CLK.CLK.gz: 39,881 pairs
[05:40:29] [SUCCESS] COD0OPSFIN_20242990000_01D_30S_CLK.CLK.gz: 40,450 pairs
[05:40:29] [SUCCESS] COD0OPSFIN_20242630000_01D_30S_CLK.CLK.gz: 40,450 pairs
[05:40:29] [SUCCESS] COD0OPSFIN_20242670000_01D_30S_CLK.CLK.gz: 40,164 pairs
[05:40:29] [SUCCESS] COD0OPSFIN_20242870000_01D_30S_CLK.CLK.gz: 41,308 pairs
[05:40:29] [SUCCESS] COD0OPSFIN_20242830000_01D_30S_CLK.CLK.gz: 39,882 pairs
[05:40:30] [SUCCESS] COD0OPSFIN_20242690000_01D_30S_CLK.CLK.gz: 40,165 pairs
[05:40:30] [SUCCESS] COD0OPSFIN_20243010000_01D_30S_CLK.CLK.gz: 40,736 pairs
[05:40:30] [SUCCESS] COD0OPSFIN_20242740000_01D_30S_CLK.CLK.gz: 40,165 pairs
[05:40:30] [SUCCESS] COD0OPSFIN_20242920000_01D_30S_CLK.CLK.gz: 40,165 pairs
[05:40:30] [SUCCESS] COD0OPSFIN_20242620000_01D_30S_CLK.CLK.gz: 40,734 pairs
[05:40:30] [SUCCESS] COD0OPSFIN_20242860000_01D_30S_CLK.CLK.gz: 41,022 pairs
[05:40:30] [SUCCESS] COD0OPSFIN_20242980000_01D_30S_CLK.CLK.gz: 40,734 pairs
[05:40:30] [SUCCESS] COD0OPSFIN_20242610000_01D_30S_CLK.CLK.gz: 40,734 pairs
[05:40:31] [SUCCESS] COD0OPSFIN_20243050000_01D_30S_CLK.CLK.gz: 40,450 pairs
[05:40:31] [SUCCESS] COD0OPSFIN_20242910000_01D_30S_CLK.CLK.gz: 40,449 pairs
[05:40:31] [SUCCESS] COD0OPSFIN_20242930000_01D_30S_CLK.CLK.gz: 40,164 pairs
[05:40:32] [SUCCESS] COD0OPSFIN_20242800000_01D_30S_CLK.CLK.gz: 40,736 pairs
[05:40:32] [SUCCESS] COD0OPSFIN_20243020000_01D_30S_CLK.CLK.gz: 40,735 pairs
[05:40:32] [SUCCESS] COD0OPSFIN_20242880000_01D_30S_CLK.CLK.gz: 41,022 pairs
[05:40:33] [SUCCESS] COD0OPSFIN_20242850000_01D_30S_CLK.CLK.gz: 41,309 pairs
[05:40:33] [SUCCESS] COD0OPSFIN_20242940000_01D_30S_CLK.CLK.gz: 41,308 pairs
[05:40:33] [SUCCESS] COD0OPSFIN_20242770000_01D_30S_CLK.CLK.gz: 41,021 pairs
[05:40:33] [SUCCESS] COD0OPSFIN_20242760000_01D_30S_CLK.CLK.gz: 40,735 pairs
[05:40:33] [SUCCESS] COD0OPSFIN_20242600000_01D_30S_CLK.CLK.gz: 41,020 pairs
[05:40:33] [SUCCESS] COD0OPSFIN_20242820000_01D_30S_CLK.CLK.gz: 41,596 pairs
[05:40:34] [SUCCESS] COD0OPSFIN_20243060000_01D_30S_CLK.CLK.gz: 41,308 pairs
[05:40:34] [SUCCESS] COD0OPSFIN_20242970000_01D_30S_CLK.CLK.gz: 41,308 pairs
[05:40:35] [SUCCESS] COD0OPSFIN_20242790000_01D_30S_CLK.CLK.gz: 41,308 pairs
[05:40:36] [SUCCESS] COD0OPSFIN_20242810000_01D_30S_CLK.CLK.gz: 42,174 pairs
[05:40:37] [SUCCESS] COD0OPSFIN_20242640000_01D_30S_CLK.CLK.gz: 42,170 pairs
[05:40:37] [SUCCESS] COD0OPSFIN_20242900000_01D_30S_CLK.CLK.gz: 41,303 pairs
[05:40:39] [SUCCESS] COD0OPSFIN_20242280000_01D_30S_CLK.CLK.gz: 42,465 pairs
[05:42:52] [SUCCESS] COD0OPSFIN_20243130000_01D_30S_CLK.CLK.gz: 37,930 pairs
[05:42:55] [SUCCESS] COD0OPSFIN_20243280000_01D_30S_CLK.CLK.gz: 38,207 pairs
[05:42:56] [SUCCESS] COD0OPSFIN_20243290000_01D_30S_CLK.CLK.gz: 38,763 pairs
[05:42:57] [SUCCESS] COD0OPSFIN_20243300000_01D_30S_CLK.CLK.gz: 39,039 pairs
[05:42:57] [SUCCESS] COD0OPSFIN_20243100000_01D_30S_CLK.CLK.gz: 39,882 pairs
[05:42:58] [SUCCESS] COD0OPSFIN_20243140000_01D_30S_CLK.CLK.gz: 39,883 pairs
[05:42:59] [SUCCESS] COD0OPSFIN_20243200000_01D_30S_CLK.CLK.gz: 39,601 pairs
[05:42:59] [SUCCESS] COD0OPSFIN_20243080000_01D_30S_CLK.CLK.gz: 40,731 pairs
[05:42:59] [SUCCESS] COD0OPSFIN_20243190000_01D_30S_CLK.CLK.gz: 40,166 pairs
[05:43:00] [SUCCESS] COD0OPSFIN_20243120000_01D_30S_CLK.CLK.gz: 40,166 pairs
[05:43:00] [SUCCESS] COD0OPSFIN_20243210000_01D_30S_CLK.CLK.gz: 39,883 pairs
[05:43:00] [SUCCESS] COD0OPSFIN_20243450000_01D_30S_CLK.CLK.gz: 38,206 pairs
[05:43:00] [SUCCESS] COD0OPSFIN_20243110000_01D_30S_CLK.CLK.gz: 40,735 pairs
[05:43:00] [SUCCESS] COD0OPSFIN_20243540000_01D_30S_CLK.CLK.gz: 37,929 pairs
[05:43:00] [SUCCESS] COD0OPSFIN_20243260000_01D_30S_CLK.CLK.gz: 39,600 pairs
[05:43:01] [SUCCESS] COD0OPSFIN_20243470000_01D_30S_CLK.CLK.gz: 38,484 pairs
[05:43:01] [SUCCESS] COD0OPSFIN_20243160000_01D_30S_CLK.CLK.gz: 39,881 pairs
[05:43:01] [SUCCESS] COD0OPSFIN_20243150000_01D_30S_CLK.CLK.gz: 40,449 pairs
[05:43:01] [SUCCESS] COD0OPSFIN_20243350000_01D_30S_CLK.CLK.gz: 39,600 pairs
[05:43:01] [SUCCESS] COD0OPSFIN_20243270000_01D_30S_CLK.CLK.gz: 39,881 pairs
[05:43:02] [SUCCESS] COD0OPSFIN_20243240000_01D_30S_CLK.CLK.gz: 39,886 pairs
[05:43:02] [SUCCESS] COD0OPSFIN_20243180000_01D_30S_CLK.CLK.gz: 40,733 pairs
[05:43:02] [SUCCESS] COD0OPSFIN_20243490000_01D_30S_CLK.CLK.gz: 38,480 pairs
[05:43:02] [SUCCESS] COD0OPSFIN_20243480000_01D_30S_CLK.CLK.gz: 38,759 pairs
[05:43:02] [SUCCESS] COD0OPSFIN_20243230000_01D_30S_CLK.CLK.gz: 40,448 pairs
[05:43:02] [SUCCESS] COD0OPSFIN_20243250000_01D_30S_CLK.CLK.gz: 40,448 pairs
[05:43:03] [SUCCESS] COD0OPSFIN_20243510000_01D_30S_CLK.CLK.gz: 39,039 pairs
[05:43:03] [SUCCESS] COD0OPSFIN_20243340000_01D_30S_CLK.CLK.gz: 40,447 pairs
[05:43:03] [SUCCESS] COD0OPSFIN_20243220000_01D_30S_CLK.CLK.gz: 40,731 pairs
[05:43:03] [SUCCESS] COD0OPSFIN_20250090000_01D_30S_CLK.CLK.gz: 33,390 pairs
[05:43:04] [SUCCESS] COD0OPSFIN_20243500000_01D_30S_CLK.CLK.gz: 39,319 pairs
[05:43:04] [SUCCESS] COD0OPSFIN_20243170000_01D_30S_CLK.CLK.gz: 40,735 pairs
[05:43:04] [SUCCESS] COD0OPSFIN_20243420000_01D_30S_CLK.CLK.gz: 39,886 pairs
[05:43:04] [SUCCESS] COD0OPSFIN_20243530000_01D_30S_CLK.CLK.gz: 38,758 pairs
[05:43:04] [SUCCESS] COD0OPSFIN_20243520000_01D_30S_CLK.CLK.gz: 39,319 pairs
[05:43:04] [SUCCESS] COD0OPSFIN_20243370000_01D_30S_CLK.CLK.gz: 41,306 pairs
[05:43:05] [SUCCESS] COD0OPSFIN_20243090000_01D_30S_CLK.CLK.gz: 41,879 pairs
[05:43:05] [SUCCESS] COD0OPSFIN_20243440000_01D_30S_CLK.CLK.gz: 39,319 pairs
[05:43:05] [SUCCESS] COD0OPSFIN_20243410000_01D_30S_CLK.CLK.gz: 40,452 pairs
[05:43:05] [SUCCESS] COD0OPSFIN_20243310000_01D_30S_CLK.CLK.gz: 41,884 pairs
[05:43:06] [SUCCESS] COD0OPSFIN_20243360000_01D_30S_CLK.CLK.gz: 41,883 pairs
[05:43:06] [SUCCESS] COD0OPSFIN_20243560000_01D_30S_CLK.CLK.gz: 39,601 pairs
[05:43:06] [SUCCESS] COD0OPSFIN_20243390000_01D_30S_CLK.CLK.gz: 41,020 pairs
[05:43:06] [SUCCESS] COD0OPSFIN_20243550000_01D_30S_CLK.CLK.gz: 39,040 pairs
[05:43:06] [SUCCESS] COD0OPSFIN_20243430000_01D_30S_CLK.CLK.gz: 40,449 pairs
[05:43:06] [SUCCESS] COD0OPSFIN_20243320000_01D_30S_CLK.CLK.gz: 41,884 pairs
[05:43:07] [SUCCESS] COD0OPSFIN_20243400000_01D_30S_CLK.CLK.gz: 41,021 pairs
[05:43:07] [SUCCESS] COD0OPSFIN_20243330000_01D_30S_CLK.CLK.gz: 41,879 pairs
[05:43:10] [SUCCESS] COD0OPSFIN_20243380000_01D_30S_CLK.CLK.gz: 42,755 pairs
[05:43:12] [SUCCESS] COD0OPSFIN_20250100000_01D_30S_CLK.CLK.gz: 36,030 pairs
[05:43:13] [SUCCESS] COD0OPSFIN_20250040000_01D_30S_CLK.CLK.gz: 36,838 pairs
[05:43:14] [SUCCESS] COD0OPSFIN_20250010000_01D_30S_CLK.CLK.gz: 37,108 pairs
[05:43:15] [SUCCESS] COD0OPSFIN_20250080000_01D_30S_CLK.CLK.gz: 37,355 pairs
[05:43:15] [SUCCESS] COD0OPSFIN_20243570000_01D_30S_CLK.CLK.gz: 37,110 pairs
[05:43:16] [SUCCESS] COD0OPSFIN_20250110000_01D_30S_CLK.CLK.gz: 36,838 pairs
[05:43:16] [SUCCESS] COD0OPSFIN_20243600000_01D_30S_CLK.CLK.gz: 38,485 pairs
[05:43:16] [SUCCESS] COD0OPSFIN_20243460000_01D_30S_CLK.CLK.gz: 39,601 pairs
[05:43:17] [SUCCESS] COD0OPSFIN_20250150000_01D_30S_CLK.CLK.gz: 38,484 pairs
[05:43:17] [SUCCESS] COD0OPSFIN_20243580000_01D_30S_CLK.CLK.gz: 39,041 pairs
[05:43:17] [SUCCESS] COD0OPSFIN_20250050000_01D_30S_CLK.CLK.gz: 37,381 pairs
[05:43:17] [SUCCESS] COD0OPSFIN_20250070000_01D_30S_CLK.CLK.gz: 37,931 pairs
[05:43:18] [SUCCESS] COD0OPSFIN_20243660000_01D_30S_CLK.CLK.gz: 38,205 pairs
[05:43:18] [SUCCESS] COD0OPSFIN_20250060000_01D_30S_CLK.CLK.gz: 39,040 pairs
[05:43:18] [SUCCESS] COD0OPSFIN_20250190000_01D_30S_CLK.CLK.gz: 37,931 pairs
[05:43:18] [SUCCESS] COD0OPSFIN_20243620000_01D_30S_CLK.CLK.gz: 39,041 pairs
[05:43:18] [SUCCESS] COD0OPSFIN_20243610000_01D_30S_CLK.CLK.gz: 38,762 pairs
[05:43:18] [SUCCESS] COD0OPSFIN_20250180000_01D_30S_CLK.CLK.gz: 39,602 pairs
[05:43:19] [SUCCESS] COD0OPSFIN_20250200000_01D_30S_CLK.CLK.gz: 38,762 pairs
[05:43:19] [SUCCESS] COD0OPSFIN_20250120000_01D_30S_CLK.CLK.gz: 39,600 pairs
[05:43:19] [SUCCESS] COD0OPSFIN_20250160000_01D_30S_CLK.CLK.gz: 38,761 pairs
[05:43:19] [SUCCESS] COD0OPSFIN_20243630000_01D_30S_CLK.CLK.gz: 39,041 pairs
[05:43:19] [SUCCESS] COD0OPSFIN_20243650000_01D_30S_CLK.CLK.gz: 39,319 pairs
[05:43:19] [SUCCESS] COD0OPSFIN_20250130000_01D_30S_CLK.CLK.gz: 39,041 pairs
[05:43:20] [SUCCESS] COD0OPSFIN_20243590000_01D_30S_CLK.CLK.gz: 40,166 pairs
[05:43:20] [SUCCESS] COD0OPSFIN_20250250000_01D_30S_CLK.CLK.gz: 39,042 pairs
[05:43:20] [SUCCESS] COD0OPSFIN_20250210000_01D_30S_CLK.CLK.gz: 37,383 pairs
[05:43:20] [SUCCESS] COD0OPSFIN_20250140000_01D_30S_CLK.CLK.gz: 38,207 pairs
[05:43:21] [SUCCESS] COD0OPSFIN_20250170000_01D_30S_CLK.CLK.gz: 39,039 pairs
[05:43:21] [SUCCESS] COD0OPSFIN_20250020000_01D_30S_CLK.CLK.gz: 39,040 pairs
[05:43:21] [SUCCESS] COD0OPSFIN_20250240000_01D_30S_CLK.CLK.gz: 38,762 pairs
[05:43:21] [SUCCESS] COD0OPSFIN_20250320000_01D_30S_CLK.CLK.gz: 39,319 pairs
[05:43:23] [SUCCESS] COD0OPSFIN_20250030000_01D_30S_CLK.CLK.gz: 39,599 pairs
[05:43:23] [SUCCESS] COD0OPSFIN_20250300000_01D_30S_CLK.CLK.gz: 39,602 pairs
[05:43:23] [SUCCESS] COD0OPSFIN_20250330000_01D_30S_CLK.CLK.gz: 39,040 pairs
[05:43:24] [SUCCESS] COD0OPSFIN_20243640000_01D_30S_CLK.CLK.gz: 39,883 pairs
[05:43:24] [SUCCESS] COD0OPSFIN_20250260000_01D_30S_CLK.CLK.gz: 40,450 pairs
[05:43:24] [SUCCESS] COD0OPSFIN_20250270000_01D_30S_CLK.CLK.gz: 40,167 pairs
[05:43:24] [SUCCESS] COD0OPSFIN_20250220000_01D_30S_CLK.CLK.gz: 39,322 pairs
[05:43:24] [SUCCESS] COD0OPSFIN_20250290000_01D_30S_CLK.CLK.gz: 40,166 pairs
[05:43:25] [SUCCESS] COD0OPSFIN_20250310000_01D_30S_CLK.CLK.gz: 40,446 pairs
[05:43:25] [SUCCESS] COD0OPSFIN_20250230000_01D_30S_CLK.CLK.gz: 40,169 pairs
[05:43:25] [SUCCESS] COD0OPSFIN_20250370000_01D_30S_CLK.CLK.gz: 39,882 pairs
[05:43:27] [SUCCESS] COD0OPSFIN_20250280000_01D_30S_CLK.CLK.gz: 40,166 pairs
[05:43:28] [SUCCESS] COD0OPSFIN_20250340000_01D_30S_CLK.CLK.gz: 41,307 pairs
[05:43:32] [SUCCESS] COD0OPSFIN_20250350000_01D_30S_CLK.CLK.gz: 42,174 pairs
[05:43:35] [SUCCESS] COD0OPSFIN_20250360000_01D_30S_CLK.CLK.gz: 42,174 pairs
[05:43:35] [INFO] Checkpoint saved: 768/912 files processed
[05:43:35] [PROCESS] Processing batch 5: 144 files
[05:46:18] [SUCCESS] COD0OPSFIN_20250740000_01D_30S_CLK.CLK.gz: 39,040 pairs
[05:46:18] [SUCCESS] COD0OPSFIN_20250830000_01D_30S_CLK.CLK.gz: 38,481 pairs
[05:46:18] [SUCCESS] COD0OPSFIN_20250530000_01D_30S_CLK.CLK.gz: 39,040 pairs
[05:46:19] [SUCCESS] COD0OPSFIN_20250390000_01D_30S_CLK.CLK.gz: 39,601 pairs
[05:46:19] [SUCCESS] COD0OPSFIN_20250800000_01D_30S_CLK.CLK.gz: 39,320 pairs
[05:46:19] [SUCCESS] COD0OPSFIN_20250770000_01D_30S_CLK.CLK.gz: 39,320 pairs
[05:46:20] [SUCCESS] COD0OPSFIN_20250460000_01D_30S_CLK.CLK.gz: 39,884 pairs
[05:46:21] [SUCCESS] COD0OPSFIN_20250410000_01D_30S_CLK.CLK.gz: 39,882 pairs
[05:46:21] [SUCCESS] COD0OPSFIN_20250760000_01D_30S_CLK.CLK.gz: 39,601 pairs
[05:46:22] [SUCCESS] COD0OPSFIN_20250750000_01D_30S_CLK.CLK.gz: 40,166 pairs
[05:46:22] [SUCCESS] COD0OPSFIN_20250860000_01D_30S_CLK.CLK.gz: 39,319 pairs
[05:46:22] [SUCCESS] COD0OPSFIN_20250510000_01D_30S_CLK.CLK.gz: 40,165 pairs
[05:46:22] [SUCCESS] COD0OPSFIN_20250470000_01D_30S_CLK.CLK.gz: 40,166 pairs
[05:46:22] [SUCCESS] COD0OPSFIN_20250780000_01D_30S_CLK.CLK.gz: 39,600 pairs
[05:46:22] [SUCCESS] COD0OPSFIN_20250850000_01D_30S_CLK.CLK.gz: 39,882 pairs
[05:46:23] [SUCCESS] COD0OPSFIN_20250440000_01D_30S_CLK.CLK.gz: 40,449 pairs
[05:46:23] [SUCCESS] COD0OPSFIN_20250710000_01D_30S_CLK.CLK.gz: 40,165 pairs
[05:46:23] [SUCCESS] COD0OPSFIN_20250380000_01D_30S_CLK.CLK.gz: 40,164 pairs
[05:46:23] [SUCCESS] COD0OPSFIN_20250600000_01D_30S_CLK.CLK.gz: 39,883 pairs
[05:46:23] [SUCCESS] COD0OPSFIN_20250790000_01D_30S_CLK.CLK.gz: 39,883 pairs
[05:46:24] [SUCCESS] COD0OPSFIN_20251280000_01D_30S_CLK.CLK.gz: 40,450 pairs
[05:46:24] [SUCCESS] COD0OPSFIN_20250840000_01D_30S_CLK.CLK.gz: 39,883 pairs
[05:46:24] [SUCCESS] COD0OPSFIN_20250400000_01D_30S_CLK.CLK.gz: 40,733 pairs
[05:46:24] [SUCCESS] COD0OPSFIN_20250450000_01D_30S_CLK.CLK.gz: 40,734 pairs
[05:46:24] [SUCCESS] COD0OPSFIN_20250520000_01D_30S_CLK.CLK.gz: 40,449 pairs
[05:46:24] [SUCCESS] COD0OPSFIN_20250810000_01D_30S_CLK.CLK.gz: 40,166 pairs
[05:46:25] [SUCCESS] COD0OPSFIN_20250430000_01D_30S_CLK.CLK.gz: 40,734 pairs
[05:46:25] [SUCCESS] COD0OPSFIN_20250500000_01D_30S_CLK.CLK.gz: 40,735 pairs
[05:46:25] [SUCCESS] COD0OPSFIN_20250820000_01D_30S_CLK.CLK.gz: 39,883 pairs
[05:46:25] [SUCCESS] COD0OPSFIN_20250730000_01D_30S_CLK.CLK.gz: 40,734 pairs
[05:46:25] [SUCCESS] COD0OPSFIN_20250490000_01D_30S_CLK.CLK.gz: 41,021 pairs
[05:46:25] [SUCCESS] COD0OPSFIN_20251310000_01D_30S_CLK.CLK.gz: 40,734 pairs
[05:46:26] [SUCCESS] COD0OPSFIN_20250700000_01D_30S_CLK.CLK.gz: 40,449 pairs
[05:46:26] [SUCCESS] COD0OPSFIN_20250680000_01D_30S_CLK.CLK.gz: 40,734 pairs
[05:46:26] [SUCCESS] COD0OPSFIN_20250480000_01D_30S_CLK.CLK.gz: 40,449 pairs
[05:46:27] [SUCCESS] COD0OPSFIN_20250420000_01D_30S_CLK.CLK.gz: 41,020 pairs
[05:46:27] [SUCCESS] COD0OPSFIN_20250540000_01D_30S_CLK.CLK.gz: 41,017 pairs
[05:46:27] [SUCCESS] COD0OPSFIN_20250620000_01D_30S_CLK.CLK.gz: 40,733 pairs
[05:46:27] [SUCCESS] COD0OPSFIN_20251050000_01D_30S_CLK.CLK.gz: 40,449 pairs
[05:46:28] [SUCCESS] COD0OPSFIN_20250610000_01D_30S_CLK.CLK.gz: 41,020 pairs
[05:46:28] [SUCCESS] COD0OPSFIN_20250570000_01D_30S_CLK.CLK.gz: 41,020 pairs
[05:46:28] [SUCCESS] COD0OPSFIN_20250590000_01D_30S_CLK.CLK.gz: 41,307 pairs
[05:46:28] [SUCCESS] COD0OPSFIN_20250720000_01D_30S_CLK.CLK.gz: 40,734 pairs
[05:46:28] [SUCCESS] COD0OPSFIN_20250690000_01D_30S_CLK.CLK.gz: 40,449 pairs
[05:46:30] [SUCCESS] COD0OPSFIN_20250550000_01D_30S_CLK.CLK.gz: 41,595 pairs
[05:46:31] [SUCCESS] COD0OPSFIN_20250580000_01D_30S_CLK.CLK.gz: 41,596 pairs
[05:46:33] [SUCCESS] COD0OPSFIN_20250630000_01D_30S_CLK.CLK.gz: 41,883 pairs
[05:46:36] [SUCCESS] COD0OPSFIN_20251020000_01D_30S_CLK.CLK.gz: 38,761 pairs
[05:46:37] [SUCCESS] COD0OPSFIN_20250870000_01D_30S_CLK.CLK.gz: 38,760 pairs
[05:46:39] [SUCCESS] COD0OPSFIN_20251000000_01D_30S_CLK.CLK.gz: 39,319 pairs
[05:46:39] [SUCCESS] COD0OPSFIN_20251240000_01D_30S_CLK.CLK.gz: 39,320 pairs
[05:46:39] [SUCCESS] COD0OPSFIN_20251010000_01D_30S_CLK.CLK.gz: 39,320 pairs
[05:46:39] [SUCCESS] COD0OPSFIN_20251110000_01D_30S_CLK.CLK.gz: 39,600 pairs
[05:46:39] [SUCCESS] COD0OPSFIN_20250930000_01D_30S_CLK.CLK.gz: 39,319 pairs
[05:46:39] [SUCCESS] COD0OPSFIN_20251270000_01D_30S_CLK.CLK.gz: 39,882 pairs
[05:46:40] [SUCCESS] COD0OPSFIN_20251060000_01D_30S_CLK.CLK.gz: 39,882 pairs
[05:46:40] [SUCCESS] COD0OPSFIN_20250900000_01D_30S_CLK.CLK.gz: 39,883 pairs
[05:46:40] [SUCCESS] COD0OPSFIN_20250670000_01D_30S_CLK.CLK.gz: 40,165 pairs
[05:46:40] [SUCCESS] COD0OPSFIN_20251040000_01D_30S_CLK.CLK.gz: 40,165 pairs
[05:46:40] [SUCCESS] COD0OPSFIN_20251260000_01D_30S_CLK.CLK.gz: 39,601 pairs
[05:46:40] [SUCCESS] COD0OPSFIN_20250960000_01D_30S_CLK.CLK.gz: 39,882 pairs
[05:46:40] [SUCCESS] COD0OPSFIN_20250920000_01D_30S_CLK.CLK.gz: 39,600 pairs
[05:46:40] [SUCCESS] COD0OPSFIN_20251230000_01D_30S_CLK.CLK.gz: 40,165 pairs
[05:46:40] [SUCCESS] COD0OPSFIN_20250890000_01D_30S_CLK.CLK.gz: 40,449 pairs
[05:46:41] [SUCCESS] COD0OPSFIN_20251170000_01D_30S_CLK.CLK.gz: 40,449 pairs
[05:46:41] [SUCCESS] COD0OPSFIN_20251220000_01D_30S_CLK.CLK.gz: 39,597 pairs
[05:46:41] [SUCCESS] COD0OPSFIN_20251190000_01D_30S_CLK.CLK.gz: 40,165 pairs
[05:46:41] [SUCCESS] COD0OPSFIN_20251210000_01D_30S_CLK.CLK.gz: 39,319 pairs
[05:46:41] [SUCCESS] COD0OPSFIN_20251080000_01D_30S_CLK.CLK.gz: 40,165 pairs
[05:46:41] [SUCCESS] COD0OPSFIN_20251300000_01D_30S_CLK.CLK.gz: 40,449 pairs
[05:46:41] [SUCCESS] COD0OPSFIN_20251090000_01D_30S_CLK.CLK.gz: 40,165 pairs
[05:46:41] [SUCCESS] COD0OPSFIN_20250970000_01D_30S_CLK.CLK.gz: 40,734 pairs
[05:46:42] [SUCCESS] COD0OPSFIN_20250980000_01D_30S_CLK.CLK.gz: 40,734 pairs
[05:46:42] [SUCCESS] COD0OPSFIN_20251140000_01D_30S_CLK.CLK.gz: 40,734 pairs
[05:46:42] [SUCCESS] COD0OPSFIN_20250990000_01D_30S_CLK.CLK.gz: 40,165 pairs
[05:46:42] [SUCCESS] COD0OPSFIN_20250940000_01D_30S_CLK.CLK.gz: 40,165 pairs
[05:46:42] [SUCCESS] COD0OPSFIN_20251030000_01D_30S_CLK.CLK.gz: 40,449 pairs
[05:46:43] [SUCCESS] COD0OPSFIN_20250910000_01D_30S_CLK.CLK.gz: 40,449 pairs
[05:46:43] [SUCCESS] COD0OPSFIN_20251250000_01D_30S_CLK.CLK.gz: 40,164 pairs
[05:46:43] [SUCCESS] COD0OPSFIN_20251330000_01D_30S_CLK.CLK.gz: 40,165 pairs
[05:46:43] [SUCCESS] COD0OPSFIN_20251320000_01D_30S_CLK.CLK.gz: 40,165 pairs
[05:46:43] [SUCCESS] COD0OPSFIN_20250880000_01D_30S_CLK.CLK.gz: 40,165 pairs
[05:46:43] [SUCCESS] COD0OPSFIN_20251150000_01D_30S_CLK.CLK.gz: 41,020 pairs
[05:46:43] [SUCCESS] COD0OPSFIN_20251070000_01D_30S_CLK.CLK.gz: 40,734 pairs
[05:46:43] [SUCCESS] COD0OPSFIN_20251100000_01D_30S_CLK.CLK.gz: 40,449 pairs
[05:46:43] [SUCCESS] COD0OPSFIN_20250560000_01D_30S_CLK.CLK.gz: 41,020 pairs
[05:46:44] [SUCCESS] COD0OPSFIN_20251200000_01D_30S_CLK.CLK.gz: 40,447 pairs
[05:46:44] [SUCCESS] COD0OPSFIN_20251130000_01D_30S_CLK.CLK.gz: 41,020 pairs
[05:46:44] [SUCCESS] COD0OPSFIN_20251180000_01D_30S_CLK.CLK.gz: 40,729 pairs
[05:46:44] [SUCCESS] COD0OPSFIN_20251290000_01D_30S_CLK.CLK.gz: 40,734 pairs
[05:46:44] [SUCCESS] COD0OPSFIN_20250650000_01D_30S_CLK.CLK.gz: 42,174 pairs
[05:46:44] [SUCCESS] COD0OPSFIN_20250640000_01D_30S_CLK.CLK.gz: 41,307 pairs
[05:46:45] [SUCCESS] COD0OPSFIN_20251120000_01D_30S_CLK.CLK.gz: 41,307 pairs
[05:46:45] [SUCCESS] COD0OPSFIN_20250950000_01D_30S_CLK.CLK.gz: 41,020 pairs
[05:46:45] [SUCCESS] COD0OPSFIN_20251160000_01D_30S_CLK.CLK.gz: 40,734 pairs
[05:46:47] [SUCCESS] COD0OPSFIN_20250660000_01D_30S_CLK.CLK.gz: 41,307 pairs
[05:48:10] [SUCCESS] COD0OPSFIN_20251580000_01D_30S_CLK.CLK.gz: 38,485 pairs
[05:48:11] [SUCCESS] COD0OPSFIN_20251700000_01D_30S_CLK.CLK.gz: 37,933 pairs
[05:48:12] [SUCCESS] COD0OPSFIN_20251430000_01D_30S_CLK.CLK.gz: 39,602 pairs
[05:48:12] [SUCCESS] COD0OPSFIN_20251660000_01D_30S_CLK.CLK.gz: 38,485 pairs
[05:48:12] [SUCCESS] COD0OPSFIN_20251450000_01D_30S_CLK.CLK.gz: 40,167 pairs
[05:48:12] [SUCCESS] COD0OPSFIN_20251530000_01D_30S_CLK.CLK.gz: 39,042 pairs
[05:48:12] [SUCCESS] COD0OPSFIN_20251510000_01D_30S_CLK.CLK.gz: 39,042 pairs
[05:48:13] [SUCCESS] COD0OPSFIN_20251410000_01D_30S_CLK.CLK.gz: 39,599 pairs
[05:48:14] [SUCCESS] COD0OPSFIN_20251650000_01D_30S_CLK.CLK.gz: 37,382 pairs
[05:48:14] [SUCCESS] COD0OPSFIN_20251720000_01D_30S_CLK.CLK.gz: 38,761 pairs
[05:48:14] [SUCCESS] COD0OPSFIN_20251520000_01D_30S_CLK.CLK.gz: 40,450 pairs
[05:48:14] [SUCCESS] COD0OPSFIN_20251540000_01D_30S_CLK.CLK.gz: 40,452 pairs
[05:48:15] [SUCCESS] COD0OPSFIN_20251630000_01D_30S_CLK.CLK.gz: 39,603 pairs
[05:48:16] [SUCCESS] COD0OPSFIN_20251550000_01D_30S_CLK.CLK.gz: 40,167 pairs
[05:48:16] [SUCCESS] COD0OPSFIN_20251570000_01D_30S_CLK.CLK.gz: 39,322 pairs
[05:48:16] [SUCCESS] COD0OPSFIN_20251600000_01D_30S_CLK.CLK.gz: 39,322 pairs
[05:48:16] [SUCCESS] COD0OPSFIN_20251690000_01D_30S_CLK.CLK.gz: 38,485 pairs
[05:48:16] [SUCCESS] COD0OPSFIN_20251420000_01D_30S_CLK.CLK.gz: 39,321 pairs
[05:48:16] [SUCCESS] COD0OPSFIN_20251500000_01D_30S_CLK.CLK.gz: 40,452 pairs
[05:48:16] [SUCCESS] COD0OPSFIN_20251590000_01D_30S_CLK.CLK.gz: 39,885 pairs
[05:48:17] [SUCCESS] COD0OPSFIN_20251370000_01D_30S_CLK.CLK.gz: 40,167 pairs
[05:48:17] [SUCCESS] COD0OPSFIN_20251470000_01D_30S_CLK.CLK.gz: 40,164 pairs
[05:48:17] [SUCCESS] COD0OPSFIN_20251790000_01D_30S_CLK.CLK.gz: 37,933 pairs
[05:48:17] [SUCCESS] COD0OPSFIN_20251680000_01D_30S_CLK.CLK.gz: 39,321 pairs
[05:48:17] [SUCCESS] COD0OPSFIN_20251610000_01D_30S_CLK.CLK.gz: 39,323 pairs
[05:48:17] [SUCCESS] COD0OPSFIN_20251620000_01D_30S_CLK.CLK.gz: 38,763 pairs
[05:48:17] [SUCCESS] COD0OPSFIN_20251740000_01D_30S_CLK.CLK.gz: 39,042 pairs
[05:48:17] [SUCCESS] COD0OPSFIN_20251440000_01D_30S_CLK.CLK.gz: 40,451 pairs
[05:48:18] [SUCCESS] COD0OPSFIN_20251640000_01D_30S_CLK.CLK.gz: 38,763 pairs
[05:48:18] [SUCCESS] COD0OPSFIN_20251350000_01D_30S_CLK.CLK.gz: 40,450 pairs
[05:48:18] [SUCCESS] COD0OPSFIN_20251560000_01D_30S_CLK.CLK.gz: 39,603 pairs
[05:48:18] [SUCCESS] COD0OPSFIN_20251460000_01D_30S_CLK.CLK.gz: 39,603 pairs
[05:48:18] [SUCCESS] COD0OPSFIN_20251670000_01D_30S_CLK.CLK.gz: 39,603 pairs
[05:48:18] [SUCCESS] COD0OPSFIN_20251810000_01D_30S_CLK.CLK.gz: 37,111 pairs
[05:48:19] [SUCCESS] COD0OPSFIN_20251770000_01D_30S_CLK.CLK.gz: 37,658 pairs
[05:48:19] [SUCCESS] COD0OPSFIN_20251340000_01D_30S_CLK.CLK.gz: 40,448 pairs
[05:48:19] [SUCCESS] COD0OPSFIN_20251750000_01D_30S_CLK.CLK.gz: 38,763 pairs
[05:48:19] [SUCCESS] COD0OPSFIN_20251490000_01D_30S_CLK.CLK.gz: 40,452 pairs
[05:48:19] [SUCCESS] COD0OPSFIN_20251390000_01D_30S_CLK.CLK.gz: 41,019 pairs
[05:48:19] [SUCCESS] COD0OPSFIN_20251480000_01D_30S_CLK.CLK.gz: 39,885 pairs
[05:48:19] [SUCCESS] COD0OPSFIN_20251400000_01D_30S_CLK.CLK.gz: 41,018 pairs
[05:48:19] [SUCCESS] COD0OPSFIN_20251360000_01D_30S_CLK.CLK.gz: 40,733 pairs
[05:48:19] [SUCCESS] COD0OPSFIN_20251800000_01D_30S_CLK.CLK.gz: 39,886 pairs
[05:48:20] [SUCCESS] COD0OPSFIN_20251760000_01D_30S_CLK.CLK.gz: 37,932 pairs
[05:48:21] [SUCCESS] COD0OPSFIN_20251380000_01D_30S_CLK.CLK.gz: 41,597 pairs
[05:48:21] [SUCCESS] COD0OPSFIN_20251710000_01D_30S_CLK.CLK.gz: 39,603 pairs
[05:48:25] [SUCCESS] COD0OPSFIN_20251780000_01D_30S_CLK.CLK.gz: 39,322 pairs
[05:48:25] [SUCCESS] COD0OPSFIN_20251730000_01D_30S_CLK.CLK.gz: 40,451 pairs
[05:48:25] [INFO] Checkpoint saved: 912/912 files processed
[05:48:25] [SUCCESS] Total kept pairs: 39,068,753 from 912 files
[05:48:25] [INFO] Cleaned up checkpoint file
[05:48:25] [INFO] Phase coherence vs distance:
[05:48:25] [INFO] Distance (km) | Mean Coherence | Count
[05:48:25] [INFO] ----------------------------------------
[05:48:25] [INFO]     69.7 |     0.083155 |   6736
[05:48:25] [INFO]     95.6 |     0.034677 |   3656
[05:48:25] [INFO]    117.4 |     0.066556 |  11125
[05:48:25] [INFO]    142.6 |     0.035490 |   5600
[05:48:25] [INFO]    161.0 |    -0.076108 |  13785
[05:48:25] [INFO]    184.1 |     0.140738 |   6295
[05:48:25] [INFO]    230.1 |     0.134883 |  39643
[05:48:25] [INFO]    284.8 |     0.066552 |  45185
[05:48:25] [INFO]    327.6 |     0.157593 |  45506
[05:48:25] [INFO]    405.3 |     0.078160 | 123141
[05:48:25] [INFO]    540.3 |     0.114350 | 186183
[05:48:25] [INFO]    660.2 |     0.086302 | 136964
[05:48:25] [INFO]    753.2 |     0.056170 | 138850
[05:48:25] [INFO]    933.8 |     0.053663 | 460178
[05:48:25] [INFO]   1141.6 |     0.052573 | 317828
[05:48:25] [INFO]   1309.7 |     0.069104 | 322744
[05:48:25] [INFO]   1507.3 |     0.069510 | 332609
[05:48:25] [INFO]   1873.6 |     0.052709 | 927732
[05:48:25] [INFO]   2289.5 |     0.046566 | 565609
[05:48:25] [INFO]   2639.4 |     0.050257 | 568379
[05:48:25] [INFO]   3272.2 |     0.031388 | 1543834
[05:48:25] [INFO]   4001.4 |     0.036520 | 980831
[05:48:25] [INFO]   4965.5 |     0.014038 | 2937003
[05:48:25] [INFO]   6081.7 |     0.008275 | 2008869
[05:48:25] [INFO]   6989.3 |     0.005654 | 2563629
[05:48:25] [INFO]   8022.1 |    -0.000978 | 3888575
[05:48:25] [INFO]   9814.3 |    -0.010390 | 8009391
[05:48:25] [INFO]  12147.9 |    -0.010903 | 3849597
[05:48:25] [DEBUG] DEBUG: Number of bins for fitting (len(distances)): 28
[05:48:25] [DEBUG] DEBUG: Minimum required bins (min_bin_count): 50
[05:48:25] [INFO] Model Comparison Results:
[05:48:25] [INFO] Model           | AIC      | BIC      | R²     | ΔAIC
[05:48:25] [INFO] ----------------|----------|----------|--------|--------
[05:48:25] [INFO] Exponential     |   118.87 |   122.87 |  0.920 |   0.00
[05:48:25] [INFO] Matérn (ν=1.5)  |   120.62 |   124.62 |  0.915 |   1.75
[05:48:25] [INFO] Matérn (ν=2.5)  |   121.74 |   125.73 |  0.912 |   2.86
[05:48:25] [INFO] Power Law w/ Cutoff |   121.90 |   127.23 |  0.918 |   3.03
[05:48:25] [INFO] Gaussian        |   124.39 |   128.39 |  0.903 |   5.52
[05:48:25] [INFO] Squared Exponential |   124.39 |   128.39 |  0.903 |   5.52
[05:48:25] [INFO] Power Law       |   129.61 |   133.60 |  0.883 |  10.73
[05:48:25] [INFO] Jackknife analysis: λ = 4538.6 ± 295.7 km (20 samples)
[05:48:25] [INFO] Core correlation analysis complete. Run Step 4 for geospatial aggregation, then Step 5 for advanced statistical validation.
[05:48:25] [SUCCESS] BEST MODEL FIT RESULTS:
[05:48:25] [INFO]   Best Model: Exponential (AIC winner)
[05:48:25] [INFO]   Amplitude (A): 0.113801 ± 0.006692
[05:48:25] [INFO]   Correlation Length (λ): 4548.6 ± 863.9 km
[05:48:25] [INFO]   Offset (C₀): -0.021333 ± 0.006422
[05:48:25] [INFO]   R-squared: 0.9205
[05:48:25] [SUCCESS] TEP-consistent signal detected
[05:48:25] [INFO]   Exponential model: λ = 4549 km is in TEP range
[05:48:25] [INFO]   R² = 0.920 indicates strong correlation structure
[05:48:25] [INFO]   Phase-coherent analysis supports TEP predictions
[05:48:25] [SUCCESS] Binned data saved: /mnt/data/results/outputs/step_2_0_correlation_data_code.csv
[05:48:25] [INFO] Merging individual file: step_2_0_pairs_code_COD0OPSFIN_20233530000_01D_30S_CLK.CLK.gz.csv
[05:48:26] [DEBUG] Cleaned up individual file: step_2_0_pairs_code_COD0OPSFIN_20233530000_01D_30S_CLK.CLK.gz.csv
[05:48:26] [INFO] Merging individual file: step_2_0_pairs_code_COD0OPSFIN_20232410000_01D_30S_CLK.CLK.gz.csv
[05:48:26] [DEBUG] Cleaned up individual file: step_2_0_pairs_code_COD0OPSFIN_20232410000_01D_30S_CLK.CLK.gz.csv
[05:48:26] [INFO] Merging individual file: step_2_0_pairs_code_COD0OPSFIN_20240130000_01D_30S_CLK.CLK.gz.csv
[05:48:26] [DEBUG] Cleaned up individual file: step_2_0_pairs_code_COD0OPSFIN_20240130000_01D_30S_CLK.CLK.gz.csv
[05:48:26] [INFO] Merging individual file: step_2_0_pairs_code_COD0OPSFIN_20240420000_01D_30S_CLK.CLK.gz.csv
[05:48:26] [DEBUG] Cleaned up individual file: step_2_0_pairs_code_COD0OPSFIN_20240420000_01D_30S_CLK.CLK.gz.csv
[05:48:26] [INFO] Merging individual file: step_2_0_pairs_code_COD0OPSFIN_20251340000_01D_30S_CLK.CLK.gz.csv
[05:48:27] [DEBUG] Cleaned up individual file: step_2_0_pairs_code_COD0OPSFIN_20251340000_01D_30S_CLK.CLK.gz.csv
[05:48:27] [INFO] Merging individual file: step_2_0_pairs_code_COD0OPSFIN_20233420000_01D_30S_CLK.CLK.gz.csv
[05:48:27] [DEBUG] Cleaned up individual file: step_2_0_pairs_code_COD0OPSFIN_20233420000_01D_30S_CLK.CLK.gz.csv
[05:48:27] [INFO] Merging individual file: step_2_0_pairs_code_COD0OPSFIN_20240390000_01D_30S_CLK.CLK.gz.csv
[05:48:27] [DEBUG] Cleaned up individual file: step_2_0_pairs_code_COD0OPSFIN_20240390000_01D_30S_CLK.CLK.gz.csv
[05:48:27] [INFO] Merging individual file: step_2_0_pairs_code_COD0OPSFIN_20241030000_01D_30S_CLK.CLK.gz.csv
[05:48:28] [DEBUG] Cleaned up individual file: step_2_0_pairs_code_COD0OPSFIN_20241030000_01D_30S_CLK.CLK.gz.csv
[05:48:28] [INFO] Merging individual file: step_2_0_pairs_code_COD0OPSFIN_20232340000_01D_30S_CLK.CLK.gz.csv
[05:48:28] [DEBUG] Cleaned up individual file: step_2_0_pairs_code_COD0OPSFIN_20232340000_01D_30S_CLK.CLK.gz.csv
[05:48:28] [INFO] Merging individual file: step_2_0_pairs_code_COD0OPSFIN_20241370000_01D_30S_CLK.CLK.gz.csv
[05:48:28] [DEBUG] Cleaned up individual file: step_2_0_pairs_code_COD0OPSFIN_20241370000_01D_30S_CLK.CLK.gz.csv
[05:48:28] [INFO] Merging individual file: step_2_0_pairs_code_COD0OPSFIN_20240040000_01D_30S_CLK.CLK.gz.csv
[05:48:28] [DEBUG] Cleaned up individual file: step_2_0_pairs_code_COD0OPSFIN_20240040000_01D_30S_CLK.CLK.gz.csv
[05:48:28] [INFO] Merging individual file: step_2_0_pairs_code_COD0OPSFIN_20233570000_01D_30S_CLK.CLK.gz.csv
[05:48:29] [DEBUG] Cleaned up individual file: step_2_0_pairs_code_COD0OPSFIN_20233570000_01D_30S_CLK.CLK.gz.csv
[05:48:29] [INFO] Merging individual file: step_2_0_pairs_code_COD0OPSFIN_20230100000_01D_30S_CLK.CLK.gz.csv
[05:48:29] [DEBUG] Cleaned up individual file: step_2_0_pairs_code_COD0OPSFIN_20230100000_01D_30S_CLK.CLK.gz.csv
[05:48:29] [INFO] Merging individual file: step_2_0_pairs_code_COD0OPSFIN_20243550000_01D_30S_CLK.CLK.gz.csv
[05:48:29] [DEBUG] Cleaned up individual file: step_2_0_pairs_code_COD0OPSFIN_20243550000_01D_30S_CLK.CLK.gz.csv
[05:48:29] [INFO] Merging individual file: step_2_0_pairs_code_COD0OPSFIN_20231500000_01D_30S_CLK.CLK.gz.csv
[05:48:29] [DEBUG] Cleaned up individual file: step_2_0_pairs_code_COD0OPSFIN_20231500000_01D_30S_CLK.CLK.gz.csv
[05:48:29] [INFO] Merging individual file: step_2_0_pairs_code_COD0OPSFIN_20250500000_01D_30S_CLK.CLK.gz.csv
[05:48:30] [DEBUG] Cleaned up individual file: step_2_0_pairs_code_COD0OPSFIN_20250500000_01D_30S_CLK.CLK.gz.csv
[05:48:30] [INFO] Merging individual file: step_2_0_pairs_code_COD0OPSFIN_20241920000_01D_30S_CLK.CLK.gz.csv
[05:48:30] [DEBUG] Cleaned up individual file: step_2_0_pairs_code_COD0OPSFIN_20241920000_01D_30S_CLK.CLK.gz.csv
[05:48:30] [INFO] Merging individual file: step_2_0_pairs_code_COD0OPSFIN_20233630000_01D_30S_CLK.CLK.gz.csv
[05:48:30] [DEBUG] Cleaned up individual file: step_2_0_pairs_code_COD0OPSFIN_20233630000_01D_30S_CLK.CLK.gz.csv
[05:48:30] [INFO] Merging individual file: step_2_0_pairs_code_COD0OPSFIN_20242350000_01D_30S_CLK.CLK.gz.csv
[05:48:30] [DEBUG] Cleaned up individual file: step_2_0_pairs_code_COD0OPSFIN_20242350000_01D_30S_CLK.CLK.gz.csv
[05:48:30] [INFO] Merging individual file: step_2_0_pairs_code_COD0OPSFIN_20251530000_01D_30S_CLK.CLK.gz.csv
[05:48:31] [DEBUG] Cleaned up individual file: step_2_0_pairs_code_COD0OPSFIN_20251530000_01D_30S_CLK.CLK.gz.csv
[05:48:31] [INFO] Merging individual file: step_2_0_pairs_code_COD0OPSFIN_20251060000_01D_30S_CLK.CLK.gz.csv
[05:48:31] [DEBUG] Cleaned up individual file: step_2_0_pairs_code_COD0OPSFIN_20251060000_01D_30S_CLK.CLK.gz.csv
[05:48:31] [INFO] Merging individual file: step_2_0_pairs_code_COD0OPSFIN_20231190000_01D_30S_CLK.CLK.gz.csv
[05:48:31] [DEBUG] Cleaned up individual file: step_2_0_pairs_code_COD0OPSFIN_20231190000_01D_30S_CLK.CLK.gz.csv
[05:48:31] [INFO] Merging individual file: step_2_0_pairs_code_COD0OPSFIN_20230970000_01D_30S_CLK.CLK.gz.csv
[05:48:31] [DEBUG] Cleaned up individual file: step_2_0_pairs_code_COD0OPSFIN_20230970000_01D_30S_CLK.CLK.gz.csv
[05:48:31] [INFO] Merging individual file: step_2_0_pairs_code_COD0OPSFIN_20242240000_01D_30S_CLK.CLK.gz.csv
[05:48:32] [DEBUG] Cleaned up individual file: step_2_0_pairs_code_COD0OPSFIN_20242240000_01D_30S_CLK.CLK.gz.csv
[05:48:32] [INFO] Merging individual file: step_2_0_pairs_code_COD0OPSFIN_20230860000_01D_30S_CLK.CLK.gz.csv
[05:48:32] [DEBUG] Cleaned up individual file: step_2_0_pairs_code_COD0OPSFIN_20230860000_01D_30S_CLK.CLK.gz.csv
[05:48:32] [INFO] Merging individual file: step_2_0_pairs_code_COD0OPSFIN_20241560000_01D_30S_CLK.CLK.gz.csv
[05:48:32] [DEBUG] Cleaned up individual file: step_2_0_pairs_code_COD0OPSFIN_20241560000_01D_30S_CLK.CLK.gz.csv
[05:48:32] [INFO] Merging individual file: step_2_0_pairs_code_COD0OPSFIN_20242270000_01D_30S_CLK.CLK.gz.csv
[05:48:33] [DEBUG] Cleaned up individual file: step_2_0_pairs_code_COD0OPSFIN_20242270000_01D_30S_CLK.CLK.gz.csv
[05:48:33] [INFO] Merging individual file: step_2_0_pairs_code_COD0OPSFIN_20233240000_01D_30S_CLK.CLK.gz.csv
[05:48:33] [DEBUG] Cleaned up individual file: step_2_0_pairs_code_COD0OPSFIN_20233240000_01D_30S_CLK.CLK.gz.csv
[05:48:33] [INFO] Merging individual file: step_2_0_pairs_code_COD0OPSFIN_20241960000_01D_30S_CLK.CLK.gz.csv
[05:48:33] [DEBUG] Cleaned up individual file: step_2_0_pairs_code_COD0OPSFIN_20241960000_01D_30S_CLK.CLK.gz.csv
[05:48:33] [INFO] Merging individual file: step_2_0_pairs_code_COD0OPSFIN_20240990000_01D_30S_CLK.CLK.gz.csv
[05:48:33] [DEBUG] Cleaned up individual file: step_2_0_pairs_code_COD0OPSFIN_20240990000_01D_30S_CLK.CLK.gz.csv
[05:48:33] [INFO] Merging individual file: step_2_0_pairs_code_COD0OPSFIN_20243240000_01D_30S_CLK.CLK.gz.csv
[05:48:34] [DEBUG] Cleaned up individual file: step_2_0_pairs_code_COD0OPSFIN_20243240000_01D_30S_CLK.CLK.gz.csv
[05:48:34] [INFO] Merging individual file: step_2_0_pairs_code_COD0OPSFIN_20231950000_01D_30S_CLK.CLK.gz.csv
[05:48:34] [DEBUG] Cleaned up individual file: step_2_0_pairs_code_COD0OPSFIN_20231950000_01D_30S_CLK.CLK.gz.csv
[05:48:34] [INFO] Merging individual file: step_2_0_pairs_code_COD0OPSFIN_20250730000_01D_30S_CLK.CLK.gz.csv
[05:48:34] [DEBUG] Cleaned up individual file: step_2_0_pairs_code_COD0OPSFIN_20250730000_01D_30S_CLK.CLK.gz.csv
[05:48:34] [INFO] Merging individual file: step_2_0_pairs_code_COD0OPSFIN_20242050000_01D_30S_CLK.CLK.gz.csv
[05:48:34] [DEBUG] Cleaned up individual file: step_2_0_pairs_code_COD0OPSFIN_20242050000_01D_30S_CLK.CLK.gz.csv
[05:48:34] [INFO] Merging individual file: step_2_0_pairs_code_COD0OPSFIN_20231910000_01D_30S_CLK.CLK.gz.csv
[05:48:35] [DEBUG] Cleaned up individual file: step_2_0_pairs_code_COD0OPSFIN_20231910000_01D_30S_CLK.CLK.gz.csv
[05:48:35] [INFO] Merging individual file: step_2_0_pairs_code_COD0OPSFIN_20251480000_01D_30S_CLK.CLK.gz.csv
[05:48:35] [DEBUG] Cleaned up individual file: step_2_0_pairs_code_COD0OPSFIN_20251480000_01D_30S_CLK.CLK.gz.csv
[05:48:35] [INFO] Merging individual file: step_2_0_pairs_code_COD0OPSFIN_20250390000_01D_30S_CLK.CLK.gz.csv
[05:48:35] [DEBUG] Cleaned up individual file: step_2_0_pairs_code_COD0OPSFIN_20250390000_01D_30S_CLK.CLK.gz.csv
[05:48:35] [INFO] Merging individual file: step_2_0_pairs_code_COD0OPSFIN_20230790000_01D_30S_CLK.CLK.gz.csv
[05:48:35] [DEBUG] Cleaned up individual file: step_2_0_pairs_code_COD0OPSFIN_20230790000_01D_30S_CLK.CLK.gz.csv
[05:48:35] [INFO] Merging individual file: step_2_0_pairs_code_COD0OPSFIN_20243410000_01D_30S_CLK.CLK.gz.csv
[05:48:36] [DEBUG] Cleaned up individual file: step_2_0_pairs_code_COD0OPSFIN_20243410000_01D_30S_CLK.CLK.gz.csv
[05:48:36] [INFO] Merging individual file: step_2_0_pairs_code_COD0OPSFIN_20251550000_01D_30S_CLK.CLK.gz.csv
[05:48:36] [DEBUG] Cleaned up individual file: step_2_0_pairs_code_COD0OPSFIN_20251550000_01D_30S_CLK.CLK.gz.csv
[05:48:36] [INFO] Merging individual file: step_2_0_pairs_code_COD0OPSFIN_20242860000_01D_30S_CLK.CLK.gz.csv
[05:48:36] [DEBUG] Cleaned up individual file: step_2_0_pairs_code_COD0OPSFIN_20242860000_01D_30S_CLK.CLK.gz.csv
[05:48:36] [INFO] Merging individual file: step_2_0_pairs_code_COD0OPSFIN_20242810000_01D_30S_CLK.CLK.gz.csv
[05:48:36] [DEBUG] Cleaned up individual file: step_2_0_pairs_code_COD0OPSFIN_20242810000_01D_30S_CLK.CLK.gz.csv
[05:48:36] [INFO] Merging individual file: step_2_0_pairs_code_COD0OPSFIN_20242420000_01D_30S_CLK.CLK.gz.csv
[05:48:37] [DEBUG] Cleaned up individual file: step_2_0_pairs_code_COD0OPSFIN_20242420000_01D_30S_CLK.CLK.gz.csv
[05:48:37] [INFO] Merging individual file: step_2_0_pairs_code_COD0OPSFIN_20240450000_01D_30S_CLK.CLK.gz.csv
[05:48:37] [DEBUG] Cleaned up individual file: step_2_0_pairs_code_COD0OPSFIN_20240450000_01D_30S_CLK.CLK.gz.csv
[05:48:37] [INFO] Merging individual file: step_2_0_pairs_code_COD0OPSFIN_20250920000_01D_30S_CLK.CLK.gz.csv
[05:48:37] [DEBUG] Cleaned up individual file: step_2_0_pairs_code_COD0OPSFIN_20250920000_01D_30S_CLK.CLK.gz.csv
[05:48:37] [INFO] Merging individual file: step_2_0_pairs_code_COD0OPSFIN_20242130000_01D_30S_CLK.CLK.gz.csv
[05:48:37] [DEBUG] Cleaned up individual file: step_2_0_pairs_code_COD0OPSFIN_20242130000_01D_30S_CLK.CLK.gz.csv
[05:48:37] [INFO] Merging individual file: step_2_0_pairs_code_COD0OPSFIN_20240580000_01D_30S_CLK.CLK.gz.csv
[05:48:38] [DEBUG] Cleaned up individual file: step_2_0_pairs_code_COD0OPSFIN_20240580000_01D_30S_CLK.CLK.gz.csv
[05:48:38] [INFO] Merging individual file: step_2_0_pairs_code_COD0OPSFIN_20242280000_01D_30S_CLK.CLK.gz.csv
[05:48:38] [DEBUG] Cleaned up individual file: step_2_0_pairs_code_COD0OPSFIN_20242280000_01D_30S_CLK.CLK.gz.csv
[05:48:38] [INFO] Merging individual file: step_2_0_pairs_code_COD0OPSFIN_20232070000_01D_30S_CLK.CLK.gz.csv
[05:48:38] [DEBUG] Cleaned up individual file: step_2_0_pairs_code_COD0OPSFIN_20232070000_01D_30S_CLK.CLK.gz.csv
[05:48:38] [INFO] Merging individual file: step_2_0_pairs_code_COD0OPSFIN_20232310000_01D_30S_CLK.CLK.gz.csv
[05:48:39] [DEBUG] Cleaned up individual file: step_2_0_pairs_code_COD0OPSFIN_20232310000_01D_30S_CLK.CLK.gz.csv
[05:48:39] [INFO] Merging individual file: step_2_0_pairs_code_COD0OPSFIN_20250350000_01D_30S_CLK.CLK.gz.csv
[05:48:39] [DEBUG] Cleaned up individual file: step_2_0_pairs_code_COD0OPSFIN_20250350000_01D_30S_CLK.CLK.gz.csv
[05:48:39] [INFO] Merging individual file: step_2_0_pairs_code_COD0OPSFIN_20250760000_01D_30S_CLK.CLK.gz.csv
[05:48:39] [DEBUG] Cleaned up individual file: step_2_0_pairs_code_COD0OPSFIN_20250760000_01D_30S_CLK.CLK.gz.csv
[05:48:39] [INFO] Merging individual file: step_2_0_pairs_code_COD0OPSFIN_20233210000_01D_30S_CLK.CLK.gz.csv
[05:48:39] [DEBUG] Cleaned up individual file: step_2_0_pairs_code_COD0OPSFIN_20233210000_01D_30S_CLK.CLK.gz.csv
[05:48:39] [INFO] Merging individual file: step_2_0_pairs_code_COD0OPSFIN_20233040000_01D_30S_CLK.CLK.gz.csv
[05:48:40] [DEBUG] Cleaned up individual file: step_2_0_pairs_code_COD0OPSFIN_20233040000_01D_30S_CLK.CLK.gz.csv
[05:48:40] [INFO] Merging individual file: step_2_0_pairs_code_COD0OPSFIN_20232660000_01D_30S_CLK.CLK.gz.csv
[05:48:40] [DEBUG] Cleaned up individual file: step_2_0_pairs_code_COD0OPSFIN_20232660000_01D_30S_CLK.CLK.gz.csv
[05:48:40] [INFO] Merging individual file: step_2_0_pairs_code_COD0OPSFIN_20231550000_01D_30S_CLK.CLK.gz.csv
[05:48:40] [DEBUG] Cleaned up individual file: step_2_0_pairs_code_COD0OPSFIN_20231550000_01D_30S_CLK.CLK.gz.csv
[05:48:40] [INFO] Merging individual file: step_2_0_pairs_code_COD0OPSFIN_20251580000_01D_30S_CLK.CLK.gz.csv
[05:48:40] [DEBUG] Cleaned up individual file: step_2_0_pairs_code_COD0OPSFIN_20251580000_01D_30S_CLK.CLK.gz.csv
[05:48:40] [INFO] Merging individual file: step_2_0_pairs_code_COD0OPSFIN_20232580000_01D_30S_CLK.CLK.gz.csv
[05:48:41] [DEBUG] Cleaned up individual file: step_2_0_pairs_code_COD0OPSFIN_20232580000_01D_30S_CLK.CLK.gz.csv
[05:48:41] [INFO] Merging individual file: step_2_0_pairs_code_COD0OPSFIN_20241500000_01D_30S_CLK.CLK.gz.csv
[05:48:41] [DEBUG] Cleaned up individual file: step_2_0_pairs_code_COD0OPSFIN_20241500000_01D_30S_CLK.CLK.gz.csv
[05:48:41] [INFO] Merging individual file: step_2_0_pairs_code_COD0OPSFIN_20233520000_01D_30S_CLK.CLK.gz.csv
[05:48:41] [DEBUG] Cleaned up individual file: step_2_0_pairs_code_COD0OPSFIN_20233520000_01D_30S_CLK.CLK.gz.csv
[05:48:41] [INFO] Merging individual file: step_2_0_pairs_code_COD0OPSFIN_20230600000_01D_30S_CLK.CLK.gz.csv
[05:48:42] [DEBUG] Cleaned up individual file: step_2_0_pairs_code_COD0OPSFIN_20230600000_01D_30S_CLK.CLK.gz.csv
[05:48:42] [INFO] Merging individual file: step_2_0_pairs_code_COD0OPSFIN_20242840000_01D_30S_CLK.CLK.gz.csv
[05:48:42] [DEBUG] Cleaned up individual file: step_2_0_pairs_code_COD0OPSFIN_20242840000_01D_30S_CLK.CLK.gz.csv
[05:48:42] [INFO] Merging individual file: step_2_0_pairs_code_COD0OPSFIN_20240210000_01D_30S_CLK.CLK.gz.csv
[05:48:42] [DEBUG] Cleaned up individual file: step_2_0_pairs_code_COD0OPSFIN_20240210000_01D_30S_CLK.CLK.gz.csv
[05:48:42] [INFO] Merging individual file: step_2_0_pairs_code_COD0OPSFIN_20242500000_01D_30S_CLK.CLK.gz.csv
[05:48:42] [DEBUG] Cleaned up individual file: step_2_0_pairs_code_COD0OPSFIN_20242500000_01D_30S_CLK.CLK.gz.csv
[05:48:42] [INFO] Merging individual file: step_2_0_pairs_code_COD0OPSFIN_20250860000_01D_30S_CLK.CLK.gz.csv
[05:48:43] [DEBUG] Cleaned up individual file: step_2_0_pairs_code_COD0OPSFIN_20250860000_01D_30S_CLK.CLK.gz.csv
[05:48:43] [INFO] Merging individual file: step_2_0_pairs_code_COD0OPSFIN_20232870000_01D_30S_CLK.CLK.gz.csv
[05:48:43] [DEBUG] Cleaned up individual file: step_2_0_pairs_code_COD0OPSFIN_20232870000_01D_30S_CLK.CLK.gz.csv
[05:48:43] [INFO] Merging individual file: step_2_0_pairs_code_COD0OPSFIN_20231210000_01D_30S_CLK.CLK.gz.csv
[05:48:43] [DEBUG] Cleaned up individual file: step_2_0_pairs_code_COD0OPSFIN_20231210000_01D_30S_CLK.CLK.gz.csv
[05:48:43] [INFO] Merging individual file: step_2_0_pairs_code_COD0OPSFIN_20231870000_01D_30S_CLK.CLK.gz.csv
[05:48:43] [DEBUG] Cleaned up individual file: step_2_0_pairs_code_COD0OPSFIN_20231870000_01D_30S_CLK.CLK.gz.csv
[05:48:43] [INFO] Merging individual file: step_2_0_pairs_code_COD0OPSFIN_20242020000_01D_30S_CLK.CLK.gz.csv
[05:48:44] [DEBUG] Cleaned up individual file: step_2_0_pairs_code_COD0OPSFIN_20242020000_01D_30S_CLK.CLK.gz.csv
[05:48:44] [INFO] Merging individual file: step_2_0_pairs_code_COD0OPSFIN_20251290000_01D_30S_CLK.CLK.gz.csv
[05:48:44] [DEBUG] Cleaned up individual file: step_2_0_pairs_code_COD0OPSFIN_20251290000_01D_30S_CLK.CLK.gz.csv
[05:48:44] [INFO] Merging individual file: step_2_0_pairs_code_COD0OPSFIN_20243380000_01D_30S_CLK.CLK.gz.csv
[05:48:44] [DEBUG] Cleaned up individual file: step_2_0_pairs_code_COD0OPSFIN_20243380000_01D_30S_CLK.CLK.gz.csv
[05:48:44] [INFO] Merging individual file: step_2_0_pairs_code_COD0OPSFIN_20231330000_01D_30S_CLK.CLK.gz.csv
[05:48:45] [DEBUG] Cleaned up individual file: step_2_0_pairs_code_COD0OPSFIN_20231330000_01D_30S_CLK.CLK.gz.csv
[05:48:45] [INFO] Merging individual file: step_2_0_pairs_code_COD0OPSFIN_20251780000_01D_30S_CLK.CLK.gz.csv
[05:48:45] [DEBUG] Cleaned up individual file: step_2_0_pairs_code_COD0OPSFIN_20251780000_01D_30S_CLK.CLK.gz.csv
[05:48:45] [INFO] Merging individual file: step_2_0_pairs_code_COD0OPSFIN_20231420000_01D_30S_CLK.CLK.gz.csv
[05:48:45] [DEBUG] Cleaned up individual file: step_2_0_pairs_code_COD0OPSFIN_20231420000_01D_30S_CLK.CLK.gz.csv
[05:48:45] [INFO] Merging individual file: step_2_0_pairs_code_COD0OPSFIN_20241320000_01D_30S_CLK.CLK.gz.csv
[05:48:45] [DEBUG] Cleaned up individual file: step_2_0_pairs_code_COD0OPSFIN_20241320000_01D_30S_CLK.CLK.gz.csv
[05:48:45] [INFO] Merging individual file: step_2_0_pairs_code_COD0OPSFIN_20243130000_01D_30S_CLK.CLK.gz.csv
[05:48:46] [DEBUG] Cleaned up individual file: step_2_0_pairs_code_COD0OPSFIN_20243130000_01D_30S_CLK.CLK.gz.csv
[05:48:46] [INFO] Merging individual file: step_2_0_pairs_code_COD0OPSFIN_20241160000_01D_30S_CLK.CLK.gz.csv
[05:48:46] [DEBUG] Cleaned up individual file: step_2_0_pairs_code_COD0OPSFIN_20241160000_01D_30S_CLK.CLK.gz.csv
[05:48:46] [INFO] Merging individual file: step_2_0_pairs_code_COD0OPSFIN_20232570000_01D_30S_CLK.CLK.gz.csv
[05:48:46] [DEBUG] Cleaned up individual file: step_2_0_pairs_code_COD0OPSFIN_20232570000_01D_30S_CLK.CLK.gz.csv
[05:48:46] [INFO] Merging individual file: step_2_0_pairs_code_COD0OPSFIN_20232600000_01D_30S_CLK.CLK.gz.csv
[05:48:46] [DEBUG] Cleaned up individual file: step_2_0_pairs_code_COD0OPSFIN_20232600000_01D_30S_CLK.CLK.gz.csv
[05:48:46] [INFO] Merging individual file: step_2_0_pairs_code_COD0OPSFIN_20250890000_01D_30S_CLK.CLK.gz.csv
[05:48:47] [DEBUG] Cleaned up individual file: step_2_0_pairs_code_COD0OPSFIN_20250890000_01D_30S_CLK.CLK.gz.csv
[05:48:47] [INFO] Merging individual file: step_2_0_pairs_code_COD0OPSFIN_20241060000_01D_30S_CLK.CLK.gz.csv
[05:48:47] [DEBUG] Cleaned up individual file: step_2_0_pairs_code_COD0OPSFIN_20241060000_01D_30S_CLK.CLK.gz.csv
[05:48:47] [INFO] Merging individual file: step_2_0_pairs_code_COD0OPSFIN_20232360000_01D_30S_CLK.CLK.gz.csv
[05:48:47] [DEBUG] Cleaned up individual file: step_2_0_pairs_code_COD0OPSFIN_20232360000_01D_30S_CLK.CLK.gz.csv
[05:48:47] [INFO] Merging individual file: step_2_0_pairs_code_COD0OPSFIN_20243620000_01D_30S_CLK.CLK.gz.csv
[05:48:47] [DEBUG] Cleaned up individual file: step_2_0_pairs_code_COD0OPSFIN_20243620000_01D_30S_CLK.CLK.gz.csv
[05:48:47] [INFO] Merging individual file: step_2_0_pairs_code_COD0OPSFIN_20231390000_01D_30S_CLK.CLK.gz.csv
[05:48:48] [DEBUG] Cleaned up individual file: step_2_0_pairs_code_COD0OPSFIN_20231390000_01D_30S_CLK.CLK.gz.csv
[05:48:48] [INFO] Merging individual file: step_2_0_pairs_code_COD0OPSFIN_20241250000_01D_30S_CLK.CLK.gz.csv
[05:48:48] [DEBUG] Cleaned up individual file: step_2_0_pairs_code_COD0OPSFIN_20241250000_01D_30S_CLK.CLK.gz.csv
[05:48:48] [INFO] Merging individual file: step_2_0_pairs_code_COD0OPSFIN_20250650000_01D_30S_CLK.CLK.gz.csv
[05:48:48] [DEBUG] Cleaned up individual file: step_2_0_pairs_code_COD0OPSFIN_20250650000_01D_30S_CLK.CLK.gz.csv
[05:48:48] [INFO] Merging individual file: step_2_0_pairs_code_COD0OPSFIN_20250310000_01D_30S_CLK.CLK.gz.csv
[05:48:49] [DEBUG] Cleaned up individual file: step_2_0_pairs_code_COD0OPSFIN_20250310000_01D_30S_CLK.CLK.gz.csv
[05:48:49] [INFO] Merging individual file: step_2_0_pairs_code_COD0OPSFIN_20250570000_01D_30S_CLK.CLK.gz.csv
[05:48:49] [DEBUG] Cleaned up individual file: step_2_0_pairs_code_COD0OPSFIN_20250570000_01D_30S_CLK.CLK.gz.csv
[05:48:49] [INFO] Merging individual file: step_2_0_pairs_code_COD0OPSFIN_20243600000_01D_30S_CLK.CLK.gz.csv
[05:48:49] [DEBUG] Cleaned up individual file: step_2_0_pairs_code_COD0OPSFIN_20243600000_01D_30S_CLK.CLK.gz.csv
[05:48:49] [INFO] Merging individual file: step_2_0_pairs_code_COD0OPSFIN_20231940000_01D_30S_CLK.CLK.gz.csv
[05:48:49] [DEBUG] Cleaned up individual file: step_2_0_pairs_code_COD0OPSFIN_20231940000_01D_30S_CLK.CLK.gz.csv
[05:48:49] [INFO] Merging individual file: step_2_0_pairs_code_COD0OPSFIN_20230370000_01D_30S_CLK.CLK.gz.csv
[05:48:50] [DEBUG] Cleaned up individual file: step_2_0_pairs_code_COD0OPSFIN_20230370000_01D_30S_CLK.CLK.gz.csv
[05:48:50] [INFO] Merging individual file: step_2_0_pairs_code_COD0OPSFIN_20250030000_01D_30S_CLK.CLK.gz.csv
[05:48:50] [DEBUG] Cleaned up individual file: step_2_0_pairs_code_COD0OPSFIN_20250030000_01D_30S_CLK.CLK.gz.csv
[05:48:50] [INFO] Merging individual file: step_2_0_pairs_code_COD0OPSFIN_20251760000_01D_30S_CLK.CLK.gz.csv
[05:48:50] [DEBUG] Cleaned up individual file: step_2_0_pairs_code_COD0OPSFIN_20251760000_01D_30S_CLK.CLK.gz.csv
[05:48:50] [INFO] Merging individual file: step_2_0_pairs_code_COD0OPSFIN_20242430000_01D_30S_CLK.CLK.gz.csv
[05:48:50] [DEBUG] Cleaned up individual file: step_2_0_pairs_code_COD0OPSFIN_20242430000_01D_30S_CLK.CLK.gz.csv
[05:48:50] [INFO] Merging individual file: step_2_0_pairs_code_COD0OPSFIN_20231830000_01D_30S_CLK.CLK.gz.csv
[05:48:51] [DEBUG] Cleaned up individual file: step_2_0_pairs_code_COD0OPSFIN_20231830000_01D_30S_CLK.CLK.gz.csv
[05:48:51] [INFO] Merging individual file: step_2_0_pairs_code_COD0OPSFIN_20242290000_01D_30S_CLK.CLK.gz.csv
[05:48:51] [DEBUG] Cleaned up individual file: step_2_0_pairs_code_COD0OPSFIN_20242290000_01D_30S_CLK.CLK.gz.csv
[05:48:51] [INFO] Merging individual file: step_2_0_pairs_code_COD0OPSFIN_20240640000_01D_30S_CLK.CLK.gz.csv
[05:48:51] [DEBUG] Cleaned up individual file: step_2_0_pairs_code_COD0OPSFIN_20240640000_01D_30S_CLK.CLK.gz.csv
[05:48:51] [INFO] Merging individual file: step_2_0_pairs_code_COD0OPSFIN_20230430000_01D_30S_CLK.CLK.gz.csv
[05:48:51] [DEBUG] Cleaned up individual file: step_2_0_pairs_code_COD0OPSFIN_20230430000_01D_30S_CLK.CLK.gz.csv
[05:48:51] [INFO] Merging individual file: step_2_0_pairs_code_COD0OPSFIN_20232880000_01D_30S_CLK.CLK.gz.csv
[05:48:52] [DEBUG] Cleaned up individual file: step_2_0_pairs_code_COD0OPSFIN_20232880000_01D_30S_CLK.CLK.gz.csv
[05:48:52] [INFO] Merging individual file: step_2_0_pairs_code_COD0OPSFIN_20230900000_01D_30S_CLK.CLK.gz.csv
[05:48:52] [DEBUG] Cleaned up individual file: step_2_0_pairs_code_COD0OPSFIN_20230900000_01D_30S_CLK.CLK.gz.csv
[05:48:52] [INFO] Merging individual file: step_2_0_pairs_code_COD0OPSFIN_20250080000_01D_30S_CLK.CLK.gz.csv
[05:48:52] [DEBUG] Cleaned up individual file: step_2_0_pairs_code_COD0OPSFIN_20250080000_01D_30S_CLK.CLK.gz.csv
[05:48:52] [INFO] Merging individual file: step_2_0_pairs_code_COD0OPSFIN_20233200000_01D_30S_CLK.CLK.gz.csv
[05:48:52] [DEBUG] Cleaned up individual file: step_2_0_pairs_code_COD0OPSFIN_20233200000_01D_30S_CLK.CLK.gz.csv
[05:48:52] [INFO] Merging individual file: step_2_0_pairs_code_COD0OPSFIN_20232830000_01D_30S_CLK.CLK.gz.csv
[05:48:53] [DEBUG] Cleaned up individual file: step_2_0_pairs_code_COD0OPSFIN_20232830000_01D_30S_CLK.CLK.gz.csv
[05:48:53] [INFO] Merging individual file: step_2_0_pairs_code_COD0OPSFIN_20233160000_01D_30S_CLK.CLK.gz.csv
[05:48:53] [DEBUG] Cleaned up individual file: step_2_0_pairs_code_COD0OPSFIN_20233160000_01D_30S_CLK.CLK.gz.csv
[05:48:53] [INFO] Merging individual file: step_2_0_pairs_code_COD0OPSFIN_20232320000_01D_30S_CLK.CLK.gz.csv
[05:48:53] [DEBUG] Cleaned up individual file: step_2_0_pairs_code_COD0OPSFIN_20232320000_01D_30S_CLK.CLK.gz.csv
[05:48:53] [INFO] Merging individual file: step_2_0_pairs_code_COD0OPSFIN_20231480000_01D_30S_CLK.CLK.gz.csv
[05:48:54] [DEBUG] Cleaned up individual file: step_2_0_pairs_code_COD0OPSFIN_20231480000_01D_30S_CLK.CLK.gz.csv
[05:48:54] [INFO] Merging individual file: step_2_0_pairs_code_COD0OPSFIN_20250260000_01D_30S_CLK.CLK.gz.csv
[05:48:54] [DEBUG] Cleaned up individual file: step_2_0_pairs_code_COD0OPSFIN_20250260000_01D_30S_CLK.CLK.gz.csv
[05:48:54] [INFO] Merging individual file: step_2_0_pairs_code_COD0OPSFIN_20230980000_01D_30S_CLK.CLK.gz.csv
[05:48:54] [DEBUG] Cleaned up individual file: step_2_0_pairs_code_COD0OPSFIN_20230980000_01D_30S_CLK.CLK.gz.csv
[05:48:54] [INFO] Merging individual file: step_2_0_pairs_code_COD0OPSFIN_20231700000_01D_30S_CLK.CLK.gz.csv
[05:48:54] [DEBUG] Cleaned up individual file: step_2_0_pairs_code_COD0OPSFIN_20231700000_01D_30S_CLK.CLK.gz.csv
[05:48:54] [INFO] Merging individual file: step_2_0_pairs_code_COD0OPSFIN_20232620000_01D_30S_CLK.CLK.gz.csv
[05:48:55] [DEBUG] Cleaned up individual file: step_2_0_pairs_code_COD0OPSFIN_20232620000_01D_30S_CLK.CLK.gz.csv
[05:48:55] [INFO] Merging individual file: step_2_0_pairs_code_COD0OPSFIN_20240980000_01D_30S_CLK.CLK.gz.csv
[05:48:55] [DEBUG] Cleaned up individual file: step_2_0_pairs_code_COD0OPSFIN_20240980000_01D_30S_CLK.CLK.gz.csv
[05:48:55] [INFO] Merging individual file: step_2_0_pairs_code_COD0OPSFIN_20243050000_01D_30S_CLK.CLK.gz.csv
[05:48:55] [DEBUG] Cleaned up individual file: step_2_0_pairs_code_COD0OPSFIN_20243050000_01D_30S_CLK.CLK.gz.csv
[05:48:55] [INFO] Merging individual file: step_2_0_pairs_code_COD0OPSFIN_20242690000_01D_30S_CLK.CLK.gz.csv
[05:48:56] [DEBUG] Cleaned up individual file: step_2_0_pairs_code_COD0OPSFIN_20242690000_01D_30S_CLK.CLK.gz.csv
[05:48:56] [INFO] Merging individual file: step_2_0_pairs_code_COD0OPSFIN_20230220000_01D_30S_CLK.CLK.gz.csv
[05:48:56] [DEBUG] Cleaned up individual file: step_2_0_pairs_code_COD0OPSFIN_20230220000_01D_30S_CLK.CLK.gz.csv
[05:48:56] [INFO] Merging individual file: step_2_0_pairs_code_COD0OPSFIN_20232020000_01D_30S_CLK.CLK.gz.csv
[05:48:56] [DEBUG] Cleaned up individual file: step_2_0_pairs_code_COD0OPSFIN_20232020000_01D_30S_CLK.CLK.gz.csv
[05:48:56] [INFO] Merging individual file: step_2_0_pairs_code_COD0OPSFIN_20241820000_01D_30S_CLK.CLK.gz.csv
[05:48:56] [DEBUG] Cleaned up individual file: step_2_0_pairs_code_COD0OPSFIN_20241820000_01D_30S_CLK.CLK.gz.csv
[05:48:56] [INFO] Merging individual file: step_2_0_pairs_code_COD0OPSFIN_20241180000_01D_30S_CLK.CLK.gz.csv
[05:48:57] [DEBUG] Cleaned up individual file: step_2_0_pairs_code_COD0OPSFIN_20241180000_01D_30S_CLK.CLK.gz.csv
[05:48:57] [INFO] Merging individual file: step_2_0_pairs_code_COD0OPSFIN_20240770000_01D_30S_CLK.CLK.gz.csv
[05:48:57] [DEBUG] Cleaned up individual file: step_2_0_pairs_code_COD0OPSFIN_20240770000_01D_30S_CLK.CLK.gz.csv
[05:48:57] [INFO] Merging individual file: step_2_0_pairs_code_COD0OPSFIN_20243400000_01D_30S_CLK.CLK.gz.csv
[05:48:57] [DEBUG] Cleaned up individual file: step_2_0_pairs_code_COD0OPSFIN_20243400000_01D_30S_CLK.CLK.gz.csv
[05:48:57] [INFO] Merging individual file: step_2_0_pairs_code_COD0OPSFIN_20251170000_01D_30S_CLK.CLK.gz.csv
[05:48:57] [DEBUG] Cleaned up individual file: step_2_0_pairs_code_COD0OPSFIN_20251170000_01D_30S_CLK.CLK.gz.csv
[05:48:57] [INFO] Merging individual file: step_2_0_pairs_code_COD0OPSFIN_20241740000_01D_30S_CLK.CLK.gz.csv
[05:48:58] [DEBUG] Cleaned up individual file: step_2_0_pairs_code_COD0OPSFIN_20241740000_01D_30S_CLK.CLK.gz.csv
[05:48:58] [INFO] Merging individual file: step_2_0_pairs_code_COD0OPSFIN_20251220000_01D_30S_CLK.CLK.gz.csv
[05:48:58] [DEBUG] Cleaned up individual file: step_2_0_pairs_code_COD0OPSFIN_20251220000_01D_30S_CLK.CLK.gz.csv
[05:48:58] [INFO] Merging individual file: step_2_0_pairs_code_COD0OPSFIN_20230870000_01D_30S_CLK.CLK.gz.csv
[05:48:58] [DEBUG] Cleaned up individual file: step_2_0_pairs_code_COD0OPSFIN_20230870000_01D_30S_CLK.CLK.gz.csv
[05:48:58] [INFO] Merging individual file: step_2_0_pairs_code_COD0OPSFIN_20250900000_01D_30S_CLK.CLK.gz.csv
[05:48:58] [DEBUG] Cleaned up individual file: step_2_0_pairs_code_COD0OPSFIN_20250900000_01D_30S_CLK.CLK.gz.csv
[05:48:58] [INFO] Merging individual file: step_2_0_pairs_code_COD0OPSFIN_20250970000_01D_30S_CLK.CLK.gz.csv
[05:48:59] [DEBUG] Cleaned up individual file: step_2_0_pairs_code_COD0OPSFIN_20250970000_01D_30S_CLK.CLK.gz.csv
[05:48:59] [INFO] Merging individual file: step_2_0_pairs_code_COD0OPSFIN_20242260000_01D_30S_CLK.CLK.gz.csv
[05:48:59] [DEBUG] Cleaned up individual file: step_2_0_pairs_code_COD0OPSFIN_20242260000_01D_30S_CLK.CLK.gz.csv
[05:48:59] [INFO] Merging individual file: step_2_0_pairs_code_COD0OPSFIN_20241350000_01D_30S_CLK.CLK.gz.csv
[05:48:59] [DEBUG] Cleaned up individual file: step_2_0_pairs_code_COD0OPSFIN_20241350000_01D_30S_CLK.CLK.gz.csv
[05:48:59] [INFO] Merging individual file: step_2_0_pairs_code_COD0OPSFIN_20241470000_01D_30S_CLK.CLK.gz.csv
[05:48:59] [DEBUG] Cleaned up individual file: step_2_0_pairs_code_COD0OPSFIN_20241470000_01D_30S_CLK.CLK.gz.csv
[05:48:59] [INFO] Merging individual file: step_2_0_pairs_code_COD0OPSFIN_20231020000_01D_30S_CLK.CLK.gz.csv
[05:49:00] [DEBUG] Cleaned up individual file: step_2_0_pairs_code_COD0OPSFIN_20231020000_01D_30S_CLK.CLK.gz.csv
[05:49:00] [INFO] Merging individual file: step_2_0_pairs_code_COD0OPSFIN_20242320000_01D_30S_CLK.CLK.gz.csv
[05:49:00] [DEBUG] Cleaned up individual file: step_2_0_pairs_code_COD0OPSFIN_20242320000_01D_30S_CLK.CLK.gz.csv
[05:49:00] [INFO] Merging individual file: step_2_0_pairs_code_COD0OPSFIN_20232780000_01D_30S_CLK.CLK.gz.csv
[05:49:00] [DEBUG] Cleaned up individual file: step_2_0_pairs_code_COD0OPSFIN_20232780000_01D_30S_CLK.CLK.gz.csv
[05:49:00] [INFO] Merging individual file: step_2_0_pairs_code_COD0OPSFIN_20230110000_01D_30S_CLK.CLK.gz.csv
[05:49:01] [DEBUG] Cleaned up individual file: step_2_0_pairs_code_COD0OPSFIN_20230110000_01D_30S_CLK.CLK.gz.csv
[05:49:01] [INFO] Merging individual file: step_2_0_pairs_code_COD0OPSFIN_20232820000_01D_30S_CLK.CLK.gz.csv
[05:49:01] [DEBUG] Cleaned up individual file: step_2_0_pairs_code_COD0OPSFIN_20232820000_01D_30S_CLK.CLK.gz.csv
[05:49:01] [INFO] Merging individual file: step_2_0_pairs_code_COD0OPSFIN_20241720000_01D_30S_CLK.CLK.gz.csv
[05:49:01] [DEBUG] Cleaned up individual file: step_2_0_pairs_code_COD0OPSFIN_20241720000_01D_30S_CLK.CLK.gz.csv
[05:49:01] [INFO] Merging individual file: step_2_0_pairs_code_COD0OPSFIN_20250200000_01D_30S_CLK.CLK.gz.csv
[05:49:01] [DEBUG] Cleaned up individual file: step_2_0_pairs_code_COD0OPSFIN_20250200000_01D_30S_CLK.CLK.gz.csv
[05:49:01] [INFO] Merging individual file: step_2_0_pairs_code_COD0OPSFIN_20243540000_01D_30S_CLK.CLK.gz.csv
[05:49:02] [DEBUG] Cleaned up individual file: step_2_0_pairs_code_COD0OPSFIN_20243540000_01D_30S_CLK.CLK.gz.csv
[05:49:02] [INFO] Merging individual file: step_2_0_pairs_code_COD0OPSFIN_20230310000_01D_30S_CLK.CLK.gz.csv
[05:49:02] [DEBUG] Cleaned up individual file: step_2_0_pairs_code_COD0OPSFIN_20230310000_01D_30S_CLK.CLK.gz.csv
[05:49:02] [INFO] Merging individual file: step_2_0_pairs_code_COD0OPSFIN_20230670000_01D_30S_CLK.CLK.gz.csv
[05:49:02] [DEBUG] Cleaned up individual file: step_2_0_pairs_code_COD0OPSFIN_20230670000_01D_30S_CLK.CLK.gz.csv
[05:49:02] [INFO] Merging individual file: step_2_0_pairs_code_COD0OPSFIN_20251200000_01D_30S_CLK.CLK.gz.csv
[05:49:02] [DEBUG] Cleaned up individual file: step_2_0_pairs_code_COD0OPSFIN_20251200000_01D_30S_CLK.CLK.gz.csv
[05:49:02] [INFO] Merging individual file: step_2_0_pairs_code_COD0OPSFIN_20241600000_01D_30S_CLK.CLK.gz.csv
[05:49:03] [DEBUG] Cleaned up individual file: step_2_0_pairs_code_COD0OPSFIN_20241600000_01D_30S_CLK.CLK.gz.csv
[05:49:03] [INFO] Merging individual file: step_2_0_pairs_code_COD0OPSFIN_20241930000_01D_30S_CLK.CLK.gz.csv
[05:49:03] [DEBUG] Cleaned up individual file: step_2_0_pairs_code_COD0OPSFIN_20241930000_01D_30S_CLK.CLK.gz.csv
[05:49:03] [INFO] Merging individual file: step_2_0_pairs_code_COD0OPSFIN_20250620000_01D_30S_CLK.CLK.gz.csv
[05:49:03] [DEBUG] Cleaned up individual file: step_2_0_pairs_code_COD0OPSFIN_20250620000_01D_30S_CLK.CLK.gz.csv
[05:49:03] [INFO] Merging individual file: step_2_0_pairs_code_COD0OPSFIN_20242890000_01D_30S_CLK.CLK.gz.csv
[05:49:03] [DEBUG] Cleaned up individual file: step_2_0_pairs_code_COD0OPSFIN_20242890000_01D_30S_CLK.CLK.gz.csv
[05:49:03] [INFO] Merging individual file: step_2_0_pairs_code_COD0OPSFIN_20241790000_01D_30S_CLK.CLK.gz.csv
[05:49:04] [DEBUG] Cleaned up individual file: step_2_0_pairs_code_COD0OPSFIN_20241790000_01D_30S_CLK.CLK.gz.csv
[05:49:04] [INFO] Merging individual file: step_2_0_pairs_code_COD0OPSFIN_20233290000_01D_30S_CLK.CLK.gz.csv
[05:49:04] [DEBUG] Cleaned up individual file: step_2_0_pairs_code_COD0OPSFIN_20233290000_01D_30S_CLK.CLK.gz.csv
[05:49:04] [INFO] Merging individual file: step_2_0_pairs_code_COD0OPSFIN_20241410000_01D_30S_CLK.CLK.gz.csv
[05:49:04] [DEBUG] Cleaned up individual file: step_2_0_pairs_code_COD0OPSFIN_20241410000_01D_30S_CLK.CLK.gz.csv
[05:49:04] [INFO] Merging individual file: step_2_0_pairs_code_COD0OPSFIN_20233180000_01D_30S_CLK.CLK.gz.csv
[05:49:05] [DEBUG] Cleaned up individual file: step_2_0_pairs_code_COD0OPSFIN_20233180000_01D_30S_CLK.CLK.gz.csv
[05:49:05] [INFO] Merging individual file: step_2_0_pairs_code_COD0OPSFIN_20240760000_01D_30S_CLK.CLK.gz.csv
[05:49:05] [DEBUG] Cleaned up individual file: step_2_0_pairs_code_COD0OPSFIN_20240760000_01D_30S_CLK.CLK.gz.csv
[05:49:05] [INFO] Merging individual file: step_2_0_pairs_code_COD0OPSFIN_20232770000_01D_30S_CLK.CLK.gz.csv
[05:49:05] [DEBUG] Cleaned up individual file: step_2_0_pairs_code_COD0OPSFIN_20232770000_01D_30S_CLK.CLK.gz.csv
[05:49:05] [INFO] Merging individual file: step_2_0_pairs_code_COD0OPSFIN_20230240000_01D_30S_CLK.CLK.gz.csv
[05:49:05] [DEBUG] Cleaned up individual file: step_2_0_pairs_code_COD0OPSFIN_20230240000_01D_30S_CLK.CLK.gz.csv
[05:49:05] [INFO] Merging individual file: step_2_0_pairs_code_COD0OPSFIN_20231680000_01D_30S_CLK.CLK.gz.csv
[05:49:06] [DEBUG] Cleaned up individual file: step_2_0_pairs_code_COD0OPSFIN_20231680000_01D_30S_CLK.CLK.gz.csv
[05:49:06] [INFO] Merging individual file: step_2_0_pairs_code_COD0OPSFIN_20251150000_01D_30S_CLK.CLK.gz.csv
[05:49:06] [DEBUG] Cleaned up individual file: step_2_0_pairs_code_COD0OPSFIN_20251150000_01D_30S_CLK.CLK.gz.csv
[05:49:06] [INFO] Merging individual file: step_2_0_pairs_code_COD0OPSFIN_20233490000_01D_30S_CLK.CLK.gz.csv
[05:49:06] [DEBUG] Cleaned up individual file: step_2_0_pairs_code_COD0OPSFIN_20233490000_01D_30S_CLK.CLK.gz.csv
[05:49:06] [INFO] Merging individual file: step_2_0_pairs_code_COD0OPSFIN_20250880000_01D_30S_CLK.CLK.gz.csv
[05:49:06] [DEBUG] Cleaned up individual file: step_2_0_pairs_code_COD0OPSFIN_20250880000_01D_30S_CLK.CLK.gz.csv
[05:49:06] [INFO] Merging individual file: step_2_0_pairs_code_COD0OPSFIN_20233470000_01D_30S_CLK.CLK.gz.csv
[05:49:07] [DEBUG] Cleaned up individual file: step_2_0_pairs_code_COD0OPSFIN_20233470000_01D_30S_CLK.CLK.gz.csv
[05:49:07] [INFO] Merging individual file: step_2_0_pairs_code_COD0OPSFIN_20233150000_01D_30S_CLK.CLK.gz.csv
[05:49:07] [DEBUG] Cleaned up individual file: step_2_0_pairs_code_COD0OPSFIN_20233150000_01D_30S_CLK.CLK.gz.csv
[05:49:07] [INFO] Merging individual file: step_2_0_pairs_code_COD0OPSFIN_20230530000_01D_30S_CLK.CLK.gz.csv
[05:49:07] [DEBUG] Cleaned up individual file: step_2_0_pairs_code_COD0OPSFIN_20230530000_01D_30S_CLK.CLK.gz.csv
[05:49:07] [INFO] Merging individual file: step_2_0_pairs_code_COD0OPSFIN_20231600000_01D_30S_CLK.CLK.gz.csv
[05:49:08] [DEBUG] Cleaned up individual file: step_2_0_pairs_code_COD0OPSFIN_20231600000_01D_30S_CLK.CLK.gz.csv
[05:49:08] [INFO] Merging individual file: step_2_0_pairs_code_COD0OPSFIN_20232990000_01D_30S_CLK.CLK.gz.csv
[05:49:08] [DEBUG] Cleaned up individual file: step_2_0_pairs_code_COD0OPSFIN_20232990000_01D_30S_CLK.CLK.gz.csv
[05:49:08] [INFO] Merging individual file: step_2_0_pairs_code_COD0OPSFIN_20243070000_01D_30S_CLK.CLK.gz.csv
[05:49:08] [DEBUG] Cleaned up individual file: step_2_0_pairs_code_COD0OPSFIN_20243070000_01D_30S_CLK.CLK.gz.csv
[05:49:08] [INFO] Merging individual file: step_2_0_pairs_code_COD0OPSFIN_20241750000_01D_30S_CLK.CLK.gz.csv
[05:49:08] [DEBUG] Cleaned up individual file: step_2_0_pairs_code_COD0OPSFIN_20241750000_01D_30S_CLK.CLK.gz.csv
[05:49:08] [INFO] Merging individual file: step_2_0_pairs_code_COD0OPSFIN_20242230000_01D_30S_CLK.CLK.gz.csv
[05:49:09] [DEBUG] Cleaned up individual file: step_2_0_pairs_code_COD0OPSFIN_20242230000_01D_30S_CLK.CLK.gz.csv
[05:49:09] [INFO] Merging individual file: step_2_0_pairs_code_COD0OPSFIN_20231980000_01D_30S_CLK.CLK.gz.csv
[05:49:09] [DEBUG] Cleaned up individual file: step_2_0_pairs_code_COD0OPSFIN_20231980000_01D_30S_CLK.CLK.gz.csv
[05:49:09] [INFO] Merging individual file: step_2_0_pairs_code_COD0OPSFIN_20232350000_01D_30S_CLK.CLK.gz.csv
[05:49:09] [DEBUG] Cleaned up individual file: step_2_0_pairs_code_COD0OPSFIN_20232350000_01D_30S_CLK.CLK.gz.csv
[05:49:09] [INFO] Merging individual file: step_2_0_pairs_code_COD0OPSFIN_20251270000_01D_30S_CLK.CLK.gz.csv
[05:49:09] [DEBUG] Cleaned up individual file: step_2_0_pairs_code_COD0OPSFIN_20251270000_01D_30S_CLK.CLK.gz.csv
[05:49:09] [INFO] Merging individual file: step_2_0_pairs_code_COD0OPSFIN_20251260000_01D_30S_CLK.CLK.gz.csv
[05:49:10] [DEBUG] Cleaned up individual file: step_2_0_pairs_code_COD0OPSFIN_20251260000_01D_30S_CLK.CLK.gz.csv
[05:49:10] [INFO] Merging individual file: step_2_0_pairs_code_COD0OPSFIN_20250290000_01D_30S_CLK.CLK.gz.csv
[05:49:10] [DEBUG] Cleaned up individual file: step_2_0_pairs_code_COD0OPSFIN_20250290000_01D_30S_CLK.CLK.gz.csv
[05:49:10] [INFO] Merging individual file: step_2_0_pairs_code_COD0OPSFIN_20240490000_01D_30S_CLK.CLK.gz.csv
[05:49:10] [DEBUG] Cleaned up individual file: step_2_0_pairs_code_COD0OPSFIN_20240490000_01D_30S_CLK.CLK.gz.csv
[05:49:10] [INFO] Merging individual file: step_2_0_pairs_code_COD0OPSFIN_20232940000_01D_30S_CLK.CLK.gz.csv
[05:49:11] [DEBUG] Cleaned up individual file: step_2_0_pairs_code_COD0OPSFIN_20232940000_01D_30S_CLK.CLK.gz.csv
[05:49:11] [INFO] Merging individual file: step_2_0_pairs_code_COD0OPSFIN_20250480000_01D_30S_CLK.CLK.gz.csv
[05:49:11] [DEBUG] Cleaned up individual file: step_2_0_pairs_code_COD0OPSFIN_20250480000_01D_30S_CLK.CLK.gz.csv
[05:49:11] [INFO] Merging individual file: step_2_0_pairs_code_COD0OPSFIN_20232730000_01D_30S_CLK.CLK.gz.csv
[05:49:11] [DEBUG] Cleaned up individual file: step_2_0_pairs_code_COD0OPSFIN_20232730000_01D_30S_CLK.CLK.gz.csv
[05:49:11] [INFO] Merging individual file: step_2_0_pairs_code_COD0OPSFIN_20241670000_01D_30S_CLK.CLK.gz.csv
[05:49:11] [DEBUG] Cleaned up individual file: step_2_0_pairs_code_COD0OPSFIN_20241670000_01D_30S_CLK.CLK.gz.csv
[05:49:11] [INFO] Merging individual file: step_2_0_pairs_code_COD0OPSFIN_20250700000_01D_30S_CLK.CLK.gz.csv
[05:49:12] [DEBUG] Cleaned up individual file: step_2_0_pairs_code_COD0OPSFIN_20250700000_01D_30S_CLK.CLK.gz.csv
[05:49:12] [INFO] Merging individual file: step_2_0_pairs_code_COD0OPSFIN_20232810000_01D_30S_CLK.CLK.gz.csv
[05:49:12] [DEBUG] Cleaned up individual file: step_2_0_pairs_code_COD0OPSFIN_20232810000_01D_30S_CLK.CLK.gz.csv
[05:49:12] [INFO] Merging individual file: step_2_0_pairs_code_COD0OPSFIN_20231510000_01D_30S_CLK.CLK.gz.csv
[05:49:12] [DEBUG] Cleaned up individual file: step_2_0_pairs_code_COD0OPSFIN_20231510000_01D_30S_CLK.CLK.gz.csv
[05:49:12] [INFO] Merging individual file: step_2_0_pairs_code_COD0OPSFIN_20232430000_01D_30S_CLK.CLK.gz.csv
[05:49:12] [DEBUG] Cleaned up individual file: step_2_0_pairs_code_COD0OPSFIN_20232430000_01D_30S_CLK.CLK.gz.csv
[05:49:12] [INFO] Merging individual file: step_2_0_pairs_code_COD0OPSFIN_20250270000_01D_30S_CLK.CLK.gz.csv
[05:49:13] [DEBUG] Cleaned up individual file: step_2_0_pairs_code_COD0OPSFIN_20250270000_01D_30S_CLK.CLK.gz.csv
[05:49:13] [INFO] Merging individual file: step_2_0_pairs_code_COD0OPSFIN_20241170000_01D_30S_CLK.CLK.gz.csv
[05:49:13] [DEBUG] Cleaned up individual file: step_2_0_pairs_code_COD0OPSFIN_20241170000_01D_30S_CLK.CLK.gz.csv
[05:49:13] [INFO] Merging individual file: step_2_0_pairs_code_COD0OPSFIN_20240160000_01D_30S_CLK.CLK.gz.csv
[05:49:13] [DEBUG] Cleaned up individual file: step_2_0_pairs_code_COD0OPSFIN_20240160000_01D_30S_CLK.CLK.gz.csv
[05:49:13] [INFO] Merging individual file: step_2_0_pairs_code_COD0OPSFIN_20251660000_01D_30S_CLK.CLK.gz.csv
[05:49:13] [DEBUG] Cleaned up individual file: step_2_0_pairs_code_COD0OPSFIN_20251660000_01D_30S_CLK.CLK.gz.csv
[05:49:13] [INFO] Merging individual file: step_2_0_pairs_code_COD0OPSFIN_20251490000_01D_30S_CLK.CLK.gz.csv
[05:49:14] [DEBUG] Cleaned up individual file: step_2_0_pairs_code_COD0OPSFIN_20251490000_01D_30S_CLK.CLK.gz.csv
[05:49:14] [INFO] Merging individual file: step_2_0_pairs_code_COD0OPSFIN_20232490000_01D_30S_CLK.CLK.gz.csv
[05:49:14] [DEBUG] Cleaned up individual file: step_2_0_pairs_code_COD0OPSFIN_20232490000_01D_30S_CLK.CLK.gz.csv
[05:49:14] [INFO] Merging individual file: step_2_0_pairs_code_COD0OPSFIN_20242530000_01D_30S_CLK.CLK.gz.csv
[05:49:14] [DEBUG] Cleaned up individual file: step_2_0_pairs_code_COD0OPSFIN_20242530000_01D_30S_CLK.CLK.gz.csv
[05:49:14] [INFO] Merging individual file: step_2_0_pairs_code_COD0OPSFIN_20231520000_01D_30S_CLK.CLK.gz.csv
[05:49:15] [DEBUG] Cleaned up individual file: step_2_0_pairs_code_COD0OPSFIN_20231520000_01D_30S_CLK.CLK.gz.csv
[05:49:15] [INFO] Merging individual file: step_2_0_pairs_code_COD0OPSFIN_20233460000_01D_30S_CLK.CLK.gz.csv
[05:49:15] [DEBUG] Cleaned up individual file: step_2_0_pairs_code_COD0OPSFIN_20233460000_01D_30S_CLK.CLK.gz.csv
[05:49:15] [INFO] Merging individual file: step_2_0_pairs_code_COD0OPSFIN_20230650000_01D_30S_CLK.CLK.gz.csv
[05:49:15] [DEBUG] Cleaned up individual file: step_2_0_pairs_code_COD0OPSFIN_20230650000_01D_30S_CLK.CLK.gz.csv
[05:49:15] [INFO] Merging individual file: step_2_0_pairs_code_COD0OPSFIN_20233130000_01D_30S_CLK.CLK.gz.csv
[05:49:15] [DEBUG] Cleaned up individual file: step_2_0_pairs_code_COD0OPSFIN_20233130000_01D_30S_CLK.CLK.gz.csv
[05:49:15] [INFO] Merging individual file: step_2_0_pairs_code_COD0OPSFIN_20230160000_01D_30S_CLK.CLK.gz.csv
[05:49:16] [DEBUG] Cleaned up individual file: step_2_0_pairs_code_COD0OPSFIN_20230160000_01D_30S_CLK.CLK.gz.csv
[05:49:16] [INFO] Merging individual file: step_2_0_pairs_code_COD0OPSFIN_20231470000_01D_30S_CLK.CLK.gz.csv
[05:49:16] [DEBUG] Cleaned up individual file: step_2_0_pairs_code_COD0OPSFIN_20231470000_01D_30S_CLK.CLK.gz.csv
[05:49:16] [INFO] Merging individual file: step_2_0_pairs_code_COD0OPSFIN_20232330000_01D_30S_CLK.CLK.gz.csv
[05:49:16] [DEBUG] Cleaned up individual file: step_2_0_pairs_code_COD0OPSFIN_20232330000_01D_30S_CLK.CLK.gz.csv
[05:49:16] [INFO] Merging individual file: step_2_0_pairs_code_COD0OPSFIN_20242960000_01D_30S_CLK.CLK.gz.csv
[05:49:16] [DEBUG] Cleaned up individual file: step_2_0_pairs_code_COD0OPSFIN_20242960000_01D_30S_CLK.CLK.gz.csv
[05:49:16] [INFO] Merging individual file: step_2_0_pairs_code_COD0OPSFIN_20232690000_01D_30S_CLK.CLK.gz.csv
[05:49:17] [DEBUG] Cleaned up individual file: step_2_0_pairs_code_COD0OPSFIN_20232690000_01D_30S_CLK.CLK.gz.csv
[05:49:17] [INFO] Merging individual file: step_2_0_pairs_code_COD0OPSFIN_20240430000_01D_30S_CLK.CLK.gz.csv
[05:49:17] [DEBUG] Cleaned up individual file: step_2_0_pairs_code_COD0OPSFIN_20240430000_01D_30S_CLK.CLK.gz.csv
[05:49:17] [INFO] Merging individual file: step_2_0_pairs_code_COD0OPSFIN_20230290000_01D_30S_CLK.CLK.gz.csv
[05:49:17] [DEBUG] Cleaned up individual file: step_2_0_pairs_code_COD0OPSFIN_20230290000_01D_30S_CLK.CLK.gz.csv
[05:49:17] [INFO] Merging individual file: step_2_0_pairs_code_COD0OPSFIN_20230120000_01D_30S_CLK.CLK.gz.csv
[05:49:18] [DEBUG] Cleaned up individual file: step_2_0_pairs_code_COD0OPSFIN_20230120000_01D_30S_CLK.CLK.gz.csv
[05:49:18] [INFO] Merging individual file: step_2_0_pairs_code_COD0OPSFIN_20242090000_01D_30S_CLK.CLK.gz.csv
[05:49:18] [DEBUG] Cleaned up individual file: step_2_0_pairs_code_COD0OPSFIN_20242090000_01D_30S_CLK.CLK.gz.csv
[05:49:18] [INFO] Merging individual file: step_2_0_pairs_code_COD0OPSFIN_20232950000_01D_30S_CLK.CLK.gz.csv
[05:49:18] [DEBUG] Cleaned up individual file: step_2_0_pairs_code_COD0OPSFIN_20232950000_01D_30S_CLK.CLK.gz.csv
[05:49:18] [INFO] Merging individual file: step_2_0_pairs_code_COD0OPSFIN_20250640000_01D_30S_CLK.CLK.gz.csv
[05:49:18] [DEBUG] Cleaned up individual file: step_2_0_pairs_code_COD0OPSFIN_20250640000_01D_30S_CLK.CLK.gz.csv
[05:49:18] [INFO] Merging individual file: step_2_0_pairs_code_COD0OPSFIN_20232840000_01D_30S_CLK.CLK.gz.csv
[05:49:19] [DEBUG] Cleaned up individual file: step_2_0_pairs_code_COD0OPSFIN_20232840000_01D_30S_CLK.CLK.gz.csv
[05:49:19] [INFO] Merging individual file: step_2_0_pairs_code_COD0OPSFIN_20231730000_01D_30S_CLK.CLK.gz.csv
[05:49:19] [DEBUG] Cleaned up individual file: step_2_0_pairs_code_COD0OPSFIN_20231730000_01D_30S_CLK.CLK.gz.csv
[05:49:19] [INFO] Merging individual file: step_2_0_pairs_code_COD0OPSFIN_20241100000_01D_30S_CLK.CLK.gz.csv
[05:49:19] [DEBUG] Cleaned up individual file: step_2_0_pairs_code_COD0OPSFIN_20241100000_01D_30S_CLK.CLK.gz.csv
[05:49:19] [INFO] Merging individual file: step_2_0_pairs_code_COD0OPSFIN_20250660000_01D_30S_CLK.CLK.gz.csv
[05:49:19] [DEBUG] Cleaned up individual file: step_2_0_pairs_code_COD0OPSFIN_20250660000_01D_30S_CLK.CLK.gz.csv
[05:49:19] [INFO] Merging individual file: step_2_0_pairs_code_COD0OPSFIN_20251520000_01D_30S_CLK.CLK.gz.csv
[05:49:20] [DEBUG] Cleaned up individual file: step_2_0_pairs_code_COD0OPSFIN_20251520000_01D_30S_CLK.CLK.gz.csv
[05:49:20] [INFO] Merging individual file: step_2_0_pairs_code_COD0OPSFIN_20250130000_01D_30S_CLK.CLK.gz.csv
[05:49:20] [DEBUG] Cleaned up individual file: step_2_0_pairs_code_COD0OPSFIN_20250130000_01D_30S_CLK.CLK.gz.csv
[05:49:20] [INFO] Merging individual file: step_2_0_pairs_code_COD0OPSFIN_20251810000_01D_30S_CLK.CLK.gz.csv
[05:49:20] [DEBUG] Cleaned up individual file: step_2_0_pairs_code_COD0OPSFIN_20251810000_01D_30S_CLK.CLK.gz.csv
[05:49:20] [INFO] Merging individual file: step_2_0_pairs_code_COD0OPSFIN_20240850000_01D_30S_CLK.CLK.gz.csv
[05:49:21] [DEBUG] Cleaned up individual file: step_2_0_pairs_code_COD0OPSFIN_20240850000_01D_30S_CLK.CLK.gz.csv
[05:49:21] [INFO] Merging individual file: step_2_0_pairs_code_COD0OPSFIN_20233120000_01D_30S_CLK.CLK.gz.csv
[05:49:21] [DEBUG] Cleaned up individual file: step_2_0_pairs_code_COD0OPSFIN_20233120000_01D_30S_CLK.CLK.gz.csv
[05:49:21] [INFO] Merging individual file: step_2_0_pairs_code_COD0OPSFIN_20243390000_01D_30S_CLK.CLK.gz.csv
[05:49:21] [DEBUG] Cleaned up individual file: step_2_0_pairs_code_COD0OPSFIN_20243390000_01D_30S_CLK.CLK.gz.csv
[05:49:21] [INFO] Merging individual file: step_2_0_pairs_code_COD0OPSFIN_20232230000_01D_30S_CLK.CLK.gz.csv
[05:49:21] [DEBUG] Cleaned up individual file: step_2_0_pairs_code_COD0OPSFIN_20232230000_01D_30S_CLK.CLK.gz.csv
[05:49:21] [INFO] Merging individual file: step_2_0_pairs_code_COD0OPSFIN_20241420000_01D_30S_CLK.CLK.gz.csv
[05:49:22] [DEBUG] Cleaned up individual file: step_2_0_pairs_code_COD0OPSFIN_20241420000_01D_30S_CLK.CLK.gz.csv
[05:49:22] [INFO] Merging individual file: step_2_0_pairs_code_COD0OPSFIN_20250050000_01D_30S_CLK.CLK.gz.csv
[05:49:22] [DEBUG] Cleaned up individual file: step_2_0_pairs_code_COD0OPSFIN_20250050000_01D_30S_CLK.CLK.gz.csv
[05:49:22] [INFO] Merging individual file: step_2_0_pairs_code_COD0OPSFIN_20232050000_01D_30S_CLK.CLK.gz.csv
[05:49:22] [DEBUG] Cleaned up individual file: step_2_0_pairs_code_COD0OPSFIN_20232050000_01D_30S_CLK.CLK.gz.csv
[05:49:22] [INFO] Merging individual file: step_2_0_pairs_code_COD0OPSFIN_20251460000_01D_30S_CLK.CLK.gz.csv
[05:49:22] [DEBUG] Cleaned up individual file: step_2_0_pairs_code_COD0OPSFIN_20251460000_01D_30S_CLK.CLK.gz.csv
[05:49:22] [INFO] Merging individual file: step_2_0_pairs_code_COD0OPSFIN_20232650000_01D_30S_CLK.CLK.gz.csv
[05:49:23] [DEBUG] Cleaned up individual file: step_2_0_pairs_code_COD0OPSFIN_20232650000_01D_30S_CLK.CLK.gz.csv
[05:49:23] [INFO] Merging individual file: step_2_0_pairs_code_COD0OPSFIN_20230030000_01D_30S_CLK.CLK.gz.csv
[05:49:23] [DEBUG] Cleaned up individual file: step_2_0_pairs_code_COD0OPSFIN_20230030000_01D_30S_CLK.CLK.gz.csv
[05:49:23] [INFO] Merging individual file: step_2_0_pairs_code_COD0OPSFIN_20250300000_01D_30S_CLK.CLK.gz.csv
[05:49:23] [DEBUG] Cleaned up individual file: step_2_0_pairs_code_COD0OPSFIN_20250300000_01D_30S_CLK.CLK.gz.csv
[05:49:23] [INFO] Merging individual file: step_2_0_pairs_code_COD0OPSFIN_20231690000_01D_30S_CLK.CLK.gz.csv
[05:49:23] [DEBUG] Cleaned up individual file: step_2_0_pairs_code_COD0OPSFIN_20231690000_01D_30S_CLK.CLK.gz.csv
[05:49:23] [INFO] Merging individual file: step_2_0_pairs_code_COD0OPSFIN_20230590000_01D_30S_CLK.CLK.gz.csv
[05:49:24] [DEBUG] Cleaned up individual file: step_2_0_pairs_code_COD0OPSFIN_20230590000_01D_30S_CLK.CLK.gz.csv
[05:49:24] [INFO] Merging individual file: step_2_0_pairs_code_COD0OPSFIN_20241400000_01D_30S_CLK.CLK.gz.csv
[05:49:24] [DEBUG] Cleaned up individual file: step_2_0_pairs_code_COD0OPSFIN_20241400000_01D_30S_CLK.CLK.gz.csv
[05:49:24] [INFO] Merging individual file: step_2_0_pairs_code_COD0OPSFIN_20241190000_01D_30S_CLK.CLK.gz.csv
[05:49:24] [DEBUG] Cleaned up individual file: step_2_0_pairs_code_COD0OPSFIN_20241190000_01D_30S_CLK.CLK.gz.csv
[05:49:24] [INFO] Merging individual file: step_2_0_pairs_code_COD0OPSFIN_20231050000_01D_30S_CLK.CLK.gz.csv
[05:49:25] [DEBUG] Cleaned up individual file: step_2_0_pairs_code_COD0OPSFIN_20231050000_01D_30S_CLK.CLK.gz.csv
[05:49:25] [INFO] Merging individual file: step_2_0_pairs_code_COD0OPSFIN_20240260000_01D_30S_CLK.CLK.gz.csv
[05:49:25] [DEBUG] Cleaned up individual file: step_2_0_pairs_code_COD0OPSFIN_20240260000_01D_30S_CLK.CLK.gz.csv
[05:49:25] [INFO] Merging individual file: step_2_0_pairs_code_COD0OPSFIN_20230990000_01D_30S_CLK.CLK.gz.csv
[05:49:25] [DEBUG] Cleaned up individual file: step_2_0_pairs_code_COD0OPSFIN_20230990000_01D_30S_CLK.CLK.gz.csv
[05:49:25] [INFO] Merging individual file: step_2_0_pairs_code_COD0OPSFIN_20232920000_01D_30S_CLK.CLK.gz.csv
[05:49:25] [DEBUG] Cleaned up individual file: step_2_0_pairs_code_COD0OPSFIN_20232920000_01D_30S_CLK.CLK.gz.csv
[05:49:25] [INFO] Merging individual file: step_2_0_pairs_code_COD0OPSFIN_20251400000_01D_30S_CLK.CLK.gz.csv
[05:49:26] [DEBUG] Cleaned up individual file: step_2_0_pairs_code_COD0OPSFIN_20251400000_01D_30S_CLK.CLK.gz.csv
[05:49:26] [INFO] Merging individual file: step_2_0_pairs_code_COD0OPSFIN_20242250000_01D_30S_CLK.CLK.gz.csv
[05:49:26] [DEBUG] Cleaned up individual file: step_2_0_pairs_code_COD0OPSFIN_20242250000_01D_30S_CLK.CLK.gz.csv
[05:49:26] [INFO] Merging individual file: step_2_0_pairs_code_COD0OPSFIN_20230780000_01D_30S_CLK.CLK.gz.csv
[05:49:26] [DEBUG] Cleaned up individual file: step_2_0_pairs_code_COD0OPSFIN_20230780000_01D_30S_CLK.CLK.gz.csv
[05:49:26] [INFO] Merging individual file: step_2_0_pairs_code_COD0OPSFIN_20250790000_01D_30S_CLK.CLK.gz.csv
[05:49:26] [DEBUG] Cleaned up individual file: step_2_0_pairs_code_COD0OPSFIN_20250790000_01D_30S_CLK.CLK.gz.csv
[05:49:26] [INFO] Merging individual file: step_2_0_pairs_code_COD0OPSFIN_20251040000_01D_30S_CLK.CLK.gz.csv
[05:49:27] [DEBUG] Cleaned up individual file: step_2_0_pairs_code_COD0OPSFIN_20251040000_01D_30S_CLK.CLK.gz.csv
[05:49:27] [INFO] Merging individual file: step_2_0_pairs_code_COD0OPSFIN_20230210000_01D_30S_CLK.CLK.gz.csv
[05:49:27] [DEBUG] Cleaned up individual file: step_2_0_pairs_code_COD0OPSFIN_20230210000_01D_30S_CLK.CLK.gz.csv
[05:49:27] [INFO] Merging individual file: step_2_0_pairs_code_COD0OPSFIN_20250740000_01D_30S_CLK.CLK.gz.csv
[05:49:27] [DEBUG] Cleaned up individual file: step_2_0_pairs_code_COD0OPSFIN_20250740000_01D_30S_CLK.CLK.gz.csv
[05:49:27] [INFO] Merging individual file: step_2_0_pairs_code_COD0OPSFIN_20241950000_01D_30S_CLK.CLK.gz.csv
[05:49:27] [DEBUG] Cleaned up individual file: step_2_0_pairs_code_COD0OPSFIN_20241950000_01D_30S_CLK.CLK.gz.csv
[05:49:27] [INFO] Merging individual file: step_2_0_pairs_code_COD0OPSFIN_20251020000_01D_30S_CLK.CLK.gz.csv
[05:49:28] [DEBUG] Cleaned up individual file: step_2_0_pairs_code_COD0OPSFIN_20251020000_01D_30S_CLK.CLK.gz.csv
[05:49:28] [INFO] Merging individual file: step_2_0_pairs_code_COD0OPSFIN_20233400000_01D_30S_CLK.CLK.gz.csv
[05:49:28] [DEBUG] Cleaned up individual file: step_2_0_pairs_code_COD0OPSFIN_20233400000_01D_30S_CLK.CLK.gz.csv
[05:49:28] [INFO] Merging individual file: step_2_0_pairs_code_COD0OPSFIN_20243210000_01D_30S_CLK.CLK.gz.csv
[05:49:28] [DEBUG] Cleaned up individual file: step_2_0_pairs_code_COD0OPSFIN_20243210000_01D_30S_CLK.CLK.gz.csv
[05:49:28] [INFO] Merging individual file: step_2_0_pairs_code_COD0OPSFIN_20240910000_01D_30S_CLK.CLK.gz.csv
[05:49:28] [DEBUG] Cleaned up individual file: step_2_0_pairs_code_COD0OPSFIN_20240910000_01D_30S_CLK.CLK.gz.csv
[05:49:28] [INFO] Merging individual file: step_2_0_pairs_code_COD0OPSFIN_20243100000_01D_30S_CLK.CLK.gz.csv
[05:49:29] [DEBUG] Cleaned up individual file: step_2_0_pairs_code_COD0OPSFIN_20243100000_01D_30S_CLK.CLK.gz.csv
[05:49:29] [INFO] Merging individual file: step_2_0_pairs_code_COD0OPSFIN_20240350000_01D_30S_CLK.CLK.gz.csv
[05:49:29] [DEBUG] Cleaned up individual file: step_2_0_pairs_code_COD0OPSFIN_20240350000_01D_30S_CLK.CLK.gz.csv
[05:49:29] [INFO] Merging individual file: step_2_0_pairs_code_COD0OPSFIN_20241940000_01D_30S_CLK.CLK.gz.csv
[05:49:29] [DEBUG] Cleaned up individual file: step_2_0_pairs_code_COD0OPSFIN_20241940000_01D_30S_CLK.CLK.gz.csv
[05:49:29] [INFO] Merging individual file: step_2_0_pairs_code_COD0OPSFIN_20242210000_01D_30S_CLK.CLK.gz.csv
[05:49:30] [DEBUG] Cleaned up individual file: step_2_0_pairs_code_COD0OPSFIN_20242210000_01D_30S_CLK.CLK.gz.csv
[05:49:30] [INFO] Merging individual file: step_2_0_pairs_code_COD0OPSFIN_20230060000_01D_30S_CLK.CLK.gz.csv
[05:49:30] [DEBUG] Cleaned up individual file: step_2_0_pairs_code_COD0OPSFIN_20230060000_01D_30S_CLK.CLK.gz.csv
[05:49:30] [INFO] Merging individual file: step_2_0_pairs_code_COD0OPSFIN_20241310000_01D_30S_CLK.CLK.gz.csv
[05:49:30] [DEBUG] Cleaned up individual file: step_2_0_pairs_code_COD0OPSFIN_20241310000_01D_30S_CLK.CLK.gz.csv
[05:49:30] [INFO] Merging individual file: step_2_0_pairs_code_COD0OPSFIN_20231320000_01D_30S_CLK.CLK.gz.csv
[05:49:30] [DEBUG] Cleaned up individual file: step_2_0_pairs_code_COD0OPSFIN_20231320000_01D_30S_CLK.CLK.gz.csv
[05:49:30] [INFO] Merging individual file: step_2_0_pairs_code_COD0OPSFIN_20243010000_01D_30S_CLK.CLK.gz.csv
[05:49:31] [DEBUG] Cleaned up individual file: step_2_0_pairs_code_COD0OPSFIN_20243010000_01D_30S_CLK.CLK.gz.csv
[05:49:31] [INFO] Merging individual file: step_2_0_pairs_code_COD0OPSFIN_20231850000_01D_30S_CLK.CLK.gz.csv
[05:49:31] [DEBUG] Cleaned up individual file: step_2_0_pairs_code_COD0OPSFIN_20231850000_01D_30S_CLK.CLK.gz.csv
[05:49:31] [INFO] Merging individual file: step_2_0_pairs_code_COD0OPSFIN_20242920000_01D_30S_CLK.CLK.gz.csv
[05:49:31] [DEBUG] Cleaned up individual file: step_2_0_pairs_code_COD0OPSFIN_20242920000_01D_30S_CLK.CLK.gz.csv
[05:49:31] [INFO] Merging individual file: step_2_0_pairs_code_COD0OPSFIN_20241570000_01D_30S_CLK.CLK.gz.csv
[05:49:31] [DEBUG] Cleaned up individual file: step_2_0_pairs_code_COD0OPSFIN_20241570000_01D_30S_CLK.CLK.gz.csv
[05:49:31] [INFO] Merging individual file: step_2_0_pairs_code_COD0OPSFIN_20241910000_01D_30S_CLK.CLK.gz.csv
[05:49:32] [DEBUG] Cleaned up individual file: step_2_0_pairs_code_COD0OPSFIN_20241910000_01D_30S_CLK.CLK.gz.csv
[05:49:32] [INFO] Merging individual file: step_2_0_pairs_code_COD0OPSFIN_20242120000_01D_30S_CLK.CLK.gz.csv
[05:49:32] [DEBUG] Cleaned up individual file: step_2_0_pairs_code_COD0OPSFIN_20242120000_01D_30S_CLK.CLK.gz.csv
[05:49:32] [INFO] Merging individual file: step_2_0_pairs_code_COD0OPSFIN_20242590000_01D_30S_CLK.CLK.gz.csv
[05:49:32] [DEBUG] Cleaned up individual file: step_2_0_pairs_code_COD0OPSFIN_20242590000_01D_30S_CLK.CLK.gz.csv
[05:49:32] [INFO] Merging individual file: step_2_0_pairs_code_COD0OPSFIN_20241520000_01D_30S_CLK.CLK.gz.csv
[05:49:32] [DEBUG] Cleaned up individual file: step_2_0_pairs_code_COD0OPSFIN_20241520000_01D_30S_CLK.CLK.gz.csv
[05:49:32] [INFO] Merging individual file: step_2_0_pairs_code_COD0OPSFIN_20230680000_01D_30S_CLK.CLK.gz.csv
[05:49:33] [DEBUG] Cleaned up individual file: step_2_0_pairs_code_COD0OPSFIN_20230680000_01D_30S_CLK.CLK.gz.csv
[05:49:33] [INFO] Merging individual file: step_2_0_pairs_code_COD0OPSFIN_20230050000_01D_30S_CLK.CLK.gz.csv
[05:49:33] [DEBUG] Cleaned up individual file: step_2_0_pairs_code_COD0OPSFIN_20230050000_01D_30S_CLK.CLK.gz.csv
[05:49:33] [INFO] Merging individual file: step_2_0_pairs_code_COD0OPSFIN_20243520000_01D_30S_CLK.CLK.gz.csv
[05:49:33] [DEBUG] Cleaned up individual file: step_2_0_pairs_code_COD0OPSFIN_20243520000_01D_30S_CLK.CLK.gz.csv
[05:49:33] [INFO] Merging individual file: step_2_0_pairs_code_COD0OPSFIN_20251690000_01D_30S_CLK.CLK.gz.csv
[05:49:33] [DEBUG] Cleaned up individual file: step_2_0_pairs_code_COD0OPSFIN_20251690000_01D_30S_CLK.CLK.gz.csv
[05:49:33] [INFO] Merging individual file: step_2_0_pairs_code_COD0OPSFIN_20241550000_01D_30S_CLK.CLK.gz.csv
[05:49:34] [DEBUG] Cleaned up individual file: step_2_0_pairs_code_COD0OPSFIN_20241550000_01D_30S_CLK.CLK.gz.csv
[05:49:34] [INFO] Merging individual file: step_2_0_pairs_code_COD0OPSFIN_20242330000_01D_30S_CLK.CLK.gz.csv
[05:49:34] [DEBUG] Cleaned up individual file: step_2_0_pairs_code_COD0OPSFIN_20242330000_01D_30S_CLK.CLK.gz.csv
[05:49:34] [INFO] Merging individual file: step_2_0_pairs_code_COD0OPSFIN_20242790000_01D_30S_CLK.CLK.gz.csv
[05:49:34] [DEBUG] Cleaned up individual file: step_2_0_pairs_code_COD0OPSFIN_20242790000_01D_30S_CLK.CLK.gz.csv
[05:49:34] [INFO] Merging individual file: step_2_0_pairs_code_COD0OPSFIN_20243640000_01D_30S_CLK.CLK.gz.csv
[05:49:34] [DEBUG] Cleaned up individual file: step_2_0_pairs_code_COD0OPSFIN_20243640000_01D_30S_CLK.CLK.gz.csv
[05:49:34] [INFO] Merging individual file: step_2_0_pairs_code_COD0OPSFIN_20250830000_01D_30S_CLK.CLK.gz.csv
[05:49:35] [DEBUG] Cleaned up individual file: step_2_0_pairs_code_COD0OPSFIN_20250830000_01D_30S_CLK.CLK.gz.csv
[05:49:35] [INFO] Merging individual file: step_2_0_pairs_code_COD0OPSFIN_20240630000_01D_30S_CLK.CLK.gz.csv
[05:49:35] [DEBUG] Cleaned up individual file: step_2_0_pairs_code_COD0OPSFIN_20240630000_01D_30S_CLK.CLK.gz.csv
[05:49:35] [INFO] Merging individual file: step_2_0_pairs_code_COD0OPSFIN_20232440000_01D_30S_CLK.CLK.gz.csv
[05:49:35] [DEBUG] Cleaned up individual file: step_2_0_pairs_code_COD0OPSFIN_20232440000_01D_30S_CLK.CLK.gz.csv
[05:49:35] [INFO] Merging individual file: step_2_0_pairs_code_COD0OPSFIN_20243160000_01D_30S_CLK.CLK.gz.csv
[05:49:35] [DEBUG] Cleaned up individual file: step_2_0_pairs_code_COD0OPSFIN_20243160000_01D_30S_CLK.CLK.gz.csv
[05:49:35] [INFO] Merging individual file: step_2_0_pairs_code_COD0OPSFIN_20231570000_01D_30S_CLK.CLK.gz.csv
[05:49:36] [DEBUG] Cleaned up individual file: step_2_0_pairs_code_COD0OPSFIN_20231570000_01D_30S_CLK.CLK.gz.csv
[05:49:36] [INFO] Merging individual file: step_2_0_pairs_code_COD0OPSFIN_20241260000_01D_30S_CLK.CLK.gz.csv
[05:49:36] [DEBUG] Cleaned up individual file: step_2_0_pairs_code_COD0OPSFIN_20241260000_01D_30S_CLK.CLK.gz.csv
[05:49:36] [INFO] Merging individual file: step_2_0_pairs_code_COD0OPSFIN_20230910000_01D_30S_CLK.CLK.gz.csv
[05:49:36] [DEBUG] Cleaned up individual file: step_2_0_pairs_code_COD0OPSFIN_20230910000_01D_30S_CLK.CLK.gz.csv
[05:49:36] [INFO] Merging individual file: step_2_0_pairs_code_COD0OPSFIN_20240170000_01D_30S_CLK.CLK.gz.csv
[05:49:37] [DEBUG] Cleaned up individual file: step_2_0_pairs_code_COD0OPSFIN_20240170000_01D_30S_CLK.CLK.gz.csv
[05:49:37] [INFO] Merging individual file: step_2_0_pairs_code_COD0OPSFIN_20231040000_01D_30S_CLK.CLK.gz.csv
[05:49:37] [DEBUG] Cleaned up individual file: step_2_0_pairs_code_COD0OPSFIN_20231040000_01D_30S_CLK.CLK.gz.csv
[05:49:37] [INFO] Merging individual file: step_2_0_pairs_code_COD0OPSFIN_20233550000_01D_30S_CLK.CLK.gz.csv
[05:49:37] [DEBUG] Cleaned up individual file: step_2_0_pairs_code_COD0OPSFIN_20233550000_01D_30S_CLK.CLK.gz.csv
[05:49:37] [INFO] Merging individual file: step_2_0_pairs_code_COD0OPSFIN_20232100000_01D_30S_CLK.CLK.gz.csv
[05:49:37] [DEBUG] Cleaned up individual file: step_2_0_pairs_code_COD0OPSFIN_20232100000_01D_30S_CLK.CLK.gz.csv
[05:49:37] [INFO] Merging individual file: step_2_0_pairs_code_COD0OPSFIN_20251590000_01D_30S_CLK.CLK.gz.csv
[05:49:38] [DEBUG] Cleaned up individual file: step_2_0_pairs_code_COD0OPSFIN_20251590000_01D_30S_CLK.CLK.gz.csv
[05:49:38] [INFO] Merging individual file: step_2_0_pairs_code_COD0OPSFIN_20231280000_01D_30S_CLK.CLK.gz.csv
[05:49:38] [DEBUG] Cleaned up individual file: step_2_0_pairs_code_COD0OPSFIN_20231280000_01D_30S_CLK.CLK.gz.csv
[05:49:38] [INFO] Merging individual file: step_2_0_pairs_code_COD0OPSFIN_20243120000_01D_30S_CLK.CLK.gz.csv
[05:49:38] [DEBUG] Cleaned up individual file: step_2_0_pairs_code_COD0OPSFIN_20243120000_01D_30S_CLK.CLK.gz.csv
[05:49:38] [INFO] Merging individual file: step_2_0_pairs_code_COD0OPSFIN_20250820000_01D_30S_CLK.CLK.gz.csv
[05:49:38] [DEBUG] Cleaned up individual file: step_2_0_pairs_code_COD0OPSFIN_20250820000_01D_30S_CLK.CLK.gz.csv
[05:49:38] [INFO] Merging individual file: step_2_0_pairs_code_COD0OPSFIN_20231770000_01D_30S_CLK.CLK.gz.csv
[05:49:39] [DEBUG] Cleaned up individual file: step_2_0_pairs_code_COD0OPSFIN_20231770000_01D_30S_CLK.CLK.gz.csv
[05:49:39] [INFO] Merging individual file: step_2_0_pairs_code_COD0OPSFIN_20250610000_01D_30S_CLK.CLK.gz.csv
[05:49:39] [DEBUG] Cleaned up individual file: step_2_0_pairs_code_COD0OPSFIN_20250610000_01D_30S_CLK.CLK.gz.csv
[05:49:39] [INFO] Merging individual file: step_2_0_pairs_code_COD0OPSFIN_20243230000_01D_30S_CLK.CLK.gz.csv
[05:49:39] [DEBUG] Cleaned up individual file: step_2_0_pairs_code_COD0OPSFIN_20243230000_01D_30S_CLK.CLK.gz.csv
[05:49:39] [INFO] Merging individual file: step_2_0_pairs_code_COD0OPSFIN_20241510000_01D_30S_CLK.CLK.gz.csv
[05:49:40] [DEBUG] Cleaned up individual file: step_2_0_pairs_code_COD0OPSFIN_20241510000_01D_30S_CLK.CLK.gz.csv
[05:49:40] [INFO] Merging individual file: step_2_0_pairs_code_COD0OPSFIN_20230890000_01D_30S_CLK.CLK.gz.csv
[05:49:40] [DEBUG] Cleaned up individual file: step_2_0_pairs_code_COD0OPSFIN_20230890000_01D_30S_CLK.CLK.gz.csv
[05:49:40] [INFO] Merging individual file: step_2_0_pairs_code_COD0OPSFIN_20233480000_01D_30S_CLK.CLK.gz.csv
[05:49:40] [DEBUG] Cleaned up individual file: step_2_0_pairs_code_COD0OPSFIN_20233480000_01D_30S_CLK.CLK.gz.csv
[05:49:40] [INFO] Merging individual file: step_2_0_pairs_code_COD0OPSFIN_20233020000_01D_30S_CLK.CLK.gz.csv
[05:49:40] [DEBUG] Cleaned up individual file: step_2_0_pairs_code_COD0OPSFIN_20233020000_01D_30S_CLK.CLK.gz.csv
[05:49:40] [INFO] Merging individual file: step_2_0_pairs_code_COD0OPSFIN_20231340000_01D_30S_CLK.CLK.gz.csv
[05:49:41] [DEBUG] Cleaned up individual file: step_2_0_pairs_code_COD0OPSFIN_20231340000_01D_30S_CLK.CLK.gz.csv
[05:49:41] [INFO] Merging individual file: step_2_0_pairs_code_COD0OPSFIN_20232710000_01D_30S_CLK.CLK.gz.csv
[05:49:41] [DEBUG] Cleaned up individual file: step_2_0_pairs_code_COD0OPSFIN_20232710000_01D_30S_CLK.CLK.gz.csv
[05:49:41] [INFO] Merging individual file: step_2_0_pairs_code_COD0OPSFIN_20243270000_01D_30S_CLK.CLK.gz.csv
[05:49:41] [DEBUG] Cleaned up individual file: step_2_0_pairs_code_COD0OPSFIN_20243270000_01D_30S_CLK.CLK.gz.csv
[05:49:41] [INFO] Merging individual file: step_2_0_pairs_code_COD0OPSFIN_20243630000_01D_30S_CLK.CLK.gz.csv
[05:49:41] [DEBUG] Cleaned up individual file: step_2_0_pairs_code_COD0OPSFIN_20243630000_01D_30S_CLK.CLK.gz.csv
[05:49:41] [INFO] Merging individual file: step_2_0_pairs_code_COD0OPSFIN_20242880000_01D_30S_CLK.CLK.gz.csv
[05:49:42] [DEBUG] Cleaned up individual file: step_2_0_pairs_code_COD0OPSFIN_20242880000_01D_30S_CLK.CLK.gz.csv
[05:49:42] [INFO] Merging individual file: step_2_0_pairs_code_COD0OPSFIN_20242110000_01D_30S_CLK.CLK.gz.csv
[05:49:42] [DEBUG] Cleaned up individual file: step_2_0_pairs_code_COD0OPSFIN_20242110000_01D_30S_CLK.CLK.gz.csv
[05:49:42] [INFO] Merging individual file: step_2_0_pairs_code_COD0OPSFIN_20251450000_01D_30S_CLK.CLK.gz.csv
[05:49:42] [DEBUG] Cleaned up individual file: step_2_0_pairs_code_COD0OPSFIN_20251450000_01D_30S_CLK.CLK.gz.csv
[05:49:42] [INFO] Merging individual file: step_2_0_pairs_code_COD0OPSFIN_20250190000_01D_30S_CLK.CLK.gz.csv
[05:49:42] [DEBUG] Cleaned up individual file: step_2_0_pairs_code_COD0OPSFIN_20250190000_01D_30S_CLK.CLK.gz.csv
[05:49:42] [INFO] Merging individual file: step_2_0_pairs_code_COD0OPSFIN_20251300000_01D_30S_CLK.CLK.gz.csv
[05:49:43] [DEBUG] Cleaned up individual file: step_2_0_pairs_code_COD0OPSFIN_20251300000_01D_30S_CLK.CLK.gz.csv
[05:49:43] [INFO] Merging individual file: step_2_0_pairs_code_COD0OPSFIN_20250590000_01D_30S_CLK.CLK.gz.csv
[05:49:43] [DEBUG] Cleaned up individual file: step_2_0_pairs_code_COD0OPSFIN_20250590000_01D_30S_CLK.CLK.gz.csv
[05:49:43] [INFO] Merging individual file: step_2_0_pairs_code_COD0OPSFIN_20250460000_01D_30S_CLK.CLK.gz.csv
[05:49:43] [DEBUG] Cleaned up individual file: step_2_0_pairs_code_COD0OPSFIN_20250460000_01D_30S_CLK.CLK.gz.csv
[05:49:43] [INFO] Merging individual file: step_2_0_pairs_code_COD0OPSFIN_20240230000_01D_30S_CLK.CLK.gz.csv
[05:49:43] [DEBUG] Cleaned up individual file: step_2_0_pairs_code_COD0OPSFIN_20240230000_01D_30S_CLK.CLK.gz.csv
[05:49:43] [INFO] Merging individual file: step_2_0_pairs_code_COD0OPSFIN_20250450000_01D_30S_CLK.CLK.gz.csv
[05:49:44] [DEBUG] Cleaned up individual file: step_2_0_pairs_code_COD0OPSFIN_20250450000_01D_30S_CLK.CLK.gz.csv
[05:49:44] [INFO] Merging individual file: step_2_0_pairs_code_COD0OPSFIN_20241620000_01D_30S_CLK.CLK.gz.csv
[05:49:44] [DEBUG] Cleaned up individual file: step_2_0_pairs_code_COD0OPSFIN_20241620000_01D_30S_CLK.CLK.gz.csv
[05:49:44] [INFO] Merging individual file: step_2_0_pairs_code_COD0OPSFIN_20232200000_01D_30S_CLK.CLK.gz.csv
[05:49:44] [DEBUG] Cleaned up individual file: step_2_0_pairs_code_COD0OPSFIN_20232200000_01D_30S_CLK.CLK.gz.csv
[05:49:44] [INFO] Merging individual file: step_2_0_pairs_code_COD0OPSFIN_20231400000_01D_30S_CLK.CLK.gz.csv
[05:49:45] [DEBUG] Cleaned up individual file: step_2_0_pairs_code_COD0OPSFIN_20231400000_01D_30S_CLK.CLK.gz.csv
[05:49:45] [INFO] Merging individual file: step_2_0_pairs_code_COD0OPSFIN_20232530000_01D_30S_CLK.CLK.gz.csv
[05:49:45] [DEBUG] Cleaned up individual file: step_2_0_pairs_code_COD0OPSFIN_20232530000_01D_30S_CLK.CLK.gz.csv
[05:49:45] [INFO] Merging individual file: step_2_0_pairs_code_COD0OPSFIN_20251110000_01D_30S_CLK.CLK.gz.csv
[05:49:45] [DEBUG] Cleaned up individual file: step_2_0_pairs_code_COD0OPSFIN_20251110000_01D_30S_CLK.CLK.gz.csv
[05:49:45] [INFO] Merging individual file: step_2_0_pairs_code_COD0OPSFIN_20241590000_01D_30S_CLK.CLK.gz.csv
[05:49:45] [DEBUG] Cleaned up individual file: step_2_0_pairs_code_COD0OPSFIN_20241590000_01D_30S_CLK.CLK.gz.csv
[05:49:45] [INFO] Merging individual file: step_2_0_pairs_code_COD0OPSFIN_20232400000_01D_30S_CLK.CLK.gz.csv
[05:49:46] [DEBUG] Cleaned up individual file: step_2_0_pairs_code_COD0OPSFIN_20232400000_01D_30S_CLK.CLK.gz.csv
[05:49:46] [INFO] Merging individual file: step_2_0_pairs_code_COD0OPSFIN_20230460000_01D_30S_CLK.CLK.gz.csv
[05:49:46] [DEBUG] Cleaned up individual file: step_2_0_pairs_code_COD0OPSFIN_20230460000_01D_30S_CLK.CLK.gz.csv
[05:49:46] [INFO] Merging individual file: step_2_0_pairs_code_COD0OPSFIN_20233080000_01D_30S_CLK.CLK.gz.csv
[05:49:46] [DEBUG] Cleaned up individual file: step_2_0_pairs_code_COD0OPSFIN_20233080000_01D_30S_CLK.CLK.gz.csv
[05:49:46] [INFO] Merging individual file: step_2_0_pairs_code_COD0OPSFIN_20231580000_01D_30S_CLK.CLK.gz.csv
[05:49:47] [DEBUG] Cleaned up individual file: step_2_0_pairs_code_COD0OPSFIN_20231580000_01D_30S_CLK.CLK.gz.csv
[05:49:47] [INFO] Merging individual file: step_2_0_pairs_code_COD0OPSFIN_20230380000_01D_30S_CLK.CLK.gz.csv
[05:49:47] [DEBUG] Cleaned up individual file: step_2_0_pairs_code_COD0OPSFIN_20230380000_01D_30S_CLK.CLK.gz.csv
[05:49:47] [INFO] Merging individual file: step_2_0_pairs_code_COD0OPSFIN_20251310000_01D_30S_CLK.CLK.gz.csv
[05:49:47] [DEBUG] Cleaned up individual file: step_2_0_pairs_code_COD0OPSFIN_20251310000_01D_30S_CLK.CLK.gz.csv
[05:49:47] [INFO] Merging individual file: step_2_0_pairs_code_COD0OPSFIN_20251100000_01D_30S_CLK.CLK.gz.csv
[05:49:47] [DEBUG] Cleaned up individual file: step_2_0_pairs_code_COD0OPSFIN_20251100000_01D_30S_CLK.CLK.gz.csv
[05:49:47] [INFO] Merging individual file: step_2_0_pairs_code_COD0OPSFIN_20242620000_01D_30S_CLK.CLK.gz.csv
[05:49:48] [DEBUG] Cleaned up individual file: step_2_0_pairs_code_COD0OPSFIN_20242620000_01D_30S_CLK.CLK.gz.csv
[05:49:48] [INFO] Merging individual file: step_2_0_pairs_code_COD0OPSFIN_20250800000_01D_30S_CLK.CLK.gz.csv
[05:49:48] [DEBUG] Cleaned up individual file: step_2_0_pairs_code_COD0OPSFIN_20250800000_01D_30S_CLK.CLK.gz.csv
[05:49:48] [INFO] Merging individual file: step_2_0_pairs_code_COD0OPSFIN_20230830000_01D_30S_CLK.CLK.gz.csv
[05:49:48] [DEBUG] Cleaned up individual file: step_2_0_pairs_code_COD0OPSFIN_20230830000_01D_30S_CLK.CLK.gz.csv
[05:49:48] [INFO] Merging individual file: step_2_0_pairs_code_COD0OPSFIN_20233010000_01D_30S_CLK.CLK.gz.csv
[05:49:48] [DEBUG] Cleaned up individual file: step_2_0_pairs_code_COD0OPSFIN_20233010000_01D_30S_CLK.CLK.gz.csv
[05:49:48] [INFO] Merging individual file: step_2_0_pairs_code_COD0OPSFIN_20230440000_01D_30S_CLK.CLK.gz.csv
[05:49:49] [DEBUG] Cleaned up individual file: step_2_0_pairs_code_COD0OPSFIN_20230440000_01D_30S_CLK.CLK.gz.csv
[05:49:49] [INFO] Merging individual file: step_2_0_pairs_code_COD0OPSFIN_20251500000_01D_30S_CLK.CLK.gz.csv
[05:49:49] [DEBUG] Cleaned up individual file: step_2_0_pairs_code_COD0OPSFIN_20251500000_01D_30S_CLK.CLK.gz.csv
[05:49:49] [INFO] Merging individual file: step_2_0_pairs_code_COD0OPSFIN_20250580000_01D_30S_CLK.CLK.gz.csv
[05:49:49] [DEBUG] Cleaned up individual file: step_2_0_pairs_code_COD0OPSFIN_20250580000_01D_30S_CLK.CLK.gz.csv
[05:49:49] [INFO] Merging individual file: step_2_0_pairs_code_COD0OPSFIN_20250770000_01D_30S_CLK.CLK.gz.csv
[05:49:49] [DEBUG] Cleaned up individual file: step_2_0_pairs_code_COD0OPSFIN_20250770000_01D_30S_CLK.CLK.gz.csv
[05:49:49] [INFO] Merging individual file: step_2_0_pairs_code_COD0OPSFIN_20231460000_01D_30S_CLK.CLK.gz.csv
[05:49:50] [DEBUG] Cleaned up individual file: step_2_0_pairs_code_COD0OPSFIN_20231460000_01D_30S_CLK.CLK.gz.csv
[05:49:50] [INFO] Merging individual file: step_2_0_pairs_code_COD0OPSFIN_20232010000_01D_30S_CLK.CLK.gz.csv
[05:49:50] [DEBUG] Cleaned up individual file: step_2_0_pairs_code_COD0OPSFIN_20232010000_01D_30S_CLK.CLK.gz.csv
[05:49:50] [INFO] Merging individual file: step_2_0_pairs_code_COD0OPSFIN_20250400000_01D_30S_CLK.CLK.gz.csv
[05:49:50] [DEBUG] Cleaned up individual file: step_2_0_pairs_code_COD0OPSFIN_20250400000_01D_30S_CLK.CLK.gz.csv
[05:49:50] [INFO] Merging individual file: step_2_0_pairs_code_COD0OPSFIN_20230470000_01D_30S_CLK.CLK.gz.csv
[05:49:51] [DEBUG] Cleaned up individual file: step_2_0_pairs_code_COD0OPSFIN_20230470000_01D_30S_CLK.CLK.gz.csv
[05:49:51] [INFO] Merging individual file: step_2_0_pairs_code_COD0OPSFIN_20243570000_01D_30S_CLK.CLK.gz.csv
[05:49:51] [DEBUG] Cleaned up individual file: step_2_0_pairs_code_COD0OPSFIN_20243570000_01D_30S_CLK.CLK.gz.csv
[05:49:51] [INFO] Merging individual file: step_2_0_pairs_code_COD0OPSFIN_20251710000_01D_30S_CLK.CLK.gz.csv
[05:49:51] [DEBUG] Cleaned up individual file: step_2_0_pairs_code_COD0OPSFIN_20251710000_01D_30S_CLK.CLK.gz.csv
[05:49:51] [INFO] Merging individual file: step_2_0_pairs_code_COD0OPSFIN_20230950000_01D_30S_CLK.CLK.gz.csv
[05:49:51] [DEBUG] Cleaned up individual file: step_2_0_pairs_code_COD0OPSFIN_20230950000_01D_30S_CLK.CLK.gz.csv
[05:49:51] [INFO] Merging individual file: step_2_0_pairs_code_COD0OPSFIN_20232250000_01D_30S_CLK.CLK.gz.csv
[05:49:52] [DEBUG] Cleaned up individual file: step_2_0_pairs_code_COD0OPSFIN_20232250000_01D_30S_CLK.CLK.gz.csv
[05:49:52] [INFO] Merging individual file: step_2_0_pairs_code_COD0OPSFIN_20240870000_01D_30S_CLK.CLK.gz.csv
[05:49:52] [DEBUG] Cleaned up individual file: step_2_0_pairs_code_COD0OPSFIN_20240870000_01D_30S_CLK.CLK.gz.csv
[05:49:52] [INFO] Merging individual file: step_2_0_pairs_code_COD0OPSFIN_20240550000_01D_30S_CLK.CLK.gz.csv
[05:49:52] [DEBUG] Cleaned up individual file: step_2_0_pairs_code_COD0OPSFIN_20240550000_01D_30S_CLK.CLK.gz.csv
[05:49:52] [INFO] Merging individual file: step_2_0_pairs_code_COD0OPSFIN_20233300000_01D_30S_CLK.CLK.gz.csv
[05:49:53] [DEBUG] Cleaned up individual file: step_2_0_pairs_code_COD0OPSFIN_20233300000_01D_30S_CLK.CLK.gz.csv
[05:49:53] [INFO] Merging individual file: step_2_0_pairs_code_COD0OPSFIN_20230510000_01D_30S_CLK.CLK.gz.csv
[05:49:53] [DEBUG] Cleaned up individual file: step_2_0_pairs_code_COD0OPSFIN_20230510000_01D_30S_CLK.CLK.gz.csv
[05:49:53] [INFO] Merging individual file: step_2_0_pairs_code_COD0OPSFIN_20231090000_01D_30S_CLK.CLK.gz.csv
[05:49:53] [DEBUG] Cleaned up individual file: step_2_0_pairs_code_COD0OPSFIN_20231090000_01D_30S_CLK.CLK.gz.csv
[05:49:53] [INFO] Merging individual file: step_2_0_pairs_code_COD0OPSFIN_20250230000_01D_30S_CLK.CLK.gz.csv
[05:49:53] [DEBUG] Cleaned up individual file: step_2_0_pairs_code_COD0OPSFIN_20250230000_01D_30S_CLK.CLK.gz.csv
[05:49:53] [INFO] Merging individual file: step_2_0_pairs_code_COD0OPSFIN_20240930000_01D_30S_CLK.CLK.gz.csv
[05:49:54] [DEBUG] Cleaned up individual file: step_2_0_pairs_code_COD0OPSFIN_20240930000_01D_30S_CLK.CLK.gz.csv
[05:49:54] [INFO] Merging individual file: step_2_0_pairs_code_COD0OPSFIN_20240650000_01D_30S_CLK.CLK.gz.csv
[05:49:54] [DEBUG] Cleaned up individual file: step_2_0_pairs_code_COD0OPSFIN_20240650000_01D_30S_CLK.CLK.gz.csv
[05:49:54] [INFO] Merging individual file: step_2_0_pairs_code_COD0OPSFIN_20240300000_01D_30S_CLK.CLK.gz.csv
[05:49:54] [DEBUG] Cleaned up individual file: step_2_0_pairs_code_COD0OPSFIN_20240300000_01D_30S_CLK.CLK.gz.csv
[05:49:54] [INFO] Merging individual file: step_2_0_pairs_code_COD0OPSFIN_20232640000_01D_30S_CLK.CLK.gz.csv
[05:49:54] [DEBUG] Cleaned up individual file: step_2_0_pairs_code_COD0OPSFIN_20232640000_01D_30S_CLK.CLK.gz.csv
[05:49:54] [INFO] Merging individual file: step_2_0_pairs_code_COD0OPSFIN_20240460000_01D_30S_CLK.CLK.gz.csv
[05:49:55] [DEBUG] Cleaned up individual file: step_2_0_pairs_code_COD0OPSFIN_20240460000_01D_30S_CLK.CLK.gz.csv
[05:49:55] [INFO] Merging individual file: step_2_0_pairs_code_COD0OPSFIN_20241700000_01D_30S_CLK.CLK.gz.csv
[05:49:55] [DEBUG] Cleaned up individual file: step_2_0_pairs_code_COD0OPSFIN_20241700000_01D_30S_CLK.CLK.gz.csv
[05:49:55] [INFO] Merging individual file: step_2_0_pairs_code_COD0OPSFIN_20232480000_01D_30S_CLK.CLK.gz.csv
[05:49:55] [DEBUG] Cleaned up individual file: step_2_0_pairs_code_COD0OPSFIN_20232480000_01D_30S_CLK.CLK.gz.csv
[05:49:55] [INFO] Merging individual file: step_2_0_pairs_code_COD0OPSFIN_20233110000_01D_30S_CLK.CLK.gz.csv
[05:49:56] [DEBUG] Cleaned up individual file: step_2_0_pairs_code_COD0OPSFIN_20233110000_01D_30S_CLK.CLK.gz.csv
[05:49:56] [INFO] Merging individual file: step_2_0_pairs_code_COD0OPSFIN_20230180000_01D_30S_CLK.CLK.gz.csv
[05:49:56] [DEBUG] Cleaned up individual file: step_2_0_pairs_code_COD0OPSFIN_20230180000_01D_30S_CLK.CLK.gz.csv
[05:49:56] [INFO] Merging individual file: step_2_0_pairs_code_COD0OPSFIN_20232030000_01D_30S_CLK.CLK.gz.csv
[05:49:56] [DEBUG] Cleaned up individual file: step_2_0_pairs_code_COD0OPSFIN_20232030000_01D_30S_CLK.CLK.gz.csv
[05:49:56] [INFO] Merging individual file: step_2_0_pairs_code_COD0OPSFIN_20231360000_01D_30S_CLK.CLK.gz.csv
[05:49:56] [DEBUG] Cleaned up individual file: step_2_0_pairs_code_COD0OPSFIN_20231360000_01D_30S_CLK.CLK.gz.csv
[05:49:56] [INFO] Merging individual file: step_2_0_pairs_code_COD0OPSFIN_20242200000_01D_30S_CLK.CLK.gz.csv
[05:49:57] [DEBUG] Cleaned up individual file: step_2_0_pairs_code_COD0OPSFIN_20242200000_01D_30S_CLK.CLK.gz.csv
[05:49:57] [INFO] Merging individual file: step_2_0_pairs_code_COD0OPSFIN_20231930000_01D_30S_CLK.CLK.gz.csv
[05:49:57] [DEBUG] Cleaned up individual file: step_2_0_pairs_code_COD0OPSFIN_20231930000_01D_30S_CLK.CLK.gz.csv
[05:49:57] [INFO] Merging individual file: step_2_0_pairs_code_COD0OPSFIN_20241660000_01D_30S_CLK.CLK.gz.csv
[05:49:57] [DEBUG] Cleaned up individual file: step_2_0_pairs_code_COD0OPSFIN_20241660000_01D_30S_CLK.CLK.gz.csv
[05:49:57] [INFO] Merging individual file: step_2_0_pairs_code_COD0OPSFIN_20240310000_01D_30S_CLK.CLK.gz.csv
[05:49:58] [DEBUG] Cleaned up individual file: step_2_0_pairs_code_COD0OPSFIN_20240310000_01D_30S_CLK.CLK.gz.csv
[05:49:58] [INFO] Merging individual file: step_2_0_pairs_code_COD0OPSFIN_20240340000_01D_30S_CLK.CLK.gz.csv
[05:49:58] [DEBUG] Cleaned up individual file: step_2_0_pairs_code_COD0OPSFIN_20240340000_01D_30S_CLK.CLK.gz.csv
[05:49:58] [INFO] Merging individual file: step_2_0_pairs_code_COD0OPSFIN_20242710000_01D_30S_CLK.CLK.gz.csv
[05:49:58] [DEBUG] Cleaned up individual file: step_2_0_pairs_code_COD0OPSFIN_20242710000_01D_30S_CLK.CLK.gz.csv
[05:49:58] [INFO] Merging individual file: step_2_0_pairs_code_COD0OPSFIN_20243190000_01D_30S_CLK.CLK.gz.csv
[05:49:58] [DEBUG] Cleaned up individual file: step_2_0_pairs_code_COD0OPSFIN_20243190000_01D_30S_CLK.CLK.gz.csv
[05:49:58] [INFO] Merging individual file: step_2_0_pairs_code_COD0OPSFIN_20242930000_01D_30S_CLK.CLK.gz.csv
[05:49:59] [DEBUG] Cleaned up individual file: step_2_0_pairs_code_COD0OPSFIN_20242930000_01D_30S_CLK.CLK.gz.csv
[05:49:59] [INFO] Merging individual file: step_2_0_pairs_code_COD0OPSFIN_20242520000_01D_30S_CLK.CLK.gz.csv
[05:49:59] [DEBUG] Cleaned up individual file: step_2_0_pairs_code_COD0OPSFIN_20242520000_01D_30S_CLK.CLK.gz.csv
[05:49:59] [INFO] Merging individual file: step_2_0_pairs_code_COD0OPSFIN_20233220000_01D_30S_CLK.CLK.gz.csv
[05:49:59] [DEBUG] Cleaned up individual file: step_2_0_pairs_code_COD0OPSFIN_20233220000_01D_30S_CLK.CLK.gz.csv
[05:49:59] [INFO] Merging individual file: step_2_0_pairs_code_COD0OPSFIN_20241870000_01D_30S_CLK.CLK.gz.csv
[05:49:59] [DEBUG] Cleaned up individual file: step_2_0_pairs_code_COD0OPSFIN_20241870000_01D_30S_CLK.CLK.gz.csv
[05:49:59] [INFO] Merging individual file: step_2_0_pairs_code_COD0OPSFIN_20231490000_01D_30S_CLK.CLK.gz.csv
[05:50:00] [DEBUG] Cleaned up individual file: step_2_0_pairs_code_COD0OPSFIN_20231490000_01D_30S_CLK.CLK.gz.csv
[05:50:00] [INFO] Merging individual file: step_2_0_pairs_code_COD0OPSFIN_20233000000_01D_30S_CLK.CLK.gz.csv
[05:50:00] [DEBUG] Cleaned up individual file: step_2_0_pairs_code_COD0OPSFIN_20233000000_01D_30S_CLK.CLK.gz.csv
[05:50:00] [INFO] Merging individual file: step_2_0_pairs_code_COD0OPSFIN_20241330000_01D_30S_CLK.CLK.gz.csv
[05:50:00] [DEBUG] Cleaned up individual file: step_2_0_pairs_code_COD0OPSFIN_20241330000_01D_30S_CLK.CLK.gz.csv
[05:50:00] [INFO] Merging individual file: step_2_0_pairs_code_COD0OPSFIN_20233320000_01D_30S_CLK.CLK.gz.csv
[05:50:00] [DEBUG] Cleaned up individual file: step_2_0_pairs_code_COD0OPSFIN_20233320000_01D_30S_CLK.CLK.gz.csv
[05:50:00] [INFO] Merging individual file: step_2_0_pairs_code_COD0OPSFIN_20250550000_01D_30S_CLK.CLK.gz.csv
[05:50:01] [DEBUG] Cleaned up individual file: step_2_0_pairs_code_COD0OPSFIN_20250550000_01D_30S_CLK.CLK.gz.csv
[05:50:01] [INFO] Merging individual file: step_2_0_pairs_code_COD0OPSFIN_20243470000_01D_30S_CLK.CLK.gz.csv
[05:50:01] [DEBUG] Cleaned up individual file: step_2_0_pairs_code_COD0OPSFIN_20243470000_01D_30S_CLK.CLK.gz.csv
[05:50:01] [INFO] Merging individual file: step_2_0_pairs_code_COD0OPSFIN_20233280000_01D_30S_CLK.CLK.gz.csv
[05:50:01] [DEBUG] Cleaned up individual file: step_2_0_pairs_code_COD0OPSFIN_20233280000_01D_30S_CLK.CLK.gz.csv
[05:50:01] [INFO] Merging individual file: step_2_0_pairs_code_COD0OPSFIN_20233310000_01D_30S_CLK.CLK.gz.csv
[05:50:01] [DEBUG] Cleaned up individual file: step_2_0_pairs_code_COD0OPSFIN_20233310000_01D_30S_CLK.CLK.gz.csv
[05:50:01] [INFO] Merging individual file: step_2_0_pairs_code_COD0OPSFIN_20231960000_01D_30S_CLK.CLK.gz.csv
[05:50:02] [DEBUG] Cleaned up individual file: step_2_0_pairs_code_COD0OPSFIN_20231960000_01D_30S_CLK.CLK.gz.csv
[05:50:02] [INFO] Merging individual file: step_2_0_pairs_code_COD0OPSFIN_20240810000_01D_30S_CLK.CLK.gz.csv
[05:50:02] [DEBUG] Cleaned up individual file: step_2_0_pairs_code_COD0OPSFIN_20240810000_01D_30S_CLK.CLK.gz.csv
[05:50:02] [INFO] Merging individual file: step_2_0_pairs_code_COD0OPSFIN_20243290000_01D_30S_CLK.CLK.gz.csv
[05:50:02] [DEBUG] Cleaned up individual file: step_2_0_pairs_code_COD0OPSFIN_20243290000_01D_30S_CLK.CLK.gz.csv
[05:50:02] [INFO] Merging individual file: step_2_0_pairs_code_COD0OPSFIN_20233050000_01D_30S_CLK.CLK.gz.csv
[05:50:03] [DEBUG] Cleaned up individual file: step_2_0_pairs_code_COD0OPSFIN_20233050000_01D_30S_CLK.CLK.gz.csv
[05:50:03] [INFO] Merging individual file: step_2_0_pairs_code_COD0OPSFIN_20240220000_01D_30S_CLK.CLK.gz.csv
[05:50:03] [DEBUG] Cleaned up individual file: step_2_0_pairs_code_COD0OPSFIN_20240220000_01D_30S_CLK.CLK.gz.csv
[05:50:03] [INFO] Merging individual file: step_2_0_pairs_code_COD0OPSFIN_20232910000_01D_30S_CLK.CLK.gz.csv
[05:50:03] [DEBUG] Cleaned up individual file: step_2_0_pairs_code_COD0OPSFIN_20232910000_01D_30S_CLK.CLK.gz.csv
[05:50:03] [INFO] Merging individual file: step_2_0_pairs_code_COD0OPSFIN_20230700000_01D_30S_CLK.CLK.gz.csv
[05:50:03] [DEBUG] Cleaned up individual file: step_2_0_pairs_code_COD0OPSFIN_20230700000_01D_30S_CLK.CLK.gz.csv
[05:50:03] [INFO] Merging individual file: step_2_0_pairs_code_COD0OPSFIN_20240920000_01D_30S_CLK.CLK.gz.csv
[05:50:04] [DEBUG] Cleaned up individual file: step_2_0_pairs_code_COD0OPSFIN_20240920000_01D_30S_CLK.CLK.gz.csv
[05:50:04] [INFO] Merging individual file: step_2_0_pairs_code_COD0OPSFIN_20241900000_01D_30S_CLK.CLK.gz.csv
[05:50:04] [DEBUG] Cleaned up individual file: step_2_0_pairs_code_COD0OPSFIN_20241900000_01D_30S_CLK.CLK.gz.csv
[05:50:04] [INFO] Merging individual file: step_2_0_pairs_code_COD0OPSFIN_20240320000_01D_30S_CLK.CLK.gz.csv
[05:50:04] [DEBUG] Cleaned up individual file: step_2_0_pairs_code_COD0OPSFIN_20240320000_01D_30S_CLK.CLK.gz.csv
[05:50:04] [INFO] Merging individual file: step_2_0_pairs_code_COD0OPSFIN_20240710000_01D_30S_CLK.CLK.gz.csv
[05:50:04] [DEBUG] Cleaned up individual file: step_2_0_pairs_code_COD0OPSFIN_20240710000_01D_30S_CLK.CLK.gz.csv
[05:50:04] [INFO] Merging individual file: step_2_0_pairs_code_COD0OPSFIN_20231250000_01D_30S_CLK.CLK.gz.csv
[05:50:05] [DEBUG] Cleaned up individual file: step_2_0_pairs_code_COD0OPSFIN_20231250000_01D_30S_CLK.CLK.gz.csv
[05:50:05] [INFO] Merging individual file: step_2_0_pairs_code_COD0OPSFIN_20242070000_01D_30S_CLK.CLK.gz.csv
[05:50:05] [DEBUG] Cleaned up individual file: step_2_0_pairs_code_COD0OPSFIN_20242070000_01D_30S_CLK.CLK.gz.csv
[05:50:05] [INFO] Merging individual file: step_2_0_pairs_code_COD0OPSFIN_20243180000_01D_30S_CLK.CLK.gz.csv
[05:50:05] [DEBUG] Cleaned up individual file: step_2_0_pairs_code_COD0OPSFIN_20243180000_01D_30S_CLK.CLK.gz.csv
[05:50:05] [INFO] Merging individual file: step_2_0_pairs_code_COD0OPSFIN_20251230000_01D_30S_CLK.CLK.gz.csv
[05:50:06] [DEBUG] Cleaned up individual file: step_2_0_pairs_code_COD0OPSFIN_20251230000_01D_30S_CLK.CLK.gz.csv
[05:50:06] [INFO] Merging individual file: step_2_0_pairs_code_COD0OPSFIN_20250950000_01D_30S_CLK.CLK.gz.csv
[05:50:06] [DEBUG] Cleaned up individual file: step_2_0_pairs_code_COD0OPSFIN_20250950000_01D_30S_CLK.CLK.gz.csv
[05:50:06] [INFO] Merging individual file: step_2_0_pairs_code_COD0OPSFIN_20250360000_01D_30S_CLK.CLK.gz.csv
[05:50:06] [DEBUG] Cleaned up individual file: step_2_0_pairs_code_COD0OPSFIN_20250360000_01D_30S_CLK.CLK.gz.csv
[05:50:06] [INFO] Merging individual file: step_2_0_pairs_code_COD0OPSFIN_20241880000_01D_30S_CLK.CLK.gz.csv
[05:50:06] [DEBUG] Cleaned up individual file: step_2_0_pairs_code_COD0OPSFIN_20241880000_01D_30S_CLK.CLK.gz.csv
[05:50:06] [INFO] Merging individual file: step_2_0_pairs_code_COD0OPSFIN_20230800000_01D_30S_CLK.CLK.gz.csv
[05:50:07] [DEBUG] Cleaned up individual file: step_2_0_pairs_code_COD0OPSFIN_20230800000_01D_30S_CLK.CLK.gz.csv
[05:50:07] [INFO] Merging individual file: step_2_0_pairs_code_COD0OPSFIN_20240240000_01D_30S_CLK.CLK.gz.csv
[05:50:07] [DEBUG] Cleaned up individual file: step_2_0_pairs_code_COD0OPSFIN_20240240000_01D_30S_CLK.CLK.gz.csv
[05:50:07] [INFO] Merging individual file: step_2_0_pairs_code_COD0OPSFIN_20230610000_01D_30S_CLK.CLK.gz.csv
[05:50:07] [DEBUG] Cleaned up individual file: step_2_0_pairs_code_COD0OPSFIN_20230610000_01D_30S_CLK.CLK.gz.csv
[05:50:07] [INFO] Merging individual file: step_2_0_pairs_code_COD0OPSFIN_20241540000_01D_30S_CLK.CLK.gz.csv
[05:50:07] [DEBUG] Cleaned up individual file: step_2_0_pairs_code_COD0OPSFIN_20241540000_01D_30S_CLK.CLK.gz.csv
[05:50:07] [INFO] Merging individual file: step_2_0_pairs_code_COD0OPSFIN_20232080000_01D_30S_CLK.CLK.gz.csv
[05:50:08] [DEBUG] Cleaned up individual file: step_2_0_pairs_code_COD0OPSFIN_20232080000_01D_30S_CLK.CLK.gz.csv
[05:50:08] [INFO] Merging individual file: step_2_0_pairs_code_COD0OPSFIN_20241270000_01D_30S_CLK.CLK.gz.csv
[05:50:08] [DEBUG] Cleaned up individual file: step_2_0_pairs_code_COD0OPSFIN_20241270000_01D_30S_CLK.CLK.gz.csv
[05:50:08] [INFO] Merging individual file: step_2_0_pairs_code_COD0OPSFIN_20232170000_01D_30S_CLK.CLK.gz.csv
[05:50:08] [DEBUG] Cleaned up individual file: step_2_0_pairs_code_COD0OPSFIN_20232170000_01D_30S_CLK.CLK.gz.csv
[05:50:08] [INFO] Merging individual file: step_2_0_pairs_code_COD0OPSFIN_20250750000_01D_30S_CLK.CLK.gz.csv
[05:50:09] [DEBUG] Cleaned up individual file: step_2_0_pairs_code_COD0OPSFIN_20250750000_01D_30S_CLK.CLK.gz.csv
[05:50:09] [INFO] Merging individual file: step_2_0_pairs_code_COD0OPSFIN_20230410000_01D_30S_CLK.CLK.gz.csv
[05:50:09] [DEBUG] Cleaned up individual file: step_2_0_pairs_code_COD0OPSFIN_20230410000_01D_30S_CLK.CLK.gz.csv
[05:50:09] [INFO] Merging individual file: step_2_0_pairs_code_COD0OPSFIN_20250170000_01D_30S_CLK.CLK.gz.csv
[05:50:09] [DEBUG] Cleaned up individual file: step_2_0_pairs_code_COD0OPSFIN_20250170000_01D_30S_CLK.CLK.gz.csv
[05:50:09] [INFO] Merging individual file: step_2_0_pairs_code_COD0OPSFIN_20250100000_01D_30S_CLK.CLK.gz.csv
[05:50:09] [DEBUG] Cleaned up individual file: step_2_0_pairs_code_COD0OPSFIN_20250100000_01D_30S_CLK.CLK.gz.csv
[05:50:09] [INFO] Merging individual file: step_2_0_pairs_code_COD0OPSFIN_20232280000_01D_30S_CLK.CLK.gz.csv
[05:50:10] [DEBUG] Cleaned up individual file: step_2_0_pairs_code_COD0OPSFIN_20232280000_01D_30S_CLK.CLK.gz.csv
[05:50:10] [INFO] Merging individual file: step_2_0_pairs_code_COD0OPSFIN_20243170000_01D_30S_CLK.CLK.gz.csv
[05:50:10] [DEBUG] Cleaned up individual file: step_2_0_pairs_code_COD0OPSFIN_20243170000_01D_30S_CLK.CLK.gz.csv
[05:50:10] [INFO] Merging individual file: step_2_0_pairs_code_COD0OPSFIN_20232110000_01D_30S_CLK.CLK.gz.csv
[05:50:10] [DEBUG] Cleaned up individual file: step_2_0_pairs_code_COD0OPSFIN_20232110000_01D_30S_CLK.CLK.gz.csv
[05:50:10] [INFO] Merging individual file: step_2_0_pairs_code_COD0OPSFIN_20231650000_01D_30S_CLK.CLK.gz.csv
[05:50:10] [DEBUG] Cleaned up individual file: step_2_0_pairs_code_COD0OPSFIN_20231650000_01D_30S_CLK.CLK.gz.csv
[05:50:10] [INFO] Merging individual file: step_2_0_pairs_code_COD0OPSFIN_20250090000_01D_30S_CLK.CLK.gz.csv
[05:50:11] [DEBUG] Cleaned up individual file: step_2_0_pairs_code_COD0OPSFIN_20250090000_01D_30S_CLK.CLK.gz.csv
[05:50:11] [INFO] Merging individual file: step_2_0_pairs_code_COD0OPSFIN_20231130000_01D_30S_CLK.CLK.gz.csv
[05:50:11] [DEBUG] Cleaned up individual file: step_2_0_pairs_code_COD0OPSFIN_20231130000_01D_30S_CLK.CLK.gz.csv
[05:50:11] [INFO] Merging individual file: step_2_0_pairs_code_COD0OPSFIN_20231180000_01D_30S_CLK.CLK.gz.csv
[05:50:11] [DEBUG] Cleaned up individual file: step_2_0_pairs_code_COD0OPSFIN_20231180000_01D_30S_CLK.CLK.gz.csv
[05:50:11] [INFO] Merging individual file: step_2_0_pairs_code_COD0OPSFIN_20241220000_01D_30S_CLK.CLK.gz.csv
[05:50:12] [DEBUG] Cleaned up individual file: step_2_0_pairs_code_COD0OPSFIN_20241220000_01D_30S_CLK.CLK.gz.csv
[05:50:12] [INFO] Merging individual file: step_2_0_pairs_code_COD0OPSFIN_20231750000_01D_30S_CLK.CLK.gz.csv
[05:50:12] [DEBUG] Cleaned up individual file: step_2_0_pairs_code_COD0OPSFIN_20231750000_01D_30S_CLK.CLK.gz.csv
[05:50:12] [INFO] Merging individual file: step_2_0_pairs_code_COD0OPSFIN_20230200000_01D_30S_CLK.CLK.gz.csv
[05:50:12] [DEBUG] Cleaned up individual file: step_2_0_pairs_code_COD0OPSFIN_20230200000_01D_30S_CLK.CLK.gz.csv
[05:50:12] [INFO] Merging individual file: step_2_0_pairs_code_COD0OPSFIN_20251700000_01D_30S_CLK.CLK.gz.csv
[05:50:12] [DEBUG] Cleaned up individual file: step_2_0_pairs_code_COD0OPSFIN_20251700000_01D_30S_CLK.CLK.gz.csv
[05:50:12] [INFO] Merging individual file: step_2_0_pairs_code_COD0OPSFIN_20231070000_01D_30S_CLK.CLK.gz.csv
[05:50:13] [DEBUG] Cleaned up individual file: step_2_0_pairs_code_COD0OPSFIN_20231070000_01D_30S_CLK.CLK.gz.csv
[05:50:13] [INFO] Merging individual file: step_2_0_pairs_code_COD0OPSFIN_20241140000_01D_30S_CLK.CLK.gz.csv
[05:50:13] [DEBUG] Cleaned up individual file: step_2_0_pairs_code_COD0OPSFIN_20241140000_01D_30S_CLK.CLK.gz.csv
[05:50:13] [INFO] Merging individual file: step_2_0_pairs_code_COD0OPSFIN_20242100000_01D_30S_CLK.CLK.gz.csv
[05:50:13] [DEBUG] Cleaned up individual file: step_2_0_pairs_code_COD0OPSFIN_20242100000_01D_30S_CLK.CLK.gz.csv
[05:50:13] [INFO] Merging individual file: step_2_0_pairs_code_COD0OPSFIN_20242760000_01D_30S_CLK.CLK.gz.csv
[05:50:13] [DEBUG] Cleaned up individual file: step_2_0_pairs_code_COD0OPSFIN_20242760000_01D_30S_CLK.CLK.gz.csv
[05:50:13] [INFO] Merging individual file: step_2_0_pairs_code_COD0OPSFIN_20230270000_01D_30S_CLK.CLK.gz.csv
[05:50:14] [DEBUG] Cleaned up individual file: step_2_0_pairs_code_COD0OPSFIN_20230270000_01D_30S_CLK.CLK.gz.csv
[05:50:14] [INFO] Merging individual file: step_2_0_pairs_code_COD0OPSFIN_20243610000_01D_30S_CLK.CLK.gz.csv
[05:50:14] [DEBUG] Cleaned up individual file: step_2_0_pairs_code_COD0OPSFIN_20243610000_01D_30S_CLK.CLK.gz.csv
[05:50:14] [INFO] Merging individual file: step_2_0_pairs_code_COD0OPSFIN_20242540000_01D_30S_CLK.CLK.gz.csv
[05:50:14] [DEBUG] Cleaned up individual file: step_2_0_pairs_code_COD0OPSFIN_20242540000_01D_30S_CLK.CLK.gz.csv
[05:50:14] [INFO] Merging individual file: step_2_0_pairs_code_COD0OPSFIN_20241890000_01D_30S_CLK.CLK.gz.csv
[05:50:14] [DEBUG] Cleaned up individual file: step_2_0_pairs_code_COD0OPSFIN_20241890000_01D_30S_CLK.CLK.gz.csv
[05:50:14] [INFO] Merging individual file: step_2_0_pairs_code_COD0OPSFIN_20242030000_01D_30S_CLK.CLK.gz.csv
[05:50:15] [DEBUG] Cleaned up individual file: step_2_0_pairs_code_COD0OPSFIN_20242030000_01D_30S_CLK.CLK.gz.csv
[05:50:15] [INFO] Merging individual file: step_2_0_pairs_code_COD0OPSFIN_20232800000_01D_30S_CLK.CLK.gz.csv
[05:50:15] [DEBUG] Cleaned up individual file: step_2_0_pairs_code_COD0OPSFIN_20232800000_01D_30S_CLK.CLK.gz.csv
[05:50:15] [INFO] Merging individual file: step_2_0_pairs_code_COD0OPSFIN_20233140000_01D_30S_CLK.CLK.gz.csv
[05:50:15] [DEBUG] Cleaned up individual file: step_2_0_pairs_code_COD0OPSFIN_20233140000_01D_30S_CLK.CLK.gz.csv
[05:50:15] [INFO] Merging individual file: step_2_0_pairs_code_COD0OPSFIN_20240970000_01D_30S_CLK.CLK.gz.csv
[05:50:16] [DEBUG] Cleaned up individual file: step_2_0_pairs_code_COD0OPSFIN_20240970000_01D_30S_CLK.CLK.gz.csv
[05:50:16] [INFO] Merging individual file: step_2_0_pairs_code_COD0OPSFIN_20230620000_01D_30S_CLK.CLK.gz.csv
[05:50:16] [DEBUG] Cleaned up individual file: step_2_0_pairs_code_COD0OPSFIN_20230620000_01D_30S_CLK.CLK.gz.csv
[05:50:16] [INFO] Merging individual file: step_2_0_pairs_code_COD0OPSFIN_20251410000_01D_30S_CLK.CLK.gz.csv
[05:50:16] [DEBUG] Cleaned up individual file: step_2_0_pairs_code_COD0OPSFIN_20251410000_01D_30S_CLK.CLK.gz.csv
[05:50:16] [INFO] Merging individual file: step_2_0_pairs_code_COD0OPSFIN_20241980000_01D_30S_CLK.CLK.gz.csv
[05:50:16] [DEBUG] Cleaned up individual file: step_2_0_pairs_code_COD0OPSFIN_20241980000_01D_30S_CLK.CLK.gz.csv
[05:50:16] [INFO] Merging individual file: step_2_0_pairs_code_COD0OPSFIN_20231380000_01D_30S_CLK.CLK.gz.csv
[05:50:17] [DEBUG] Cleaned up individual file: step_2_0_pairs_code_COD0OPSFIN_20231380000_01D_30S_CLK.CLK.gz.csv
[05:50:17] [INFO] Merging individual file: step_2_0_pairs_code_COD0OPSFIN_20232040000_01D_30S_CLK.CLK.gz.csv
[05:50:17] [DEBUG] Cleaned up individual file: step_2_0_pairs_code_COD0OPSFIN_20232040000_01D_30S_CLK.CLK.gz.csv
[05:50:17] [INFO] Merging individual file: step_2_0_pairs_code_COD0OPSFIN_20232000000_01D_30S_CLK.CLK.gz.csv
[05:50:17] [DEBUG] Cleaned up individual file: step_2_0_pairs_code_COD0OPSFIN_20232000000_01D_30S_CLK.CLK.gz.csv
[05:50:17] [INFO] Merging individual file: step_2_0_pairs_code_COD0OPSFIN_20230400000_01D_30S_CLK.CLK.gz.csv
[05:50:17] [DEBUG] Cleaned up individual file: step_2_0_pairs_code_COD0OPSFIN_20230400000_01D_30S_CLK.CLK.gz.csv
[05:50:17] [INFO] Merging individual file: step_2_0_pairs_code_COD0OPSFIN_20231860000_01D_30S_CLK.CLK.gz.csv
[05:50:18] [DEBUG] Cleaned up individual file: step_2_0_pairs_code_COD0OPSFIN_20231860000_01D_30S_CLK.CLK.gz.csv
[05:50:18] [INFO] Merging individual file: step_2_0_pairs_code_COD0OPSFIN_20240480000_01D_30S_CLK.CLK.gz.csv
[05:50:18] [DEBUG] Cleaned up individual file: step_2_0_pairs_code_COD0OPSFIN_20240480000_01D_30S_CLK.CLK.gz.csv
[05:50:18] [INFO] Merging individual file: step_2_0_pairs_code_COD0OPSFIN_20233510000_01D_30S_CLK.CLK.gz.csv
[05:50:18] [DEBUG] Cleaned up individual file: step_2_0_pairs_code_COD0OPSFIN_20233510000_01D_30S_CLK.CLK.gz.csv
[05:50:18] [INFO] Merging individual file: step_2_0_pairs_code_COD0OPSFIN_20241480000_01D_30S_CLK.CLK.gz.csv
[05:50:19] [DEBUG] Cleaned up individual file: step_2_0_pairs_code_COD0OPSFIN_20241480000_01D_30S_CLK.CLK.gz.csv
[05:50:19] [INFO] Merging individual file: step_2_0_pairs_code_COD0OPSFIN_20251120000_01D_30S_CLK.CLK.gz.csv
[05:50:19] [DEBUG] Cleaned up individual file: step_2_0_pairs_code_COD0OPSFIN_20251120000_01D_30S_CLK.CLK.gz.csv
[05:50:19] [INFO] Merging individual file: step_2_0_pairs_code_COD0OPSFIN_20241360000_01D_30S_CLK.CLK.gz.csv
[05:50:19] [DEBUG] Cleaned up individual file: step_2_0_pairs_code_COD0OPSFIN_20241360000_01D_30S_CLK.CLK.gz.csv
[05:50:19] [INFO] Merging individual file: step_2_0_pairs_code_COD0OPSFIN_20240820000_01D_30S_CLK.CLK.gz.csv
[05:50:19] [DEBUG] Cleaned up individual file: step_2_0_pairs_code_COD0OPSFIN_20240820000_01D_30S_CLK.CLK.gz.csv
[05:50:19] [INFO] Merging individual file: step_2_0_pairs_code_COD0OPSFIN_20240690000_01D_30S_CLK.CLK.gz.csv
[05:50:20] [DEBUG] Cleaned up individual file: step_2_0_pairs_code_COD0OPSFIN_20240690000_01D_30S_CLK.CLK.gz.csv
[05:50:20] [INFO] Merging individual file: step_2_0_pairs_code_COD0OPSFIN_20231720000_01D_30S_CLK.CLK.gz.csv
[05:50:20] [DEBUG] Cleaned up individual file: step_2_0_pairs_code_COD0OPSFIN_20231720000_01D_30S_CLK.CLK.gz.csv
[05:50:20] [INFO] Merging individual file: step_2_0_pairs_code_COD0OPSFIN_20242220000_01D_30S_CLK.CLK.gz.csv
[05:50:20] [DEBUG] Cleaned up individual file: step_2_0_pairs_code_COD0OPSFIN_20242220000_01D_30S_CLK.CLK.gz.csv
[05:50:20] [INFO] Merging individual file: step_2_0_pairs_code_COD0OPSFIN_20241450000_01D_30S_CLK.CLK.gz.csv
[05:50:20] [DEBUG] Cleaned up individual file: step_2_0_pairs_code_COD0OPSFIN_20241450000_01D_30S_CLK.CLK.gz.csv
[05:50:20] [INFO] Merging individual file: step_2_0_pairs_code_COD0OPSFIN_20250710000_01D_30S_CLK.CLK.gz.csv
[05:50:21] [DEBUG] Cleaned up individual file: step_2_0_pairs_code_COD0OPSFIN_20250710000_01D_30S_CLK.CLK.gz.csv
[05:50:21] [INFO] Merging individual file: step_2_0_pairs_code_COD0OPSFIN_20230850000_01D_30S_CLK.CLK.gz.csv
[05:50:21] [DEBUG] Cleaned up individual file: step_2_0_pairs_code_COD0OPSFIN_20230850000_01D_30S_CLK.CLK.gz.csv
[05:50:21] [INFO] Merging individual file: step_2_0_pairs_code_COD0OPSFIN_20240290000_01D_30S_CLK.CLK.gz.csv
[05:50:21] [DEBUG] Cleaned up individual file: step_2_0_pairs_code_COD0OPSFIN_20240290000_01D_30S_CLK.CLK.gz.csv
[05:50:21] [INFO] Merging individual file: step_2_0_pairs_code_COD0OPSFIN_20242850000_01D_30S_CLK.CLK.gz.csv
[05:50:22] [DEBUG] Cleaned up individual file: step_2_0_pairs_code_COD0OPSFIN_20242850000_01D_30S_CLK.CLK.gz.csv
[05:50:22] [INFO] Merging individual file: step_2_0_pairs_code_COD0OPSFIN_20230660000_01D_30S_CLK.CLK.gz.csv
[05:50:22] [DEBUG] Cleaned up individual file: step_2_0_pairs_code_COD0OPSFIN_20230660000_01D_30S_CLK.CLK.gz.csv
[05:50:22] [INFO] Merging individual file: step_2_0_pairs_code_COD0OPSFIN_20241710000_01D_30S_CLK.CLK.gz.csv
[05:50:22] [DEBUG] Cleaned up individual file: step_2_0_pairs_code_COD0OPSFIN_20241710000_01D_30S_CLK.CLK.gz.csv
[05:50:22] [INFO] Merging individual file: step_2_0_pairs_code_COD0OPSFIN_20230740000_01D_30S_CLK.CLK.gz.csv
[05:50:22] [DEBUG] Cleaned up individual file: step_2_0_pairs_code_COD0OPSFIN_20230740000_01D_30S_CLK.CLK.gz.csv
[05:50:22] [INFO] Merging individual file: step_2_0_pairs_code_COD0OPSFIN_20240080000_01D_30S_CLK.CLK.gz.csv
[05:50:23] [DEBUG] Cleaned up individual file: step_2_0_pairs_code_COD0OPSFIN_20240080000_01D_30S_CLK.CLK.gz.csv
[05:50:23] [INFO] Merging individual file: step_2_0_pairs_code_COD0OPSFIN_20250210000_01D_30S_CLK.CLK.gz.csv
[05:50:23] [DEBUG] Cleaned up individual file: step_2_0_pairs_code_COD0OPSFIN_20250210000_01D_30S_CLK.CLK.gz.csv
[05:50:23] [INFO] Merging individual file: step_2_0_pairs_code_COD0OPSFIN_20242470000_01D_30S_CLK.CLK.gz.csv
[05:50:23] [DEBUG] Cleaned up individual file: step_2_0_pairs_code_COD0OPSFIN_20242470000_01D_30S_CLK.CLK.gz.csv
[05:50:23] [INFO] Merging individual file: step_2_0_pairs_code_COD0OPSFIN_20232540000_01D_30S_CLK.CLK.gz.csv
[05:50:23] [DEBUG] Cleaned up individual file: step_2_0_pairs_code_COD0OPSFIN_20232540000_01D_30S_CLK.CLK.gz.csv
[05:50:23] [INFO] Merging individual file: step_2_0_pairs_code_COD0OPSFIN_20241440000_01D_30S_CLK.CLK.gz.csv
[05:50:24] [DEBUG] Cleaned up individual file: step_2_0_pairs_code_COD0OPSFIN_20241440000_01D_30S_CLK.CLK.gz.csv
[05:50:24] [INFO] Merging individual file: step_2_0_pairs_code_COD0OPSFIN_20243650000_01D_30S_CLK.CLK.gz.csv
[05:50:24] [DEBUG] Cleaned up individual file: step_2_0_pairs_code_COD0OPSFIN_20243650000_01D_30S_CLK.CLK.gz.csv
[05:50:24] [INFO] Merging individual file: step_2_0_pairs_code_COD0OPSFIN_20232150000_01D_30S_CLK.CLK.gz.csv
[05:50:24] [DEBUG] Cleaned up individual file: step_2_0_pairs_code_COD0OPSFIN_20232150000_01D_30S_CLK.CLK.gz.csv
[05:50:24] [INFO] Merging individual file: step_2_0_pairs_code_COD0OPSFIN_20242510000_01D_30S_CLK.CLK.gz.csv
[05:50:24] [DEBUG] Cleaned up individual file: step_2_0_pairs_code_COD0OPSFIN_20242510000_01D_30S_CLK.CLK.gz.csv
[05:50:24] [INFO] Merging individual file: step_2_0_pairs_code_COD0OPSFIN_20241650000_01D_30S_CLK.CLK.gz.csv
[05:50:25] [DEBUG] Cleaned up individual file: step_2_0_pairs_code_COD0OPSFIN_20241650000_01D_30S_CLK.CLK.gz.csv
[05:50:25] [INFO] Merging individual file: step_2_0_pairs_code_COD0OPSFIN_20250680000_01D_30S_CLK.CLK.gz.csv
[05:50:25] [DEBUG] Cleaned up individual file: step_2_0_pairs_code_COD0OPSFIN_20250680000_01D_30S_CLK.CLK.gz.csv
[05:50:25] [INFO] Merging individual file: step_2_0_pairs_code_COD0OPSFIN_20233360000_01D_30S_CLK.CLK.gz.csv
[05:50:25] [DEBUG] Cleaned up individual file: step_2_0_pairs_code_COD0OPSFIN_20233360000_01D_30S_CLK.CLK.gz.csv
[05:50:25] [INFO] Merging individual file: step_2_0_pairs_code_COD0OPSFIN_20251470000_01D_30S_CLK.CLK.gz.csv
[05:50:26] [DEBUG] Cleaned up individual file: step_2_0_pairs_code_COD0OPSFIN_20251470000_01D_30S_CLK.CLK.gz.csv
[05:50:26] [INFO] Merging individual file: step_2_0_pairs_code_COD0OPSFIN_20233380000_01D_30S_CLK.CLK.gz.csv
[05:50:26] [DEBUG] Cleaned up individual file: step_2_0_pairs_code_COD0OPSFIN_20233380000_01D_30S_CLK.CLK.gz.csv
[05:50:26] [INFO] Merging individual file: step_2_0_pairs_code_COD0OPSFIN_20231220000_01D_30S_CLK.CLK.gz.csv
[05:50:26] [DEBUG] Cleaned up individual file: step_2_0_pairs_code_COD0OPSFIN_20231220000_01D_30S_CLK.CLK.gz.csv
[05:50:26] [INFO] Merging individual file: step_2_0_pairs_code_COD0OPSFIN_20243590000_01D_30S_CLK.CLK.gz.csv
[05:50:26] [DEBUG] Cleaned up individual file: step_2_0_pairs_code_COD0OPSFIN_20243590000_01D_30S_CLK.CLK.gz.csv
[05:50:26] [INFO] Merging individual file: step_2_0_pairs_code_COD0OPSFIN_20230540000_01D_30S_CLK.CLK.gz.csv
[05:50:27] [DEBUG] Cleaned up individual file: step_2_0_pairs_code_COD0OPSFIN_20230540000_01D_30S_CLK.CLK.gz.csv
[05:50:27] [INFO] Merging individual file: step_2_0_pairs_code_COD0OPSFIN_20230350000_01D_30S_CLK.CLK.gz.csv
[05:50:27] [DEBUG] Cleaned up individual file: step_2_0_pairs_code_COD0OPSFIN_20230350000_01D_30S_CLK.CLK.gz.csv
[05:50:27] [INFO] Merging individual file: step_2_0_pairs_code_COD0OPSFIN_20230260000_01D_30S_CLK.CLK.gz.csv
[05:50:27] [DEBUG] Cleaned up individual file: step_2_0_pairs_code_COD0OPSFIN_20230260000_01D_30S_CLK.CLK.gz.csv
[05:50:27] [INFO] Merging individual file: step_2_0_pairs_code_COD0OPSFIN_20251650000_01D_30S_CLK.CLK.gz.csv
[05:50:27] [DEBUG] Cleaned up individual file: step_2_0_pairs_code_COD0OPSFIN_20251650000_01D_30S_CLK.CLK.gz.csv
[05:50:27] [INFO] Merging individual file: step_2_0_pairs_code_COD0OPSFIN_20231740000_01D_30S_CLK.CLK.gz.csv
[05:50:28] [DEBUG] Cleaned up individual file: step_2_0_pairs_code_COD0OPSFIN_20231740000_01D_30S_CLK.CLK.gz.csv
[05:50:28] [INFO] Merging individual file: step_2_0_pairs_code_COD0OPSFIN_20243140000_01D_30S_CLK.CLK.gz.csv
[05:50:28] [DEBUG] Cleaned up individual file: step_2_0_pairs_code_COD0OPSFIN_20243140000_01D_30S_CLK.CLK.gz.csv
[05:50:28] [INFO] Merging individual file: step_2_0_pairs_code_COD0OPSFIN_20241860000_01D_30S_CLK.CLK.gz.csv
[05:50:28] [DEBUG] Cleaned up individual file: step_2_0_pairs_code_COD0OPSFIN_20241860000_01D_30S_CLK.CLK.gz.csv
[05:50:28] [INFO] Merging individual file: step_2_0_pairs_code_COD0OPSFIN_20243350000_01D_30S_CLK.CLK.gz.csv
[05:50:28] [DEBUG] Cleaned up individual file: step_2_0_pairs_code_COD0OPSFIN_20243350000_01D_30S_CLK.CLK.gz.csv
[05:50:28] [INFO] Merging individual file: step_2_0_pairs_code_COD0OPSFIN_20232960000_01D_30S_CLK.CLK.gz.csv
[05:50:29] [DEBUG] Cleaned up individual file: step_2_0_pairs_code_COD0OPSFIN_20232960000_01D_30S_CLK.CLK.gz.csv
[05:50:29] [INFO] Merging individual file: step_2_0_pairs_code_COD0OPSFIN_20250240000_01D_30S_CLK.CLK.gz.csv
[05:50:29] [DEBUG] Cleaned up individual file: step_2_0_pairs_code_COD0OPSFIN_20250240000_01D_30S_CLK.CLK.gz.csv
[05:50:29] [INFO] Merging individual file: step_2_0_pairs_code_COD0OPSFIN_20232550000_01D_30S_CLK.CLK.gz.csv
[05:50:29] [DEBUG] Cleaned up individual file: step_2_0_pairs_code_COD0OPSFIN_20232550000_01D_30S_CLK.CLK.gz.csv
[05:50:29] [INFO] Merging individual file: step_2_0_pairs_code_COD0OPSFIN_20240900000_01D_30S_CLK.CLK.gz.csv
[05:50:30] [DEBUG] Cleaned up individual file: step_2_0_pairs_code_COD0OPSFIN_20240900000_01D_30S_CLK.CLK.gz.csv
[05:50:30] [INFO] Merging individual file: step_2_0_pairs_code_COD0OPSFIN_20250990000_01D_30S_CLK.CLK.gz.csv
[05:50:30] [DEBUG] Cleaned up individual file: step_2_0_pairs_code_COD0OPSFIN_20250990000_01D_30S_CLK.CLK.gz.csv
[05:50:30] [INFO] Merging individual file: step_2_0_pairs_code_COD0OPSFIN_20250510000_01D_30S_CLK.CLK.gz.csv
[05:50:30] [DEBUG] Cleaned up individual file: step_2_0_pairs_code_COD0OPSFIN_20250510000_01D_30S_CLK.CLK.gz.csv
[05:50:30] [INFO] Merging individual file: step_2_0_pairs_code_COD0OPSFIN_20233350000_01D_30S_CLK.CLK.gz.csv
[05:50:30] [DEBUG] Cleaned up individual file: step_2_0_pairs_code_COD0OPSFIN_20233350000_01D_30S_CLK.CLK.gz.csv
[05:50:30] [INFO] Merging individual file: step_2_0_pairs_code_COD0OPSFIN_20230320000_01D_30S_CLK.CLK.gz.csv
[05:50:31] [DEBUG] Cleaned up individual file: step_2_0_pairs_code_COD0OPSFIN_20230320000_01D_30S_CLK.CLK.gz.csv
[05:50:31] [INFO] Merging individual file: step_2_0_pairs_code_COD0OPSFIN_20251140000_01D_30S_CLK.CLK.gz.csv
[05:50:31] [DEBUG] Cleaned up individual file: step_2_0_pairs_code_COD0OPSFIN_20251140000_01D_30S_CLK.CLK.gz.csv
[05:50:31] [INFO] Merging individual file: step_2_0_pairs_code_COD0OPSFIN_20231450000_01D_30S_CLK.CLK.gz.csv
[05:50:31] [DEBUG] Cleaned up individual file: step_2_0_pairs_code_COD0OPSFIN_20231450000_01D_30S_CLK.CLK.gz.csv
[05:50:31] [INFO] Merging individual file: step_2_0_pairs_code_COD0OPSFIN_20250010000_01D_30S_CLK.CLK.gz.csv
[05:50:31] [DEBUG] Cleaned up individual file: step_2_0_pairs_code_COD0OPSFIN_20250010000_01D_30S_CLK.CLK.gz.csv
[05:50:31] [INFO] Merging individual file: step_2_0_pairs_code_COD0OPSFIN_20251770000_01D_30S_CLK.CLK.gz.csv
[05:50:32] [DEBUG] Cleaned up individual file: step_2_0_pairs_code_COD0OPSFIN_20251770000_01D_30S_CLK.CLK.gz.csv
[05:50:32] [INFO] Merging individual file: step_2_0_pairs_code_COD0OPSFIN_20232720000_01D_30S_CLK.CLK.gz.csv
[05:50:32] [DEBUG] Cleaned up individual file: step_2_0_pairs_code_COD0OPSFIN_20232720000_01D_30S_CLK.CLK.gz.csv
[05:50:32] [INFO] Merging individual file: step_2_0_pairs_code_COD0OPSFIN_20231920000_01D_30S_CLK.CLK.gz.csv
[05:50:32] [DEBUG] Cleaned up individual file: step_2_0_pairs_code_COD0OPSFIN_20231920000_01D_30S_CLK.CLK.gz.csv
[05:50:32] [INFO] Merging individual file: step_2_0_pairs_code_COD0OPSFIN_20242340000_01D_30S_CLK.CLK.gz.csv
[05:50:32] [DEBUG] Cleaned up individual file: step_2_0_pairs_code_COD0OPSFIN_20242340000_01D_30S_CLK.CLK.gz.csv
[05:50:32] [INFO] Merging individual file: step_2_0_pairs_code_COD0OPSFIN_20232290000_01D_30S_CLK.CLK.gz.csv
[05:50:33] [DEBUG] Cleaned up individual file: step_2_0_pairs_code_COD0OPSFIN_20232290000_01D_30S_CLK.CLK.gz.csv
[05:50:33] [INFO] Merging individual file: step_2_0_pairs_code_COD0OPSFIN_20241230000_01D_30S_CLK.CLK.gz.csv
[05:50:33] [DEBUG] Cleaned up individual file: step_2_0_pairs_code_COD0OPSFIN_20241230000_01D_30S_CLK.CLK.gz.csv
[05:50:33] [INFO] Merging individual file: step_2_0_pairs_code_COD0OPSFIN_20240510000_01D_30S_CLK.CLK.gz.csv
[05:50:33] [DEBUG] Cleaned up individual file: step_2_0_pairs_code_COD0OPSFIN_20240510000_01D_30S_CLK.CLK.gz.csv
[05:50:33] [INFO] Merging individual file: step_2_0_pairs_code_COD0OPSFIN_20242150000_01D_30S_CLK.CLK.gz.csv
[05:50:34] [DEBUG] Cleaned up individual file: step_2_0_pairs_code_COD0OPSFIN_20242150000_01D_30S_CLK.CLK.gz.csv
[05:50:34] [INFO] Merging individual file: step_2_0_pairs_code_COD0OPSFIN_20240110000_01D_30S_CLK.CLK.gz.csv
[05:50:34] [DEBUG] Cleaned up individual file: step_2_0_pairs_code_COD0OPSFIN_20240110000_01D_30S_CLK.CLK.gz.csv
[05:50:34] [INFO] Merging individual file: step_2_0_pairs_code_COD0OPSFIN_20231160000_01D_30S_CLK.CLK.gz.csv
[05:50:34] [DEBUG] Cleaned up individual file: step_2_0_pairs_code_COD0OPSFIN_20231160000_01D_30S_CLK.CLK.gz.csv
[05:50:34] [INFO] Merging individual file: step_2_0_pairs_code_COD0OPSFIN_20240960000_01D_30S_CLK.CLK.gz.csv
[05:50:34] [DEBUG] Cleaned up individual file: step_2_0_pairs_code_COD0OPSFIN_20240960000_01D_30S_CLK.CLK.gz.csv
[05:50:34] [INFO] Merging individual file: step_2_0_pairs_code_COD0OPSFIN_20243300000_01D_30S_CLK.CLK.gz.csv
[05:50:35] [DEBUG] Cleaned up individual file: step_2_0_pairs_code_COD0OPSFIN_20243300000_01D_30S_CLK.CLK.gz.csv
[05:50:35] [INFO] Merging individual file: step_2_0_pairs_code_COD0OPSFIN_20250150000_01D_30S_CLK.CLK.gz.csv
[05:50:35] [DEBUG] Cleaned up individual file: step_2_0_pairs_code_COD0OPSFIN_20250150000_01D_30S_CLK.CLK.gz.csv
[05:50:35] [INFO] Merging individual file: step_2_0_pairs_code_COD0OPSFIN_20250600000_01D_30S_CLK.CLK.gz.csv
[05:50:35] [DEBUG] Cleaned up individual file: step_2_0_pairs_code_COD0OPSFIN_20250600000_01D_30S_CLK.CLK.gz.csv
[05:50:35] [INFO] Merging individual file: step_2_0_pairs_code_COD0OPSFIN_20250070000_01D_30S_CLK.CLK.gz.csv
[05:50:35] [DEBUG] Cleaned up individual file: step_2_0_pairs_code_COD0OPSFIN_20250070000_01D_30S_CLK.CLK.gz.csv
[05:50:35] [INFO] Merging individual file: step_2_0_pairs_code_COD0OPSFIN_20240560000_01D_30S_CLK.CLK.gz.csv
[05:50:36] [DEBUG] Cleaned up individual file: step_2_0_pairs_code_COD0OPSFIN_20240560000_01D_30S_CLK.CLK.gz.csv
[05:50:36] [INFO] Merging individual file: step_2_0_pairs_code_COD0OPSFIN_20233590000_01D_30S_CLK.CLK.gz.csv
[05:50:36] [DEBUG] Cleaned up individual file: step_2_0_pairs_code_COD0OPSFIN_20233590000_01D_30S_CLK.CLK.gz.csv
[05:50:36] [INFO] Merging individual file: step_2_0_pairs_code_COD0OPSFIN_20240180000_01D_30S_CLK.CLK.gz.csv
[05:50:36] [DEBUG] Cleaned up individual file: step_2_0_pairs_code_COD0OPSFIN_20240180000_01D_30S_CLK.CLK.gz.csv
[05:50:36] [INFO] Merging individual file: step_2_0_pairs_code_COD0OPSFIN_20241530000_01D_30S_CLK.CLK.gz.csv
[05:50:36] [DEBUG] Cleaned up individual file: step_2_0_pairs_code_COD0OPSFIN_20241530000_01D_30S_CLK.CLK.gz.csv
[05:50:36] [INFO] Merging individual file: step_2_0_pairs_code_COD0OPSFIN_20230580000_01D_30S_CLK.CLK.gz.csv
[05:50:37] [DEBUG] Cleaned up individual file: step_2_0_pairs_code_COD0OPSFIN_20230580000_01D_30S_CLK.CLK.gz.csv
[05:50:37] [INFO] Merging individual file: step_2_0_pairs_code_COD0OPSFIN_20232460000_01D_30S_CLK.CLK.gz.csv
[05:50:37] [DEBUG] Cleaned up individual file: step_2_0_pairs_code_COD0OPSFIN_20232460000_01D_30S_CLK.CLK.gz.csv
[05:50:37] [INFO] Merging individual file: step_2_0_pairs_code_COD0OPSFIN_20251360000_01D_30S_CLK.CLK.gz.csv
[05:50:37] [DEBUG] Cleaned up individual file: step_2_0_pairs_code_COD0OPSFIN_20251360000_01D_30S_CLK.CLK.gz.csv
[05:50:37] [INFO] Merging individual file: step_2_0_pairs_code_COD0OPSFIN_20230520000_01D_30S_CLK.CLK.gz.csv
[05:50:37] [DEBUG] Cleaned up individual file: step_2_0_pairs_code_COD0OPSFIN_20230520000_01D_30S_CLK.CLK.gz.csv
[05:50:37] [INFO] Merging individual file: step_2_0_pairs_code_COD0OPSFIN_20230230000_01D_30S_CLK.CLK.gz.csv
[05:50:38] [DEBUG] Cleaned up individual file: step_2_0_pairs_code_COD0OPSFIN_20230230000_01D_30S_CLK.CLK.gz.csv
[05:50:38] [INFO] Merging individual file: step_2_0_pairs_code_COD0OPSFIN_20242740000_01D_30S_CLK.CLK.gz.csv
[05:50:38] [DEBUG] Cleaned up individual file: step_2_0_pairs_code_COD0OPSFIN_20242740000_01D_30S_CLK.CLK.gz.csv
[05:50:38] [INFO] Merging individual file: step_2_0_pairs_code_COD0OPSFIN_20251210000_01D_30S_CLK.CLK.gz.csv
[05:50:38] [DEBUG] Cleaned up individual file: step_2_0_pairs_code_COD0OPSFIN_20251210000_01D_30S_CLK.CLK.gz.csv
[05:50:38] [INFO] Merging individual file: step_2_0_pairs_code_COD0OPSFIN_20243340000_01D_30S_CLK.CLK.gz.csv
[05:50:38] [DEBUG] Cleaned up individual file: step_2_0_pairs_code_COD0OPSFIN_20243340000_01D_30S_CLK.CLK.gz.csv
[05:50:38] [INFO] Merging individual file: step_2_0_pairs_code_COD0OPSFIN_20233600000_01D_30S_CLK.CLK.gz.csv
[05:50:39] [DEBUG] Cleaned up individual file: step_2_0_pairs_code_COD0OPSFIN_20233600000_01D_30S_CLK.CLK.gz.csv
[05:50:39] [INFO] Merging individual file: step_2_0_pairs_code_COD0OPSFIN_20231620000_01D_30S_CLK.CLK.gz.csv
[05:50:39] [DEBUG] Cleaned up individual file: step_2_0_pairs_code_COD0OPSFIN_20231620000_01D_30S_CLK.CLK.gz.csv
[05:50:39] [INFO] Merging individual file: step_2_0_pairs_code_COD0OPSFIN_20242310000_01D_30S_CLK.CLK.gz.csv
[05:50:39] [DEBUG] Cleaned up individual file: step_2_0_pairs_code_COD0OPSFIN_20242310000_01D_30S_CLK.CLK.gz.csv
[05:50:39] [INFO] Merging individual file: step_2_0_pairs_code_COD0OPSFIN_20242830000_01D_30S_CLK.CLK.gz.csv
[05:50:40] [DEBUG] Cleaned up individual file: step_2_0_pairs_code_COD0OPSFIN_20242830000_01D_30S_CLK.CLK.gz.csv
[05:50:40] [INFO] Merging individual file: step_2_0_pairs_code_COD0OPSFIN_20242940000_01D_30S_CLK.CLK.gz.csv
[05:50:40] [DEBUG] Cleaned up individual file: step_2_0_pairs_code_COD0OPSFIN_20242940000_01D_30S_CLK.CLK.gz.csv
[05:50:40] [INFO] Merging individual file: step_2_0_pairs_code_COD0OPSFIN_20241990000_01D_30S_CLK.CLK.gz.csv
[05:50:40] [DEBUG] Cleaned up individual file: step_2_0_pairs_code_COD0OPSFIN_20241990000_01D_30S_CLK.CLK.gz.csv
[05:50:40] [INFO] Merging individual file: step_2_0_pairs_code_COD0OPSFIN_20233500000_01D_30S_CLK.CLK.gz.csv
[05:50:40] [DEBUG] Cleaned up individual file: step_2_0_pairs_code_COD0OPSFIN_20233500000_01D_30S_CLK.CLK.gz.csv
[05:50:40] [INFO] Merging individual file: step_2_0_pairs_code_COD0OPSFIN_20242380000_01D_30S_CLK.CLK.gz.csv
[05:50:41] [DEBUG] Cleaned up individual file: step_2_0_pairs_code_COD0OPSFIN_20242380000_01D_30S_CLK.CLK.gz.csv
[05:50:41] [INFO] Merging individual file: step_2_0_pairs_code_COD0OPSFIN_20230300000_01D_30S_CLK.CLK.gz.csv
[05:50:41] [DEBUG] Cleaned up individual file: step_2_0_pairs_code_COD0OPSFIN_20230300000_01D_30S_CLK.CLK.gz.csv
[05:50:41] [INFO] Merging individual file: step_2_0_pairs_code_COD0OPSFIN_20250160000_01D_30S_CLK.CLK.gz.csv
[05:50:41] [DEBUG] Cleaned up individual file: step_2_0_pairs_code_COD0OPSFIN_20250160000_01D_30S_CLK.CLK.gz.csv
[05:50:41] [INFO] Merging individual file: step_2_0_pairs_code_COD0OPSFIN_20243580000_01D_30S_CLK.CLK.gz.csv
[05:50:41] [DEBUG] Cleaned up individual file: step_2_0_pairs_code_COD0OPSFIN_20243580000_01D_30S_CLK.CLK.gz.csv
[05:50:41] [INFO] Merging individual file: step_2_0_pairs_code_COD0OPSFIN_20250980000_01D_30S_CLK.CLK.gz.csv
[05:50:42] [DEBUG] Cleaned up individual file: step_2_0_pairs_code_COD0OPSFIN_20250980000_01D_30S_CLK.CLK.gz.csv
[05:50:42] [INFO] Merging individual file: step_2_0_pairs_code_COD0OPSFIN_20240890000_01D_30S_CLK.CLK.gz.csv
[05:50:42] [DEBUG] Cleaned up individual file: step_2_0_pairs_code_COD0OPSFIN_20240890000_01D_30S_CLK.CLK.gz.csv
[05:50:42] [INFO] Merging individual file: step_2_0_pairs_code_COD0OPSFIN_20232380000_01D_30S_CLK.CLK.gz.csv
[05:50:42] [DEBUG] Cleaned up individual file: step_2_0_pairs_code_COD0OPSFIN_20232380000_01D_30S_CLK.CLK.gz.csv
[05:50:42] [INFO] Merging individual file: step_2_0_pairs_code_COD0OPSFIN_20241840000_01D_30S_CLK.CLK.gz.csv
[05:50:42] [DEBUG] Cleaned up individual file: step_2_0_pairs_code_COD0OPSFIN_20241840000_01D_30S_CLK.CLK.gz.csv
[05:50:42] [INFO] Merging individual file: step_2_0_pairs_code_COD0OPSFIN_20242490000_01D_30S_CLK.CLK.gz.csv
[05:50:43] [DEBUG] Cleaned up individual file: step_2_0_pairs_code_COD0OPSFIN_20242490000_01D_30S_CLK.CLK.gz.csv
[05:50:43] [INFO] Merging individual file: step_2_0_pairs_code_COD0OPSFIN_20232980000_01D_30S_CLK.CLK.gz.csv
[05:50:43] [DEBUG] Cleaned up individual file: step_2_0_pairs_code_COD0OPSFIN_20232980000_01D_30S_CLK.CLK.gz.csv
[05:50:43] [INFO] Merging individual file: step_2_0_pairs_code_COD0OPSFIN_20230280000_01D_30S_CLK.CLK.gz.csv
[05:50:43] [DEBUG] Cleaned up individual file: step_2_0_pairs_code_COD0OPSFIN_20230280000_01D_30S_CLK.CLK.gz.csv
[05:50:43] [INFO] Merging individual file: step_2_0_pairs_code_COD0OPSFIN_20241120000_01D_30S_CLK.CLK.gz.csv
[05:50:44] [DEBUG] Cleaned up individual file: step_2_0_pairs_code_COD0OPSFIN_20241120000_01D_30S_CLK.CLK.gz.csv
[05:50:44] [INFO] Merging individual file: step_2_0_pairs_code_COD0OPSFIN_20230690000_01D_30S_CLK.CLK.gz.csv
[05:50:44] [DEBUG] Cleaned up individual file: step_2_0_pairs_code_COD0OPSFIN_20230690000_01D_30S_CLK.CLK.gz.csv
[05:50:44] [INFO] Merging individual file: step_2_0_pairs_code_COD0OPSFIN_20240840000_01D_30S_CLK.CLK.gz.csv
[05:50:44] [DEBUG] Cleaned up individual file: step_2_0_pairs_code_COD0OPSFIN_20240840000_01D_30S_CLK.CLK.gz.csv
[05:50:44] [INFO] Merging individual file: step_2_0_pairs_code_COD0OPSFIN_20242700000_01D_30S_CLK.CLK.gz.csv
[05:50:44] [DEBUG] Cleaned up individual file: step_2_0_pairs_code_COD0OPSFIN_20242700000_01D_30S_CLK.CLK.gz.csv
[05:50:44] [INFO] Merging individual file: step_2_0_pairs_code_COD0OPSFIN_20241680000_01D_30S_CLK.CLK.gz.csv
[05:50:45] [DEBUG] Cleaned up individual file: step_2_0_pairs_code_COD0OPSFIN_20241680000_01D_30S_CLK.CLK.gz.csv
[05:50:45] [INFO] Merging individual file: step_2_0_pairs_code_COD0OPSFIN_20230710000_01D_30S_CLK.CLK.gz.csv
[05:50:45] [DEBUG] Cleaned up individual file: step_2_0_pairs_code_COD0OPSFIN_20230710000_01D_30S_CLK.CLK.gz.csv
[05:50:45] [INFO] Merging individual file: step_2_0_pairs_code_COD0OPSFIN_20250470000_01D_30S_CLK.CLK.gz.csv
[05:50:45] [DEBUG] Cleaned up individual file: step_2_0_pairs_code_COD0OPSFIN_20250470000_01D_30S_CLK.CLK.gz.csv
[05:50:45] [INFO] Merging individual file: step_2_0_pairs_code_COD0OPSFIN_20251180000_01D_30S_CLK.CLK.gz.csv
[05:50:45] [DEBUG] Cleaned up individual file: step_2_0_pairs_code_COD0OPSFIN_20251180000_01D_30S_CLK.CLK.gz.csv
[05:50:45] [INFO] Merging individual file: step_2_0_pairs_code_COD0OPSFIN_20231000000_01D_30S_CLK.CLK.gz.csv
[05:50:46] [DEBUG] Cleaned up individual file: step_2_0_pairs_code_COD0OPSFIN_20231000000_01D_30S_CLK.CLK.gz.csv
[05:50:46] [INFO] Merging individual file: step_2_0_pairs_code_COD0OPSFIN_20242610000_01D_30S_CLK.CLK.gz.csv
[05:50:46] [DEBUG] Cleaned up individual file: step_2_0_pairs_code_COD0OPSFIN_20242610000_01D_30S_CLK.CLK.gz.csv
[05:50:46] [INFO] Merging individual file: step_2_0_pairs_code_COD0OPSFIN_20230250000_01D_30S_CLK.CLK.gz.csv
[05:50:46] [DEBUG] Cleaned up individual file: step_2_0_pairs_code_COD0OPSFIN_20230250000_01D_30S_CLK.CLK.gz.csv
[05:50:46] [INFO] Merging individual file: step_2_0_pairs_code_COD0OPSFIN_20240670000_01D_30S_CLK.CLK.gz.csv
[05:50:47] [DEBUG] Cleaned up individual file: step_2_0_pairs_code_COD0OPSFIN_20240670000_01D_30S_CLK.CLK.gz.csv
[05:50:47] [INFO] Merging individual file: step_2_0_pairs_code_COD0OPSFIN_20242390000_01D_30S_CLK.CLK.gz.csv
[05:50:47] [DEBUG] Cleaned up individual file: step_2_0_pairs_code_COD0OPSFIN_20242390000_01D_30S_CLK.CLK.gz.csv
[05:50:47] [INFO] Merging individual file: step_2_0_pairs_code_COD0OPSFIN_20250420000_01D_30S_CLK.CLK.gz.csv
[05:50:47] [DEBUG] Cleaned up individual file: step_2_0_pairs_code_COD0OPSFIN_20250420000_01D_30S_CLK.CLK.gz.csv
[05:50:47] [INFO] Merging individual file: step_2_0_pairs_code_COD0OPSFIN_20242820000_01D_30S_CLK.CLK.gz.csv
[05:50:47] [DEBUG] Cleaned up individual file: step_2_0_pairs_code_COD0OPSFIN_20242820000_01D_30S_CLK.CLK.gz.csv
[05:50:47] [INFO] Merging individual file: step_2_0_pairs_code_COD0OPSFIN_20243330000_01D_30S_CLK.CLK.gz.csv
[05:50:48] [DEBUG] Cleaned up individual file: step_2_0_pairs_code_COD0OPSFIN_20243330000_01D_30S_CLK.CLK.gz.csv
[05:50:48] [INFO] Merging individual file: step_2_0_pairs_code_COD0OPSFIN_20230170000_01D_30S_CLK.CLK.gz.csv
[05:50:48] [DEBUG] Cleaned up individual file: step_2_0_pairs_code_COD0OPSFIN_20230170000_01D_30S_CLK.CLK.gz.csv
[05:50:48] [INFO] Merging individual file: step_2_0_pairs_code_COD0OPSFIN_20231110000_01D_30S_CLK.CLK.gz.csv
[05:50:48] [DEBUG] Cleaned up individual file: step_2_0_pairs_code_COD0OPSFIN_20231110000_01D_30S_CLK.CLK.gz.csv
[05:50:48] [INFO] Merging individual file: step_2_0_pairs_code_COD0OPSFIN_20231810000_01D_30S_CLK.CLK.gz.csv
[05:50:48] [DEBUG] Cleaned up individual file: step_2_0_pairs_code_COD0OPSFIN_20231810000_01D_30S_CLK.CLK.gz.csv
[05:50:48] [INFO] Merging individual file: step_2_0_pairs_code_COD0OPSFIN_20243480000_01D_30S_CLK.CLK.gz.csv
[05:50:49] [DEBUG] Cleaned up individual file: step_2_0_pairs_code_COD0OPSFIN_20243480000_01D_30S_CLK.CLK.gz.csv
[05:50:49] [INFO] Merging individual file: step_2_0_pairs_code_COD0OPSFIN_20251390000_01D_30S_CLK.CLK.gz.csv
[05:50:49] [DEBUG] Cleaned up individual file: step_2_0_pairs_code_COD0OPSFIN_20251390000_01D_30S_CLK.CLK.gz.csv
[05:50:49] [INFO] Merging individual file: step_2_0_pairs_code_COD0OPSFIN_20242670000_01D_30S_CLK.CLK.gz.csv
[05:50:49] [DEBUG] Cleaned up individual file: step_2_0_pairs_code_COD0OPSFIN_20242670000_01D_30S_CLK.CLK.gz.csv
[05:50:49] [INFO] Merging individual file: step_2_0_pairs_code_COD0OPSFIN_20251730000_01D_30S_CLK.CLK.gz.csv
[05:50:49] [DEBUG] Cleaned up individual file: step_2_0_pairs_code_COD0OPSFIN_20251730000_01D_30S_CLK.CLK.gz.csv
[05:50:49] [INFO] Merging individual file: step_2_0_pairs_code_COD0OPSFIN_20241090000_01D_30S_CLK.CLK.gz.csv
[05:50:50] [DEBUG] Cleaned up individual file: step_2_0_pairs_code_COD0OPSFIN_20241090000_01D_30S_CLK.CLK.gz.csv
[05:50:50] [INFO] Merging individual file: step_2_0_pairs_code_COD0OPSFIN_20243250000_01D_30S_CLK.CLK.gz.csv
[05:50:50] [DEBUG] Cleaned up individual file: step_2_0_pairs_code_COD0OPSFIN_20243250000_01D_30S_CLK.CLK.gz.csv
[05:50:50] [INFO] Merging individual file: step_2_0_pairs_code_COD0OPSFIN_20231640000_01D_30S_CLK.CLK.gz.csv
[05:50:50] [DEBUG] Cleaned up individual file: step_2_0_pairs_code_COD0OPSFIN_20231640000_01D_30S_CLK.CLK.gz.csv
[05:50:50] [INFO] Merging individual file: step_2_0_pairs_code_COD0OPSFIN_20250120000_01D_30S_CLK.CLK.gz.csv
[05:50:51] [DEBUG] Cleaned up individual file: step_2_0_pairs_code_COD0OPSFIN_20250120000_01D_30S_CLK.CLK.gz.csv
[05:50:51] [INFO] Merging individual file: step_2_0_pairs_code_COD0OPSFIN_20230070000_01D_30S_CLK.CLK.gz.csv
[05:50:51] [DEBUG] Cleaned up individual file: step_2_0_pairs_code_COD0OPSFIN_20230070000_01D_30S_CLK.CLK.gz.csv
[05:50:51] [INFO] Merging individual file: step_2_0_pairs_code_COD0OPSFIN_20240010000_01D_30S_CLK.CLK.gz.csv
[05:50:51] [DEBUG] Cleaned up individual file: step_2_0_pairs_code_COD0OPSFIN_20240010000_01D_30S_CLK.CLK.gz.csv
[05:50:51] [INFO] Merging individual file: step_2_0_pairs_code_COD0OPSFIN_20250720000_01D_30S_CLK.CLK.gz.csv
[05:50:51] [DEBUG] Cleaned up individual file: step_2_0_pairs_code_COD0OPSFIN_20250720000_01D_30S_CLK.CLK.gz.csv
[05:50:51] [INFO] Merging individual file: step_2_0_pairs_code_COD0OPSFIN_20240780000_01D_30S_CLK.CLK.gz.csv
[05:50:52] [DEBUG] Cleaned up individual file: step_2_0_pairs_code_COD0OPSFIN_20240780000_01D_30S_CLK.CLK.gz.csv
[05:50:52] [INFO] Merging individual file: step_2_0_pairs_code_COD0OPSFIN_20232140000_01D_30S_CLK.CLK.gz.csv
[05:50:52] [DEBUG] Cleaned up individual file: step_2_0_pairs_code_COD0OPSFIN_20232140000_01D_30S_CLK.CLK.gz.csv
[05:50:52] [INFO] Merging individual file: step_2_0_pairs_code_COD0OPSFIN_20231100000_01D_30S_CLK.CLK.gz.csv
[05:50:52] [DEBUG] Cleaned up individual file: step_2_0_pairs_code_COD0OPSFIN_20231100000_01D_30S_CLK.CLK.gz.csv
[05:50:52] [INFO] Merging individual file: step_2_0_pairs_code_COD0OPSFIN_20232240000_01D_30S_CLK.CLK.gz.csv
[05:50:52] [DEBUG] Cleaned up individual file: step_2_0_pairs_code_COD0OPSFIN_20232240000_01D_30S_CLK.CLK.gz.csv
[05:50:52] [INFO] Merging individual file: step_2_0_pairs_code_COD0OPSFIN_20251560000_01D_30S_CLK.CLK.gz.csv
[05:50:53] [DEBUG] Cleaned up individual file: step_2_0_pairs_code_COD0OPSFIN_20251560000_01D_30S_CLK.CLK.gz.csv
[05:50:53] [INFO] Merging individual file: step_2_0_pairs_code_COD0OPSFIN_20242560000_01D_30S_CLK.CLK.gz.csv
[05:50:53] [DEBUG] Cleaned up individual file: step_2_0_pairs_code_COD0OPSFIN_20242560000_01D_30S_CLK.CLK.gz.csv
[05:50:53] [INFO] Merging individual file: step_2_0_pairs_code_COD0OPSFIN_20250810000_01D_30S_CLK.CLK.gz.csv
[05:50:53] [DEBUG] Cleaned up individual file: step_2_0_pairs_code_COD0OPSFIN_20250810000_01D_30S_CLK.CLK.gz.csv
[05:50:53] [INFO] Merging individual file: step_2_0_pairs_code_COD0OPSFIN_20242770000_01D_30S_CLK.CLK.gz.csv
[05:50:53] [DEBUG] Cleaned up individual file: step_2_0_pairs_code_COD0OPSFIN_20242770000_01D_30S_CLK.CLK.gz.csv
[05:50:53] [INFO] Merging individual file: step_2_0_pairs_code_COD0OPSFIN_20231880000_01D_30S_CLK.CLK.gz.csv
[05:50:54] [DEBUG] Cleaned up individual file: step_2_0_pairs_code_COD0OPSFIN_20231880000_01D_30S_CLK.CLK.gz.csv
[05:50:54] [INFO] Merging individual file: step_2_0_pairs_code_COD0OPSFIN_20240570000_01D_30S_CLK.CLK.gz.csv
[05:50:54] [DEBUG] Cleaned up individual file: step_2_0_pairs_code_COD0OPSFIN_20240570000_01D_30S_CLK.CLK.gz.csv
[05:50:54] [INFO] Merging individual file: step_2_0_pairs_code_COD0OPSFIN_20243030000_01D_30S_CLK.CLK.gz.csv
[05:50:54] [DEBUG] Cleaned up individual file: step_2_0_pairs_code_COD0OPSFIN_20243030000_01D_30S_CLK.CLK.gz.csv
[05:50:54] [INFO] Merging individual file: step_2_0_pairs_code_COD0OPSFIN_20231760000_01D_30S_CLK.CLK.gz.csv
[05:50:55] [DEBUG] Cleaned up individual file: step_2_0_pairs_code_COD0OPSFIN_20231760000_01D_30S_CLK.CLK.gz.csv
[05:50:55] [INFO] Merging individual file: step_2_0_pairs_code_COD0OPSFIN_20242970000_01D_30S_CLK.CLK.gz.csv
[05:50:55] [DEBUG] Cleaned up individual file: step_2_0_pairs_code_COD0OPSFIN_20242970000_01D_30S_CLK.CLK.gz.csv
[05:50:55] [INFO] Merging individual file: step_2_0_pairs_code_COD0OPSFIN_20251420000_01D_30S_CLK.CLK.gz.csv
[05:50:55] [DEBUG] Cleaned up individual file: step_2_0_pairs_code_COD0OPSFIN_20251420000_01D_30S_CLK.CLK.gz.csv
[05:50:55] [INFO] Merging individual file: step_2_0_pairs_code_COD0OPSFIN_20233270000_01D_30S_CLK.CLK.gz.csv
[05:50:55] [DEBUG] Cleaned up individual file: step_2_0_pairs_code_COD0OPSFIN_20233270000_01D_30S_CLK.CLK.gz.csv
[05:50:55] [INFO] Merging individual file: step_2_0_pairs_code_COD0OPSFIN_20232190000_01D_30S_CLK.CLK.gz.csv
[05:50:56] [DEBUG] Cleaned up individual file: step_2_0_pairs_code_COD0OPSFIN_20232190000_01D_30S_CLK.CLK.gz.csv
[05:50:56] [INFO] Merging individual file: step_2_0_pairs_code_COD0OPSFIN_20233100000_01D_30S_CLK.CLK.gz.csv
[05:50:56] [DEBUG] Cleaned up individual file: step_2_0_pairs_code_COD0OPSFIN_20233100000_01D_30S_CLK.CLK.gz.csv
[05:50:56] [INFO] Merging individual file: step_2_0_pairs_code_COD0OPSFIN_20240680000_01D_30S_CLK.CLK.gz.csv
[05:50:56] [DEBUG] Cleaned up individual file: step_2_0_pairs_code_COD0OPSFIN_20240680000_01D_30S_CLK.CLK.gz.csv
[05:50:56] [INFO] Merging individual file: step_2_0_pairs_code_COD0OPSFIN_20231820000_01D_30S_CLK.CLK.gz.csv
[05:50:57] [DEBUG] Cleaned up individual file: step_2_0_pairs_code_COD0OPSFIN_20231820000_01D_30S_CLK.CLK.gz.csv
[05:50:57] [INFO] Merging individual file: step_2_0_pairs_code_COD0OPSFIN_20240740000_01D_30S_CLK.CLK.gz.csv
[05:50:57] [DEBUG] Cleaned up individual file: step_2_0_pairs_code_COD0OPSFIN_20240740000_01D_30S_CLK.CLK.gz.csv
[05:50:57] [INFO] Merging individual file: step_2_0_pairs_code_COD0OPSFIN_20241070000_01D_30S_CLK.CLK.gz.csv
[05:50:57] [DEBUG] Cleaned up individual file: step_2_0_pairs_code_COD0OPSFIN_20241070000_01D_30S_CLK.CLK.gz.csv
[05:50:57] [INFO] Merging individual file: step_2_0_pairs_code_COD0OPSFIN_20250780000_01D_30S_CLK.CLK.gz.csv
[05:50:57] [DEBUG] Cleaned up individual file: step_2_0_pairs_code_COD0OPSFIN_20250780000_01D_30S_CLK.CLK.gz.csv
[05:50:57] [INFO] Merging individual file: step_2_0_pairs_code_COD0OPSFIN_20233430000_01D_30S_CLK.CLK.gz.csv
[05:50:58] [DEBUG] Cleaned up individual file: step_2_0_pairs_code_COD0OPSFIN_20233430000_01D_30S_CLK.CLK.gz.csv
[05:50:58] [INFO] Merging individual file: step_2_0_pairs_code_COD0OPSFIN_20250430000_01D_30S_CLK.CLK.gz.csv
[05:50:58] [DEBUG] Cleaned up individual file: step_2_0_pairs_code_COD0OPSFIN_20250430000_01D_30S_CLK.CLK.gz.csv
[05:50:58] [INFO] Merging individual file: step_2_0_pairs_code_COD0OPSFIN_20241780000_01D_30S_CLK.CLK.gz.csv
[05:50:58] [DEBUG] Cleaned up individual file: step_2_0_pairs_code_COD0OPSFIN_20241780000_01D_30S_CLK.CLK.gz.csv
[05:50:58] [INFO] Merging individual file: step_2_0_pairs_code_COD0OPSFIN_20232750000_01D_30S_CLK.CLK.gz.csv
[05:50:58] [DEBUG] Cleaned up individual file: step_2_0_pairs_code_COD0OPSFIN_20232750000_01D_30S_CLK.CLK.gz.csv
[05:50:58] [INFO] Merging individual file: step_2_0_pairs_code_COD0OPSFIN_20233260000_01D_30S_CLK.CLK.gz.csv
[05:50:59] [DEBUG] Cleaned up individual file: step_2_0_pairs_code_COD0OPSFIN_20233260000_01D_30S_CLK.CLK.gz.csv
[05:50:59] [INFO] Merging individual file: step_2_0_pairs_code_COD0OPSFIN_20241830000_01D_30S_CLK.CLK.gz.csv
[05:50:59] [DEBUG] Cleaned up individual file: step_2_0_pairs_code_COD0OPSFIN_20241830000_01D_30S_CLK.CLK.gz.csv
[05:50:59] [INFO] Merging individual file: step_2_0_pairs_code_COD0OPSFIN_20232520000_01D_30S_CLK.CLK.gz.csv
[05:50:59] [DEBUG] Cleaned up individual file: step_2_0_pairs_code_COD0OPSFIN_20232520000_01D_30S_CLK.CLK.gz.csv
[05:50:59] [INFO] Merging individual file: step_2_0_pairs_code_COD0OPSFIN_20251430000_01D_30S_CLK.CLK.gz.csv
[05:50:59] [DEBUG] Cleaned up individual file: step_2_0_pairs_code_COD0OPSFIN_20251430000_01D_30S_CLK.CLK.gz.csv
[05:50:59] [INFO] Merging individual file: step_2_0_pairs_code_COD0OPSFIN_20230360000_01D_30S_CLK.CLK.gz.csv
[05:51:00] [DEBUG] Cleaned up individual file: step_2_0_pairs_code_COD0OPSFIN_20230360000_01D_30S_CLK.CLK.gz.csv
[05:51:00] [INFO] Merging individual file: step_2_0_pairs_code_COD0OPSFIN_20250910000_01D_30S_CLK.CLK.gz.csv
[05:51:00] [DEBUG] Cleaned up individual file: step_2_0_pairs_code_COD0OPSFIN_20250910000_01D_30S_CLK.CLK.gz.csv
[05:51:00] [INFO] Merging individual file: step_2_0_pairs_code_COD0OPSFIN_20242660000_01D_30S_CLK.CLK.gz.csv
[05:51:00] [DEBUG] Cleaned up individual file: step_2_0_pairs_code_COD0OPSFIN_20242660000_01D_30S_CLK.CLK.gz.csv
[05:51:00] [INFO] Merging individual file: step_2_0_pairs_code_COD0OPSFIN_20233540000_01D_30S_CLK.CLK.gz.csv
[05:51:01] [DEBUG] Cleaned up individual file: step_2_0_pairs_code_COD0OPSFIN_20233540000_01D_30S_CLK.CLK.gz.csv
[05:51:01] [INFO] Merging individual file: step_2_0_pairs_code_COD0OPSFIN_20241200000_01D_30S_CLK.CLK.gz.csv
[05:51:01] [DEBUG] Cleaned up individual file: step_2_0_pairs_code_COD0OPSFIN_20241200000_01D_30S_CLK.CLK.gz.csv
[05:51:01] [INFO] Merging individual file: step_2_0_pairs_code_COD0OPSFIN_20250220000_01D_30S_CLK.CLK.gz.csv
[05:51:01] [DEBUG] Cleaned up individual file: step_2_0_pairs_code_COD0OPSFIN_20250220000_01D_30S_CLK.CLK.gz.csv
[05:51:01] [INFO] Merging individual file: step_2_0_pairs_code_COD0OPSFIN_20231230000_01D_30S_CLK.CLK.gz.csv
[05:51:01] [DEBUG] Cleaned up individual file: step_2_0_pairs_code_COD0OPSFIN_20231230000_01D_30S_CLK.CLK.gz.csv
[05:51:01] [INFO] Merging individual file: step_2_0_pairs_code_COD0OPSFIN_20243320000_01D_30S_CLK.CLK.gz.csv
[05:51:02] [DEBUG] Cleaned up individual file: step_2_0_pairs_code_COD0OPSFIN_20243320000_01D_30S_CLK.CLK.gz.csv
[05:51:02] [INFO] Merging individual file: step_2_0_pairs_code_COD0OPSFIN_20242450000_01D_30S_CLK.CLK.gz.csv
[05:51:02] [DEBUG] Cleaned up individual file: step_2_0_pairs_code_COD0OPSFIN_20242450000_01D_30S_CLK.CLK.gz.csv
[05:51:02] [INFO] Merging individual file: step_2_0_pairs_code_COD0OPSFIN_20241970000_01D_30S_CLK.CLK.gz.csv
[05:51:02] [DEBUG] Cleaned up individual file: step_2_0_pairs_code_COD0OPSFIN_20241970000_01D_30S_CLK.CLK.gz.csv
[05:51:02] [INFO] Merging individual file: step_2_0_pairs_code_COD0OPSFIN_20230930000_01D_30S_CLK.CLK.gz.csv
[05:51:02] [DEBUG] Cleaned up individual file: step_2_0_pairs_code_COD0OPSFIN_20230930000_01D_30S_CLK.CLK.gz.csv
[05:51:02] [INFO] Merging individual file: step_2_0_pairs_code_COD0OPSFIN_20231370000_01D_30S_CLK.CLK.gz.csv
[05:51:03] [DEBUG] Cleaned up individual file: step_2_0_pairs_code_COD0OPSFIN_20231370000_01D_30S_CLK.CLK.gz.csv
[05:51:03] [INFO] Merging individual file: step_2_0_pairs_code_COD0OPSFIN_20230760000_01D_30S_CLK.CLK.gz.csv
[05:51:03] [DEBUG] Cleaned up individual file: step_2_0_pairs_code_COD0OPSFIN_20230760000_01D_30S_CLK.CLK.gz.csv
[05:51:03] [INFO] Merging individual file: step_2_0_pairs_code_COD0OPSFIN_20242190000_01D_30S_CLK.CLK.gz.csv
[05:51:03] [DEBUG] Cleaned up individual file: step_2_0_pairs_code_COD0OPSFIN_20242190000_01D_30S_CLK.CLK.gz.csv
[05:51:03] [INFO] Merging individual file: step_2_0_pairs_code_COD0OPSFIN_20230770000_01D_30S_CLK.CLK.gz.csv
[05:51:03] [DEBUG] Cleaned up individual file: step_2_0_pairs_code_COD0OPSFIN_20230770000_01D_30S_CLK.CLK.gz.csv
[05:51:03] [INFO] Merging individual file: step_2_0_pairs_code_COD0OPSFIN_20241020000_01D_30S_CLK.CLK.gz.csv
[05:51:04] [DEBUG] Cleaned up individual file: step_2_0_pairs_code_COD0OPSFIN_20241020000_01D_30S_CLK.CLK.gz.csv
[05:51:04] [INFO] Merging individual file: step_2_0_pairs_code_COD0OPSFIN_20250370000_01D_30S_CLK.CLK.gz.csv
[05:51:04] [DEBUG] Cleaned up individual file: step_2_0_pairs_code_COD0OPSFIN_20250370000_01D_30S_CLK.CLK.gz.csv
[05:51:04] [INFO] Merging individual file: step_2_0_pairs_code_COD0OPSFIN_20250250000_01D_30S_CLK.CLK.gz.csv
[05:51:04] [DEBUG] Cleaned up individual file: step_2_0_pairs_code_COD0OPSFIN_20250250000_01D_30S_CLK.CLK.gz.csv
[05:51:04] [INFO] Merging individual file: step_2_0_pairs_code_COD0OPSFIN_20233450000_01D_30S_CLK.CLK.gz.csv
[05:51:05] [DEBUG] Cleaned up individual file: step_2_0_pairs_code_COD0OPSFIN_20233450000_01D_30S_CLK.CLK.gz.csv
[05:51:05] [INFO] Merging individual file: step_2_0_pairs_code_COD0OPSFIN_20242550000_01D_30S_CLK.CLK.gz.csv
[05:51:05] [DEBUG] Cleaned up individual file: step_2_0_pairs_code_COD0OPSFIN_20242550000_01D_30S_CLK.CLK.gz.csv
[05:51:05] [INFO] Merging individual file: step_2_0_pairs_code_COD0OPSFIN_20231540000_01D_30S_CLK.CLK.gz.csv
[05:51:05] [DEBUG] Cleaned up individual file: step_2_0_pairs_code_COD0OPSFIN_20231540000_01D_30S_CLK.CLK.gz.csv
[05:51:05] [INFO] Merging individual file: step_2_0_pairs_code_COD0OPSFIN_20242950000_01D_30S_CLK.CLK.gz.csv
[05:51:05] [DEBUG] Cleaned up individual file: step_2_0_pairs_code_COD0OPSFIN_20242950000_01D_30S_CLK.CLK.gz.csv
[05:51:05] [INFO] Merging individual file: step_2_0_pairs_code_COD0OPSFIN_20232260000_01D_30S_CLK.CLK.gz.csv
[05:51:06] [DEBUG] Cleaned up individual file: step_2_0_pairs_code_COD0OPSFIN_20232260000_01D_30S_CLK.CLK.gz.csv
[05:51:06] [INFO] Merging individual file: step_2_0_pairs_code_COD0OPSFIN_20231150000_01D_30S_CLK.CLK.gz.csv
[05:51:06] [DEBUG] Cleaned up individual file: step_2_0_pairs_code_COD0OPSFIN_20231150000_01D_30S_CLK.CLK.gz.csv
[05:51:06] [INFO] Merging individual file: step_2_0_pairs_code_COD0OPSFIN_20242080000_01D_30S_CLK.CLK.gz.csv
[05:51:06] [DEBUG] Cleaned up individual file: step_2_0_pairs_code_COD0OPSFIN_20242080000_01D_30S_CLK.CLK.gz.csv
[05:51:06] [INFO] Merging individual file: step_2_0_pairs_code_COD0OPSFIN_20250690000_01D_30S_CLK.CLK.gz.csv
[05:51:06] [DEBUG] Cleaned up individual file: step_2_0_pairs_code_COD0OPSFIN_20250690000_01D_30S_CLK.CLK.gz.csv
[05:51:06] [INFO] Merging individual file: step_2_0_pairs_code_COD0OPSFIN_20233330000_01D_30S_CLK.CLK.gz.csv
[05:51:07] [DEBUG] Cleaned up individual file: step_2_0_pairs_code_COD0OPSFIN_20233330000_01D_30S_CLK.CLK.gz.csv
[05:51:07] [INFO] Merging individual file: step_2_0_pairs_code_COD0OPSFIN_20243020000_01D_30S_CLK.CLK.gz.csv
[05:51:07] [DEBUG] Cleaned up individual file: step_2_0_pairs_code_COD0OPSFIN_20243020000_01D_30S_CLK.CLK.gz.csv
[05:51:07] [INFO] Merging individual file: step_2_0_pairs_code_COD0OPSFIN_20242630000_01D_30S_CLK.CLK.gz.csv
[05:51:07] [DEBUG] Cleaned up individual file: step_2_0_pairs_code_COD0OPSFIN_20242630000_01D_30S_CLK.CLK.gz.csv
[05:51:07] [INFO] Merging individual file: step_2_0_pairs_code_COD0OPSFIN_20243420000_01D_30S_CLK.CLK.gz.csv
[05:51:08] [DEBUG] Cleaned up individual file: step_2_0_pairs_code_COD0OPSFIN_20243420000_01D_30S_CLK.CLK.gz.csv
[05:51:08] [INFO] Merging individual file: step_2_0_pairs_code_COD0OPSFIN_20233030000_01D_30S_CLK.CLK.gz.csv
[05:51:08] [DEBUG] Cleaned up individual file: step_2_0_pairs_code_COD0OPSFIN_20233030000_01D_30S_CLK.CLK.gz.csv
[05:51:08] [INFO] Merging individual file: step_2_0_pairs_code_COD0OPSFIN_20231710000_01D_30S_CLK.CLK.gz.csv
[05:51:08] [DEBUG] Cleaned up individual file: step_2_0_pairs_code_COD0OPSFIN_20231710000_01D_30S_CLK.CLK.gz.csv
[05:51:08] [INFO] Merging individual file: step_2_0_pairs_code_COD0OPSFIN_20230340000_01D_30S_CLK.CLK.gz.csv
[05:51:08] [DEBUG] Cleaned up individual file: step_2_0_pairs_code_COD0OPSFIN_20230340000_01D_30S_CLK.CLK.gz.csv
[05:51:08] [INFO] Merging individual file: step_2_0_pairs_code_COD0OPSFIN_20240790000_01D_30S_CLK.CLK.gz.csv
[05:51:09] [DEBUG] Cleaned up individual file: step_2_0_pairs_code_COD0OPSFIN_20240790000_01D_30S_CLK.CLK.gz.csv
[05:51:09] [INFO] Merging individual file: step_2_0_pairs_code_COD0OPSFIN_20250140000_01D_30S_CLK.CLK.gz.csv
[05:51:09] [DEBUG] Cleaned up individual file: step_2_0_pairs_code_COD0OPSFIN_20250140000_01D_30S_CLK.CLK.gz.csv
[05:51:09] [INFO] Merging individual file: step_2_0_pairs_code_COD0OPSFIN_20251610000_01D_30S_CLK.CLK.gz.csv
[05:51:09] [DEBUG] Cleaned up individual file: step_2_0_pairs_code_COD0OPSFIN_20251610000_01D_30S_CLK.CLK.gz.csv
[05:51:09] [INFO] Merging individual file: step_2_0_pairs_code_COD0OPSFIN_20241300000_01D_30S_CLK.CLK.gz.csv
[05:51:09] [DEBUG] Cleaned up individual file: step_2_0_pairs_code_COD0OPSFIN_20241300000_01D_30S_CLK.CLK.gz.csv
[05:51:09] [INFO] Merging individual file: step_2_0_pairs_code_COD0OPSFIN_20230720000_01D_30S_CLK.CLK.gz.csv
[05:51:10] [DEBUG] Cleaned up individual file: step_2_0_pairs_code_COD0OPSFIN_20230720000_01D_30S_CLK.CLK.gz.csv
[05:51:10] [INFO] Merging individual file: step_2_0_pairs_code_COD0OPSFIN_20240880000_01D_30S_CLK.CLK.gz.csv
[05:51:10] [DEBUG] Cleaned up individual file: step_2_0_pairs_code_COD0OPSFIN_20240880000_01D_30S_CLK.CLK.gz.csv
[05:51:10] [INFO] Merging individual file: step_2_0_pairs_code_COD0OPSFIN_20251640000_01D_30S_CLK.CLK.gz.csv
[05:51:10] [DEBUG] Cleaned up individual file: step_2_0_pairs_code_COD0OPSFIN_20251640000_01D_30S_CLK.CLK.gz.csv
[05:51:10] [INFO] Merging individual file: step_2_0_pairs_code_COD0OPSFIN_20230940000_01D_30S_CLK.CLK.gz.csv
[05:51:10] [DEBUG] Cleaned up individual file: step_2_0_pairs_code_COD0OPSFIN_20230940000_01D_30S_CLK.CLK.gz.csv
[05:51:10] [INFO] Merging individual file: step_2_0_pairs_code_COD0OPSFIN_20240280000_01D_30S_CLK.CLK.gz.csv
[05:51:11] [DEBUG] Cleaned up individual file: step_2_0_pairs_code_COD0OPSFIN_20240280000_01D_30S_CLK.CLK.gz.csv
[05:51:11] [INFO] Merging individual file: step_2_0_pairs_code_COD0OPSFIN_20251250000_01D_30S_CLK.CLK.gz.csv
[05:51:11] [DEBUG] Cleaned up individual file: step_2_0_pairs_code_COD0OPSFIN_20251250000_01D_30S_CLK.CLK.gz.csv
[05:51:11] [INFO] Merging individual file: step_2_0_pairs_code_COD0OPSFIN_20250340000_01D_30S_CLK.CLK.gz.csv
[05:51:11] [DEBUG] Cleaned up individual file: step_2_0_pairs_code_COD0OPSFIN_20250340000_01D_30S_CLK.CLK.gz.csv
[05:51:11] [INFO] Merging individual file: step_2_0_pairs_code_COD0OPSFIN_20232510000_01D_30S_CLK.CLK.gz.csv
[05:51:11] [DEBUG] Cleaned up individual file: step_2_0_pairs_code_COD0OPSFIN_20232510000_01D_30S_CLK.CLK.gz.csv
[05:51:11] [INFO] Merging individual file: step_2_0_pairs_code_COD0OPSFIN_20240500000_01D_30S_CLK.CLK.gz.csv
[05:51:12] [DEBUG] Cleaned up individual file: step_2_0_pairs_code_COD0OPSFIN_20240500000_01D_30S_CLK.CLK.gz.csv
[05:51:12] [INFO] Merging individual file: step_2_0_pairs_code_COD0OPSFIN_20250410000_01D_30S_CLK.CLK.gz.csv
[05:51:12] [DEBUG] Cleaned up individual file: step_2_0_pairs_code_COD0OPSFIN_20250410000_01D_30S_CLK.CLK.gz.csv
[05:51:12] [INFO] Merging individual file: step_2_0_pairs_code_COD0OPSFIN_20233610000_01D_30S_CLK.CLK.gz.csv
[05:51:12] [DEBUG] Cleaned up individual file: step_2_0_pairs_code_COD0OPSFIN_20233610000_01D_30S_CLK.CLK.gz.csv
[05:51:12] [INFO] Merging individual file: step_2_0_pairs_code_COD0OPSFIN_20233170000_01D_30S_CLK.CLK.gz.csv
[05:51:13] [DEBUG] Cleaned up individual file: step_2_0_pairs_code_COD0OPSFIN_20233170000_01D_30S_CLK.CLK.gz.csv
[05:51:13] [INFO] Merging individual file: step_2_0_pairs_code_COD0OPSFIN_20232630000_01D_30S_CLK.CLK.gz.csv
[05:51:13] [DEBUG] Cleaned up individual file: step_2_0_pairs_code_COD0OPSFIN_20232630000_01D_30S_CLK.CLK.gz.csv
[05:51:13] [INFO] Merging individual file: step_2_0_pairs_code_COD0OPSFIN_20251080000_01D_30S_CLK.CLK.gz.csv
[05:51:13] [DEBUG] Cleaned up individual file: step_2_0_pairs_code_COD0OPSFIN_20251080000_01D_30S_CLK.CLK.gz.csv
[05:51:13] [INFO] Merging individual file: step_2_0_pairs_code_COD0OPSFIN_20240140000_01D_30S_CLK.CLK.gz.csv
[05:51:13] [DEBUG] Cleaned up individual file: step_2_0_pairs_code_COD0OPSFIN_20240140000_01D_30S_CLK.CLK.gz.csv
[05:51:13] [INFO] Merging individual file: step_2_0_pairs_code_COD0OPSFIN_20233440000_01D_30S_CLK.CLK.gz.csv
[05:51:14] [DEBUG] Cleaned up individual file: step_2_0_pairs_code_COD0OPSFIN_20233440000_01D_30S_CLK.CLK.gz.csv
[05:51:14] [INFO] Merging individual file: step_2_0_pairs_code_COD0OPSFIN_20232790000_01D_30S_CLK.CLK.gz.csv
[05:51:14] [DEBUG] Cleaned up individual file: step_2_0_pairs_code_COD0OPSFIN_20232790000_01D_30S_CLK.CLK.gz.csv
[05:51:14] [INFO] Merging individual file: step_2_0_pairs_code_COD0OPSFIN_20242600000_01D_30S_CLK.CLK.gz.csv
[05:51:14] [DEBUG] Cleaned up individual file: step_2_0_pairs_code_COD0OPSFIN_20242600000_01D_30S_CLK.CLK.gz.csv
[05:51:14] [INFO] Merging individual file: step_2_0_pairs_code_COD0OPSFIN_20243450000_01D_30S_CLK.CLK.gz.csv
[05:51:14] [DEBUG] Cleaned up individual file: step_2_0_pairs_code_COD0OPSFIN_20243450000_01D_30S_CLK.CLK.gz.csv
[05:51:14] [INFO] Merging individual file: step_2_0_pairs_code_COD0OPSFIN_20250850000_01D_30S_CLK.CLK.gz.csv
[05:51:15] [DEBUG] Cleaned up individual file: step_2_0_pairs_code_COD0OPSFIN_20250850000_01D_30S_CLK.CLK.gz.csv
[05:51:15] [INFO] Merging individual file: step_2_0_pairs_code_COD0OPSFIN_20251680000_01D_30S_CLK.CLK.gz.csv
[05:51:15] [DEBUG] Cleaned up individual file: step_2_0_pairs_code_COD0OPSFIN_20251680000_01D_30S_CLK.CLK.gz.csv
[05:51:15] [INFO] Merging individual file: step_2_0_pairs_code_COD0OPSFIN_20250110000_01D_30S_CLK.CLK.gz.csv
[05:51:15] [DEBUG] Cleaned up individual file: step_2_0_pairs_code_COD0OPSFIN_20250110000_01D_30S_CLK.CLK.gz.csv
[05:51:15] [INFO] Merging individual file: step_2_0_pairs_code_COD0OPSFIN_20251740000_01D_30S_CLK.CLK.gz.csv
[05:51:15] [DEBUG] Cleaned up individual file: step_2_0_pairs_code_COD0OPSFIN_20251740000_01D_30S_CLK.CLK.gz.csv
[05:51:15] [INFO] Merging individual file: step_2_0_pairs_code_COD0OPSFIN_20240830000_01D_30S_CLK.CLK.gz.csv
[05:51:16] [DEBUG] Cleaned up individual file: step_2_0_pairs_code_COD0OPSFIN_20240830000_01D_30S_CLK.CLK.gz.csv
[05:51:16] [INFO] Merging individual file: step_2_0_pairs_code_COD0OPSFIN_20233090000_01D_30S_CLK.CLK.gz.csv
[05:51:16] [DEBUG] Cleaned up individual file: step_2_0_pairs_code_COD0OPSFIN_20233090000_01D_30S_CLK.CLK.gz.csv
[05:51:16] [INFO] Merging individual file: step_2_0_pairs_code_COD0OPSFIN_20241800000_01D_30S_CLK.CLK.gz.csv
[05:51:16] [DEBUG] Cleaned up individual file: step_2_0_pairs_code_COD0OPSFIN_20241800000_01D_30S_CLK.CLK.gz.csv
[05:51:16] [INFO] Merging individual file: step_2_0_pairs_code_COD0OPSFIN_20250960000_01D_30S_CLK.CLK.gz.csv
[05:51:16] [DEBUG] Cleaned up individual file: step_2_0_pairs_code_COD0OPSFIN_20250960000_01D_30S_CLK.CLK.gz.csv
[05:51:16] [INFO] Merging individual file: step_2_0_pairs_code_COD0OPSFIN_20250040000_01D_30S_CLK.CLK.gz.csv
[05:51:17] [DEBUG] Cleaned up individual file: step_2_0_pairs_code_COD0OPSFIN_20250040000_01D_30S_CLK.CLK.gz.csv
[05:51:17] [INFO] Merging individual file: step_2_0_pairs_code_COD0OPSFIN_20242650000_01D_30S_CLK.CLK.gz.csv
[05:51:17] [DEBUG] Cleaned up individual file: step_2_0_pairs_code_COD0OPSFIN_20242650000_01D_30S_CLK.CLK.gz.csv
[05:51:17] [INFO] Merging individual file: step_2_0_pairs_code_COD0OPSFIN_20243280000_01D_30S_CLK.CLK.gz.csv
[05:51:17] [DEBUG] Cleaned up individual file: step_2_0_pairs_code_COD0OPSFIN_20243280000_01D_30S_CLK.CLK.gz.csv
[05:51:17] [INFO] Merging individual file: step_2_0_pairs_code_COD0OPSFIN_20242480000_01D_30S_CLK.CLK.gz.csv
[05:51:17] [DEBUG] Cleaned up individual file: step_2_0_pairs_code_COD0OPSFIN_20242480000_01D_30S_CLK.CLK.gz.csv
[05:51:17] [INFO] Merging individual file: step_2_0_pairs_code_COD0OPSFIN_20231290000_01D_30S_CLK.CLK.gz.csv
[05:51:18] [DEBUG] Cleaned up individual file: step_2_0_pairs_code_COD0OPSFIN_20231290000_01D_30S_CLK.CLK.gz.csv
[05:51:18] [INFO] Merging individual file: step_2_0_pairs_code_COD0OPSFIN_20250560000_01D_30S_CLK.CLK.gz.csv
[05:51:18] [DEBUG] Cleaned up individual file: step_2_0_pairs_code_COD0OPSFIN_20250560000_01D_30S_CLK.CLK.gz.csv
[05:51:18] [INFO] Merging individual file: step_2_0_pairs_code_COD0OPSFIN_20251720000_01D_30S_CLK.CLK.gz.csv
[05:51:18] [DEBUG] Cleaned up individual file: step_2_0_pairs_code_COD0OPSFIN_20251720000_01D_30S_CLK.CLK.gz.csv
[05:51:18] [INFO] Merging individual file: step_2_0_pairs_code_COD0OPSFIN_20242170000_01D_30S_CLK.CLK.gz.csv
[05:51:18] [DEBUG] Cleaned up individual file: step_2_0_pairs_code_COD0OPSFIN_20242170000_01D_30S_CLK.CLK.gz.csv
[05:51:18] [INFO] Merging individual file: step_2_0_pairs_code_COD0OPSFIN_20231310000_01D_30S_CLK.CLK.gz.csv
[05:51:19] [DEBUG] Cleaned up individual file: step_2_0_pairs_code_COD0OPSFIN_20231310000_01D_30S_CLK.CLK.gz.csv
[05:51:19] [INFO] Merging individual file: step_2_0_pairs_code_COD0OPSFIN_20240600000_01D_30S_CLK.CLK.gz.csv
[05:51:19] [DEBUG] Cleaned up individual file: step_2_0_pairs_code_COD0OPSFIN_20240600000_01D_30S_CLK.CLK.gz.csv
[05:51:19] [INFO] Merging individual file: step_2_0_pairs_code_COD0OPSFIN_20251800000_01D_30S_CLK.CLK.gz.csv
[05:51:19] [DEBUG] Cleaned up individual file: step_2_0_pairs_code_COD0OPSFIN_20251800000_01D_30S_CLK.CLK.gz.csv
[05:51:19] [INFO] Merging individual file: step_2_0_pairs_code_COD0OPSFIN_20233340000_01D_30S_CLK.CLK.gz.csv
[05:51:20] [DEBUG] Cleaned up individual file: step_2_0_pairs_code_COD0OPSFIN_20233340000_01D_30S_CLK.CLK.gz.csv
[05:51:20] [INFO] Merging individual file: step_2_0_pairs_code_COD0OPSFIN_20251630000_01D_30S_CLK.CLK.gz.csv
[05:51:20] [DEBUG] Cleaned up individual file: step_2_0_pairs_code_COD0OPSFIN_20251630000_01D_30S_CLK.CLK.gz.csv
[05:51:20] [INFO] Merging individual file: step_2_0_pairs_code_COD0OPSFIN_20232680000_01D_30S_CLK.CLK.gz.csv
[05:51:20] [DEBUG] Cleaned up individual file: step_2_0_pairs_code_COD0OPSFIN_20232680000_01D_30S_CLK.CLK.gz.csv
[05:51:20] [INFO] Merging individual file: step_2_0_pairs_code_COD0OPSFIN_20240730000_01D_30S_CLK.CLK.gz.csv
[05:51:20] [DEBUG] Cleaned up individual file: step_2_0_pairs_code_COD0OPSFIN_20240730000_01D_30S_CLK.CLK.gz.csv
[05:51:20] [INFO] Merging individual file: step_2_0_pairs_code_COD0OPSFIN_20243080000_01D_30S_CLK.CLK.gz.csv
[05:51:21] [DEBUG] Cleaned up individual file: step_2_0_pairs_code_COD0OPSFIN_20243080000_01D_30S_CLK.CLK.gz.csv
[05:51:21] [INFO] Merging individual file: step_2_0_pairs_code_COD0OPSFIN_20233390000_01D_30S_CLK.CLK.gz.csv
[05:51:21] [DEBUG] Cleaned up individual file: step_2_0_pairs_code_COD0OPSFIN_20233390000_01D_30S_CLK.CLK.gz.csv
[05:51:21] [INFO] Merging individual file: step_2_0_pairs_code_COD0OPSFIN_20251380000_01D_30S_CLK.CLK.gz.csv
[05:51:21] [DEBUG] Cleaned up individual file: step_2_0_pairs_code_COD0OPSFIN_20251380000_01D_30S_CLK.CLK.gz.csv
[05:51:21] [INFO] Merging individual file: step_2_0_pairs_code_COD0OPSFIN_20241760000_01D_30S_CLK.CLK.gz.csv
[05:51:21] [DEBUG] Cleaned up individual file: step_2_0_pairs_code_COD0OPSFIN_20241760000_01D_30S_CLK.CLK.gz.csv
[05:51:21] [INFO] Merging individual file: step_2_0_pairs_code_COD0OPSFIN_20231560000_01D_30S_CLK.CLK.gz.csv
[05:51:22] [DEBUG] Cleaned up individual file: step_2_0_pairs_code_COD0OPSFIN_20231560000_01D_30S_CLK.CLK.gz.csv
[05:51:22] [INFO] Merging individual file: step_2_0_pairs_code_COD0OPSFIN_20231140000_01D_30S_CLK.CLK.gz.csv
[05:51:22] [DEBUG] Cleaned up individual file: step_2_0_pairs_code_COD0OPSFIN_20231140000_01D_30S_CLK.CLK.gz.csv
[05:51:22] [INFO] Merging individual file: step_2_0_pairs_code_COD0OPSFIN_20250670000_01D_30S_CLK.CLK.gz.csv
[05:51:22] [DEBUG] Cleaned up individual file: step_2_0_pairs_code_COD0OPSFIN_20250670000_01D_30S_CLK.CLK.gz.csv
[05:51:22] [INFO] Merging individual file: step_2_0_pairs_code_COD0OPSFIN_20242160000_01D_30S_CLK.CLK.gz.csv
[05:51:23] [DEBUG] Cleaned up individual file: step_2_0_pairs_code_COD0OPSFIN_20242160000_01D_30S_CLK.CLK.gz.csv
[05:51:23] [INFO] Merging individual file: step_2_0_pairs_code_COD0OPSFIN_20232300000_01D_30S_CLK.CLK.gz.csv
[05:51:23] [DEBUG] Cleaned up individual file: step_2_0_pairs_code_COD0OPSFIN_20232300000_01D_30S_CLK.CLK.gz.csv
[05:51:23] [INFO] Merging individual file: step_2_0_pairs_code_COD0OPSFIN_20231260000_01D_30S_CLK.CLK.gz.csv
[05:51:23] [DEBUG] Cleaned up individual file: step_2_0_pairs_code_COD0OPSFIN_20231260000_01D_30S_CLK.CLK.gz.csv
[05:51:23] [INFO] Merging individual file: step_2_0_pairs_code_COD0OPSFIN_20242720000_01D_30S_CLK.CLK.gz.csv
[05:51:23] [DEBUG] Cleaned up individual file: step_2_0_pairs_code_COD0OPSFIN_20242720000_01D_30S_CLK.CLK.gz.csv
[05:51:23] [INFO] Merging individual file: step_2_0_pairs_code_COD0OPSFIN_20240070000_01D_30S_CLK.CLK.gz.csv
[05:51:24] [DEBUG] Cleaned up individual file: step_2_0_pairs_code_COD0OPSFIN_20240070000_01D_30S_CLK.CLK.gz.csv
[05:51:24] [INFO] Merging individual file: step_2_0_pairs_code_COD0OPSFIN_20231300000_01D_30S_CLK.CLK.gz.csv
[05:51:24] [DEBUG] Cleaned up individual file: step_2_0_pairs_code_COD0OPSFIN_20231300000_01D_30S_CLK.CLK.gz.csv
[05:51:24] [INFO] Merging individual file: step_2_0_pairs_code_COD0OPSFIN_20242980000_01D_30S_CLK.CLK.gz.csv
[05:51:24] [DEBUG] Cleaned up individual file: step_2_0_pairs_code_COD0OPSFIN_20242980000_01D_30S_CLK.CLK.gz.csv
[05:51:24] [INFO] Merging individual file: step_2_0_pairs_code_COD0OPSFIN_20243090000_01D_30S_CLK.CLK.gz.csv
[05:51:24] [DEBUG] Cleaned up individual file: step_2_0_pairs_code_COD0OPSFIN_20243090000_01D_30S_CLK.CLK.gz.csv
[05:51:24] [INFO] Merging individual file: step_2_0_pairs_code_COD0OPSFIN_20240330000_01D_30S_CLK.CLK.gz.csv
[05:51:25] [DEBUG] Cleaned up individual file: step_2_0_pairs_code_COD0OPSFIN_20240330000_01D_30S_CLK.CLK.gz.csv
[05:51:25] [INFO] Merging individual file: step_2_0_pairs_code_COD0OPSFIN_20233580000_01D_30S_CLK.CLK.gz.csv
[05:51:25] [DEBUG] Cleaned up individual file: step_2_0_pairs_code_COD0OPSFIN_20233580000_01D_30S_CLK.CLK.gz.csv
[05:51:25] [INFO] Merging individual file: step_2_0_pairs_code_COD0OPSFIN_20231350000_01D_30S_CLK.CLK.gz.csv
[05:51:25] [DEBUG] Cleaned up individual file: step_2_0_pairs_code_COD0OPSFIN_20231350000_01D_30S_CLK.CLK.gz.csv
[05:51:25] [INFO] Merging individual file: step_2_0_pairs_code_COD0OPSFIN_20250940000_01D_30S_CLK.CLK.gz.csv
[05:51:26] [DEBUG] Cleaned up individual file: step_2_0_pairs_code_COD0OPSFIN_20250940000_01D_30S_CLK.CLK.gz.csv
[05:51:26] [INFO] Merging individual file: step_2_0_pairs_code_COD0OPSFIN_20250930000_01D_30S_CLK.CLK.gz.csv
[05:51:26] [DEBUG] Cleaned up individual file: step_2_0_pairs_code_COD0OPSFIN_20250930000_01D_30S_CLK.CLK.gz.csv
[05:51:26] [INFO] Merging individual file: step_2_0_pairs_code_COD0OPSFIN_20242990000_01D_30S_CLK.CLK.gz.csv
[05:51:26] [DEBUG] Cleaned up individual file: step_2_0_pairs_code_COD0OPSFIN_20242990000_01D_30S_CLK.CLK.gz.csv
[05:51:26] [INFO] Merging individual file: step_2_0_pairs_code_COD0OPSFIN_20232860000_01D_30S_CLK.CLK.gz.csv
[05:51:26] [DEBUG] Cleaned up individual file: step_2_0_pairs_code_COD0OPSFIN_20232860000_01D_30S_CLK.CLK.gz.csv
[05:51:26] [INFO] Merging individual file: step_2_0_pairs_code_COD0OPSFIN_20230140000_01D_30S_CLK.CLK.gz.csv
[05:51:27] [DEBUG] Cleaned up individual file: step_2_0_pairs_code_COD0OPSFIN_20230140000_01D_30S_CLK.CLK.gz.csv
[05:51:27] [INFO] Merging individual file: step_2_0_pairs_code_COD0OPSFIN_20242180000_01D_30S_CLK.CLK.gz.csv
[05:51:27] [DEBUG] Cleaned up individual file: step_2_0_pairs_code_COD0OPSFIN_20242180000_01D_30S_CLK.CLK.gz.csv
[05:51:27] [INFO] Merging individual file: step_2_0_pairs_code_COD0OPSFIN_20241610000_01D_30S_CLK.CLK.gz.csv
[05:51:27] [DEBUG] Cleaned up individual file: step_2_0_pairs_code_COD0OPSFIN_20241610000_01D_30S_CLK.CLK.gz.csv
[05:51:27] [INFO] Merging individual file: step_2_0_pairs_code_COD0OPSFIN_20230730000_01D_30S_CLK.CLK.gz.csv
[05:51:27] [DEBUG] Cleaned up individual file: step_2_0_pairs_code_COD0OPSFIN_20230730000_01D_30S_CLK.CLK.gz.csv
[05:51:27] [INFO] Merging individual file: step_2_0_pairs_code_COD0OPSFIN_20240620000_01D_30S_CLK.CLK.gz.csv
[05:51:28] [DEBUG] Cleaned up individual file: step_2_0_pairs_code_COD0OPSFIN_20240620000_01D_30S_CLK.CLK.gz.csv
[05:51:28] [INFO] Merging individual file: step_2_0_pairs_code_COD0OPSFIN_20242750000_01D_30S_CLK.CLK.gz.csv
[05:51:28] [DEBUG] Cleaned up individual file: step_2_0_pairs_code_COD0OPSFIN_20242750000_01D_30S_CLK.CLK.gz.csv
[05:51:28] [INFO] Merging individual file: step_2_0_pairs_code_COD0OPSFIN_20243370000_01D_30S_CLK.CLK.gz.csv
[05:51:28] [DEBUG] Cleaned up individual file: step_2_0_pairs_code_COD0OPSFIN_20243370000_01D_30S_CLK.CLK.gz.csv
[05:51:28] [INFO] Merging individual file: step_2_0_pairs_code_COD0OPSFIN_20243040000_01D_30S_CLK.CLK.gz.csv
[05:51:28] [DEBUG] Cleaned up individual file: step_2_0_pairs_code_COD0OPSFIN_20243040000_01D_30S_CLK.CLK.gz.csv
[05:51:28] [INFO] Merging individual file: step_2_0_pairs_code_COD0OPSFIN_20242440000_01D_30S_CLK.CLK.gz.csv
[05:51:29] [DEBUG] Cleaned up individual file: step_2_0_pairs_code_COD0OPSFIN_20242440000_01D_30S_CLK.CLK.gz.csv
[05:51:29] [INFO] Merging individual file: step_2_0_pairs_code_COD0OPSFIN_20230020000_01D_30S_CLK.CLK.gz.csv
[05:51:29] [DEBUG] Cleaned up individual file: step_2_0_pairs_code_COD0OPSFIN_20230020000_01D_30S_CLK.CLK.gz.csv
[05:51:29] [INFO] Merging individual file: step_2_0_pairs_code_COD0OPSFIN_20240800000_01D_30S_CLK.CLK.gz.csv
[05:51:29] [DEBUG] Cleaned up individual file: step_2_0_pairs_code_COD0OPSFIN_20240800000_01D_30S_CLK.CLK.gz.csv
[05:51:29] [INFO] Merging individual file: step_2_0_pairs_code_COD0OPSFIN_20231670000_01D_30S_CLK.CLK.gz.csv
[05:51:29] [DEBUG] Cleaned up individual file: step_2_0_pairs_code_COD0OPSFIN_20231670000_01D_30S_CLK.CLK.gz.csv
[05:51:29] [INFO] Merging individual file: step_2_0_pairs_code_COD0OPSFIN_20232900000_01D_30S_CLK.CLK.gz.csv
[05:51:30] [DEBUG] Cleaned up individual file: step_2_0_pairs_code_COD0OPSFIN_20232900000_01D_30S_CLK.CLK.gz.csv
[05:51:30] [INFO] Merging individual file: step_2_0_pairs_code_COD0OPSFIN_20230750000_01D_30S_CLK.CLK.gz.csv
[05:51:30] [DEBUG] Cleaned up individual file: step_2_0_pairs_code_COD0OPSFIN_20230750000_01D_30S_CLK.CLK.gz.csv
[05:51:30] [INFO] Merging individual file: step_2_0_pairs_code_COD0OPSFIN_20232220000_01D_30S_CLK.CLK.gz.csv
[05:51:30] [DEBUG] Cleaned up individual file: step_2_0_pairs_code_COD0OPSFIN_20232220000_01D_30S_CLK.CLK.gz.csv
[05:51:30] [INFO] Merging individual file: step_2_0_pairs_code_COD0OPSFIN_20232450000_01D_30S_CLK.CLK.gz.csv
[05:51:31] [DEBUG] Cleaned up individual file: step_2_0_pairs_code_COD0OPSFIN_20232450000_01D_30S_CLK.CLK.gz.csv
[05:51:31] [INFO] Merging individual file: step_2_0_pairs_code_COD0OPSFIN_20241490000_01D_30S_CLK.CLK.gz.csv
[05:51:31] [DEBUG] Cleaned up individual file: step_2_0_pairs_code_COD0OPSFIN_20241490000_01D_30S_CLK.CLK.gz.csv
[05:51:31] [INFO] Merging individual file: step_2_0_pairs_code_COD0OPSFIN_20242360000_01D_30S_CLK.CLK.gz.csv
[05:51:31] [DEBUG] Cleaned up individual file: step_2_0_pairs_code_COD0OPSFIN_20242360000_01D_30S_CLK.CLK.gz.csv
[05:51:31] [INFO] Merging individual file: step_2_0_pairs_code_COD0OPSFIN_20232930000_01D_30S_CLK.CLK.gz.csv
[05:51:31] [DEBUG] Cleaned up individual file: step_2_0_pairs_code_COD0OPSFIN_20232930000_01D_30S_CLK.CLK.gz.csv
[05:51:31] [INFO] Merging individual file: step_2_0_pairs_code_COD0OPSFIN_20232090000_01D_30S_CLK.CLK.gz.csv
[05:51:32] [DEBUG] Cleaned up individual file: step_2_0_pairs_code_COD0OPSFIN_20232090000_01D_30S_CLK.CLK.gz.csv
[05:51:32] [INFO] Merging individual file: step_2_0_pairs_code_COD0OPSFIN_20240190000_01D_30S_CLK.CLK.gz.csv
[05:51:32] [DEBUG] Cleaned up individual file: step_2_0_pairs_code_COD0OPSFIN_20240190000_01D_30S_CLK.CLK.gz.csv
[05:51:32] [INFO] Merging individual file: step_2_0_pairs_code_COD0OPSFIN_20251030000_01D_30S_CLK.CLK.gz.csv
[05:51:32] [DEBUG] Cleaned up individual file: step_2_0_pairs_code_COD0OPSFIN_20251030000_01D_30S_CLK.CLK.gz.csv
[05:51:32] [INFO] Merging individual file: step_2_0_pairs_code_COD0OPSFIN_20242040000_01D_30S_CLK.CLK.gz.csv
[05:51:32] [DEBUG] Cleaned up individual file: step_2_0_pairs_code_COD0OPSFIN_20242040000_01D_30S_CLK.CLK.gz.csv
[05:51:32] [INFO] Merging individual file: step_2_0_pairs_code_COD0OPSFIN_20240660000_01D_30S_CLK.CLK.gz.csv
[05:51:33] [DEBUG] Cleaned up individual file: step_2_0_pairs_code_COD0OPSFIN_20240660000_01D_30S_CLK.CLK.gz.csv
[05:51:33] [INFO] Merging individual file: step_2_0_pairs_code_COD0OPSFIN_20241010000_01D_30S_CLK.CLK.gz.csv
[05:51:33] [DEBUG] Cleaned up individual file: step_2_0_pairs_code_COD0OPSFIN_20241010000_01D_30S_CLK.CLK.gz.csv
[05:51:33] [INFO] Merging individual file: step_2_0_pairs_code_COD0OPSFIN_20250280000_01D_30S_CLK.CLK.gz.csv
[05:51:33] [DEBUG] Cleaned up individual file: step_2_0_pairs_code_COD0OPSFIN_20250280000_01D_30S_CLK.CLK.gz.csv
[05:51:33] [INFO] Merging individual file: step_2_0_pairs_code_COD0OPSFIN_20242000000_01D_30S_CLK.CLK.gz.csv
[05:51:34] [DEBUG] Cleaned up individual file: step_2_0_pairs_code_COD0OPSFIN_20242000000_01D_30S_CLK.CLK.gz.csv
[05:51:34] [INFO] Merging individual file: step_2_0_pairs_code_COD0OPSFIN_20231410000_01D_30S_CLK.CLK.gz.csv
[05:51:34] [DEBUG] Cleaned up individual file: step_2_0_pairs_code_COD0OPSFIN_20231410000_01D_30S_CLK.CLK.gz.csv
[05:51:34] [INFO] Merging individual file: step_2_0_pairs_code_COD0OPSFIN_20250540000_01D_30S_CLK.CLK.gz.csv
[05:51:34] [DEBUG] Cleaned up individual file: step_2_0_pairs_code_COD0OPSFIN_20250540000_01D_30S_CLK.CLK.gz.csv
[05:51:34] [INFO] Merging individual file: step_2_0_pairs_code_COD0OPSFIN_20230150000_01D_30S_CLK.CLK.gz.csv
[05:51:34] [DEBUG] Cleaned up individual file: step_2_0_pairs_code_COD0OPSFIN_20230150000_01D_30S_CLK.CLK.gz.csv
[05:51:34] [INFO] Merging individual file: step_2_0_pairs_code_COD0OPSFIN_20240470000_01D_30S_CLK.CLK.gz.csv
[05:51:35] [DEBUG] Cleaned up individual file: step_2_0_pairs_code_COD0OPSFIN_20240470000_01D_30S_CLK.CLK.gz.csv
[05:51:35] [INFO] Merging individual file: step_2_0_pairs_code_COD0OPSFIN_20250060000_01D_30S_CLK.CLK.gz.csv
[05:51:35] [DEBUG] Cleaned up individual file: step_2_0_pairs_code_COD0OPSFIN_20250060000_01D_30S_CLK.CLK.gz.csv
[05:51:35] [INFO] Merging individual file: step_2_0_pairs_code_COD0OPSFIN_20251010000_01D_30S_CLK.CLK.gz.csv
[05:51:35] [DEBUG] Cleaned up individual file: step_2_0_pairs_code_COD0OPSFIN_20251010000_01D_30S_CLK.CLK.gz.csv
[05:51:35] [INFO] Merging individual file: step_2_0_pairs_code_COD0OPSFIN_20242140000_01D_30S_CLK.CLK.gz.csv
[05:51:35] [DEBUG] Cleaned up individual file: step_2_0_pairs_code_COD0OPSFIN_20242140000_01D_30S_CLK.CLK.gz.csv
[05:51:35] [INFO] Merging individual file: step_2_0_pairs_code_COD0OPSFIN_20243360000_01D_30S_CLK.CLK.gz.csv
[05:51:36] [DEBUG] Cleaned up individual file: step_2_0_pairs_code_COD0OPSFIN_20243360000_01D_30S_CLK.CLK.gz.csv
[05:51:36] [INFO] Merging individual file: step_2_0_pairs_code_COD0OPSFIN_20230040000_01D_30S_CLK.CLK.gz.csv
[05:51:36] [DEBUG] Cleaned up individual file: step_2_0_pairs_code_COD0OPSFIN_20230040000_01D_30S_CLK.CLK.gz.csv
[05:51:36] [INFO] Merging individual file: step_2_0_pairs_code_COD0OPSFIN_20250520000_01D_30S_CLK.CLK.gz.csv
[05:51:36] [DEBUG] Cleaned up individual file: step_2_0_pairs_code_COD0OPSFIN_20250520000_01D_30S_CLK.CLK.gz.csv
[05:51:36] [INFO] Merging individual file: step_2_0_pairs_code_COD0OPSFIN_20231790000_01D_30S_CLK.CLK.gz.csv
[05:51:36] [DEBUG] Cleaned up individual file: step_2_0_pairs_code_COD0OPSFIN_20231790000_01D_30S_CLK.CLK.gz.csv
[05:51:36] [INFO] Merging individual file: step_2_0_pairs_code_COD0OPSFIN_20250440000_01D_30S_CLK.CLK.gz.csv
[05:51:37] [DEBUG] Cleaned up individual file: step_2_0_pairs_code_COD0OPSFIN_20250440000_01D_30S_CLK.CLK.gz.csv
[05:51:37] [INFO] Merging individual file: step_2_0_pairs_code_COD0OPSFIN_20241340000_01D_30S_CLK.CLK.gz.csv
[05:51:37] [DEBUG] Cleaned up individual file: step_2_0_pairs_code_COD0OPSFIN_20241340000_01D_30S_CLK.CLK.gz.csv
[05:51:37] [INFO] Merging individual file: step_2_0_pairs_code_COD0OPSFIN_20250630000_01D_30S_CLK.CLK.gz.csv
[05:51:37] [DEBUG] Cleaned up individual file: step_2_0_pairs_code_COD0OPSFIN_20250630000_01D_30S_CLK.CLK.gz.csv
[05:51:37] [INFO] Merging individual file: step_2_0_pairs_code_COD0OPSFIN_20240530000_01D_30S_CLK.CLK.gz.csv
[05:51:38] [DEBUG] Cleaned up individual file: step_2_0_pairs_code_COD0OPSFIN_20240530000_01D_30S_CLK.CLK.gz.csv
[05:51:38] [INFO] Merging individual file: step_2_0_pairs_code_COD0OPSFIN_20242780000_01D_30S_CLK.CLK.gz.csv
[05:51:38] [DEBUG] Cleaned up individual file: step_2_0_pairs_code_COD0OPSFIN_20242780000_01D_30S_CLK.CLK.gz.csv
[05:51:38] [INFO] Merging individual file: step_2_0_pairs_code_COD0OPSFIN_20250530000_01D_30S_CLK.CLK.gz.csv
[05:51:38] [DEBUG] Cleaned up individual file: step_2_0_pairs_code_COD0OPSFIN_20250530000_01D_30S_CLK.CLK.gz.csv
[05:51:38] [INFO] Merging individual file: step_2_0_pairs_code_COD0OPSFIN_20230080000_01D_30S_CLK.CLK.gz.csv
[05:51:38] [DEBUG] Cleaned up individual file: step_2_0_pairs_code_COD0OPSFIN_20230080000_01D_30S_CLK.CLK.gz.csv
[05:51:38] [INFO] Merging individual file: step_2_0_pairs_code_COD0OPSFIN_20242580000_01D_30S_CLK.CLK.gz.csv
[05:51:39] [DEBUG] Cleaned up individual file: step_2_0_pairs_code_COD0OPSFIN_20242580000_01D_30S_CLK.CLK.gz.csv
[05:51:39] [INFO] Merging individual file: step_2_0_pairs_code_COD0OPSFIN_20241640000_01D_30S_CLK.CLK.gz.csv
[05:51:39] [DEBUG] Cleaned up individual file: step_2_0_pairs_code_COD0OPSFIN_20241640000_01D_30S_CLK.CLK.gz.csv
[05:51:39] [INFO] Merging individual file: step_2_0_pairs_code_COD0OPSFIN_20242370000_01D_30S_CLK.CLK.gz.csv
[05:51:39] [DEBUG] Cleaned up individual file: step_2_0_pairs_code_COD0OPSFIN_20242370000_01D_30S_CLK.CLK.gz.csv
[05:51:39] [INFO] Merging individual file: step_2_0_pairs_code_COD0OPSFIN_20241150000_01D_30S_CLK.CLK.gz.csv
[05:51:39] [DEBUG] Cleaned up individual file: step_2_0_pairs_code_COD0OPSFIN_20241150000_01D_30S_CLK.CLK.gz.csv
[05:51:39] [INFO] Merging individual file: step_2_0_pairs_code_COD0OPSFIN_20240360000_01D_30S_CLK.CLK.gz.csv
[05:51:40] [DEBUG] Cleaned up individual file: step_2_0_pairs_code_COD0OPSFIN_20240360000_01D_30S_CLK.CLK.gz.csv
[05:51:40] [INFO] Merging individual file: step_2_0_pairs_code_COD0OPSFIN_20230330000_01D_30S_CLK.CLK.gz.csv
[05:51:40] [DEBUG] Cleaned up individual file: step_2_0_pairs_code_COD0OPSFIN_20230330000_01D_30S_CLK.CLK.gz.csv
[05:51:40] [INFO] Merging individual file: step_2_0_pairs_code_COD0OPSFIN_20232670000_01D_30S_CLK.CLK.gz.csv
[05:51:40] [DEBUG] Cleaned up individual file: step_2_0_pairs_code_COD0OPSFIN_20232670000_01D_30S_CLK.CLK.gz.csv
[05:51:40] [INFO] Merging individual file: step_2_0_pairs_code_COD0OPSFIN_20242640000_01D_30S_CLK.CLK.gz.csv
[05:51:40] [DEBUG] Cleaned up individual file: step_2_0_pairs_code_COD0OPSFIN_20242640000_01D_30S_CLK.CLK.gz.csv
[05:51:40] [INFO] Merging individual file: step_2_0_pairs_code_COD0OPSFIN_20241080000_01D_30S_CLK.CLK.gz.csv
[05:51:41] [DEBUG] Cleaned up individual file: step_2_0_pairs_code_COD0OPSFIN_20241080000_01D_30S_CLK.CLK.gz.csv
[05:51:41] [INFO] Merging individual file: step_2_0_pairs_code_COD0OPSFIN_20251050000_01D_30S_CLK.CLK.gz.csv
[05:51:41] [DEBUG] Cleaned up individual file: step_2_0_pairs_code_COD0OPSFIN_20251050000_01D_30S_CLK.CLK.gz.csv
[05:51:41] [INFO] Merging individual file: step_2_0_pairs_code_COD0OPSFIN_20243000000_01D_30S_CLK.CLK.gz.csv
[05:51:41] [DEBUG] Cleaned up individual file: step_2_0_pairs_code_COD0OPSFIN_20243000000_01D_30S_CLK.CLK.gz.csv
[05:51:41] [INFO] Merging individual file: step_2_0_pairs_code_COD0OPSFIN_20231630000_01D_30S_CLK.CLK.gz.csv
[05:51:41] [DEBUG] Cleaned up individual file: step_2_0_pairs_code_COD0OPSFIN_20231630000_01D_30S_CLK.CLK.gz.csv
[05:51:41] [INFO] Merging individual file: step_2_0_pairs_code_COD0OPSFIN_20251540000_01D_30S_CLK.CLK.gz.csv
[05:51:42] [DEBUG] Cleaned up individual file: step_2_0_pairs_code_COD0OPSFIN_20251540000_01D_30S_CLK.CLK.gz.csv
[05:51:42] [INFO] Merging individual file: step_2_0_pairs_code_COD0OPSFIN_20241690000_01D_30S_CLK.CLK.gz.csv
[05:51:42] [DEBUG] Cleaned up individual file: step_2_0_pairs_code_COD0OPSFIN_20241690000_01D_30S_CLK.CLK.gz.csv
[05:51:42] [INFO] Merging individual file: step_2_0_pairs_code_COD0OPSFIN_20231030000_01D_30S_CLK.CLK.gz.csv
[05:51:42] [DEBUG] Cleaned up individual file: step_2_0_pairs_code_COD0OPSFIN_20231030000_01D_30S_CLK.CLK.gz.csv
[05:51:42] [INFO] Merging individual file: step_2_0_pairs_code_COD0OPSFIN_20251350000_01D_30S_CLK.CLK.gz.csv
[05:51:43] [DEBUG] Cleaned up individual file: step_2_0_pairs_code_COD0OPSFIN_20251350000_01D_30S_CLK.CLK.gz.csv
[05:51:43] [INFO] Merging individual file: step_2_0_pairs_code_COD0OPSFIN_20230480000_01D_30S_CLK.CLK.gz.csv
[05:51:43] [DEBUG] Cleaned up individual file: step_2_0_pairs_code_COD0OPSFIN_20230480000_01D_30S_CLK.CLK.gz.csv
[05:51:43] [INFO] Merging individual file: step_2_0_pairs_code_COD0OPSFIN_20240950000_01D_30S_CLK.CLK.gz.csv
[05:51:43] [DEBUG] Cleaned up individual file: step_2_0_pairs_code_COD0OPSFIN_20240950000_01D_30S_CLK.CLK.gz.csv
[05:51:43] [INFO] Merging individual file: step_2_0_pairs_code_COD0OPSFIN_20230490000_01D_30S_CLK.CLK.gz.csv
[05:51:43] [DEBUG] Cleaned up individual file: step_2_0_pairs_code_COD0OPSFIN_20230490000_01D_30S_CLK.CLK.gz.csv
[05:51:43] [INFO] Merging individual file: step_2_0_pairs_code_COD0OPSFIN_20242570000_01D_30S_CLK.CLK.gz.csv
[05:51:44] [DEBUG] Cleaned up individual file: step_2_0_pairs_code_COD0OPSFIN_20242570000_01D_30S_CLK.CLK.gz.csv
[05:51:44] [INFO] Merging individual file: step_2_0_pairs_code_COD0OPSFIN_20232120000_01D_30S_CLK.CLK.gz.csv
[05:51:44] [DEBUG] Cleaned up individual file: step_2_0_pairs_code_COD0OPSFIN_20232120000_01D_30S_CLK.CLK.gz.csv
[05:51:44] [INFO] Merging individual file: step_2_0_pairs_code_COD0OPSFIN_20232970000_01D_30S_CLK.CLK.gz.csv
[05:51:44] [DEBUG] Cleaned up individual file: step_2_0_pairs_code_COD0OPSFIN_20232970000_01D_30S_CLK.CLK.gz.csv
[05:51:44] [INFO] Merging individual file: step_2_0_pairs_code_COD0OPSFIN_20230130000_01D_30S_CLK.CLK.gz.csv
[05:51:44] [DEBUG] Cleaned up individual file: step_2_0_pairs_code_COD0OPSFIN_20230130000_01D_30S_CLK.CLK.gz.csv
[05:51:44] [INFO] Merging individual file: step_2_0_pairs_code_COD0OPSFIN_20231120000_01D_30S_CLK.CLK.gz.csv
[05:51:45] [DEBUG] Cleaned up individual file: step_2_0_pairs_code_COD0OPSFIN_20231120000_01D_30S_CLK.CLK.gz.csv
[05:51:45] [INFO] Merging individual file: step_2_0_pairs_code_COD0OPSFIN_20240250000_01D_30S_CLK.CLK.gz.csv
[05:51:45] [DEBUG] Cleaned up individual file: step_2_0_pairs_code_COD0OPSFIN_20240250000_01D_30S_CLK.CLK.gz.csv
[05:51:45] [INFO] Merging individual file: step_2_0_pairs_code_COD0OPSFIN_20231660000_01D_30S_CLK.CLK.gz.csv
[05:51:45] [DEBUG] Cleaned up individual file: step_2_0_pairs_code_COD0OPSFIN_20231660000_01D_30S_CLK.CLK.gz.csv
[05:51:45] [INFO] Merging individual file: step_2_0_pairs_code_COD0OPSFIN_20233250000_01D_30S_CLK.CLK.gz.csv
[05:51:46] [DEBUG] Cleaned up individual file: step_2_0_pairs_code_COD0OPSFIN_20233250000_01D_30S_CLK.CLK.gz.csv
[05:51:46] [INFO] Merging individual file: step_2_0_pairs_code_COD0OPSFIN_20230880000_01D_30S_CLK.CLK.gz.csv
[05:51:46] [DEBUG] Cleaned up individual file: step_2_0_pairs_code_COD0OPSFIN_20230880000_01D_30S_CLK.CLK.gz.csv
[05:51:46] [INFO] Merging individual file: step_2_0_pairs_code_COD0OPSFIN_20232420000_01D_30S_CLK.CLK.gz.csv
[05:51:46] [DEBUG] Cleaned up individual file: step_2_0_pairs_code_COD0OPSFIN_20232420000_01D_30S_CLK.CLK.gz.csv
[05:51:46] [INFO] Merging individual file: step_2_0_pairs_code_COD0OPSFIN_20240860000_01D_30S_CLK.CLK.gz.csv
[05:51:47] [DEBUG] Cleaned up individual file: step_2_0_pairs_code_COD0OPSFIN_20240860000_01D_30S_CLK.CLK.gz.csv
[05:51:47] [INFO] Merging individual file: step_2_0_pairs_code_COD0OPSFIN_20240100000_01D_30S_CLK.CLK.gz.csv
[05:51:47] [DEBUG] Cleaned up individual file: step_2_0_pairs_code_COD0OPSFIN_20240100000_01D_30S_CLK.CLK.gz.csv
[05:51:47] [INFO] Merging individual file: step_2_0_pairs_code_COD0OPSFIN_20243150000_01D_30S_CLK.CLK.gz.csv
[05:51:47] [DEBUG] Cleaned up individual file: step_2_0_pairs_code_COD0OPSFIN_20243150000_01D_30S_CLK.CLK.gz.csv
[05:51:47] [INFO] Merging individual file: step_2_0_pairs_code_COD0OPSFIN_20232390000_01D_30S_CLK.CLK.gz.csv
[05:51:47] [DEBUG] Cleaned up individual file: step_2_0_pairs_code_COD0OPSFIN_20232390000_01D_30S_CLK.CLK.gz.csv
[05:51:47] [INFO] Merging individual file: step_2_0_pairs_code_COD0OPSFIN_20231800000_01D_30S_CLK.CLK.gz.csv
[05:51:48] [DEBUG] Cleaned up individual file: step_2_0_pairs_code_COD0OPSFIN_20231800000_01D_30S_CLK.CLK.gz.csv
[05:51:48] [INFO] Merging individual file: step_2_0_pairs_code_COD0OPSFIN_20230550000_01D_30S_CLK.CLK.gz.csv
[05:51:48] [DEBUG] Cleaned up individual file: step_2_0_pairs_code_COD0OPSFIN_20230550000_01D_30S_CLK.CLK.gz.csv
[05:51:48] [INFO] Merging individual file: step_2_0_pairs_code_COD0OPSFIN_20242300000_01D_30S_CLK.CLK.gz.csv
[05:51:48] [DEBUG] Cleaned up individual file: step_2_0_pairs_code_COD0OPSFIN_20242300000_01D_30S_CLK.CLK.gz.csv
[05:51:48] [INFO] Merging individual file: step_2_0_pairs_code_COD0OPSFIN_20242730000_01D_30S_CLK.CLK.gz.csv
[05:51:48] [DEBUG] Cleaned up individual file: step_2_0_pairs_code_COD0OPSFIN_20242730000_01D_30S_CLK.CLK.gz.csv
[05:51:48] [INFO] Merging individual file: step_2_0_pairs_code_COD0OPSFIN_20251320000_01D_30S_CLK.CLK.gz.csv
[05:51:49] [DEBUG] Cleaned up individual file: step_2_0_pairs_code_COD0OPSFIN_20251320000_01D_30S_CLK.CLK.gz.csv
[05:51:49] [INFO] Merging individual file: step_2_0_pairs_code_COD0OPSFIN_20243460000_01D_30S_CLK.CLK.gz.csv
[05:51:49] [DEBUG] Cleaned up individual file: step_2_0_pairs_code_COD0OPSFIN_20243460000_01D_30S_CLK.CLK.gz.csv
[05:51:49] [INFO] Merging individual file: step_2_0_pairs_code_COD0OPSFIN_20232740000_01D_30S_CLK.CLK.gz.csv
[05:51:49] [DEBUG] Cleaned up individual file: step_2_0_pairs_code_COD0OPSFIN_20232740000_01D_30S_CLK.CLK.gz.csv
[05:51:49] [INFO] Merging individual file: step_2_0_pairs_code_COD0OPSFIN_20242680000_01D_30S_CLK.CLK.gz.csv
[05:51:49] [DEBUG] Cleaned up individual file: step_2_0_pairs_code_COD0OPSFIN_20242680000_01D_30S_CLK.CLK.gz.csv
[05:51:49] [INFO] Merging individual file: step_2_0_pairs_code_COD0OPSFIN_20241430000_01D_30S_CLK.CLK.gz.csv
[05:51:50] [DEBUG] Cleaned up individual file: step_2_0_pairs_code_COD0OPSFIN_20241430000_01D_30S_CLK.CLK.gz.csv
[05:51:50] [INFO] Merging individual file: step_2_0_pairs_code_COD0OPSFIN_20232130000_01D_30S_CLK.CLK.gz.csv
[05:51:50] [DEBUG] Cleaned up individual file: step_2_0_pairs_code_COD0OPSFIN_20232130000_01D_30S_CLK.CLK.gz.csv
[05:51:50] [INFO] Merging individual file: step_2_0_pairs_code_COD0OPSFIN_20231590000_01D_30S_CLK.CLK.gz.csv
[05:51:50] [DEBUG] Cleaned up individual file: step_2_0_pairs_code_COD0OPSFIN_20231590000_01D_30S_CLK.CLK.gz.csv
[05:51:50] [INFO] Merging individual file: step_2_0_pairs_code_COD0OPSFIN_20231010000_01D_30S_CLK.CLK.gz.csv
[05:51:51] [DEBUG] Cleaned up individual file: step_2_0_pairs_code_COD0OPSFIN_20231010000_01D_30S_CLK.CLK.gz.csv
[05:51:51] [INFO] Merging individual file: step_2_0_pairs_code_COD0OPSFIN_20231240000_01D_30S_CLK.CLK.gz.csv
[05:51:51] [DEBUG] Cleaned up individual file: step_2_0_pairs_code_COD0OPSFIN_20231240000_01D_30S_CLK.CLK.gz.csv
[05:51:51] [INFO] Merging individual file: step_2_0_pairs_code_COD0OPSFIN_20232470000_01D_30S_CLK.CLK.gz.csv
[05:51:51] [DEBUG] Cleaned up individual file: step_2_0_pairs_code_COD0OPSFIN_20232470000_01D_30S_CLK.CLK.gz.csv
[05:51:51] [INFO] Merging individual file: step_2_0_pairs_code_COD0OPSFIN_20240590000_01D_30S_CLK.CLK.gz.csv
[05:51:51] [DEBUG] Cleaned up individual file: step_2_0_pairs_code_COD0OPSFIN_20240590000_01D_30S_CLK.CLK.gz.csv
[05:51:51] [INFO] Merging individual file: step_2_0_pairs_code_COD0OPSFIN_20232760000_01D_30S_CLK.CLK.gz.csv
[05:51:52] [DEBUG] Cleaned up individual file: step_2_0_pairs_code_COD0OPSFIN_20232760000_01D_30S_CLK.CLK.gz.csv
[05:51:52] [INFO] Merging individual file: step_2_0_pairs_code_COD0OPSFIN_20242400000_01D_30S_CLK.CLK.gz.csv
[05:51:52] [DEBUG] Cleaned up individual file: step_2_0_pairs_code_COD0OPSFIN_20242400000_01D_30S_CLK.CLK.gz.csv
[05:51:52] [INFO] Merging individual file: step_2_0_pairs_code_COD0OPSFIN_20233620000_01D_30S_CLK.CLK.gz.csv
[05:51:52] [DEBUG] Cleaned up individual file: step_2_0_pairs_code_COD0OPSFIN_20233620000_01D_30S_CLK.CLK.gz.csv
[05:51:52] [INFO] Merging individual file: step_2_0_pairs_code_COD0OPSFIN_20251370000_01D_30S_CLK.CLK.gz.csv
[05:51:53] [DEBUG] Cleaned up individual file: step_2_0_pairs_code_COD0OPSFIN_20251370000_01D_30S_CLK.CLK.gz.csv
[05:51:53] [INFO] Merging individual file: step_2_0_pairs_code_COD0OPSFIN_20231970000_01D_30S_CLK.CLK.gz.csv
[05:51:53] [DEBUG] Cleaned up individual file: step_2_0_pairs_code_COD0OPSFIN_20231970000_01D_30S_CLK.CLK.gz.csv
[05:51:53] [INFO] Merging individual file: step_2_0_pairs_code_COD0OPSFIN_20232500000_01D_30S_CLK.CLK.gz.csv
[05:51:53] [DEBUG] Cleaned up individual file: step_2_0_pairs_code_COD0OPSFIN_20232500000_01D_30S_CLK.CLK.gz.csv
[05:51:53] [INFO] Merging individual file: step_2_0_pairs_code_COD0OPSFIN_20230920000_01D_30S_CLK.CLK.gz.csv
[05:51:53] [DEBUG] Cleaned up individual file: step_2_0_pairs_code_COD0OPSFIN_20230920000_01D_30S_CLK.CLK.gz.csv
[05:51:53] [INFO] Merging individual file: step_2_0_pairs_code_COD0OPSFIN_20250180000_01D_30S_CLK.CLK.gz.csv
[05:51:54] [DEBUG] Cleaned up individual file: step_2_0_pairs_code_COD0OPSFIN_20250180000_01D_30S_CLK.CLK.gz.csv
[05:51:54] [INFO] Merging individual file: step_2_0_pairs_code_COD0OPSFIN_20241850000_01D_30S_CLK.CLK.gz.csv
[05:51:54] [DEBUG] Cleaned up individual file: step_2_0_pairs_code_COD0OPSFIN_20241850000_01D_30S_CLK.CLK.gz.csv
[05:51:54] [INFO] Merging individual file: step_2_0_pairs_code_COD0OPSFIN_20240200000_01D_30S_CLK.CLK.gz.csv
[05:51:54] [DEBUG] Cleaned up individual file: step_2_0_pairs_code_COD0OPSFIN_20240200000_01D_30S_CLK.CLK.gz.csv
[05:51:54] [INFO] Merging individual file: step_2_0_pairs_code_COD0OPSFIN_20241770000_01D_30S_CLK.CLK.gz.csv
[05:51:54] [DEBUG] Cleaned up individual file: step_2_0_pairs_code_COD0OPSFIN_20241770000_01D_30S_CLK.CLK.gz.csv
[05:51:54] [INFO] Merging individual file: step_2_0_pairs_code_COD0OPSFIN_20232180000_01D_30S_CLK.CLK.gz.csv
[05:51:55] [DEBUG] Cleaned up individual file: step_2_0_pairs_code_COD0OPSFIN_20232180000_01D_30S_CLK.CLK.gz.csv
[05:51:55] [INFO] Merging individual file: step_2_0_pairs_code_COD0OPSFIN_20251330000_01D_30S_CLK.CLK.gz.csv
[05:51:55] [DEBUG] Cleaned up individual file: step_2_0_pairs_code_COD0OPSFIN_20251330000_01D_30S_CLK.CLK.gz.csv
[05:51:55] [INFO] Merging individual file: step_2_0_pairs_code_COD0OPSFIN_20230560000_01D_30S_CLK.CLK.gz.csv
[05:51:55] [DEBUG] Cleaned up individual file: step_2_0_pairs_code_COD0OPSFIN_20230560000_01D_30S_CLK.CLK.gz.csv
[05:51:55] [INFO] Merging individual file: step_2_0_pairs_code_COD0OPSFIN_20240030000_01D_30S_CLK.CLK.gz.csv
[05:51:56] [DEBUG] Cleaned up individual file: step_2_0_pairs_code_COD0OPSFIN_20240030000_01D_30S_CLK.CLK.gz.csv
[05:51:56] [INFO] Merging individual file: step_2_0_pairs_code_COD0OPSFIN_20241240000_01D_30S_CLK.CLK.gz.csv
[05:51:56] [DEBUG] Cleaned up individual file: step_2_0_pairs_code_COD0OPSFIN_20241240000_01D_30S_CLK.CLK.gz.csv
[05:51:56] [INFO] Merging individual file: step_2_0_pairs_code_COD0OPSFIN_20232210000_01D_30S_CLK.CLK.gz.csv
[05:51:56] [DEBUG] Cleaned up individual file: step_2_0_pairs_code_COD0OPSFIN_20232210000_01D_30S_CLK.CLK.gz.csv
[05:51:56] [INFO] Merging individual file: step_2_0_pairs_code_COD0OPSFIN_20241390000_01D_30S_CLK.CLK.gz.csv
[05:51:56] [DEBUG] Cleaned up individual file: step_2_0_pairs_code_COD0OPSFIN_20241390000_01D_30S_CLK.CLK.gz.csv
[05:51:56] [INFO] Merging individual file: step_2_0_pairs_code_COD0OPSFIN_20230190000_01D_30S_CLK.CLK.gz.csv
[05:51:57] [DEBUG] Cleaned up individual file: step_2_0_pairs_code_COD0OPSFIN_20230190000_01D_30S_CLK.CLK.gz.csv
[05:51:57] [INFO] Merging individual file: step_2_0_pairs_code_COD0OPSFIN_20251620000_01D_30S_CLK.CLK.gz.csv
[05:51:57] [DEBUG] Cleaned up individual file: step_2_0_pairs_code_COD0OPSFIN_20251620000_01D_30S_CLK.CLK.gz.csv
[05:51:57] [INFO] Merging individual file: step_2_0_pairs_code_COD0OPSFIN_20230500000_01D_30S_CLK.CLK.gz.csv
[05:51:57] [DEBUG] Cleaned up individual file: step_2_0_pairs_code_COD0OPSFIN_20230500000_01D_30S_CLK.CLK.gz.csv
[05:51:57] [INFO] Merging individual file: step_2_0_pairs_code_COD0OPSFIN_20241460000_01D_30S_CLK.CLK.gz.csv
[05:51:57] [DEBUG] Cleaned up individual file: step_2_0_pairs_code_COD0OPSFIN_20241460000_01D_30S_CLK.CLK.gz.csv
[05:51:57] [INFO] Merging individual file: step_2_0_pairs_code_COD0OPSFIN_20231080000_01D_30S_CLK.CLK.gz.csv
[05:51:58] [DEBUG] Cleaned up individual file: step_2_0_pairs_code_COD0OPSFIN_20231080000_01D_30S_CLK.CLK.gz.csv
[05:51:58] [INFO] Merging individual file: step_2_0_pairs_code_COD0OPSFIN_20240120000_01D_30S_CLK.CLK.gz.csv
[05:51:58] [DEBUG] Cleaned up individual file: step_2_0_pairs_code_COD0OPSFIN_20240120000_01D_30S_CLK.CLK.gz.csv
[05:51:58] [INFO] Merging individual file: step_2_0_pairs_code_COD0OPSFIN_20251130000_01D_30S_CLK.CLK.gz.csv
[05:51:58] [DEBUG] Cleaned up individual file: step_2_0_pairs_code_COD0OPSFIN_20251130000_01D_30S_CLK.CLK.gz.csv
[05:51:58] [INFO] Merging individual file: step_2_0_pairs_code_COD0OPSFIN_20251190000_01D_30S_CLK.CLK.gz.csv
[05:51:59] [DEBUG] Cleaned up individual file: step_2_0_pairs_code_COD0OPSFIN_20251190000_01D_30S_CLK.CLK.gz.csv
[05:51:59] [INFO] Merging individual file: step_2_0_pairs_code_COD0OPSFIN_20233070000_01D_30S_CLK.CLK.gz.csv
[05:51:59] [DEBUG] Cleaned up individual file: step_2_0_pairs_code_COD0OPSFIN_20233070000_01D_30S_CLK.CLK.gz.csv
[05:51:59] [INFO] Merging individual file: step_2_0_pairs_code_COD0OPSFIN_20232610000_01D_30S_CLK.CLK.gz.csv
[05:51:59] [DEBUG] Cleaned up individual file: step_2_0_pairs_code_COD0OPSFIN_20232610000_01D_30S_CLK.CLK.gz.csv
[05:51:59] [INFO] Merging individual file: step_2_0_pairs_code_COD0OPSFIN_20241630000_01D_30S_CLK.CLK.gz.csv
[05:51:59] [DEBUG] Cleaned up individual file: step_2_0_pairs_code_COD0OPSFIN_20241630000_01D_30S_CLK.CLK.gz.csv
[05:51:59] [INFO] Merging individual file: step_2_0_pairs_code_COD0OPSFIN_20233560000_01D_30S_CLK.CLK.gz.csv
[05:52:00] [DEBUG] Cleaned up individual file: step_2_0_pairs_code_COD0OPSFIN_20233560000_01D_30S_CLK.CLK.gz.csv
[05:52:00] [INFO] Merging individual file: step_2_0_pairs_code_COD0OPSFIN_20241290000_01D_30S_CLK.CLK.gz.csv
[05:52:00] [DEBUG] Cleaned up individual file: step_2_0_pairs_code_COD0OPSFIN_20241290000_01D_30S_CLK.CLK.gz.csv
[05:52:00] [INFO] Merging individual file: step_2_0_pairs_code_COD0OPSFIN_20231990000_01D_30S_CLK.CLK.gz.csv
[05:52:00] [DEBUG] Cleaned up individual file: step_2_0_pairs_code_COD0OPSFIN_20231990000_01D_30S_CLK.CLK.gz.csv
[05:52:00] [INFO] Merging individual file: step_2_0_pairs_code_COD0OPSFIN_20230630000_01D_30S_CLK.CLK.gz.csv
[05:52:00] [DEBUG] Cleaned up individual file: step_2_0_pairs_code_COD0OPSFIN_20230630000_01D_30S_CLK.CLK.gz.csv
[05:52:00] [INFO] Merging individual file: step_2_0_pairs_code_COD0OPSFIN_20240380000_01D_30S_CLK.CLK.gz.csv
[05:52:01] [DEBUG] Cleaned up individual file: step_2_0_pairs_code_COD0OPSFIN_20240380000_01D_30S_CLK.CLK.gz.csv
[05:52:01] [INFO] Merging individual file: step_2_0_pairs_code_COD0OPSFIN_20240270000_01D_30S_CLK.CLK.gz.csv
[05:52:01] [DEBUG] Cleaned up individual file: step_2_0_pairs_code_COD0OPSFIN_20240270000_01D_30S_CLK.CLK.gz.csv
[05:52:01] [INFO] Merging individual file: step_2_0_pairs_code_COD0OPSFIN_20243060000_01D_30S_CLK.CLK.gz.csv
[05:52:01] [DEBUG] Cleaned up individual file: step_2_0_pairs_code_COD0OPSFIN_20243060000_01D_30S_CLK.CLK.gz.csv
[05:52:01] [INFO] Merging individual file: step_2_0_pairs_code_COD0OPSFIN_20232270000_01D_30S_CLK.CLK.gz.csv
[05:52:02] [DEBUG] Cleaned up individual file: step_2_0_pairs_code_COD0OPSFIN_20232270000_01D_30S_CLK.CLK.gz.csv
[05:52:02] [INFO] Merging individual file: step_2_0_pairs_code_COD0OPSFIN_20231610000_01D_30S_CLK.CLK.gz.csv
[05:52:02] [DEBUG] Cleaned up individual file: step_2_0_pairs_code_COD0OPSFIN_20231610000_01D_30S_CLK.CLK.gz.csv
[05:52:02] [INFO] Merging individual file: step_2_0_pairs_code_COD0OPSFIN_20240940000_01D_30S_CLK.CLK.gz.csv
[05:52:02] [DEBUG] Cleaned up individual file: step_2_0_pairs_code_COD0OPSFIN_20240940000_01D_30S_CLK.CLK.gz.csv
[05:52:02] [INFO] Merging individual file: step_2_0_pairs_code_COD0OPSFIN_20230390000_01D_30S_CLK.CLK.gz.csv
[05:52:02] [DEBUG] Cleaned up individual file: step_2_0_pairs_code_COD0OPSFIN_20230390000_01D_30S_CLK.CLK.gz.csv
[05:52:02] [INFO] Merging individual file: step_2_0_pairs_code_COD0OPSFIN_20232060000_01D_30S_CLK.CLK.gz.csv
[05:52:03] [DEBUG] Cleaned up individual file: step_2_0_pairs_code_COD0OPSFIN_20232060000_01D_30S_CLK.CLK.gz.csv
[05:52:03] [INFO] Merging individual file: step_2_0_pairs_code_COD0OPSFIN_20231900000_01D_30S_CLK.CLK.gz.csv
[05:52:03] [DEBUG] Cleaned up individual file: step_2_0_pairs_code_COD0OPSFIN_20231900000_01D_30S_CLK.CLK.gz.csv
[05:52:03] [INFO] Merging individual file: step_2_0_pairs_code_COD0OPSFIN_20241580000_01D_30S_CLK.CLK.gz.csv
[05:52:03] [DEBUG] Cleaned up individual file: step_2_0_pairs_code_COD0OPSFIN_20241580000_01D_30S_CLK.CLK.gz.csv
[05:52:03] [INFO] Merging individual file: step_2_0_pairs_code_COD0OPSFIN_20230840000_01D_30S_CLK.CLK.gz.csv
[05:52:04] [DEBUG] Cleaned up individual file: step_2_0_pairs_code_COD0OPSFIN_20230840000_01D_30S_CLK.CLK.gz.csv
[05:52:04] [INFO] Merging individual file: step_2_0_pairs_code_COD0OPSFIN_20230810000_01D_30S_CLK.CLK.gz.csv
[05:52:04] [DEBUG] Cleaned up individual file: step_2_0_pairs_code_COD0OPSFIN_20230810000_01D_30S_CLK.CLK.gz.csv
[05:52:04] [INFO] Merging individual file: step_2_0_pairs_code_COD0OPSFIN_20231890000_01D_30S_CLK.CLK.gz.csv
[05:52:04] [DEBUG] Cleaned up individual file: step_2_0_pairs_code_COD0OPSFIN_20231890000_01D_30S_CLK.CLK.gz.csv
[05:52:04] [INFO] Merging individual file: step_2_0_pairs_code_COD0OPSFIN_20232590000_01D_30S_CLK.CLK.gz.csv
[05:52:04] [DEBUG] Cleaned up individual file: step_2_0_pairs_code_COD0OPSFIN_20232590000_01D_30S_CLK.CLK.gz.csv
[05:52:04] [INFO] Merging individual file: step_2_0_pairs_code_COD0OPSFIN_20243530000_01D_30S_CLK.CLK.gz.csv
[05:52:05] [DEBUG] Cleaned up individual file: step_2_0_pairs_code_COD0OPSFIN_20243530000_01D_30S_CLK.CLK.gz.csv
[05:52:05] [INFO] Merging individual file: step_2_0_pairs_code_COD0OPSFIN_20250020000_01D_30S_CLK.CLK.gz.csv
[05:52:05] [DEBUG] Cleaned up individual file: step_2_0_pairs_code_COD0OPSFIN_20250020000_01D_30S_CLK.CLK.gz.csv
[05:52:05] [INFO] Merging individual file: step_2_0_pairs_code_COD0OPSFIN_20232700000_01D_30S_CLK.CLK.gz.csv
[05:52:05] [DEBUG] Cleaned up individual file: step_2_0_pairs_code_COD0OPSFIN_20232700000_01D_30S_CLK.CLK.gz.csv
[05:52:05] [INFO] Merging individual file: step_2_0_pairs_code_COD0OPSFIN_20242060000_01D_30S_CLK.CLK.gz.csv
[05:52:05] [DEBUG] Cleaned up individual file: step_2_0_pairs_code_COD0OPSFIN_20242060000_01D_30S_CLK.CLK.gz.csv
[05:52:05] [INFO] Merging individual file: step_2_0_pairs_code_COD0OPSFIN_20232560000_01D_30S_CLK.CLK.gz.csv
[05:52:06] [DEBUG] Cleaned up individual file: step_2_0_pairs_code_COD0OPSFIN_20232560000_01D_30S_CLK.CLK.gz.csv
[05:52:06] [INFO] Merging individual file: step_2_0_pairs_code_COD0OPSFIN_20240020000_01D_30S_CLK.CLK.gz.csv
[05:52:06] [DEBUG] Cleaned up individual file: step_2_0_pairs_code_COD0OPSFIN_20240020000_01D_30S_CLK.CLK.gz.csv
[05:52:06] [INFO] Merging individual file: step_2_0_pairs_code_COD0OPSFIN_20230820000_01D_30S_CLK.CLK.gz.csv
[05:52:06] [DEBUG] Cleaned up individual file: step_2_0_pairs_code_COD0OPSFIN_20230820000_01D_30S_CLK.CLK.gz.csv
[05:52:06] [INFO] Merging individual file: step_2_0_pairs_code_COD0OPSFIN_20251600000_01D_30S_CLK.CLK.gz.csv
[05:52:06] [DEBUG] Cleaned up individual file: step_2_0_pairs_code_COD0OPSFIN_20251600000_01D_30S_CLK.CLK.gz.csv
[05:52:06] [INFO] Merging individual file: step_2_0_pairs_code_COD0OPSFIN_20233230000_01D_30S_CLK.CLK.gz.csv
[05:52:07] [DEBUG] Cleaned up individual file: step_2_0_pairs_code_COD0OPSFIN_20233230000_01D_30S_CLK.CLK.gz.csv
[05:52:07] [INFO] Merging individual file: step_2_0_pairs_code_COD0OPSFIN_20240150000_01D_30S_CLK.CLK.gz.csv
[05:52:07] [DEBUG] Cleaned up individual file: step_2_0_pairs_code_COD0OPSFIN_20240150000_01D_30S_CLK.CLK.gz.csv
[05:52:07] [INFO] Merging individual file: step_2_0_pairs_code_COD0OPSFIN_20231060000_01D_30S_CLK.CLK.gz.csv
[05:52:07] [DEBUG] Cleaned up individual file: step_2_0_pairs_code_COD0OPSFIN_20231060000_01D_30S_CLK.CLK.gz.csv
[05:52:07] [INFO] Merging individual file: step_2_0_pairs_code_COD0OPSFIN_20240410000_01D_30S_CLK.CLK.gz.csv
[05:52:08] [DEBUG] Cleaned up individual file: step_2_0_pairs_code_COD0OPSFIN_20240410000_01D_30S_CLK.CLK.gz.csv
[05:52:08] [INFO] Merging individual file: step_2_0_pairs_code_COD0OPSFIN_20250330000_01D_30S_CLK.CLK.gz.csv
[05:52:08] [DEBUG] Cleaned up individual file: step_2_0_pairs_code_COD0OPSFIN_20250330000_01D_30S_CLK.CLK.gz.csv
[05:52:08] [INFO] Merging individual file: step_2_0_pairs_code_COD0OPSFIN_20230450000_01D_30S_CLK.CLK.gz.csv
[05:52:08] [DEBUG] Cleaned up individual file: step_2_0_pairs_code_COD0OPSFIN_20230450000_01D_30S_CLK.CLK.gz.csv
[05:52:08] [INFO] Merging individual file: step_2_0_pairs_code_COD0OPSFIN_20230960000_01D_30S_CLK.CLK.gz.csv
[05:52:08] [DEBUG] Cleaned up individual file: step_2_0_pairs_code_COD0OPSFIN_20230960000_01D_30S_CLK.CLK.gz.csv
[05:52:08] [INFO] Merging individual file: step_2_0_pairs_code_COD0OPSFIN_20241730000_01D_30S_CLK.CLK.gz.csv
[05:52:09] [DEBUG] Cleaned up individual file: step_2_0_pairs_code_COD0OPSFIN_20241730000_01D_30S_CLK.CLK.gz.csv
[05:52:09] [INFO] Merging individual file: step_2_0_pairs_code_COD0OPSFIN_20231530000_01D_30S_CLK.CLK.gz.csv
[05:52:09] [DEBUG] Cleaned up individual file: step_2_0_pairs_code_COD0OPSFIN_20231530000_01D_30S_CLK.CLK.gz.csv
[05:52:09] [INFO] Merging individual file: step_2_0_pairs_code_COD0OPSFIN_20232850000_01D_30S_CLK.CLK.gz.csv
[05:52:09] [DEBUG] Cleaned up individual file: step_2_0_pairs_code_COD0OPSFIN_20232850000_01D_30S_CLK.CLK.gz.csv
[05:52:09] [INFO] Merging individual file: step_2_0_pairs_code_COD0OPSFIN_20242410000_01D_30S_CLK.CLK.gz.csv
[05:52:09] [DEBUG] Cleaned up individual file: step_2_0_pairs_code_COD0OPSFIN_20242410000_01D_30S_CLK.CLK.gz.csv
[05:52:09] [INFO] Merging individual file: step_2_0_pairs_code_COD0OPSFIN_20240520000_01D_30S_CLK.CLK.gz.csv
[05:52:10] [DEBUG] Cleaned up individual file: step_2_0_pairs_code_COD0OPSFIN_20240520000_01D_30S_CLK.CLK.gz.csv
[05:52:10] [INFO] Merging individual file: step_2_0_pairs_code_COD0OPSFIN_20231430000_01D_30S_CLK.CLK.gz.csv
[05:52:10] [DEBUG] Cleaned up individual file: step_2_0_pairs_code_COD0OPSFIN_20231430000_01D_30S_CLK.CLK.gz.csv
[05:52:10] [INFO] Merging individual file: step_2_0_pairs_code_COD0OPSFIN_20230640000_01D_30S_CLK.CLK.gz.csv
[05:52:10] [DEBUG] Cleaned up individual file: step_2_0_pairs_code_COD0OPSFIN_20230640000_01D_30S_CLK.CLK.gz.csv
[05:52:10] [INFO] Merging individual file: step_2_0_pairs_code_COD0OPSFIN_20241050000_01D_30S_CLK.CLK.gz.csv
[05:52:11] [DEBUG] Cleaned up individual file: step_2_0_pairs_code_COD0OPSFIN_20241050000_01D_30S_CLK.CLK.gz.csv
[05:52:11] [INFO] Merging individual file: step_2_0_pairs_code_COD0OPSFIN_20241000000_01D_30S_CLK.CLK.gz.csv
[05:52:11] [DEBUG] Cleaned up individual file: step_2_0_pairs_code_COD0OPSFIN_20241000000_01D_30S_CLK.CLK.gz.csv
[05:52:11] [INFO] Merging individual file: step_2_0_pairs_code_COD0OPSFIN_20250380000_01D_30S_CLK.CLK.gz.csv
[05:52:11] [DEBUG] Cleaned up individual file: step_2_0_pairs_code_COD0OPSFIN_20250380000_01D_30S_CLK.CLK.gz.csv
[05:52:11] [INFO] Merging individual file: step_2_0_pairs_code_COD0OPSFIN_20233370000_01D_30S_CLK.CLK.gz.csv
[05:52:11] [DEBUG] Cleaned up individual file: step_2_0_pairs_code_COD0OPSFIN_20233370000_01D_30S_CLK.CLK.gz.csv
[05:52:11] [INFO] Merging individual file: step_2_0_pairs_code_COD0OPSFIN_20240050000_01D_30S_CLK.CLK.gz.csv
[05:52:12] [DEBUG] Cleaned up individual file: step_2_0_pairs_code_COD0OPSFIN_20240050000_01D_30S_CLK.CLK.gz.csv
[05:52:12] [INFO] Merging individual file: step_2_0_pairs_code_COD0OPSFIN_20243220000_01D_30S_CLK.CLK.gz.csv
[05:52:12] [DEBUG] Cleaned up individual file: step_2_0_pairs_code_COD0OPSFIN_20243220000_01D_30S_CLK.CLK.gz.csv
[05:52:12] [INFO] Merging individual file: step_2_0_pairs_code_COD0OPSFIN_20240700000_01D_30S_CLK.CLK.gz.csv
[05:52:12] [DEBUG] Cleaned up individual file: step_2_0_pairs_code_COD0OPSFIN_20240700000_01D_30S_CLK.CLK.gz.csv
[05:52:12] [INFO] Merging individual file: step_2_0_pairs_code_COD0OPSFIN_20243510000_01D_30S_CLK.CLK.gz.csv
[05:52:12] [DEBUG] Cleaned up individual file: step_2_0_pairs_code_COD0OPSFIN_20243510000_01D_30S_CLK.CLK.gz.csv
[05:52:12] [INFO] Merging individual file: step_2_0_pairs_code_COD0OPSFIN_20231170000_01D_30S_CLK.CLK.gz.csv
[05:52:13] [DEBUG] Cleaned up individual file: step_2_0_pairs_code_COD0OPSFIN_20231170000_01D_30S_CLK.CLK.gz.csv
[05:52:13] [INFO] Merging individual file: step_2_0_pairs_code_COD0OPSFIN_20240540000_01D_30S_CLK.CLK.gz.csv
[05:52:13] [DEBUG] Cleaned up individual file: step_2_0_pairs_code_COD0OPSFIN_20240540000_01D_30S_CLK.CLK.gz.csv
[05:52:13] [INFO] Merging individual file: step_2_0_pairs_code_COD0OPSFIN_20242870000_01D_30S_CLK.CLK.gz.csv
[05:52:13] [DEBUG] Cleaned up individual file: step_2_0_pairs_code_COD0OPSFIN_20242870000_01D_30S_CLK.CLK.gz.csv
[05:52:13] [INFO] Merging individual file: step_2_0_pairs_code_COD0OPSFIN_20240610000_01D_30S_CLK.CLK.gz.csv
[05:52:14] [DEBUG] Cleaned up individual file: step_2_0_pairs_code_COD0OPSFIN_20240610000_01D_30S_CLK.CLK.gz.csv
[05:52:14] [INFO] Merging individual file: step_2_0_pairs_code_COD0OPSFIN_20241110000_01D_30S_CLK.CLK.gz.csv
[05:52:14] [DEBUG] Cleaned up individual file: step_2_0_pairs_code_COD0OPSFIN_20241110000_01D_30S_CLK.CLK.gz.csv
[05:52:14] [INFO] Merging individual file: step_2_0_pairs_code_COD0OPSFIN_20243490000_01D_30S_CLK.CLK.gz.csv
[05:52:14] [DEBUG] Cleaned up individual file: step_2_0_pairs_code_COD0OPSFIN_20243490000_01D_30S_CLK.CLK.gz.csv
[05:52:14] [INFO] Merging individual file: step_2_0_pairs_code_COD0OPSFIN_20243500000_01D_30S_CLK.CLK.gz.csv
[05:52:14] [DEBUG] Cleaned up individual file: step_2_0_pairs_code_COD0OPSFIN_20243500000_01D_30S_CLK.CLK.gz.csv
[05:52:14] [INFO] Merging individual file: step_2_0_pairs_code_COD0OPSFIN_20231840000_01D_30S_CLK.CLK.gz.csv
[05:52:15] [DEBUG] Cleaned up individual file: step_2_0_pairs_code_COD0OPSFIN_20231840000_01D_30S_CLK.CLK.gz.csv
[05:52:15] [INFO] Merging individual file: step_2_0_pairs_code_COD0OPSFIN_20232890000_01D_30S_CLK.CLK.gz.csv
[05:52:15] [DEBUG] Cleaned up individual file: step_2_0_pairs_code_COD0OPSFIN_20232890000_01D_30S_CLK.CLK.gz.csv
[05:52:15] [INFO] Merging individual file: step_2_0_pairs_code_COD0OPSFIN_20251240000_01D_30S_CLK.CLK.gz.csv
[05:52:15] [DEBUG] Cleaned up individual file: step_2_0_pairs_code_COD0OPSFIN_20251240000_01D_30S_CLK.CLK.gz.csv
[05:52:15] [INFO] Merging individual file: step_2_0_pairs_code_COD0OPSFIN_20233410000_01D_30S_CLK.CLK.gz.csv
[05:52:15] [DEBUG] Cleaned up individual file: step_2_0_pairs_code_COD0OPSFIN_20233410000_01D_30S_CLK.CLK.gz.csv
[05:52:15] [INFO] Merging individual file: step_2_0_pairs_code_COD0OPSFIN_20231200000_01D_30S_CLK.CLK.gz.csv
[05:52:16] [DEBUG] Cleaned up individual file: step_2_0_pairs_code_COD0OPSFIN_20231200000_01D_30S_CLK.CLK.gz.csv
[05:52:16] [INFO] Merging individual file: step_2_0_pairs_code_COD0OPSFIN_20231270000_01D_30S_CLK.CLK.gz.csv
[05:52:16] [DEBUG] Cleaned up individual file: step_2_0_pairs_code_COD0OPSFIN_20231270000_01D_30S_CLK.CLK.gz.csv
[05:52:16] [INFO] Merging individual file: step_2_0_pairs_code_COD0OPSFIN_20240370000_01D_30S_CLK.CLK.gz.csv
[05:52:16] [DEBUG] Cleaned up individual file: step_2_0_pairs_code_COD0OPSFIN_20240370000_01D_30S_CLK.CLK.gz.csv
[05:52:16] [INFO] Merging individual file: step_2_0_pairs_code_COD0OPSFIN_20251160000_01D_30S_CLK.CLK.gz.csv
[05:52:16] [DEBUG] Cleaned up individual file: step_2_0_pairs_code_COD0OPSFIN_20251160000_01D_30S_CLK.CLK.gz.csv
[05:52:16] [INFO] Merging individual file: step_2_0_pairs_code_COD0OPSFIN_20230010000_01D_30S_CLK.CLK.gz.csv
[05:52:17] [DEBUG] Cleaned up individual file: step_2_0_pairs_code_COD0OPSFIN_20230010000_01D_30S_CLK.CLK.gz.csv
[05:52:17] [INFO] Merging individual file: step_2_0_pairs_code_COD0OPSFIN_20233190000_01D_30S_CLK.CLK.gz.csv
[05:52:17] [DEBUG] Cleaned up individual file: step_2_0_pairs_code_COD0OPSFIN_20233190000_01D_30S_CLK.CLK.gz.csv
[05:52:17] [INFO] Merging individual file: step_2_0_pairs_code_COD0OPSFIN_20251280000_01D_30S_CLK.CLK.gz.csv
[05:52:17] [DEBUG] Cleaned up individual file: step_2_0_pairs_code_COD0OPSFIN_20251280000_01D_30S_CLK.CLK.gz.csv
[05:52:17] [INFO] Merging individual file: step_2_0_pairs_code_COD0OPSFIN_20251000000_01D_30S_CLK.CLK.gz.csv
[05:52:17] [DEBUG] Cleaned up individual file: step_2_0_pairs_code_COD0OPSFIN_20251000000_01D_30S_CLK.CLK.gz.csv
[05:52:17] [INFO] Merging individual file: step_2_0_pairs_code_COD0OPSFIN_20243560000_01D_30S_CLK.CLK.gz.csv
[05:52:18] [DEBUG] Cleaned up individual file: step_2_0_pairs_code_COD0OPSFIN_20243560000_01D_30S_CLK.CLK.gz.csv
[05:52:18] [INFO] Merging individual file: step_2_0_pairs_code_COD0OPSFIN_20251670000_01D_30S_CLK.CLK.gz.csv
[05:52:18] [DEBUG] Cleaned up individual file: step_2_0_pairs_code_COD0OPSFIN_20251670000_01D_30S_CLK.CLK.gz.csv
[05:52:18] [INFO] Merging individual file: step_2_0_pairs_code_COD0OPSFIN_20231780000_01D_30S_CLK.CLK.gz.csv
[05:52:18] [DEBUG] Cleaned up individual file: step_2_0_pairs_code_COD0OPSFIN_20231780000_01D_30S_CLK.CLK.gz.csv
[05:52:18] [INFO] Merging individual file: step_2_0_pairs_code_COD0OPSFIN_20250870000_01D_30S_CLK.CLK.gz.csv
[05:52:19] [DEBUG] Cleaned up individual file: step_2_0_pairs_code_COD0OPSFIN_20250870000_01D_30S_CLK.CLK.gz.csv
[05:52:19] [INFO] Merging individual file: step_2_0_pairs_code_COD0OPSFIN_20240400000_01D_30S_CLK.CLK.gz.csv
[05:52:19] [DEBUG] Cleaned up individual file: step_2_0_pairs_code_COD0OPSFIN_20240400000_01D_30S_CLK.CLK.gz.csv
[05:52:19] [INFO] Merging individual file: step_2_0_pairs_code_COD0OPSFIN_20251440000_01D_30S_CLK.CLK.gz.csv
[05:52:19] [DEBUG] Cleaned up individual file: step_2_0_pairs_code_COD0OPSFIN_20251440000_01D_30S_CLK.CLK.gz.csv
[05:52:19] [INFO] Merging individual file: step_2_0_pairs_code_COD0OPSFIN_20243200000_01D_30S_CLK.CLK.gz.csv
[05:52:19] [DEBUG] Cleaned up individual file: step_2_0_pairs_code_COD0OPSFIN_20243200000_01D_30S_CLK.CLK.gz.csv
[05:52:19] [INFO] Merging individual file: step_2_0_pairs_code_COD0OPSFIN_20242910000_01D_30S_CLK.CLK.gz.csv
[05:52:20] [DEBUG] Cleaned up individual file: step_2_0_pairs_code_COD0OPSFIN_20242910000_01D_30S_CLK.CLK.gz.csv
[05:52:20] [INFO] Merging individual file: step_2_0_pairs_code_COD0OPSFIN_20241280000_01D_30S_CLK.CLK.gz.csv
[05:52:20] [DEBUG] Cleaned up individual file: step_2_0_pairs_code_COD0OPSFIN_20241280000_01D_30S_CLK.CLK.gz.csv
[05:52:20] [INFO] Merging individual file: step_2_0_pairs_code_COD0OPSFIN_20240720000_01D_30S_CLK.CLK.gz.csv
[05:52:20] [DEBUG] Cleaned up individual file: step_2_0_pairs_code_COD0OPSFIN_20240720000_01D_30S_CLK.CLK.gz.csv
[05:52:20] [INFO] Merging individual file: step_2_0_pairs_code_COD0OPSFIN_20241210000_01D_30S_CLK.CLK.gz.csv
[05:52:20] [DEBUG] Cleaned up individual file: step_2_0_pairs_code_COD0OPSFIN_20241210000_01D_30S_CLK.CLK.gz.csv
[05:52:20] [INFO] Merging individual file: step_2_0_pairs_code_COD0OPSFIN_20232370000_01D_30S_CLK.CLK.gz.csv
[05:52:21] [DEBUG] Cleaned up individual file: step_2_0_pairs_code_COD0OPSFIN_20232370000_01D_30S_CLK.CLK.gz.csv
[05:52:21] [INFO] Merging individual file: step_2_0_pairs_code_COD0OPSFIN_20242900000_01D_30S_CLK.CLK.gz.csv
[05:52:21] [DEBUG] Cleaned up individual file: step_2_0_pairs_code_COD0OPSFIN_20242900000_01D_30S_CLK.CLK.gz.csv
[05:52:21] [INFO] Merging individual file: step_2_0_pairs_code_COD0OPSFIN_20240090000_01D_30S_CLK.CLK.gz.csv
[05:52:21] [DEBUG] Cleaned up individual file: step_2_0_pairs_code_COD0OPSFIN_20240090000_01D_30S_CLK.CLK.gz.csv
[05:52:21] [INFO] Merging individual file: step_2_0_pairs_code_COD0OPSFIN_20230090000_01D_30S_CLK.CLK.gz.csv
[05:52:21] [DEBUG] Cleaned up individual file: step_2_0_pairs_code_COD0OPSFIN_20230090000_01D_30S_CLK.CLK.gz.csv
[05:52:21] [INFO] Merging individual file: step_2_0_pairs_code_COD0OPSFIN_20243440000_01D_30S_CLK.CLK.gz.csv
[05:52:22] [DEBUG] Cleaned up individual file: step_2_0_pairs_code_COD0OPSFIN_20243440000_01D_30S_CLK.CLK.gz.csv
[05:52:22] [INFO] Merging individual file: step_2_0_pairs_code_COD0OPSFIN_20241810000_01D_30S_CLK.CLK.gz.csv
[05:52:22] [DEBUG] Cleaned up individual file: step_2_0_pairs_code_COD0OPSFIN_20241810000_01D_30S_CLK.CLK.gz.csv
[05:52:22] [INFO] Merging individual file: step_2_0_pairs_code_COD0OPSFIN_20243260000_01D_30S_CLK.CLK.gz.csv
[05:52:22] [DEBUG] Cleaned up individual file: step_2_0_pairs_code_COD0OPSFIN_20243260000_01D_30S_CLK.CLK.gz.csv
[05:52:22] [INFO] Merging individual file: step_2_0_pairs_code_COD0OPSFIN_20233060000_01D_30S_CLK.CLK.gz.csv
[05:52:23] [DEBUG] Cleaned up individual file: step_2_0_pairs_code_COD0OPSFIN_20233060000_01D_30S_CLK.CLK.gz.csv
[05:52:23] [INFO] Merging individual file: step_2_0_pairs_code_COD0OPSFIN_20250840000_01D_30S_CLK.CLK.gz.csv
[05:52:23] [DEBUG] Cleaned up individual file: step_2_0_pairs_code_COD0OPSFIN_20250840000_01D_30S_CLK.CLK.gz.csv
[05:52:23] [INFO] Merging individual file: step_2_0_pairs_code_COD0OPSFIN_20243660000_01D_30S_CLK.CLK.gz.csv
[05:52:23] [DEBUG] Cleaned up individual file: step_2_0_pairs_code_COD0OPSFIN_20243660000_01D_30S_CLK.CLK.gz.csv
[05:52:23] [INFO] Merging individual file: step_2_0_pairs_code_COD0OPSFIN_20233640000_01D_30S_CLK.CLK.gz.csv
[05:52:23] [DEBUG] Cleaned up individual file: step_2_0_pairs_code_COD0OPSFIN_20233640000_01D_30S_CLK.CLK.gz.csv
[05:52:23] [INFO] Merging individual file: step_2_0_pairs_code_COD0OPSFIN_20240440000_01D_30S_CLK.CLK.gz.csv
[05:52:24] [DEBUG] Cleaned up individual file: step_2_0_pairs_code_COD0OPSFIN_20240440000_01D_30S_CLK.CLK.gz.csv
[05:52:24] [INFO] Merging individual file: step_2_0_pairs_code_COD0OPSFIN_20233650000_01D_30S_CLK.CLK.gz.csv
[05:52:24] [DEBUG] Cleaned up individual file: step_2_0_pairs_code_COD0OPSFIN_20233650000_01D_30S_CLK.CLK.gz.csv
[05:52:24] [INFO] Merging individual file: step_2_0_pairs_code_COD0OPSFIN_20231440000_01D_30S_CLK.CLK.gz.csv
[05:52:24] [DEBUG] Cleaned up individual file: step_2_0_pairs_code_COD0OPSFIN_20231440000_01D_30S_CLK.CLK.gz.csv
[05:52:24] [INFO] Merging individual file: step_2_0_pairs_code_COD0OPSFIN_20240750000_01D_30S_CLK.CLK.gz.csv
[05:52:24] [DEBUG] Cleaned up individual file: step_2_0_pairs_code_COD0OPSFIN_20240750000_01D_30S_CLK.CLK.gz.csv
[05:52:24] [INFO] Merging individual file: step_2_0_pairs_code_COD0OPSFIN_20250490000_01D_30S_CLK.CLK.gz.csv
[05:52:25] [DEBUG] Cleaned up individual file: step_2_0_pairs_code_COD0OPSFIN_20250490000_01D_30S_CLK.CLK.gz.csv
[05:52:25] [INFO] Merging individual file: step_2_0_pairs_code_COD0OPSFIN_20251750000_01D_30S_CLK.CLK.gz.csv
[05:52:25] [DEBUG] Cleaned up individual file: step_2_0_pairs_code_COD0OPSFIN_20251750000_01D_30S_CLK.CLK.gz.csv
[05:52:25] [INFO] Merging individual file: step_2_0_pairs_code_COD0OPSFIN_20241380000_01D_30S_CLK.CLK.gz.csv
[05:52:25] [DEBUG] Cleaned up individual file: step_2_0_pairs_code_COD0OPSFIN_20241380000_01D_30S_CLK.CLK.gz.csv
[05:52:25] [INFO] Merging individual file: step_2_0_pairs_code_COD0OPSFIN_20242800000_01D_30S_CLK.CLK.gz.csv
[05:52:25] [DEBUG] Cleaned up individual file: step_2_0_pairs_code_COD0OPSFIN_20242800000_01D_30S_CLK.CLK.gz.csv
[05:52:25] [INFO] Merging individual file: step_2_0_pairs_code_COD0OPSFIN_20242010000_01D_30S_CLK.CLK.gz.csv
[05:52:26] [DEBUG] Cleaned up individual file: step_2_0_pairs_code_COD0OPSFIN_20242010000_01D_30S_CLK.CLK.gz.csv
[05:52:26] [INFO] Merging individual file: step_2_0_pairs_code_COD0OPSFIN_20232160000_01D_30S_CLK.CLK.gz.csv
[05:52:26] [DEBUG] Cleaned up individual file: step_2_0_pairs_code_COD0OPSFIN_20232160000_01D_30S_CLK.CLK.gz.csv
[05:52:26] [INFO] Merging individual file: step_2_0_pairs_code_COD0OPSFIN_20250320000_01D_30S_CLK.CLK.gz.csv
[05:52:26] [DEBUG] Cleaned up individual file: step_2_0_pairs_code_COD0OPSFIN_20250320000_01D_30S_CLK.CLK.gz.csv
[05:52:26] [INFO] Merging individual file: step_2_0_pairs_code_COD0OPSFIN_20251510000_01D_30S_CLK.CLK.gz.csv
[05:52:26] [DEBUG] Cleaned up individual file: step_2_0_pairs_code_COD0OPSFIN_20251510000_01D_30S_CLK.CLK.gz.csv
[05:52:26] [INFO] Merging individual file: step_2_0_pairs_code_COD0OPSFIN_20230570000_01D_30S_CLK.CLK.gz.csv
[05:52:27] [DEBUG] Cleaned up individual file: step_2_0_pairs_code_COD0OPSFIN_20230570000_01D_30S_CLK.CLK.gz.csv
[05:52:27] [INFO] Merging individual file: step_2_0_pairs_code_COD0OPSFIN_20243310000_01D_30S_CLK.CLK.gz.csv
[05:52:27] [DEBUG] Cleaned up individual file: step_2_0_pairs_code_COD0OPSFIN_20243310000_01D_30S_CLK.CLK.gz.csv
[05:52:27] [INFO] Merging individual file: step_2_0_pairs_code_COD0OPSFIN_20241130000_01D_30S_CLK.CLK.gz.csv
[05:52:27] [DEBUG] Cleaned up individual file: step_2_0_pairs_code_COD0OPSFIN_20241130000_01D_30S_CLK.CLK.gz.csv
[05:52:27] [INFO] Merging individual file: step_2_0_pairs_code_COD0OPSFIN_20243110000_01D_30S_CLK.CLK.gz.csv
[05:52:28] [DEBUG] Cleaned up individual file: step_2_0_pairs_code_COD0OPSFIN_20243110000_01D_30S_CLK.CLK.gz.csv
[05:52:28] [INFO] Merging individual file: step_2_0_pairs_code_COD0OPSFIN_20243430000_01D_30S_CLK.CLK.gz.csv
[05:52:28] [DEBUG] Cleaned up individual file: step_2_0_pairs_code_COD0OPSFIN_20243430000_01D_30S_CLK.CLK.gz.csv
[05:52:28] [INFO] Merging individual file: step_2_0_pairs_code_COD0OPSFIN_20240060000_01D_30S_CLK.CLK.gz.csv
[05:52:28] [DEBUG] Cleaned up individual file: step_2_0_pairs_code_COD0OPSFIN_20240060000_01D_30S_CLK.CLK.gz.csv
[05:52:28] [INFO] Merging individual file: step_2_0_pairs_code_COD0OPSFIN_20242460000_01D_30S_CLK.CLK.gz.csv
[05:52:28] [DEBUG] Cleaned up individual file: step_2_0_pairs_code_COD0OPSFIN_20242460000_01D_30S_CLK.CLK.gz.csv
[05:52:28] [INFO] Merging individual file: step_2_0_pairs_code_COD0OPSFIN_20241040000_01D_30S_CLK.CLK.gz.csv
[05:52:29] [DEBUG] Cleaned up individual file: step_2_0_pairs_code_COD0OPSFIN_20241040000_01D_30S_CLK.CLK.gz.csv
[05:52:29] [INFO] Merging individual file: step_2_0_pairs_code_COD0OPSFIN_20251090000_01D_30S_CLK.CLK.gz.csv
[05:52:29] [DEBUG] Cleaned up individual file: step_2_0_pairs_code_COD0OPSFIN_20251090000_01D_30S_CLK.CLK.gz.csv
[05:52:29] [INFO] Merging individual file: step_2_0_pairs_code_COD0OPSFIN_20230420000_01D_30S_CLK.CLK.gz.csv
[05:52:29] [DEBUG] Cleaned up individual file: step_2_0_pairs_code_COD0OPSFIN_20230420000_01D_30S_CLK.CLK.gz.csv
[05:52:29] [INFO] Merging individual file: step_2_0_pairs_code_COD0OPSFIN_20251570000_01D_30S_CLK.CLK.gz.csv
[05:52:29] [DEBUG] Cleaned up individual file: step_2_0_pairs_code_COD0OPSFIN_20251570000_01D_30S_CLK.CLK.gz.csv
[05:52:29] [INFO] Merging individual file: step_2_0_pairs_code_COD0OPSFIN_20251790000_01D_30S_CLK.CLK.gz.csv
[05:52:30] [DEBUG] Cleaned up individual file: step_2_0_pairs_code_COD0OPSFIN_20251790000_01D_30S_CLK.CLK.gz.csv
[05:52:30] [INFO] Merging individual file: step_2_0_pairs_code_COD0OPSFIN_20251070000_01D_30S_CLK.CLK.gz.csv
[05:52:30] [DEBUG] Cleaned up individual file: step_2_0_pairs_code_COD0OPSFIN_20251070000_01D_30S_CLK.CLK.gz.csv
[05:52:30] [SUCCESS] Consolidated pair data saved: /mnt/data/results/outputs/step_2_0_pairs_consolidated_code.csv (39,068,753 pairs)
[05:52:30] [SUCCESS] Merged 0 temp files and 912 individual files into consolidated output
[05:52:30] [INFO] Running bootstrap (5000 iterations) for CI with improved stability
[05:52:30] [INFO] Bootstrap chunk 1/97: 46 successful fits
[05:52:30] [INFO] Bootstrap chunk 2/97: 40 successful fits
[05:52:30] [INFO] Bootstrap chunk 3/97: 42 successful fits
[05:52:31] [INFO] Bootstrap chunk 4/97: 41 successful fits
[05:52:31] [INFO] Bootstrap chunk 5/97: 41 successful fits
[05:52:31] [INFO] Bootstrap chunk 6/97: 35 successful fits
[05:52:31] [INFO] Bootstrap chunk 7/97: 37 successful fits
[05:52:31] [INFO] Bootstrap chunk 8/97: 39 successful fits
[05:52:32] [INFO] Bootstrap chunk 9/97: 37 successful fits
[05:52:32] [INFO] Bootstrap chunk 10/97: 37 successful fits
[05:52:32] [INFO] Bootstrap chunk 11/97: 38 successful fits
[05:52:32] [INFO] Bootstrap chunk 12/97: 39 successful fits
[05:52:32] [INFO] Bootstrap chunk 13/97: 36 successful fits
[05:52:33] [INFO] Bootstrap chunk 14/97: 35 successful fits
[05:52:33] [INFO] Bootstrap chunk 15/97: 43 successful fits
[05:52:33] [INFO] Bootstrap chunk 16/97: 39 successful fits
[05:52:33] [INFO] Bootstrap chunk 17/97: 42 successful fits
[05:52:33] [INFO] Bootstrap chunk 18/97: 41 successful fits
[05:52:34] [INFO] Bootstrap chunk 19/97: 36 successful fits
[05:52:34] [INFO] Bootstrap chunk 20/97: 36 successful fits
[05:52:34] [INFO] Bootstrap chunk 21/97: 45 successful fits
[05:52:34] [INFO] Bootstrap chunk 22/97: 42 successful fits
[05:52:34] [INFO] Bootstrap chunk 23/97: 38 successful fits
[05:52:35] [INFO] Bootstrap chunk 24/97: 29 successful fits
[05:52:35] [INFO] Bootstrap chunk 25/97: 33 successful fits
[05:52:35] [INFO] Bootstrap chunk 26/97: 34 successful fits
[05:52:35] [INFO] Bootstrap chunk 27/97: 36 successful fits
[05:52:35] [INFO] Bootstrap chunk 28/97: 35 successful fits
[05:52:36] [INFO] Bootstrap chunk 29/97: 32 successful fits
[05:52:36] [INFO] Bootstrap chunk 30/97: 33 successful fits
[05:52:36] [INFO] Bootstrap chunk 31/97: 33 successful fits
[05:52:36] [INFO] Bootstrap chunk 32/97: 39 successful fits
[05:52:36] [INFO] Bootstrap chunk 33/97: 41 successful fits
[05:52:37] [INFO] Bootstrap chunk 34/97: 37 successful fits
[05:52:37] [INFO] Bootstrap chunk 35/97: 41 successful fits
[05:52:37] [INFO] Bootstrap chunk 36/97: 37 successful fits
[05:52:37] [INFO] Bootstrap chunk 37/97: 39 successful fits
[05:52:37] [INFO] Bootstrap chunk 38/97: 36 successful fits
[05:52:38] [INFO] Bootstrap chunk 39/97: 37 successful fits
[05:52:38] [INFO] Bootstrap chunk 40/97: 35 successful fits
[05:52:38] [INFO] Bootstrap chunk 41/97: 36 successful fits
[05:52:38] [INFO] Bootstrap chunk 42/97: 38 successful fits
[05:52:38] [INFO] Bootstrap chunk 43/97: 40 successful fits
[05:52:39] [INFO] Bootstrap chunk 44/97: 42 successful fits
[05:52:39] [INFO] Bootstrap chunk 45/97: 40 successful fits
[05:52:39] [INFO] Bootstrap chunk 46/97: 35 successful fits
[05:52:39] [INFO] Bootstrap chunk 47/97: 37 successful fits
[05:52:39] [INFO] Bootstrap chunk 48/97: 35 successful fits
[05:52:40] [INFO] Bootstrap chunk 49/97: 37 successful fits
[05:52:40] [INFO] Bootstrap chunk 50/97: 36 successful fits
[05:52:40] [INFO] Bootstrap chunk 51/97: 36 successful fits
[05:52:40] [INFO] Bootstrap chunk 52/97: 40 successful fits
[05:52:40] [INFO] Bootstrap chunk 53/97: 41 successful fits
[05:52:41] [INFO] Bootstrap chunk 54/97: 30 successful fits
[05:52:41] [INFO] Bootstrap chunk 55/97: 37 successful fits
[05:52:41] [INFO] Bootstrap chunk 56/97: 41 successful fits
[05:52:41] [INFO] Bootstrap chunk 57/97: 38 successful fits
[05:52:41] [INFO] Bootstrap chunk 58/97: 36 successful fits
[05:52:42] [INFO] Bootstrap chunk 59/97: 37 successful fits
[05:52:42] [INFO] Bootstrap chunk 60/97: 38 successful fits
[05:52:42] [INFO] Bootstrap chunk 61/97: 38 successful fits
[05:52:42] [INFO] Bootstrap chunk 62/97: 34 successful fits
[05:52:42] [INFO] Bootstrap chunk 63/97: 34 successful fits
[05:52:43] [INFO] Bootstrap chunk 64/97: 39 successful fits
[05:52:43] [INFO] Bootstrap chunk 65/97: 40 successful fits
[05:52:43] [INFO] Bootstrap chunk 66/97: 37 successful fits
[05:52:43] [INFO] Bootstrap chunk 67/97: 37 successful fits
[05:52:43] [INFO] Bootstrap chunk 68/97: 38 successful fits
[05:52:44] [INFO] Bootstrap chunk 69/97: 34 successful fits
[05:52:44] [INFO] Bootstrap chunk 70/97: 37 successful fits
[05:52:44] [INFO] Bootstrap chunk 71/97: 32 successful fits
[05:52:44] [INFO] Bootstrap chunk 72/97: 36 successful fits
[05:52:45] [INFO] Bootstrap chunk 73/97: 33 successful fits
[05:52:45] [INFO] Bootstrap chunk 74/97: 34 successful fits
[05:52:45] [INFO] Bootstrap chunk 75/97: 42 successful fits
[05:52:45] [INFO] Bootstrap chunk 76/97: 37 successful fits
[05:52:45] [INFO] Bootstrap chunk 77/97: 34 successful fits
[05:52:46] [INFO] Bootstrap chunk 78/97: 37 successful fits
[05:52:46] [INFO] Bootstrap chunk 79/97: 33 successful fits
[05:52:46] [INFO] Bootstrap chunk 80/97: 34 successful fits
[05:52:46] [INFO] Bootstrap chunk 81/97: 40 successful fits
[05:52:46] [INFO] Bootstrap chunk 82/97: 39 successful fits
[05:52:47] [INFO] Bootstrap chunk 83/97: 34 successful fits
[05:52:47] [INFO] Bootstrap chunk 84/97: 42 successful fits
[05:52:47] [INFO] Bootstrap chunk 85/97: 29 successful fits
[05:52:47] [INFO] Bootstrap chunk 86/97: 41 successful fits
[05:52:47] [INFO] Bootstrap chunk 87/97: 40 successful fits
[05:52:48] [INFO] Bootstrap chunk 88/97: 35 successful fits
[05:52:48] [INFO] Bootstrap chunk 89/97: 29 successful fits
[05:52:48] [INFO] Bootstrap chunk 90/97: 36 successful fits
[05:52:48] [INFO] Bootstrap chunk 91/97: 33 successful fits
[05:52:48] [INFO] Bootstrap chunk 92/97: 38 successful fits
[05:52:49] [INFO] Bootstrap chunk 93/97: 34 successful fits
[05:52:49] [INFO] Bootstrap chunk 94/97: 31 successful fits
[05:52:49] [INFO] Bootstrap chunk 95/97: 32 successful fits
[05:52:49] [INFO] Bootstrap chunk 96/97: 33 successful fits
[05:52:49] [INFO] Bootstrap chunk 97/97: 7 successful fits
[05:52:49] [SUCCESS] Bootstrap completed: 3555/5000 successful (71.1%)
[05:52:49] [SUCCESS] Bootstrap CI computed
[05:52:49] [SUCCESS] Results saved: /mnt/data/results/outputs/step_2_0_correlation_code.json
[05:52:49] [INFO] 
[05:52:49] [INFO] ============================================================
[05:52:49] [INFO] PROCESSING IGS_COMBINED - Phase-Coherent Analysis
[05:52:49] [INFO] ============================================================
[05:52:49] [INFO] TEP-GNSS Phase-Coherent Correlation Analysis - IGS_COMBINED
[05:52:49] [SUCCESS] Found 912 IGS_COMBINED files to process
[05:52:49] [INFO] Data directory: /mnt/data/data/raw/igs_combined
[05:52:49] [INFO] File size range: 2.0 - 3.1 MB
[05:52:49] [SUCCESS] Binning configuration: 40 bins from 50 to 13000.0 km
[05:52:49] [INFO] Minimum 50 pairs required per bin for fitting
[05:52:49] [INFO] Distance bin edges: 50.0, 57.5, ..., 11312.8, 13000.0 km
[05:52:49] [SUCCESS] Using 96 parallel workers (96 CPU cores available)
[05:52:49] [INFO] No valid checkpoint found, starting fresh
[05:52:49] [INFO] Using provided distance cache with 587,522 cached distances
[05:52:49] [PROCESS] Initializing persistent worker pool with 96 workers...
[05:52:49] [PROCESS] Processing batch 1: 192 files
[05:53:01] [SUCCESS] IGS0OPSFIN_20230590000_01D_30S_CLK.CLK.gz: 2,485 pairs
[05:53:01] [SUCCESS] IGS0OPSFIN_20230180000_01D_30S_CLK.CLK.gz: 2,415 pairs
[05:53:09] [SUCCESS] IGS0OPSFIN_20230830000_01D_30S_CLK.CLK.gz: 4,655 pairs
[05:53:11] [SUCCESS] IGS0OPSFIN_20230680000_01D_30S_CLK.CLK.gz: 5,252 pairs
[05:53:11] [SUCCESS] IGS0OPSFIN_20230880000_01D_30S_CLK.CLK.gz: 5,355 pairs
[05:53:12] [SUCCESS] IGS0OPSFIN_20230850000_01D_30S_CLK.CLK.gz: 5,354 pairs
[05:53:12] [SUCCESS] IGS0OPSFIN_20230300000_01D_30S_CLK.CLK.gz: 5,459 pairs
[05:53:12] [SUCCESS] IGS0OPSFIN_20230820000_01D_30S_CLK.CLK.gz: 5,355 pairs
[05:53:13] [SUCCESS] IGS0OPSFIN_20230330000_01D_30S_CLK.CLK.gz: 5,774 pairs
[05:53:13] [SUCCESS] IGS0OPSFIN_20230950000_01D_30S_CLK.CLK.gz: 5,561 pairs
[05:53:13] [SUCCESS] IGS0OPSFIN_20230910000_01D_30S_CLK.CLK.gz: 5,668 pairs
[05:53:13] [SUCCESS] IGS0OPSFIN_20230360000_01D_30S_CLK.CLK.gz: 5,670 pairs
[05:53:13] [SUCCESS] IGS0OPSFIN_20230890000_01D_30S_CLK.CLK.gz: 5,562 pairs
[05:53:13] [SUCCESS] IGS0OPSFIN_20230120000_01D_30S_CLK.CLK.gz: 5,669 pairs
[05:53:13] [SUCCESS] IGS0OPSFIN_20230710000_01D_30S_CLK.CLK.gz: 5,776 pairs
[05:53:14] [SUCCESS] IGS0OPSFIN_20230450000_01D_30S_CLK.CLK.gz: 5,775 pairs
[05:53:14] [SUCCESS] IGS0OPSFIN_20230060000_01D_30S_CLK.CLK.gz: 5,885 pairs
[05:53:14] [SUCCESS] IGS0OPSFIN_20230340000_01D_30S_CLK.CLK.gz: 5,884 pairs
[05:53:14] [SUCCESS] IGS0OPSFIN_20230250000_01D_30S_CLK.CLK.gz: 5,885 pairs
[05:53:14] [SUCCESS] IGS0OPSFIN_20230750000_01D_30S_CLK.CLK.gz: 5,885 pairs
[05:53:14] [SUCCESS] IGS0OPSFIN_20230370000_01D_30S_CLK.CLK.gz: 5,886 pairs
[05:53:14] [SUCCESS] IGS0OPSFIN_20230140000_01D_30S_CLK.CLK.gz: 5,459 pairs
[05:53:14] [SUCCESS] IGS0OPSFIN_20230440000_01D_30S_CLK.CLK.gz: 5,990 pairs
[05:53:14] [SUCCESS] IGS0OPSFIN_20230290000_01D_30S_CLK.CLK.gz: 5,994 pairs
[05:53:14] [SUCCESS] IGS0OPSFIN_20230640000_01D_30S_CLK.CLK.gz: 5,992 pairs
[05:53:14] [SUCCESS] IGS0OPSFIN_20230350000_01D_30S_CLK.CLK.gz: 6,104 pairs
[05:53:14] [SUCCESS] IGS0OPSFIN_20230400000_01D_30S_CLK.CLK.gz: 5,994 pairs
[05:53:14] [SUCCESS] IGS0OPSFIN_20230540000_01D_30S_CLK.CLK.gz: 5,994 pairs
[05:53:14] [SUCCESS] IGS0OPSFIN_20230310000_01D_30S_CLK.CLK.gz: 5,994 pairs
[05:53:14] [SUCCESS] IGS0OPSFIN_20230320000_01D_30S_CLK.CLK.gz: 5,992 pairs
[05:53:14] [SUCCESS] IGS0OPSFIN_20230610000_01D_30S_CLK.CLK.gz: 5,989 pairs
[05:53:14] [SUCCESS] IGS0OPSFIN_20230380000_01D_30S_CLK.CLK.gz: 5,994 pairs
[05:53:14] [SUCCESS] IGS0OPSFIN_20230840000_01D_30S_CLK.CLK.gz: 5,458 pairs
[05:53:15] [SUCCESS] IGS0OPSFIN_20230170000_01D_30S_CLK.CLK.gz: 5,993 pairs
[05:53:15] [SUCCESS] IGS0OPSFIN_20230220000_01D_30S_CLK.CLK.gz: 5,564 pairs
[05:53:15] [SUCCESS] IGS0OPSFIN_20230190000_01D_30S_CLK.CLK.gz: 5,670 pairs
[05:53:15] [SUCCESS] IGS0OPSFIN_20230240000_01D_30S_CLK.CLK.gz: 6,103 pairs
[05:53:15] [SUCCESS] IGS0OPSFIN_20230780000_01D_30S_CLK.CLK.gz: 5,668 pairs
[05:53:15] [SUCCESS] IGS0OPSFIN_20230410000_01D_30S_CLK.CLK.gz: 6,104 pairs
[05:53:15] [SUCCESS] IGS0OPSFIN_20230630000_01D_30S_CLK.CLK.gz: 6,102 pairs
[05:53:15] [SUCCESS] IGS0OPSFIN_20230100000_01D_30S_CLK.CLK.gz: 5,994 pairs
[05:53:15] [SUCCESS] IGS0OPSFIN_20230860000_01D_30S_CLK.CLK.gz: 5,564 pairs
[05:53:15] [SUCCESS] IGS0OPSFIN_20230480000_01D_30S_CLK.CLK.gz: 6,215 pairs
[05:53:15] [SUCCESS] IGS0OPSFIN_20230530000_01D_30S_CLK.CLK.gz: 6,103 pairs
[05:53:15] [SUCCESS] IGS0OPSFIN_20230130000_01D_30S_CLK.CLK.gz: 5,670 pairs
[05:53:15] [SUCCESS] IGS0OPSFIN_20230580000_01D_30S_CLK.CLK.gz: 6,104 pairs
[05:53:15] [SUCCESS] IGS0OPSFIN_20230960000_01D_30S_CLK.CLK.gz: 5,562 pairs
[05:53:15] [SUCCESS] IGS0OPSFIN_20230870000_01D_30S_CLK.CLK.gz: 5,669 pairs
[05:53:15] [SUCCESS] IGS0OPSFIN_20230690000_01D_30S_CLK.CLK.gz: 5,670 pairs
[05:53:15] [SUCCESS] IGS0OPSFIN_20230900000_01D_30S_CLK.CLK.gz: 5,671 pairs
[05:53:15] [SUCCESS] IGS0OPSFIN_20230080000_01D_30S_CLK.CLK.gz: 6,215 pairs
[05:53:15] [SUCCESS] IGS0OPSFIN_20230470000_01D_30S_CLK.CLK.gz: 6,215 pairs
[05:53:15] [SUCCESS] IGS0OPSFIN_20230420000_01D_30S_CLK.CLK.gz: 6,327 pairs
[05:53:15] [SUCCESS] IGS0OPSFIN_20230010000_01D_30S_CLK.CLK.gz: 5,670 pairs
[05:53:16] [SUCCESS] IGS0OPSFIN_20230920000_01D_30S_CLK.CLK.gz: 5,776 pairs
[05:53:16] [SUCCESS] IGS0OPSFIN_20230560000_01D_30S_CLK.CLK.gz: 6,327 pairs
[05:53:16] [SUCCESS] IGS0OPSFIN_20230940000_01D_30S_CLK.CLK.gz: 5,666 pairs
[05:53:16] [SUCCESS] IGS0OPSFIN_20230200000_01D_30S_CLK.CLK.gz: 5,774 pairs
[05:53:16] [SUCCESS] IGS0OPSFIN_20230150000_01D_30S_CLK.CLK.gz: 5,777 pairs
[05:53:16] [SUCCESS] IGS0OPSFIN_20230110000_01D_30S_CLK.CLK.gz: 6,215 pairs
[05:53:16] [SUCCESS] IGS0OPSFIN_20230810000_01D_30S_CLK.CLK.gz: 5,666 pairs
[05:53:16] [SUCCESS] IGS0OPSFIN_20230210000_01D_30S_CLK.CLK.gz: 5,777 pairs
[05:53:16] [SUCCESS] IGS0OPSFIN_20230430000_01D_30S_CLK.CLK.gz: 6,323 pairs
[05:53:16] [SUCCESS] IGS0OPSFIN_20230800000_01D_30S_CLK.CLK.gz: 5,775 pairs
[05:53:16] [SUCCESS] IGS0OPSFIN_20230040000_01D_30S_CLK.CLK.gz: 6,325 pairs
[05:53:16] [SUCCESS] IGS0OPSFIN_20230930000_01D_30S_CLK.CLK.gz: 5,884 pairs
[05:53:16] [SUCCESS] IGS0OPSFIN_20230260000_01D_30S_CLK.CLK.gz: 5,885 pairs
[05:53:16] [SUCCESS] IGS0OPSFIN_20230020000_01D_30S_CLK.CLK.gz: 5,885 pairs
[05:53:16] [SUCCESS] IGS0OPSFIN_20230160000_01D_30S_CLK.CLK.gz: 5,885 pairs
[05:53:16] [SUCCESS] IGS0OPSFIN_20230270000_01D_30S_CLK.CLK.gz: 5,882 pairs
[05:53:16] [SUCCESS] IGS0OPSFIN_20230760000_01D_30S_CLK.CLK.gz: 5,884 pairs
[05:53:16] [SUCCESS] IGS0OPSFIN_20230280000_01D_30S_CLK.CLK.gz: 5,991 pairs
[05:53:16] [SUCCESS] IGS0OPSFIN_20230570000_01D_30S_CLK.CLK.gz: 6,440 pairs
[05:53:16] [SUCCESS] IGS0OPSFIN_20230390000_01D_30S_CLK.CLK.gz: 6,438 pairs
[05:53:16] [SUCCESS] IGS0OPSFIN_20230740000_01D_30S_CLK.CLK.gz: 5,992 pairs
[05:53:16] [SUCCESS] IGS0OPSFIN_20230700000_01D_30S_CLK.CLK.gz: 5,883 pairs
[05:53:16] [SUCCESS] IGS0OPSFIN_20230050000_01D_30S_CLK.CLK.gz: 5,994 pairs
[05:53:16] [SUCCESS] IGS0OPSFIN_20230090000_01D_30S_CLK.CLK.gz: 5,994 pairs
[05:53:16] [SUCCESS] IGS0OPSFIN_20230770000_01D_30S_CLK.CLK.gz: 5,885 pairs
[05:53:17] [SUCCESS] IGS0OPSFIN_20230790000_01D_30S_CLK.CLK.gz: 6,103 pairs
[05:53:17] [SUCCESS] IGS0OPSFIN_20230620000_01D_30S_CLK.CLK.gz: 5,993 pairs
[05:53:17] [SUCCESS] IGS0OPSFIN_20230230000_01D_30S_CLK.CLK.gz: 5,993 pairs
[05:53:17] [SUCCESS] IGS0OPSFIN_20230030000_01D_30S_CLK.CLK.gz: 6,104 pairs
[05:53:17] [SUCCESS] IGS0OPSFIN_20230490000_01D_30S_CLK.CLK.gz: 6,096 pairs
[05:53:17] [SUCCESS] IGS0OPSFIN_20230550000_01D_30S_CLK.CLK.gz: 6,666 pairs
[05:53:17] [SUCCESS] IGS0OPSFIN_20230730000_01D_30S_CLK.CLK.gz: 6,104 pairs
[05:53:17] [SUCCESS] IGS0OPSFIN_20230650000_01D_30S_CLK.CLK.gz: 6,104 pairs
[05:53:18] [SUCCESS] IGS0OPSFIN_20230460000_01D_30S_CLK.CLK.gz: 6,104 pairs
[05:53:18] [SUCCESS] IGS0OPSFIN_20230070000_01D_30S_CLK.CLK.gz: 6,215 pairs
[05:53:18] [SUCCESS] IGS0OPSFIN_20230520000_01D_30S_CLK.CLK.gz: 6,327 pairs
[05:53:18] [SUCCESS] IGS0OPSFIN_20230670000_01D_30S_CLK.CLK.gz: 6,327 pairs
[05:53:18] [SUCCESS] IGS0OPSFIN_20230720000_01D_30S_CLK.CLK.gz: 6,323 pairs
[05:53:18] [SUCCESS] IGS0OPSFIN_20230500000_01D_30S_CLK.CLK.gz: 6,327 pairs
[05:53:19] [SUCCESS] IGS0OPSFIN_20230600000_01D_30S_CLK.CLK.gz: 6,441 pairs
[05:53:20] [SUCCESS] IGS0OPSFIN_20230660000_01D_30S_CLK.CLK.gz: 6,554 pairs
[05:53:20] [SUCCESS] IGS0OPSFIN_20230510000_01D_30S_CLK.CLK.gz: 6,785 pairs
[05:53:26] [SUCCESS] IGS0OPSFIN_20230970000_01D_30S_CLK.CLK.gz: 5,670 pairs
[05:53:28] [SUCCESS] IGS0OPSFIN_20230980000_01D_30S_CLK.CLK.gz: 5,992 pairs
[05:53:34] [SUCCESS] IGS0OPSFIN_20231040000_01D_30S_CLK.CLK.gz: 5,252 pairs
[05:53:34] [SUCCESS] IGS0OPSFIN_20231080000_01D_30S_CLK.CLK.gz: 5,149 pairs
[05:53:34] [SUCCESS] IGS0OPSFIN_20231090000_01D_30S_CLK.CLK.gz: 5,669 pairs
[05:53:34] [SUCCESS] IGS0OPSFIN_20231030000_01D_30S_CLK.CLK.gz: 5,459 pairs
[05:53:34] [SUCCESS] IGS0OPSFIN_20230990000_01D_30S_CLK.CLK.gz: 6,104 pairs
[05:53:35] [SUCCESS] IGS0OPSFIN_20231100000_01D_30S_CLK.CLK.gz: 5,150 pairs
[05:53:36] [SUCCESS] IGS0OPSFIN_20231010000_01D_30S_CLK.CLK.gz: 5,885 pairs
[05:53:36] [SUCCESS] IGS0OPSFIN_20231470000_01D_30S_CLK.CLK.gz: 5,149 pairs
[05:53:36] [SUCCESS] IGS0OPSFIN_20231020000_01D_30S_CLK.CLK.gz: 5,994 pairs
[05:53:36] [SUCCESS] IGS0OPSFIN_20231270000_01D_30S_CLK.CLK.gz: 5,355 pairs
[05:53:36] [SUCCESS] IGS0OPSFIN_20231260000_01D_30S_CLK.CLK.gz: 5,355 pairs
[05:53:36] [SUCCESS] IGS0OPSFIN_20231140000_01D_30S_CLK.CLK.gz: 5,771 pairs
[05:53:37] [SUCCESS] IGS0OPSFIN_20231070000_01D_30S_CLK.CLK.gz: 5,777 pairs
[05:53:37] [SUCCESS] IGS0OPSFIN_20231170000_01D_30S_CLK.CLK.gz: 5,564 pairs
[05:53:37] [SUCCESS] IGS0OPSFIN_20231110000_01D_30S_CLK.CLK.gz: 5,670 pairs
[05:53:37] [SUCCESS] IGS0OPSFIN_20231250000_01D_30S_CLK.CLK.gz: 5,563 pairs
[05:53:37] [SUCCESS] IGS0OPSFIN_20231460000_01D_30S_CLK.CLK.gz: 4,850 pairs
[05:53:37] [SUCCESS] IGS0OPSFIN_20231200000_01D_30S_CLK.CLK.gz: 5,670 pairs
[05:53:37] [SUCCESS] IGS0OPSFIN_20231190000_01D_30S_CLK.CLK.gz: 5,669 pairs
[05:53:38] [SUCCESS] IGS0OPSFIN_20231050000_01D_30S_CLK.CLK.gz: 6,215 pairs
[05:53:38] [SUCCESS] IGS0OPSFIN_20231150000_01D_30S_CLK.CLK.gz: 6,215 pairs
[05:53:38] [SUCCESS] IGS0OPSFIN_20231160000_01D_30S_CLK.CLK.gz: 5,883 pairs
[05:53:38] [SUCCESS] IGS0OPSFIN_20231000000_01D_30S_CLK.CLK.gz: 6,440 pairs
[05:53:38] [SUCCESS] IGS0OPSFIN_20231670000_01D_30S_CLK.CLK.gz: 5,884 pairs
[05:53:38] [SUCCESS] IGS0OPSFIN_20231130000_01D_30S_CLK.CLK.gz: 5,994 pairs
[05:53:38] [SUCCESS] IGS0OPSFIN_20231280000_01D_30S_CLK.CLK.gz: 5,777 pairs
[05:53:38] [SUCCESS] IGS0OPSFIN_20231120000_01D_30S_CLK.CLK.gz: 6,439 pairs
[05:53:38] [SUCCESS] IGS0OPSFIN_20231060000_01D_30S_CLK.CLK.gz: 6,327 pairs
[05:53:38] [SUCCESS] IGS0OPSFIN_20231660000_01D_30S_CLK.CLK.gz: 5,880 pairs
[05:53:38] [SUCCESS] IGS0OPSFIN_20231390000_01D_30S_CLK.CLK.gz: 5,993 pairs
[05:53:39] [SUCCESS] IGS0OPSFIN_20231370000_01D_30S_CLK.CLK.gz: 5,884 pairs
[05:53:39] [SUCCESS] IGS0OPSFIN_20231220000_01D_30S_CLK.CLK.gz: 6,327 pairs
[05:53:39] [SUCCESS] IGS0OPSFIN_20231500000_01D_30S_CLK.CLK.gz: 5,150 pairs
[05:53:39] [SUCCESS] IGS0OPSFIN_20231480000_01D_30S_CLK.CLK.gz: 6,214 pairs
[05:53:39] [SUCCESS] IGS0OPSFIN_20231360000_01D_30S_CLK.CLK.gz: 5,994 pairs
[05:53:39] [SUCCESS] IGS0OPSFIN_20231210000_01D_30S_CLK.CLK.gz: 6,213 pairs
[05:53:39] [SUCCESS] IGS0OPSFIN_20231560000_01D_30S_CLK.CLK.gz: 5,777 pairs
[05:53:39] [SUCCESS] IGS0OPSFIN_20231400000_01D_30S_CLK.CLK.gz: 6,328 pairs
[05:53:39] [SUCCESS] IGS0OPSFIN_20231490000_01D_30S_CLK.CLK.gz: 5,993 pairs
[05:53:39] [SUCCESS] IGS0OPSFIN_20231300000_01D_30S_CLK.CLK.gz: 6,440 pairs
[05:53:39] [SUCCESS] IGS0OPSFIN_20231590000_01D_30S_CLK.CLK.gz: 5,994 pairs
[05:53:39] [SUCCESS] IGS0OPSFIN_20231520000_01D_30S_CLK.CLK.gz: 6,104 pairs
[05:53:39] [SUCCESS] IGS0OPSFIN_20231340000_01D_30S_CLK.CLK.gz: 6,213 pairs
[05:53:39] [SUCCESS] IGS0OPSFIN_20231330000_01D_30S_CLK.CLK.gz: 6,327 pairs
[05:53:39] [SUCCESS] IGS0OPSFIN_20231690000_01D_30S_CLK.CLK.gz: 5,881 pairs
[05:53:39] [SUCCESS] IGS0OPSFIN_20231610000_01D_30S_CLK.CLK.gz: 5,991 pairs
[05:53:40] [SUCCESS] IGS0OPSFIN_20231230000_01D_30S_CLK.CLK.gz: 6,668 pairs
[05:53:40] [SUCCESS] IGS0OPSFIN_20231730000_01D_30S_CLK.CLK.gz: 5,670 pairs
[05:53:40] [SUCCESS] IGS0OPSFIN_20231420000_01D_30S_CLK.CLK.gz: 6,327 pairs
[05:53:40] [SUCCESS] IGS0OPSFIN_20231650000_01D_30S_CLK.CLK.gz: 5,994 pairs
[05:53:40] [SUCCESS] IGS0OPSFIN_20231240000_01D_30S_CLK.CLK.gz: 6,553 pairs
[05:53:40] [SUCCESS] IGS0OPSFIN_20231700000_01D_30S_CLK.CLK.gz: 5,994 pairs
[05:53:40] [SUCCESS] IGS0OPSFIN_20231550000_01D_30S_CLK.CLK.gz: 5,564 pairs
[05:53:40] [SUCCESS] IGS0OPSFIN_20231350000_01D_30S_CLK.CLK.gz: 6,552 pairs
[05:53:40] [SUCCESS] IGS0OPSFIN_20231810000_01D_30S_CLK.CLK.gz: 6,105 pairs
[05:53:40] [SUCCESS] IGS0OPSFIN_20231180000_01D_30S_CLK.CLK.gz: 5,883 pairs
[05:53:40] [SUCCESS] IGS0OPSFIN_20231540000_01D_30S_CLK.CLK.gz: 5,883 pairs
[05:53:41] [SUCCESS] IGS0OPSFIN_20231820000_01D_30S_CLK.CLK.gz: 5,886 pairs
[05:53:41] [SUCCESS] IGS0OPSFIN_20231760000_01D_30S_CLK.CLK.gz: 6,215 pairs
[05:53:41] [SUCCESS] IGS0OPSFIN_20231440000_01D_30S_CLK.CLK.gz: 6,440 pairs
[05:53:41] [SUCCESS] IGS0OPSFIN_20231380000_01D_30S_CLK.CLK.gz: 5,885 pairs
[05:53:41] [SUCCESS] IGS0OPSFIN_20231510000_01D_30S_CLK.CLK.gz: 5,775 pairs
[05:53:41] [SUCCESS] IGS0OPSFIN_20231840000_01D_30S_CLK.CLK.gz: 5,778 pairs
[05:53:41] [SUCCESS] IGS0OPSFIN_20231450000_01D_30S_CLK.CLK.gz: 6,327 pairs
[05:53:41] [SUCCESS] IGS0OPSFIN_20231620000_01D_30S_CLK.CLK.gz: 5,994 pairs
[05:53:41] [SUCCESS] IGS0OPSFIN_20231290000_01D_30S_CLK.CLK.gz: 5,994 pairs
[05:53:42] [SUCCESS] IGS0OPSFIN_20231580000_01D_30S_CLK.CLK.gz: 5,994 pairs
[05:53:42] [SUCCESS] IGS0OPSFIN_20231720000_01D_30S_CLK.CLK.gz: 6,105 pairs
[05:53:42] [SUCCESS] IGS0OPSFIN_20231410000_01D_30S_CLK.CLK.gz: 5,994 pairs
[05:53:42] [SUCCESS] IGS0OPSFIN_20231740000_01D_30S_CLK.CLK.gz: 6,215 pairs
[05:53:42] [SUCCESS] IGS0OPSFIN_20231850000_01D_30S_CLK.CLK.gz: 5,994 pairs
[05:53:42] [SUCCESS] IGS0OPSFIN_20231530000_01D_30S_CLK.CLK.gz: 6,104 pairs
[05:53:42] [SUCCESS] IGS0OPSFIN_20231880000_01D_30S_CLK.CLK.gz: 6,211 pairs
[05:53:42] [SUCCESS] IGS0OPSFIN_20231680000_01D_30S_CLK.CLK.gz: 6,104 pairs
[05:53:42] [SUCCESS] IGS0OPSFIN_20231790000_01D_30S_CLK.CLK.gz: 6,215 pairs
[05:53:42] [SUCCESS] IGS0OPSFIN_20231830000_01D_30S_CLK.CLK.gz: 5,670 pairs
[05:53:42] [SUCCESS] IGS0OPSFIN_20231570000_01D_30S_CLK.CLK.gz: 6,104 pairs
[05:53:42] [SUCCESS] IGS0OPSFIN_20231750000_01D_30S_CLK.CLK.gz: 6,104 pairs
[05:53:42] [SUCCESS] IGS0OPSFIN_20231860000_01D_30S_CLK.CLK.gz: 5,777 pairs
[05:53:42] [SUCCESS] IGS0OPSFIN_20231600000_01D_30S_CLK.CLK.gz: 6,212 pairs
[05:53:42] [SUCCESS] IGS0OPSFIN_20231320000_01D_30S_CLK.CLK.gz: 6,327 pairs
[05:53:42] [SUCCESS] IGS0OPSFIN_20231800000_01D_30S_CLK.CLK.gz: 5,994 pairs
[05:53:42] [SUCCESS] IGS0OPSFIN_20231310000_01D_30S_CLK.CLK.gz: 6,440 pairs
[05:53:42] [SUCCESS] IGS0OPSFIN_20231630000_01D_30S_CLK.CLK.gz: 6,104 pairs
[05:53:42] [SUCCESS] IGS0OPSFIN_20231870000_01D_30S_CLK.CLK.gz: 5,776 pairs
[05:53:43] [SUCCESS] IGS0OPSFIN_20231710000_01D_30S_CLK.CLK.gz: 6,101 pairs
[05:53:43] [SUCCESS] IGS0OPSFIN_20231640000_01D_30S_CLK.CLK.gz: 6,215 pairs
[05:53:43] [SUCCESS] IGS0OPSFIN_20231430000_01D_30S_CLK.CLK.gz: 6,553 pairs
[05:53:43] [SUCCESS] IGS0OPSFIN_20231890000_01D_30S_CLK.CLK.gz: 5,994 pairs
[05:53:43] [SUCCESS] IGS0OPSFIN_20231900000_01D_30S_CLK.CLK.gz: 6,215 pairs
[05:53:43] [SUCCESS] IGS0OPSFIN_20231780000_01D_30S_CLK.CLK.gz: 6,104 pairs
[05:53:44] [SUCCESS] IGS0OPSFIN_20231910000_01D_30S_CLK.CLK.gz: 6,324 pairs
[05:53:44] [SUCCESS] IGS0OPSFIN_20231770000_01D_30S_CLK.CLK.gz: 6,440 pairs
[05:53:44] [SUCCESS] IGS0OPSFIN_20231920000_01D_30S_CLK.CLK.gz: 6,103 pairs
[05:53:44] [INFO] Checkpoint saved: 192/912 files processed
[05:53:44] [PROCESS] Processing batch 2: 192 files
[05:53:54] [SUCCESS] IGS0OPSFIN_20232040000_01D_30S_CLK.CLK.gz: 2,346 pairs
[05:54:06] [SUCCESS] IGS0OPSFIN_20232010000_01D_30S_CLK.CLK.gz: 5,354 pairs
[05:54:07] [SUCCESS] IGS0OPSFIN_20232150000_01D_30S_CLK.CLK.gz: 5,459 pairs
[05:54:07] [SUCCESS] IGS0OPSFIN_20232650000_01D_30S_CLK.CLK.gz: 5,455 pairs
[05:54:08] [SUCCESS] IGS0OPSFIN_20232170000_01D_30S_CLK.CLK.gz: 5,564 pairs
[05:54:08] [SUCCESS] IGS0OPSFIN_20232160000_01D_30S_CLK.CLK.gz: 5,670 pairs
[05:54:08] [SUCCESS] IGS0OPSFIN_20232220000_01D_30S_CLK.CLK.gz: 5,669 pairs
[05:54:08] [SUCCESS] IGS0OPSFIN_20232390000_01D_30S_CLK.CLK.gz: 5,666 pairs
[05:54:08] [SUCCESS] IGS0OPSFIN_20232340000_01D_30S_CLK.CLK.gz: 5,670 pairs
[05:54:08] [SUCCESS] IGS0OPSFIN_20232020000_01D_30S_CLK.CLK.gz: 5,564 pairs
[05:54:08] [SUCCESS] IGS0OPSFIN_20232250000_01D_30S_CLK.CLK.gz: 5,777 pairs
[05:54:08] [SUCCESS] IGS0OPSFIN_20232310000_01D_30S_CLK.CLK.gz: 5,777 pairs
[05:54:08] [SUCCESS] IGS0OPSFIN_20232320000_01D_30S_CLK.CLK.gz: 5,776 pairs
[05:54:09] [SUCCESS] IGS0OPSFIN_20232330000_01D_30S_CLK.CLK.gz: 5,777 pairs
[05:54:09] [SUCCESS] IGS0OPSFIN_20232400000_01D_30S_CLK.CLK.gz: 5,670 pairs
[05:54:09] [SUCCESS] IGS0OPSFIN_20232360000_01D_30S_CLK.CLK.gz: 5,885 pairs
[05:54:09] [SUCCESS] IGS0OPSFIN_20232070000_01D_30S_CLK.CLK.gz: 5,885 pairs
[05:54:09] [SUCCESS] IGS0OPSFIN_20232240000_01D_30S_CLK.CLK.gz: 5,775 pairs
[05:54:09] [SUCCESS] IGS0OPSFIN_20232620000_01D_30S_CLK.CLK.gz: 5,356 pairs
[05:54:09] [SUCCESS] IGS0OPSFIN_20232430000_01D_30S_CLK.CLK.gz: 5,883 pairs
[05:54:09] [SUCCESS] IGS0OPSFIN_20232410000_01D_30S_CLK.CLK.gz: 5,777 pairs
[05:54:09] [SUCCESS] IGS0OPSFIN_20232300000_01D_30S_CLK.CLK.gz: 5,994 pairs
[05:54:09] [SUCCESS] IGS0OPSFIN_20232260000_01D_30S_CLK.CLK.gz: 5,885 pairs
[05:54:09] [SUCCESS] IGS0OPSFIN_20232090000_01D_30S_CLK.CLK.gz: 5,994 pairs
[05:54:09] [SUCCESS] IGS0OPSFIN_20232380000_01D_30S_CLK.CLK.gz: 5,994 pairs
[05:54:09] [SUCCESS] IGS0OPSFIN_20232120000_01D_30S_CLK.CLK.gz: 5,994 pairs
[05:54:09] [SUCCESS] IGS0OPSFIN_20232540000_01D_30S_CLK.CLK.gz: 5,881 pairs
[05:54:09] [SUCCESS] IGS0OPSFIN_20232200000_01D_30S_CLK.CLK.gz: 5,994 pairs
[05:54:09] [SUCCESS] IGS0OPSFIN_20232290000_01D_30S_CLK.CLK.gz: 5,994 pairs
[05:54:10] [SUCCESS] IGS0OPSFIN_20232460000_01D_30S_CLK.CLK.gz: 6,104 pairs
[05:54:10] [SUCCESS] IGS0OPSFIN_20231970000_01D_30S_CLK.CLK.gz: 5,994 pairs
[05:54:10] [SUCCESS] IGS0OPSFIN_20232140000_01D_30S_CLK.CLK.gz: 5,885 pairs
[05:54:10] [SUCCESS] IGS0OPSFIN_20232450000_01D_30S_CLK.CLK.gz: 6,104 pairs
[05:54:10] [SUCCESS] IGS0OPSFIN_20232370000_01D_30S_CLK.CLK.gz: 6,103 pairs
[05:54:10] [SUCCESS] IGS0OPSFIN_20232710000_01D_30S_CLK.CLK.gz: 5,565 pairs
[05:54:10] [SUCCESS] IGS0OPSFIN_20232850000_01D_30S_CLK.CLK.gz: 5,564 pairs
[05:54:10] [SUCCESS] IGS0OPSFIN_20231960000_01D_30S_CLK.CLK.gz: 6,104 pairs
[05:54:10] [SUCCESS] IGS0OPSFIN_20232230000_01D_30S_CLK.CLK.gz: 5,565 pairs
[05:54:10] [SUCCESS] IGS0OPSFIN_20232280000_01D_30S_CLK.CLK.gz: 6,104 pairs
[05:54:10] [SUCCESS] IGS0OPSFIN_20232350000_01D_30S_CLK.CLK.gz: 6,213 pairs
[05:54:10] [SUCCESS] IGS0OPSFIN_20231990000_01D_30S_CLK.CLK.gz: 6,215 pairs
[05:54:10] [SUCCESS] IGS0OPSFIN_20232050000_01D_30S_CLK.CLK.gz: 6,215 pairs
[05:54:10] [SUCCESS] IGS0OPSFIN_20232640000_01D_30S_CLK.CLK.gz: 5,670 pairs
[05:54:10] [SUCCESS] IGS0OPSFIN_20232480000_01D_30S_CLK.CLK.gz: 6,104 pairs
[05:54:10] [SUCCESS] IGS0OPSFIN_20232190000_01D_30S_CLK.CLK.gz: 6,215 pairs
[05:54:10] [SUCCESS] IGS0OPSFIN_20232440000_01D_30S_CLK.CLK.gz: 6,215 pairs
[05:54:10] [SUCCESS] IGS0OPSFIN_20232210000_01D_30S_CLK.CLK.gz: 6,213 pairs
[05:54:10] [SUCCESS] IGS0OPSFIN_20232100000_01D_30S_CLK.CLK.gz: 6,215 pairs
[05:54:10] [SUCCESS] IGS0OPSFIN_20232580000_01D_30S_CLK.CLK.gz: 5,564 pairs
[05:54:10] [SUCCESS] IGS0OPSFIN_20231980000_01D_30S_CLK.CLK.gz: 6,215 pairs
[05:54:10] [SUCCESS] IGS0OPSFIN_20232490000_01D_30S_CLK.CLK.gz: 6,104 pairs
[05:54:10] [SUCCESS] IGS0OPSFIN_20232800000_01D_30S_CLK.CLK.gz: 5,670 pairs
[05:54:10] [SUCCESS] IGS0OPSFIN_20232130000_01D_30S_CLK.CLK.gz: 6,327 pairs
[05:54:10] [SUCCESS] IGS0OPSFIN_20232770000_01D_30S_CLK.CLK.gz: 5,885 pairs
[05:54:10] [SUCCESS] IGS0OPSFIN_20232000000_01D_30S_CLK.CLK.gz: 6,215 pairs
[05:54:10] [SUCCESS] IGS0OPSFIN_20231940000_01D_30S_CLK.CLK.gz: 5,777 pairs
[05:54:10] [SUCCESS] IGS0OPSFIN_20232750000_01D_30S_CLK.CLK.gz: 5,670 pairs
[05:54:10] [SUCCESS] IGS0OPSFIN_20232690000_01D_30S_CLK.CLK.gz: 5,777 pairs
[05:54:10] [SUCCESS] IGS0OPSFIN_20232560000_01D_30S_CLK.CLK.gz: 5,670 pairs
[05:54:10] [SUCCESS] IGS0OPSFIN_20232740000_01D_30S_CLK.CLK.gz: 5,885 pairs
[05:54:11] [SUCCESS] IGS0OPSFIN_20232700000_01D_30S_CLK.CLK.gz: 5,886 pairs
[05:54:11] [SUCCESS] IGS0OPSFIN_20232860000_01D_30S_CLK.CLK.gz: 5,670 pairs
[05:54:11] [SUCCESS] IGS0OPSFIN_20232820000_01D_30S_CLK.CLK.gz: 5,994 pairs
[05:54:11] [SUCCESS] IGS0OPSFIN_20232730000_01D_30S_CLK.CLK.gz: 5,777 pairs
[05:54:11] [SUCCESS] IGS0OPSFIN_20232030000_01D_30S_CLK.CLK.gz: 5,670 pairs
[05:54:11] [SUCCESS] IGS0OPSFIN_20232870000_01D_30S_CLK.CLK.gz: 5,777 pairs
[05:54:11] [SUCCESS] IGS0OPSFIN_20232270000_01D_30S_CLK.CLK.gz: 5,777 pairs
[05:54:11] [SUCCESS] IGS0OPSFIN_20232550000_01D_30S_CLK.CLK.gz: 5,777 pairs
[05:54:11] [SUCCESS] IGS0OPSFIN_20231950000_01D_30S_CLK.CLK.gz: 6,213 pairs
[05:54:11] [SUCCESS] IGS0OPSFIN_20232510000_01D_30S_CLK.CLK.gz: 5,883 pairs
[05:54:11] [SUCCESS] IGS0OPSFIN_20232590000_01D_30S_CLK.CLK.gz: 5,885 pairs
[05:54:11] [SUCCESS] IGS0OPSFIN_20232570000_01D_30S_CLK.CLK.gz: 5,777 pairs
[05:54:11] [SUCCESS] IGS0OPSFIN_20232880000_01D_30S_CLK.CLK.gz: 5,885 pairs
[05:54:11] [SUCCESS] IGS0OPSFIN_20232780000_01D_30S_CLK.CLK.gz: 5,777 pairs
[05:54:11] [SUCCESS] IGS0OPSFIN_20232840000_01D_30S_CLK.CLK.gz: 5,885 pairs
[05:54:11] [SUCCESS] IGS0OPSFIN_20232670000_01D_30S_CLK.CLK.gz: 5,884 pairs
[05:54:11] [SUCCESS] IGS0OPSFIN_20232810000_01D_30S_CLK.CLK.gz: 5,885 pairs
[05:54:11] [SUCCESS] IGS0OPSFIN_20232520000_01D_30S_CLK.CLK.gz: 5,994 pairs
[05:54:11] [SUCCESS] IGS0OPSFIN_20232790000_01D_30S_CLK.CLK.gz: 5,777 pairs
[05:54:11] [SUCCESS] IGS0OPSFIN_20232660000_01D_30S_CLK.CLK.gz: 5,994 pairs
[05:54:11] [SUCCESS] IGS0OPSFIN_20232530000_01D_30S_CLK.CLK.gz: 5,994 pairs
[05:54:12] [SUCCESS] IGS0OPSFIN_20232630000_01D_30S_CLK.CLK.gz: 5,994 pairs
[05:54:12] [SUCCESS] IGS0OPSFIN_20232500000_01D_30S_CLK.CLK.gz: 5,994 pairs
[05:54:12] [SUCCESS] IGS0OPSFIN_20232610000_01D_30S_CLK.CLK.gz: 5,994 pairs
[05:54:12] [SUCCESS] IGS0OPSFIN_20232180000_01D_30S_CLK.CLK.gz: 5,993 pairs
[05:54:12] [SUCCESS] IGS0OPSFIN_20232680000_01D_30S_CLK.CLK.gz: 5,994 pairs
[05:54:12] [SUCCESS] IGS0OPSFIN_20231930000_01D_30S_CLK.CLK.gz: 6,104 pairs
[05:54:12] [SUCCESS] IGS0OPSFIN_20232600000_01D_30S_CLK.CLK.gz: 5,994 pairs
[05:54:12] [SUCCESS] IGS0OPSFIN_20232110000_01D_30S_CLK.CLK.gz: 5,994 pairs
[05:54:12] [SUCCESS] IGS0OPSFIN_20232420000_01D_30S_CLK.CLK.gz: 6,104 pairs
[05:54:12] [SUCCESS] IGS0OPSFIN_20232470000_01D_30S_CLK.CLK.gz: 5,994 pairs
[05:54:13] [SUCCESS] IGS0OPSFIN_20232830000_01D_30S_CLK.CLK.gz: 6,104 pairs
[05:54:13] [SUCCESS] IGS0OPSFIN_20232720000_01D_30S_CLK.CLK.gz: 6,103 pairs
[05:54:13] [SUCCESS] IGS0OPSFIN_20232080000_01D_30S_CLK.CLK.gz: 5,994 pairs
[05:54:13] [SUCCESS] IGS0OPSFIN_20232760000_01D_30S_CLK.CLK.gz: 6,215 pairs
[05:54:14] [SUCCESS] IGS0OPSFIN_20232060000_01D_30S_CLK.CLK.gz: 6,215 pairs
[05:54:18] [SUCCESS] IGS0OPSFIN_20232890000_01D_30S_CLK.CLK.gz: 5,670 pairs
[05:54:26] [SUCCESS] IGS0OPSFIN_20232930000_01D_30S_CLK.CLK.gz: 5,564 pairs
[05:54:30] [SUCCESS] IGS0OPSFIN_20232920000_01D_30S_CLK.CLK.gz: 5,564 pairs
[05:54:31] [SUCCESS] IGS0OPSFIN_20233060000_01D_30S_CLK.CLK.gz: 5,252 pairs
[05:54:31] [SUCCESS] IGS0OPSFIN_20232900000_01D_30S_CLK.CLK.gz: 5,885 pairs
[05:54:31] [SUCCESS] IGS0OPSFIN_20232910000_01D_30S_CLK.CLK.gz: 5,885 pairs
[05:54:31] [SUCCESS] IGS0OPSFIN_20232940000_01D_30S_CLK.CLK.gz: 5,670 pairs
[05:54:32] [SUCCESS] IGS0OPSFIN_20233000000_01D_30S_CLK.CLK.gz: 5,777 pairs
[05:54:33] [SUCCESS] IGS0OPSFIN_20232970000_01D_30S_CLK.CLK.gz: 5,994 pairs
[05:54:33] [SUCCESS] IGS0OPSFIN_20233050000_01D_30S_CLK.CLK.gz: 5,777 pairs
[05:54:33] [SUCCESS] IGS0OPSFIN_20232980000_01D_30S_CLK.CLK.gz: 6,104 pairs
[05:54:33] [SUCCESS] IGS0OPSFIN_20232950000_01D_30S_CLK.CLK.gz: 6,104 pairs
[05:54:33] [SUCCESS] IGS0OPSFIN_20233080000_01D_30S_CLK.CLK.gz: 5,777 pairs
[05:54:33] [SUCCESS] IGS0OPSFIN_20232960000_01D_30S_CLK.CLK.gz: 6,104 pairs
[05:54:33] [SUCCESS] IGS0OPSFIN_20233020000_01D_30S_CLK.CLK.gz: 5,885 pairs
[05:54:33] [SUCCESS] IGS0OPSFIN_20233090000_01D_30S_CLK.CLK.gz: 5,885 pairs
[05:54:33] [SUCCESS] IGS0OPSFIN_20233140000_01D_30S_CLK.CLK.gz: 5,994 pairs
[05:54:33] [SUCCESS] IGS0OPSFIN_20233040000_01D_30S_CLK.CLK.gz: 5,885 pairs
[05:54:33] [SUCCESS] IGS0OPSFIN_20233100000_01D_30S_CLK.CLK.gz: 5,886 pairs
[05:54:33] [SUCCESS] IGS0OPSFIN_20232990000_01D_30S_CLK.CLK.gz: 5,994 pairs
[05:54:33] [SUCCESS] IGS0OPSFIN_20233110000_01D_30S_CLK.CLK.gz: 6,104 pairs
[05:54:34] [SUCCESS] IGS0OPSFIN_20233130000_01D_30S_CLK.CLK.gz: 5,994 pairs
[05:54:34] [SUCCESS] IGS0OPSFIN_20233160000_01D_30S_CLK.CLK.gz: 5,886 pairs
[05:54:34] [SUCCESS] IGS0OPSFIN_20233170000_01D_30S_CLK.CLK.gz: 5,885 pairs
[05:54:34] [SUCCESS] IGS0OPSFIN_20233190000_01D_30S_CLK.CLK.gz: 5,885 pairs
[05:54:34] [SUCCESS] IGS0OPSFIN_20233010000_01D_30S_CLK.CLK.gz: 6,327 pairs
[05:54:34] [SUCCESS] IGS0OPSFIN_20233150000_01D_30S_CLK.CLK.gz: 6,215 pairs
[05:54:34] [SUCCESS] IGS0OPSFIN_20233220000_01D_30S_CLK.CLK.gz: 5,994 pairs
[05:54:34] [SUCCESS] IGS0OPSFIN_20233030000_01D_30S_CLK.CLK.gz: 6,216 pairs
[05:54:35] [SUCCESS] IGS0OPSFIN_20233180000_01D_30S_CLK.CLK.gz: 6,327 pairs
[05:54:35] [SUCCESS] IGS0OPSFIN_20233200000_01D_30S_CLK.CLK.gz: 6,327 pairs
[05:54:35] [SUCCESS] IGS0OPSFIN_20233210000_01D_30S_CLK.CLK.gz: 6,327 pairs
[05:54:36] [SUCCESS] IGS0OPSFIN_20240130000_01D_30S_CLK.CLK.gz: 5,671 pairs
[05:54:36] [SUCCESS] IGS0OPSFIN_20233520000_01D_30S_CLK.CLK.gz: 5,459 pairs
[05:54:36] [SUCCESS] IGS0OPSFIN_20233070000_01D_30S_CLK.CLK.gz: 5,885 pairs
[05:54:36] [SUCCESS] IGS0OPSFIN_20240070000_01D_30S_CLK.CLK.gz: 5,564 pairs
[05:54:36] [SUCCESS] IGS0OPSFIN_20240010000_01D_30S_CLK.CLK.gz: 5,460 pairs
[05:54:36] [SUCCESS] IGS0OPSFIN_20233120000_01D_30S_CLK.CLK.gz: 6,104 pairs
[05:54:36] [SUCCESS] IGS0OPSFIN_20240030000_01D_30S_CLK.CLK.gz: 5,994 pairs
[05:54:37] [SUCCESS] IGS0OPSFIN_20240080000_01D_30S_CLK.CLK.gz: 5,885 pairs
[05:54:37] [SUCCESS] IGS0OPSFIN_20240120000_01D_30S_CLK.CLK.gz: 5,353 pairs
[05:54:37] [SUCCESS] IGS0OPSFIN_20240060000_01D_30S_CLK.CLK.gz: 5,777 pairs
[05:54:37] [SUCCESS] IGS0OPSFIN_20240040000_01D_30S_CLK.CLK.gz: 5,885 pairs
[05:54:37] [SUCCESS] IGS0OPSFIN_20240100000_01D_30S_CLK.CLK.gz: 6,215 pairs
[05:54:37] [SUCCESS] IGS0OPSFIN_20233510000_01D_30S_CLK.CLK.gz: 5,885 pairs
[05:54:38] [SUCCESS] IGS0OPSFIN_20240110000_01D_30S_CLK.CLK.gz: 5,885 pairs
[05:54:38] [SUCCESS] IGS0OPSFIN_20240050000_01D_30S_CLK.CLK.gz: 5,885 pairs
[05:54:38] [SUCCESS] IGS0OPSFIN_20240170000_01D_30S_CLK.CLK.gz: 5,994 pairs
[05:54:39] [SUCCESS] IGS0OPSFIN_20240090000_01D_30S_CLK.CLK.gz: 6,104 pairs
[05:54:39] [SUCCESS] IGS0OPSFIN_20240140000_01D_30S_CLK.CLK.gz: 6,102 pairs
[05:54:39] [SUCCESS] IGS0OPSFIN_20240020000_01D_30S_CLK.CLK.gz: 5,991 pairs
[05:54:39] [SUCCESS] IGS0OPSFIN_20240180000_01D_30S_CLK.CLK.gz: 5,993 pairs
[05:54:39] [SUCCESS] IGS0OPSFIN_20240190000_01D_30S_CLK.CLK.gz: 6,104 pairs
[05:54:39] [SUCCESS] IGS0OPSFIN_20240150000_01D_30S_CLK.CLK.gz: 5,994 pairs
[05:54:39] [SUCCESS] IGS0OPSFIN_20240160000_01D_30S_CLK.CLK.gz: 6,104 pairs
[05:54:41] [SUCCESS] IGS0OPSFIN_20233290000_01D_30S_CLK.CLK.gz: 9,043 pairs
[05:54:42] [SUCCESS] IGS0OPSFIN_20233270000_01D_30S_CLK.CLK.gz: 9,045 pairs
[05:54:42] [SUCCESS] IGS0OPSFIN_20233430000_01D_30S_CLK.CLK.gz: 9,179 pairs
[05:54:43] [SUCCESS] IGS0OPSFIN_20233570000_01D_30S_CLK.CLK.gz: 9,179 pairs
[05:54:43] [SUCCESS] IGS0OPSFIN_20233280000_01D_30S_CLK.CLK.gz: 9,452 pairs
[05:54:43] [SUCCESS] IGS0OPSFIN_20233250000_01D_30S_CLK.CLK.gz: 9,588 pairs
[05:54:44] [SUCCESS] IGS0OPSFIN_20233340000_01D_30S_CLK.CLK.gz: 9,728 pairs
[05:54:44] [SUCCESS] IGS0OPSFIN_20233360000_01D_30S_CLK.CLK.gz: 10,152 pairs
[05:54:44] [SUCCESS] IGS0OPSFIN_20233260000_01D_30S_CLK.CLK.gz: 8,910 pairs
[05:54:44] [SUCCESS] IGS0OPSFIN_20233420000_01D_30S_CLK.CLK.gz: 9,869 pairs
[05:54:44] [SUCCESS] IGS0OPSFIN_20233390000_01D_30S_CLK.CLK.gz: 9,723 pairs
[05:54:44] [SUCCESS] IGS0OPSFIN_20233410000_01D_30S_CLK.CLK.gz: 9,729 pairs
[05:54:44] [SUCCESS] IGS0OPSFIN_20233350000_01D_30S_CLK.CLK.gz: 9,728 pairs
[05:54:44] [SUCCESS] IGS0OPSFIN_20233500000_01D_30S_CLK.CLK.gz: 9,452 pairs
[05:54:44] [SUCCESS] IGS0OPSFIN_20233320000_01D_30S_CLK.CLK.gz: 9,729 pairs
[05:54:45] [SUCCESS] IGS0OPSFIN_20233300000_01D_30S_CLK.CLK.gz: 10,010 pairs
[05:54:45] [SUCCESS] IGS0OPSFIN_20233330000_01D_30S_CLK.CLK.gz: 10,009 pairs
[05:54:45] [SUCCESS] IGS0OPSFIN_20233440000_01D_30S_CLK.CLK.gz: 9,179 pairs
[05:54:45] [SUCCESS] IGS0OPSFIN_20233380000_01D_30S_CLK.CLK.gz: 10,294 pairs
[05:54:45] [SUCCESS] IGS0OPSFIN_20233530000_01D_30S_CLK.CLK.gz: 9,589 pairs
[05:54:45] [SUCCESS] IGS0OPSFIN_20233550000_01D_30S_CLK.CLK.gz: 9,313 pairs
[05:54:45] [SUCCESS] IGS0OPSFIN_20233240000_01D_30S_CLK.CLK.gz: 9,729 pairs
[05:54:46] [SUCCESS] IGS0OPSFIN_20233480000_01D_30S_CLK.CLK.gz: 9,315 pairs
[05:54:46] [SUCCESS] IGS0OPSFIN_20233470000_01D_30S_CLK.CLK.gz: 9,180 pairs
[05:54:46] [SUCCESS] IGS0OPSFIN_20233370000_01D_30S_CLK.CLK.gz: 10,152 pairs
[05:54:46] [SUCCESS] IGS0OPSFIN_20233580000_01D_30S_CLK.CLK.gz: 9,315 pairs
[05:54:46] [SUCCESS] IGS0OPSFIN_20233560000_01D_30S_CLK.CLK.gz: 9,179 pairs
[05:54:46] [SUCCESS] IGS0OPSFIN_20233640000_01D_30S_CLK.CLK.gz: 9,590 pairs
[05:54:46] [SUCCESS] IGS0OPSFIN_20233460000_01D_30S_CLK.CLK.gz: 9,590 pairs
[05:54:46] [SUCCESS] IGS0OPSFIN_20233600000_01D_30S_CLK.CLK.gz: 9,590 pairs
[05:54:46] [SUCCESS] IGS0OPSFIN_20233490000_01D_30S_CLK.CLK.gz: 9,729 pairs
[05:54:47] [SUCCESS] IGS0OPSFIN_20233590000_01D_30S_CLK.CLK.gz: 9,590 pairs
[05:54:47] [SUCCESS] IGS0OPSFIN_20233450000_01D_30S_CLK.CLK.gz: 9,590 pairs
[05:54:47] [SUCCESS] IGS0OPSFIN_20233400000_01D_30S_CLK.CLK.gz: 9,729 pairs
[05:54:47] [SUCCESS] IGS0OPSFIN_20233230000_01D_30S_CLK.CLK.gz: 10,152 pairs
[05:54:47] [SUCCESS] IGS0OPSFIN_20233310000_01D_30S_CLK.CLK.gz: 9,869 pairs
[05:54:47] [SUCCESS] IGS0OPSFIN_20233620000_01D_30S_CLK.CLK.gz: 9,451 pairs
[05:54:47] [SUCCESS] IGS0OPSFIN_20233540000_01D_30S_CLK.CLK.gz: 9,451 pairs
[05:54:47] [SUCCESS] IGS0OPSFIN_20233630000_01D_30S_CLK.CLK.gz: 9,867 pairs
[05:54:47] [SUCCESS] IGS0OPSFIN_20233610000_01D_30S_CLK.CLK.gz: 9,729 pairs
[05:54:48] [SUCCESS] IGS0OPSFIN_20233650000_01D_30S_CLK.CLK.gz: 9,729 pairs
[05:54:48] [INFO] Checkpoint saved: 384/912 files processed
[05:54:48] [PROCESS] Processing batch 3: 192 files
[05:54:52] [SUCCESS] IGS0OPSFIN_20240710000_01D_30S_CLK.CLK.gz: 990 pairs
[05:55:10] [SUCCESS] IGS0OPSFIN_20240750000_01D_30S_CLK.CLK.gz: 5,355 pairs
[05:55:11] [SUCCESS] IGS0OPSFIN_20240340000_01D_30S_CLK.CLK.gz: 5,563 pairs
[05:55:11] [SUCCESS] IGS0OPSFIN_20240350000_01D_30S_CLK.CLK.gz: 5,560 pairs
[05:55:11] [SUCCESS] IGS0OPSFIN_20240330000_01D_30S_CLK.CLK.gz: 5,668 pairs
[05:55:11] [SUCCESS] IGS0OPSFIN_20240830000_01D_30S_CLK.CLK.gz: 5,150 pairs
[05:55:11] [SUCCESS] IGS0OPSFIN_20240760000_01D_30S_CLK.CLK.gz: 5,774 pairs
[05:55:12] [SUCCESS] IGS0OPSFIN_20240780000_01D_30S_CLK.CLK.gz: 5,777 pairs
[05:55:12] [SUCCESS] IGS0OPSFIN_20240810000_01D_30S_CLK.CLK.gz: 5,776 pairs
[05:55:12] [SUCCESS] IGS0OPSFIN_20240470000_01D_30S_CLK.CLK.gz: 5,777 pairs
[05:55:12] [SUCCESS] IGS0OPSFIN_20240800000_01D_30S_CLK.CLK.gz: 5,777 pairs
[05:55:12] [SUCCESS] IGS0OPSFIN_20240480000_01D_30S_CLK.CLK.gz: 5,777 pairs
[05:55:12] [SUCCESS] IGS0OPSFIN_20240770000_01D_30S_CLK.CLK.gz: 5,778 pairs
[05:55:12] [SUCCESS] IGS0OPSFIN_20240790000_01D_30S_CLK.CLK.gz: 5,884 pairs
[05:55:12] [SUCCESS] IGS0OPSFIN_20240440000_01D_30S_CLK.CLK.gz: 5,877 pairs
[05:55:12] [SUCCESS] IGS0OPSFIN_20240820000_01D_30S_CLK.CLK.gz: 5,777 pairs
[05:55:12] [SUCCESS] IGS0OPSFIN_20240590000_01D_30S_CLK.CLK.gz: 5,995 pairs
[05:55:13] [SUCCESS] IGS0OPSFIN_20240490000_01D_30S_CLK.CLK.gz: 5,994 pairs
[05:55:13] [SUCCESS] IGS0OPSFIN_20240720000_01D_30S_CLK.CLK.gz: 5,564 pairs
[05:55:13] [SUCCESS] IGS0OPSFIN_20240280000_01D_30S_CLK.CLK.gz: 6,103 pairs
[05:55:13] [SUCCESS] IGS0OPSFIN_20240370000_01D_30S_CLK.CLK.gz: 6,102 pairs
[05:55:13] [SUCCESS] IGS0OPSFIN_20240200000_01D_30S_CLK.CLK.gz: 6,104 pairs
[05:55:13] [SUCCESS] IGS0OPSFIN_20240260000_01D_30S_CLK.CLK.gz: 6,104 pairs
[05:55:13] [SUCCESS] IGS0OPSFIN_20240320000_01D_30S_CLK.CLK.gz: 6,104 pairs
[05:55:13] [SUCCESS] IGS0OPSFIN_20240430000_01D_30S_CLK.CLK.gz: 6,104 pairs
[05:55:13] [SUCCESS] IGS0OPSFIN_20240360000_01D_30S_CLK.CLK.gz: 6,104 pairs
[05:55:13] [SUCCESS] IGS0OPSFIN_20240380000_01D_30S_CLK.CLK.gz: 6,104 pairs
[05:55:13] [SUCCESS] IGS0OPSFIN_20240460000_01D_30S_CLK.CLK.gz: 6,104 pairs
[05:55:13] [SUCCESS] IGS0OPSFIN_20240730000_01D_30S_CLK.CLK.gz: 5,670 pairs
[05:55:13] [SUCCESS] IGS0OPSFIN_20240510000_01D_30S_CLK.CLK.gz: 6,104 pairs
[05:55:14] [SUCCESS] IGS0OPSFIN_20240670000_01D_30S_CLK.CLK.gz: 5,565 pairs
[05:55:14] [SUCCESS] IGS0OPSFIN_20240210000_01D_30S_CLK.CLK.gz: 5,777 pairs
[05:55:14] [SUCCESS] IGS0OPSFIN_20240650000_01D_30S_CLK.CLK.gz: 5,670 pairs
[05:55:14] [SUCCESS] IGS0OPSFIN_20240270000_01D_30S_CLK.CLK.gz: 6,215 pairs
[05:55:14] [SUCCESS] IGS0OPSFIN_20240220000_01D_30S_CLK.CLK.gz: 6,214 pairs
[05:55:14] [SUCCESS] IGS0OPSFIN_20240250000_01D_30S_CLK.CLK.gz: 6,210 pairs
[05:55:14] [SUCCESS] IGS0OPSFIN_20240400000_01D_30S_CLK.CLK.gz: 6,215 pairs
[05:55:14] [SUCCESS] IGS0OPSFIN_20240500000_01D_30S_CLK.CLK.gz: 6,327 pairs
[05:55:14] [SUCCESS] IGS0OPSFIN_20240410000_01D_30S_CLK.CLK.gz: 6,326 pairs
[05:55:14] [SUCCESS] IGS0OPSFIN_20240390000_01D_30S_CLK.CLK.gz: 5,563 pairs
[05:55:14] [SUCCESS] IGS0OPSFIN_20240230000_01D_30S_CLK.CLK.gz: 6,325 pairs
[05:55:14] [SUCCESS] IGS0OPSFIN_20240740000_01D_30S_CLK.CLK.gz: 5,879 pairs
[05:55:14] [SUCCESS] IGS0OPSFIN_20240660000_01D_30S_CLK.CLK.gz: 5,886 pairs
[05:55:14] [SUCCESS] IGS0OPSFIN_20240620000_01D_30S_CLK.CLK.gz: 5,994 pairs
[05:55:14] [SUCCESS] IGS0OPSFIN_20240420000_01D_30S_CLK.CLK.gz: 6,439 pairs
[05:55:14] [SUCCESS] IGS0OPSFIN_20240520000_01D_30S_CLK.CLK.gz: 5,885 pairs
[05:55:15] [SUCCESS] IGS0OPSFIN_20240540000_01D_30S_CLK.CLK.gz: 5,885 pairs
[05:55:15] [SUCCESS] IGS0OPSFIN_20240310000_01D_30S_CLK.CLK.gz: 6,440 pairs
[05:55:15] [SUCCESS] IGS0OPSFIN_20240550000_01D_30S_CLK.CLK.gz: 5,885 pairs
[05:55:15] [SUCCESS] IGS0OPSFIN_20240290000_01D_30S_CLK.CLK.gz: 6,429 pairs
[05:55:15] [SUCCESS] IGS0OPSFIN_20240630000_01D_30S_CLK.CLK.gz: 5,994 pairs
[05:55:15] [SUCCESS] IGS0OPSFIN_20240580000_01D_30S_CLK.CLK.gz: 5,991 pairs
[05:55:15] [SUCCESS] IGS0OPSFIN_20240450000_01D_30S_CLK.CLK.gz: 5,885 pairs
[05:55:15] [SUCCESS] IGS0OPSFIN_20240610000_01D_30S_CLK.CLK.gz: 5,994 pairs
[05:55:15] [SUCCESS] IGS0OPSFIN_20240640000_01D_30S_CLK.CLK.gz: 6,103 pairs
[05:55:15] [SUCCESS] IGS0OPSFIN_20240600000_01D_30S_CLK.CLK.gz: 5,995 pairs
[05:55:16] [SUCCESS] IGS0OPSFIN_20240690000_01D_30S_CLK.CLK.gz: 6,104 pairs
[05:55:16] [SUCCESS] IGS0OPSFIN_20240560000_01D_30S_CLK.CLK.gz: 6,215 pairs
[05:55:16] [SUCCESS] IGS0OPSFIN_20240570000_01D_30S_CLK.CLK.gz: 6,104 pairs
[05:55:16] [SUCCESS] IGS0OPSFIN_20240680000_01D_30S_CLK.CLK.gz: 6,215 pairs
[05:55:16] [SUCCESS] IGS0OPSFIN_20240530000_01D_30S_CLK.CLK.gz: 6,215 pairs
[05:55:16] [SUCCESS] IGS0OPSFIN_20240240000_01D_30S_CLK.CLK.gz: 6,215 pairs
[05:55:18] [SUCCESS] IGS0OPSFIN_20240700000_01D_30S_CLK.CLK.gz: 6,554 pairs
[05:55:18] [SUCCESS] IGS0OPSFIN_20240300000_01D_30S_CLK.CLK.gz: 6,440 pairs
[05:55:57] [SUCCESS] IGS0OPSFIN_20241120000_01D_30S_CLK.CLK.gz: 15,559 pairs
[05:56:01] [SUCCESS] IGS0OPSFIN_20240870000_01D_30S_CLK.CLK.gz: 17,946 pairs
[05:56:04] [SUCCESS] IGS0OPSFIN_20240930000_01D_30S_CLK.CLK.gz: 18,712 pairs
[05:56:04] [SUCCESS] IGS0OPSFIN_20240860000_01D_30S_CLK.CLK.gz: 18,907 pairs
[05:56:05] [SUCCESS] IGS0OPSFIN_20241070000_01D_30S_CLK.CLK.gz: 19,084 pairs
[05:56:06] [SUCCESS] IGS0OPSFIN_20240890000_01D_30S_CLK.CLK.gz: 18,906 pairs
[05:56:07] [SUCCESS] IGS0OPSFIN_20240910000_01D_30S_CLK.CLK.gz: 19,692 pairs
[05:56:07] [SUCCESS] IGS0OPSFIN_20240900000_01D_30S_CLK.CLK.gz: 18,908 pairs
[05:56:07] [SUCCESS] IGS0OPSFIN_20240980000_01D_30S_CLK.CLK.gz: 17,949 pairs
[05:56:07] [SUCCESS] IGS0OPSFIN_20241140000_01D_30S_CLK.CLK.gz: 17,751 pairs
[05:56:07] [SUCCESS] IGS0OPSFIN_20240970000_01D_30S_CLK.CLK.gz: 18,909 pairs
[05:56:07] [SUCCESS] IGS0OPSFIN_20240990000_01D_30S_CLK.CLK.gz: 18,707 pairs
[05:56:07] [SUCCESS] IGS0OPSFIN_20240850000_01D_30S_CLK.CLK.gz: 19,694 pairs
[05:56:08] [SUCCESS] IGS0OPSFIN_20241150000_01D_30S_CLK.CLK.gz: 19,889 pairs
[05:56:09] [SUCCESS] IGS0OPSFIN_20241060000_01D_30S_CLK.CLK.gz: 18,137 pairs
[05:56:09] [SUCCESS] IGS0OPSFIN_20241130000_01D_30S_CLK.CLK.gz: 18,331 pairs
[05:56:10] [SUCCESS] IGS0OPSFIN_20241090000_01D_30S_CLK.CLK.gz: 18,521 pairs
[05:56:10] [SUCCESS] IGS0OPSFIN_20241020000_01D_30S_CLK.CLK.gz: 19,442 pairs
[05:56:10] [SUCCESS] IGS0OPSFIN_20241040000_01D_30S_CLK.CLK.gz: 18,908 pairs
[05:56:11] [SUCCESS] IGS0OPSFIN_20241080000_01D_30S_CLK.CLK.gz: 18,709 pairs
[05:56:11] [SUCCESS] IGS0OPSFIN_20240840000_01D_30S_CLK.CLK.gz: 18,522 pairs
[05:56:12] [SUCCESS] IGS0OPSFIN_20240880000_01D_30S_CLK.CLK.gz: 18,905 pairs
[05:56:13] [SUCCESS] IGS0OPSFIN_20240920000_01D_30S_CLK.CLK.gz: 18,908 pairs
[05:56:13] [SUCCESS] IGS0OPSFIN_20241050000_01D_30S_CLK.CLK.gz: 19,102 pairs
[05:56:14] [SUCCESS] IGS0OPSFIN_20240960000_01D_30S_CLK.CLK.gz: 19,103 pairs
[05:56:14] [SUCCESS] IGS0OPSFIN_20240950000_01D_30S_CLK.CLK.gz: 19,299 pairs
[05:56:15] [SUCCESS] IGS0OPSFIN_20241100000_01D_30S_CLK.CLK.gz: 19,104 pairs
[05:56:15] [SUCCESS] IGS0OPSFIN_20241010000_01D_30S_CLK.CLK.gz: 19,690 pairs
[05:56:15] [SUCCESS] IGS0OPSFIN_20241110000_01D_30S_CLK.CLK.gz: 19,293 pairs
[05:56:15] [SUCCESS] IGS0OPSFIN_20240940000_01D_30S_CLK.CLK.gz: 19,299 pairs
[05:56:15] [SUCCESS] IGS0OPSFIN_20241000000_01D_30S_CLK.CLK.gz: 19,489 pairs
[05:56:16] [SUCCESS] IGS0OPSFIN_20241160000_01D_30S_CLK.CLK.gz: 18,520 pairs
[05:56:16] [SUCCESS] IGS0OPSFIN_20241030000_01D_30S_CLK.CLK.gz: 19,881 pairs
[05:56:19] [SUCCESS] IGS0OPSFIN_20241540000_01D_30S_CLK.CLK.gz: 15,924 pairs
[05:56:23] [SUCCESS] IGS0OPSFIN_20241170000_01D_30S_CLK.CLK.gz: 17,948 pairs
[05:56:23] [SUCCESS] IGS0OPSFIN_20241200000_01D_30S_CLK.CLK.gz: 18,714 pairs
[05:56:24] [SUCCESS] IGS0OPSFIN_20241510000_01D_30S_CLK.CLK.gz: 17,197 pairs
[05:56:24] [SUCCESS] IGS0OPSFIN_20241530000_01D_30S_CLK.CLK.gz: 17,379 pairs
[05:56:24] [SUCCESS] IGS0OPSFIN_20241190000_01D_30S_CLK.CLK.gz: 18,139 pairs
[05:56:25] [SUCCESS] IGS0OPSFIN_20241550000_01D_30S_CLK.CLK.gz: 17,386 pairs
[05:56:26] [SUCCESS] IGS0OPSFIN_20241520000_01D_30S_CLK.CLK.gz: 17,385 pairs
[05:56:26] [SUCCESS] IGS0OPSFIN_20241500000_01D_30S_CLK.CLK.gz: 17,753 pairs
[05:56:26] [SUCCESS] IGS0OPSFIN_20241490000_01D_30S_CLK.CLK.gz: 18,137 pairs
[05:56:27] [SUCCESS] IGS0OPSFIN_20241620000_01D_30S_CLK.CLK.gz: 16,278 pairs
[05:56:27] [SUCCESS] IGS0OPSFIN_20241350000_01D_30S_CLK.CLK.gz: 18,523 pairs
[05:56:27] [SUCCESS] IGS0OPSFIN_20241230000_01D_30S_CLK.CLK.gz: 18,715 pairs
[05:56:27] [SUCCESS] IGS0OPSFIN_20241450000_01D_30S_CLK.CLK.gz: 18,320 pairs
[05:56:28] [SUCCESS] IGS0OPSFIN_20241650000_01D_30S_CLK.CLK.gz: 17,942 pairs
[05:56:28] [SUCCESS] IGS0OPSFIN_20241180000_01D_30S_CLK.CLK.gz: 18,909 pairs
[05:56:28] [SUCCESS] IGS0OPSFIN_20241420000_01D_30S_CLK.CLK.gz: 18,326 pairs
[05:56:28] [SUCCESS] IGS0OPSFIN_20241360000_01D_30S_CLK.CLK.gz: 18,906 pairs
[05:56:28] [SUCCESS] IGS0OPSFIN_20241240000_01D_30S_CLK.CLK.gz: 19,103 pairs
[05:56:28] [SUCCESS] IGS0OPSFIN_20241390000_01D_30S_CLK.CLK.gz: 19,496 pairs
[05:56:29] [SUCCESS] IGS0OPSFIN_20241220000_01D_30S_CLK.CLK.gz: 19,103 pairs
[05:56:29] [SUCCESS] IGS0OPSFIN_20241630000_01D_30S_CLK.CLK.gz: 18,520 pairs
[05:56:29] [SUCCESS] IGS0OPSFIN_20241270000_01D_30S_CLK.CLK.gz: 18,908 pairs
[05:56:29] [SUCCESS] IGS0OPSFIN_20241290000_01D_30S_CLK.CLK.gz: 19,294 pairs
[05:56:29] [SUCCESS] IGS0OPSFIN_20241380000_01D_30S_CLK.CLK.gz: 18,716 pairs
[05:56:29] [SUCCESS] IGS0OPSFIN_20241250000_01D_30S_CLK.CLK.gz: 19,298 pairs
[05:56:29] [SUCCESS] IGS0OPSFIN_20241320000_01D_30S_CLK.CLK.gz: 19,103 pairs
[05:56:29] [SUCCESS] IGS0OPSFIN_20241430000_01D_30S_CLK.CLK.gz: 18,714 pairs
[05:56:29] [SUCCESS] IGS0OPSFIN_20241560000_01D_30S_CLK.CLK.gz: 19,094 pairs
[05:56:30] [SUCCESS] IGS0OPSFIN_20241300000_01D_30S_CLK.CLK.gz: 19,298 pairs
[05:56:30] [SUCCESS] IGS0OPSFIN_20241410000_01D_30S_CLK.CLK.gz: 19,101 pairs
[05:56:30] [SUCCESS] IGS0OPSFIN_20241400000_01D_30S_CLK.CLK.gz: 19,099 pairs
[05:56:30] [SUCCESS] IGS0OPSFIN_20241310000_01D_30S_CLK.CLK.gz: 19,691 pairs
[05:56:30] [SUCCESS] IGS0OPSFIN_20241280000_01D_30S_CLK.CLK.gz: 19,492 pairs
[05:56:30] [SUCCESS] IGS0OPSFIN_20241260000_01D_30S_CLK.CLK.gz: 19,891 pairs
[05:56:31] [SUCCESS] IGS0OPSFIN_20241330000_01D_30S_CLK.CLK.gz: 19,694 pairs
[05:56:32] [SUCCESS] IGS0OPSFIN_20241770000_01D_30S_CLK.CLK.gz: 17,012 pairs
[05:56:32] [SUCCESS] IGS0OPSFIN_20241600000_01D_30S_CLK.CLK.gz: 19,293 pairs
[05:56:32] [SUCCESS] IGS0OPSFIN_20241720000_01D_30S_CLK.CLK.gz: 17,946 pairs
[05:56:32] [SUCCESS] IGS0OPSFIN_20241710000_01D_30S_CLK.CLK.gz: 17,746 pairs
[05:56:32] [SUCCESS] IGS0OPSFIN_20241210000_01D_30S_CLK.CLK.gz: 18,713 pairs
[05:56:32] [SUCCESS] IGS0OPSFIN_20241640000_01D_30S_CLK.CLK.gz: 17,949 pairs
[05:56:32] [SUCCESS] IGS0OPSFIN_20241670000_01D_30S_CLK.CLK.gz: 18,329 pairs
[05:56:33] [SUCCESS] IGS0OPSFIN_20241730000_01D_30S_CLK.CLK.gz: 17,759 pairs
[05:56:33] [SUCCESS] IGS0OPSFIN_20241780000_01D_30S_CLK.CLK.gz: 17,566 pairs
[05:56:33] [SUCCESS] IGS0OPSFIN_20241570000_01D_30S_CLK.CLK.gz: 18,315 pairs
[05:56:33] [SUCCESS] IGS0OPSFIN_20241790000_01D_30S_CLK.CLK.gz: 17,013 pairs
[05:56:33] [SUCCESS] IGS0OPSFIN_20241460000_01D_30S_CLK.CLK.gz: 17,758 pairs
[05:56:34] [SUCCESS] IGS0OPSFIN_20241470000_01D_30S_CLK.CLK.gz: 18,711 pairs
[05:56:34] [SUCCESS] IGS0OPSFIN_20241440000_01D_30S_CLK.CLK.gz: 18,520 pairs
[05:56:34] [SUCCESS] IGS0OPSFIN_20241680000_01D_30S_CLK.CLK.gz: 17,760 pairs
[05:56:34] [SUCCESS] IGS0OPSFIN_20241740000_01D_30S_CLK.CLK.gz: 18,518 pairs
[05:56:34] [SUCCESS] IGS0OPSFIN_20241610000_01D_30S_CLK.CLK.gz: 18,320 pairs
[05:56:34] [SUCCESS] IGS0OPSFIN_20241760000_01D_30S_CLK.CLK.gz: 17,945 pairs
[05:56:35] [SUCCESS] IGS0OPSFIN_20241580000_01D_30S_CLK.CLK.gz: 19,886 pairs
[05:56:35] [SUCCESS] IGS0OPSFIN_20241340000_01D_30S_CLK.CLK.gz: 19,298 pairs
[05:56:35] [SUCCESS] IGS0OPSFIN_20241480000_01D_30S_CLK.CLK.gz: 18,523 pairs
[05:56:36] [SUCCESS] IGS0OPSFIN_20241370000_01D_30S_CLK.CLK.gz: 19,102 pairs
[05:56:36] [SUCCESS] IGS0OPSFIN_20241690000_01D_30S_CLK.CLK.gz: 18,714 pairs
[05:56:36] [SUCCESS] IGS0OPSFIN_20241700000_01D_30S_CLK.CLK.gz: 18,701 pairs
[05:56:37] [SUCCESS] IGS0OPSFIN_20241660000_01D_30S_CLK.CLK.gz: 19,298 pairs
[05:56:37] [SUCCESS] IGS0OPSFIN_20241750000_01D_30S_CLK.CLK.gz: 18,708 pairs
[05:56:37] [SUCCESS] IGS0OPSFIN_20241590000_01D_30S_CLK.CLK.gz: 19,300 pairs
[05:56:53] [SUCCESS] IGS0OPSFIN_20241840000_01D_30S_CLK.CLK.gz: 16,646 pairs
[05:56:54] [SUCCESS] IGS0OPSFIN_20241800000_01D_30S_CLK.CLK.gz: 17,014 pairs
[05:56:57] [SUCCESS] IGS0OPSFIN_20241820000_01D_30S_CLK.CLK.gz: 17,571 pairs
[05:56:57] [SUCCESS] IGS0OPSFIN_20241830000_01D_30S_CLK.CLK.gz: 17,564 pairs
[05:56:57] [SUCCESS] IGS0OPSFIN_20241810000_01D_30S_CLK.CLK.gz: 18,329 pairs
[05:57:00] [SUCCESS] IGS0OPSFIN_20241850000_01D_30S_CLK.CLK.gz: 18,131 pairs
[05:57:00] [SUCCESS] IGS0OPSFIN_20241860000_01D_30S_CLK.CLK.gz: 18,715 pairs
[05:57:01] [SUCCESS] IGS0OPSFIN_20241920000_01D_30S_CLK.CLK.gz: 18,504 pairs
[05:57:01] [SUCCESS] IGS0OPSFIN_20241880000_01D_30S_CLK.CLK.gz: 17,200 pairs
[05:57:01] [SUCCESS] IGS0OPSFIN_20241870000_01D_30S_CLK.CLK.gz: 18,518 pairs
[05:57:02] [SUCCESS] IGS0OPSFIN_20241910000_01D_30S_CLK.CLK.gz: 18,517 pairs
[05:57:02] [SUCCESS] IGS0OPSFIN_20241930000_01D_30S_CLK.CLK.gz: 19,100 pairs
[05:57:02] [SUCCESS] IGS0OPSFIN_20241900000_01D_30S_CLK.CLK.gz: 19,104 pairs
[05:57:02] [SUCCESS] IGS0OPSFIN_20242000000_01D_30S_CLK.CLK.gz: 17,385 pairs
[05:57:03] [SUCCESS] IGS0OPSFIN_20242010000_01D_30S_CLK.CLK.gz: 17,200 pairs
[05:57:03] [SUCCESS] IGS0OPSFIN_20241940000_01D_30S_CLK.CLK.gz: 18,329 pairs
[05:57:05] [SUCCESS] IGS0OPSFIN_20242110000_01D_30S_CLK.CLK.gz: 17,017 pairs
[05:57:05] [SUCCESS] IGS0OPSFIN_20241980000_01D_30S_CLK.CLK.gz: 18,712 pairs
[05:57:05] [SUCCESS] IGS0OPSFIN_20241950000_01D_30S_CLK.CLK.gz: 18,521 pairs
[05:57:05] [SUCCESS] IGS0OPSFIN_20241890000_01D_30S_CLK.CLK.gz: 19,300 pairs
[05:57:05] [SUCCESS] IGS0OPSFIN_20242040000_01D_30S_CLK.CLK.gz: 18,326 pairs
[05:57:05] [SUCCESS] IGS0OPSFIN_20242030000_01D_30S_CLK.CLK.gz: 17,759 pairs
[05:57:05] [SUCCESS] IGS0OPSFIN_20241970000_01D_30S_CLK.CLK.gz: 19,293 pairs
[05:57:06] [SUCCESS] IGS0OPSFIN_20241960000_01D_30S_CLK.CLK.gz: 18,714 pairs
[05:57:06] [SUCCESS] IGS0OPSFIN_20242020000_01D_30S_CLK.CLK.gz: 18,519 pairs
[05:57:06] [SUCCESS] IGS0OPSFIN_20242060000_01D_30S_CLK.CLK.gz: 18,330 pairs
[05:57:06] [SUCCESS] IGS0OPSFIN_20242050000_01D_30S_CLK.CLK.gz: 17,568 pairs
[05:57:06] [SUCCESS] IGS0OPSFIN_20242070000_01D_30S_CLK.CLK.gz: 18,140 pairs
[05:57:07] [SUCCESS] IGS0OPSFIN_20242100000_01D_30S_CLK.CLK.gz: 18,141 pairs
[05:57:07] [SUCCESS] IGS0OPSFIN_20242090000_01D_30S_CLK.CLK.gz: 18,141 pairs
[05:57:08] [SUCCESS] IGS0OPSFIN_20242080000_01D_30S_CLK.CLK.gz: 18,522 pairs
[05:57:08] [SUCCESS] IGS0OPSFIN_20241990000_01D_30S_CLK.CLK.gz: 19,298 pairs
[05:57:08] [INFO] Checkpoint saved: 576/912 files processed
[05:57:08] [PROCESS] Processing batch 4: 192 files
[05:57:46] [SUCCESS] IGS0OPSFIN_20242910000_01D_30S_CLK.CLK.gz: 9,314 pairs
[05:58:10] [SUCCESS] IGS0OPSFIN_20242360000_01D_30S_CLK.CLK.gz: 13,859 pairs
[05:58:18] [SUCCESS] IGS0OPSFIN_20242320000_01D_30S_CLK.CLK.gz: 17,384 pairs
[05:58:19] [SUCCESS] IGS0OPSFIN_20242340000_01D_30S_CLK.CLK.gz: 17,573 pairs
[05:58:19] [SUCCESS] IGS0OPSFIN_20242290000_01D_30S_CLK.CLK.gz: 17,570 pairs
[05:58:20] [SUCCESS] IGS0OPSFIN_20242280000_01D_30S_CLK.CLK.gz: 17,759 pairs
[05:58:20] [SUCCESS] IGS0OPSFIN_20242310000_01D_30S_CLK.CLK.gz: 17,758 pairs
[05:58:21] [SUCCESS] IGS0OPSFIN_20242330000_01D_30S_CLK.CLK.gz: 17,948 pairs
[05:58:21] [SUCCESS] IGS0OPSFIN_20242350000_01D_30S_CLK.CLK.gz: 17,945 pairs
[05:58:22] [SUCCESS] IGS0OPSFIN_20242300000_01D_30S_CLK.CLK.gz: 16,459 pairs
[05:58:22] [SUCCESS] IGS0OPSFIN_20242130000_01D_30S_CLK.CLK.gz: 18,138 pairs
[05:58:23] [SUCCESS] IGS0OPSFIN_20242250000_01D_30S_CLK.CLK.gz: 18,713 pairs
[05:58:23] [SUCCESS] IGS0OPSFIN_20242160000_01D_30S_CLK.CLK.gz: 18,523 pairs
[05:58:23] [SUCCESS] IGS0OPSFIN_20242190000_01D_30S_CLK.CLK.gz: 18,716 pairs
[05:58:23] [SUCCESS] IGS0OPSFIN_20242270000_01D_30S_CLK.CLK.gz: 18,520 pairs
[05:58:24] [SUCCESS] IGS0OPSFIN_20242180000_01D_30S_CLK.CLK.gz: 18,510 pairs
[05:58:24] [SUCCESS] IGS0OPSFIN_20242370000_01D_30S_CLK.CLK.gz: 18,910 pairs
[05:58:24] [SUCCESS] IGS0OPSFIN_20242210000_01D_30S_CLK.CLK.gz: 18,715 pairs
[05:58:24] [SUCCESS] IGS0OPSFIN_20242140000_01D_30S_CLK.CLK.gz: 18,523 pairs
[05:58:24] [SUCCESS] IGS0OPSFIN_20242170000_01D_30S_CLK.CLK.gz: 19,103 pairs
[05:58:24] [SUCCESS] IGS0OPSFIN_20242150000_01D_30S_CLK.CLK.gz: 18,696 pairs
[05:58:25] [SUCCESS] IGS0OPSFIN_20242260000_01D_30S_CLK.CLK.gz: 18,902 pairs
[05:58:26] [SUCCESS] IGS0OPSFIN_20242240000_01D_30S_CLK.CLK.gz: 19,105 pairs
[05:58:26] [SUCCESS] IGS0OPSFIN_20242200000_01D_30S_CLK.CLK.gz: 19,105 pairs
[05:58:30] [SUCCESS] IGS0OPSFIN_20242390000_01D_30S_CLK.CLK.gz: 20,291 pairs
[05:58:30] [SUCCESS] IGS0OPSFIN_20242120000_01D_30S_CLK.CLK.gz: 18,329 pairs
[05:58:30] [SUCCESS] IGS0OPSFIN_20242220000_01D_30S_CLK.CLK.gz: 19,104 pairs
[05:58:31] [SUCCESS] IGS0OPSFIN_20242460000_01D_30S_CLK.CLK.gz: 20,294 pairs
[05:58:31] [SUCCESS] IGS0OPSFIN_20242800000_01D_30S_CLK.CLK.gz: 20,900 pairs
[05:58:31] [SUCCESS] IGS0OPSFIN_20242440000_01D_30S_CLK.CLK.gz: 20,493 pairs
[05:58:32] [SUCCESS] IGS0OPSFIN_20242450000_01D_30S_CLK.CLK.gz: 20,697 pairs
[05:58:32] [SUCCESS] IGS0OPSFIN_20242500000_01D_30S_CLK.CLK.gz: 20,900 pairs
[05:58:33] [SUCCESS] IGS0OPSFIN_20242480000_01D_30S_CLK.CLK.gz: 20,892 pairs
[05:58:33] [SUCCESS] IGS0OPSFIN_20242230000_01D_30S_CLK.CLK.gz: 19,105 pairs
[05:58:33] [SUCCESS] IGS0OPSFIN_20242780000_01D_30S_CLK.CLK.gz: 21,104 pairs
[05:58:34] [SUCCESS] IGS0OPSFIN_20242430000_01D_30S_CLK.CLK.gz: 21,108 pairs
[05:58:34] [SUCCESS] IGS0OPSFIN_20242400000_01D_30S_CLK.CLK.gz: 21,313 pairs
[05:58:34] [SUCCESS] IGS0OPSFIN_20242810000_01D_30S_CLK.CLK.gz: 21,314 pairs
[05:58:34] [SUCCESS] IGS0OPSFIN_20242410000_01D_30S_CLK.CLK.gz: 21,314 pairs
[05:58:34] [SUCCESS] IGS0OPSFIN_20242470000_01D_30S_CLK.CLK.gz: 21,519 pairs
[05:58:35] [SUCCESS] IGS0OPSFIN_20242380000_01D_30S_CLK.CLK.gz: 21,521 pairs
[05:58:35] [SUCCESS] IGS0OPSFIN_20242510000_01D_30S_CLK.CLK.gz: 19,495 pairs
[05:58:35] [SUCCESS] IGS0OPSFIN_20242420000_01D_30S_CLK.CLK.gz: 21,522 pairs
[05:58:35] [SUCCESS] IGS0OPSFIN_20242790000_01D_30S_CLK.CLK.gz: 21,522 pairs
[05:58:36] [SUCCESS] IGS0OPSFIN_20243000000_01D_30S_CLK.CLK.gz: 21,724 pairs
[05:58:37] [SUCCESS] IGS0OPSFIN_20242850000_01D_30S_CLK.CLK.gz: 21,938 pairs
[05:58:37] [SUCCESS] IGS0OPSFIN_20242990000_01D_30S_CLK.CLK.gz: 21,313 pairs
[05:58:39] [SUCCESS] IGS0OPSFIN_20242650000_01D_30S_CLK.CLK.gz: 20,495 pairs
[05:58:39] [SUCCESS] IGS0OPSFIN_20242830000_01D_30S_CLK.CLK.gz: 22,346 pairs
[05:58:39] [SUCCESS] IGS0OPSFIN_20242760000_01D_30S_CLK.CLK.gz: 22,141 pairs
[05:58:40] [SUCCESS] IGS0OPSFIN_20242820000_01D_30S_CLK.CLK.gz: 22,571 pairs
[05:58:40] [SUCCESS] IGS0OPSFIN_20242620000_01D_30S_CLK.CLK.gz: 20,496 pairs
[05:58:41] [SUCCESS] IGS0OPSFIN_20242560000_01D_30S_CLK.CLK.gz: 20,690 pairs
[05:58:41] [SUCCESS] IGS0OPSFIN_20242720000_01D_30S_CLK.CLK.gz: 20,895 pairs
[05:58:42] [SUCCESS] IGS0OPSFIN_20242870000_01D_30S_CLK.CLK.gz: 22,571 pairs
[05:58:42] [SUCCESS] IGS0OPSFIN_20242570000_01D_30S_CLK.CLK.gz: 20,700 pairs
[05:58:42] [SUCCESS] IGS0OPSFIN_20242600000_01D_30S_CLK.CLK.gz: 20,898 pairs
[05:58:42] [SUCCESS] IGS0OPSFIN_20242700000_01D_30S_CLK.CLK.gz: 21,316 pairs
[05:58:43] [SUCCESS] IGS0OPSFIN_20243010000_01D_30S_CLK.CLK.gz: 23,633 pairs
[05:58:43] [SUCCESS] IGS0OPSFIN_20242590000_01D_30S_CLK.CLK.gz: 21,314 pairs
[05:58:43] [SUCCESS] IGS0OPSFIN_20242750000_01D_30S_CLK.CLK.gz: 21,729 pairs
[05:58:43] [SUCCESS] IGS0OPSFIN_20242880000_01D_30S_CLK.CLK.gz: 22,566 pairs
[05:58:43] [SUCCESS] IGS0OPSFIN_20242580000_01D_30S_CLK.CLK.gz: 21,314 pairs
[05:58:44] [SUCCESS] IGS0OPSFIN_20242690000_01D_30S_CLK.CLK.gz: 21,521 pairs
[05:58:44] [SUCCESS] IGS0OPSFIN_20242670000_01D_30S_CLK.CLK.gz: 21,514 pairs
[05:58:44] [SUCCESS] IGS0OPSFIN_20242630000_01D_30S_CLK.CLK.gz: 21,315 pairs
[05:58:44] [SUCCESS] IGS0OPSFIN_20242520000_01D_30S_CLK.CLK.gz: 21,310 pairs
[05:58:44] [SUCCESS] IGS0OPSFIN_20242640000_01D_30S_CLK.CLK.gz: 21,927 pairs
[05:58:44] [SUCCESS] IGS0OPSFIN_20242950000_01D_30S_CLK.CLK.gz: 21,312 pairs
[05:58:44] [SUCCESS] IGS0OPSFIN_20242550000_01D_30S_CLK.CLK.gz: 21,522 pairs
[05:58:45] [SUCCESS] IGS0OPSFIN_20242490000_01D_30S_CLK.CLK.gz: 21,522 pairs
[05:58:45] [SUCCESS] IGS0OPSFIN_20242610000_01D_30S_CLK.CLK.gz: 21,729 pairs
[05:58:45] [SUCCESS] IGS0OPSFIN_20242920000_01D_30S_CLK.CLK.gz: 21,730 pairs
[05:58:46] [SUCCESS] IGS0OPSFIN_20242930000_01D_30S_CLK.CLK.gz: 21,730 pairs
[05:58:46] [SUCCESS] IGS0OPSFIN_20242710000_01D_30S_CLK.CLK.gz: 21,730 pairs
[05:58:46] [SUCCESS] IGS0OPSFIN_20242730000_01D_30S_CLK.CLK.gz: 21,938 pairs
[05:58:46] [SUCCESS] IGS0OPSFIN_20242840000_01D_30S_CLK.CLK.gz: 21,728 pairs
[05:58:47] [SUCCESS] IGS0OPSFIN_20242680000_01D_30S_CLK.CLK.gz: 21,726 pairs
[05:58:47] [SUCCESS] IGS0OPSFIN_20242540000_01D_30S_CLK.CLK.gz: 21,724 pairs
[05:58:47] [SUCCESS] IGS0OPSFIN_20242860000_01D_30S_CLK.CLK.gz: 22,998 pairs
[05:58:48] [SUCCESS] IGS0OPSFIN_20242940000_01D_30S_CLK.CLK.gz: 22,148 pairs
[05:58:48] [SUCCESS] IGS0OPSFIN_20242900000_01D_30S_CLK.CLK.gz: 22,148 pairs
[05:58:48] [SUCCESS] IGS0OPSFIN_20242970000_01D_30S_CLK.CLK.gz: 22,360 pairs
[05:58:48] [SUCCESS] IGS0OPSFIN_20242740000_01D_30S_CLK.CLK.gz: 22,360 pairs
[05:58:48] [SUCCESS] IGS0OPSFIN_20242770000_01D_30S_CLK.CLK.gz: 22,567 pairs
[05:58:48] [SUCCESS] IGS0OPSFIN_20242890000_01D_30S_CLK.CLK.gz: 22,560 pairs
[05:58:49] [SUCCESS] IGS0OPSFIN_20242660000_01D_30S_CLK.CLK.gz: 22,149 pairs
[05:58:49] [SUCCESS] IGS0OPSFIN_20242530000_01D_30S_CLK.CLK.gz: 22,359 pairs
[05:58:49] [SUCCESS] IGS0OPSFIN_20242960000_01D_30S_CLK.CLK.gz: 22,358 pairs
[05:58:50] [SUCCESS] IGS0OPSFIN_20242980000_01D_30S_CLK.CLK.gz: 23,214 pairs
[05:58:50] [SUCCESS] IGS0OPSFIN_20243070000_01D_30S_CLK.CLK.gz: 22,995 pairs
[05:58:52] [SUCCESS] IGS0OPSFIN_20243020000_01D_30S_CLK.CLK.gz: 23,204 pairs
[05:58:55] [SUCCESS] IGS0OPSFIN_20243030000_01D_30S_CLK.CLK.gz: 24,069 pairs
[05:58:57] [SUCCESS] IGS0OPSFIN_20243060000_01D_30S_CLK.CLK.gz: 23,856 pairs
[05:58:58] [SUCCESS] IGS0OPSFIN_20243040000_01D_30S_CLK.CLK.gz: 24,082 pairs
[05:58:59] [SUCCESS] IGS0OPSFIN_20243050000_01D_30S_CLK.CLK.gz: 24,514 pairs
[05:59:13] [SUCCESS] IGS0OPSFIN_20250230000_01D_30S_CLK.CLK.gz: 5,460 pairs
[05:59:23] [SUCCESS] IGS0OPSFIN_20243080000_01D_30S_CLK.CLK.gz: 24,298 pairs
[05:59:40] [SUCCESS] IGS0OPSFIN_20243440000_01D_30S_CLK.CLK.gz: 16,834 pairs
[05:59:43] [SUCCESS] IGS0OPSFIN_20243270000_01D_30S_CLK.CLK.gz: 22,360 pairs
[05:59:47] [SUCCESS] IGS0OPSFIN_20243500000_01D_30S_CLK.CLK.gz: 17,949 pairs
[05:59:48] [SUCCESS] IGS0OPSFIN_20243430000_01D_30S_CLK.CLK.gz: 18,333 pairs
[05:59:48] [SUCCESS] IGS0OPSFIN_20243480000_01D_30S_CLK.CLK.gz: 18,333 pairs
[05:59:49] [SUCCESS] IGS0OPSFIN_20243450000_01D_30S_CLK.CLK.gz: 18,524 pairs
[05:59:49] [SUCCESS] IGS0OPSFIN_20243570000_01D_30S_CLK.CLK.gz: 17,158 pairs
[05:59:50] [SUCCESS] IGS0OPSFIN_20243420000_01D_30S_CLK.CLK.gz: 19,106 pairs
[05:59:50] [SUCCESS] IGS0OPSFIN_20243520000_01D_30S_CLK.CLK.gz: 18,524 pairs
[05:59:50] [SUCCESS] IGS0OPSFIN_20243260000_01D_30S_CLK.CLK.gz: 22,358 pairs
[05:59:51] [SUCCESS] IGS0OPSFIN_20243150000_01D_30S_CLK.CLK.gz: 22,563 pairs
[05:59:51] [SUCCESS] IGS0OPSFIN_20243580000_01D_30S_CLK.CLK.gz: 17,762 pairs
[05:59:51] [SUCCESS] IGS0OPSFIN_20243540000_01D_30S_CLK.CLK.gz: 18,523 pairs
[05:59:51] [SUCCESS] IGS0OPSFIN_20243130000_01D_30S_CLK.CLK.gz: 22,564 pairs
[05:59:51] [SUCCESS] IGS0OPSFIN_20243110000_01D_30S_CLK.CLK.gz: 22,992 pairs
[05:59:51] [SUCCESS] IGS0OPSFIN_20243560000_01D_30S_CLK.CLK.gz: 18,142 pairs
[05:59:51] [SUCCESS] IGS0OPSFIN_20243160000_01D_30S_CLK.CLK.gz: 22,783 pairs
[05:59:52] [SUCCESS] IGS0OPSFIN_20243460000_01D_30S_CLK.CLK.gz: 19,897 pairs
[05:59:52] [SUCCESS] IGS0OPSFIN_20243470000_01D_30S_CLK.CLK.gz: 18,913 pairs
[05:59:53] [SUCCESS] IGS0OPSFIN_20243210000_01D_30S_CLK.CLK.gz: 22,356 pairs
[05:59:53] [SUCCESS] IGS0OPSFIN_20243200000_01D_30S_CLK.CLK.gz: 22,784 pairs
[05:59:53] [SUCCESS] IGS0OPSFIN_20243180000_01D_30S_CLK.CLK.gz: 22,987 pairs
[05:59:53] [SUCCESS] IGS0OPSFIN_20243280000_01D_30S_CLK.CLK.gz: 22,148 pairs
[05:59:53] [SUCCESS] IGS0OPSFIN_20250170000_01D_30S_CLK.CLK.gz: 17,948 pairs
[05:59:53] [SUCCESS] IGS0OPSFIN_20243240000_01D_30S_CLK.CLK.gz: 24,303 pairs
[05:59:53] [SUCCESS] IGS0OPSFIN_20243290000_01D_30S_CLK.CLK.gz: 22,568 pairs
[05:59:53] [SUCCESS] IGS0OPSFIN_20243530000_01D_30S_CLK.CLK.gz: 19,106 pairs
[05:59:53] [SUCCESS] IGS0OPSFIN_20243510000_01D_30S_CLK.CLK.gz: 19,302 pairs
[05:59:53] [SUCCESS] IGS0OPSFIN_20243660000_01D_30S_CLK.CLK.gz: 17,564 pairs
[05:59:54] [SUCCESS] IGS0OPSFIN_20243490000_01D_30S_CLK.CLK.gz: 17,952 pairs
[05:59:54] [SUCCESS] IGS0OPSFIN_20243140000_01D_30S_CLK.CLK.gz: 23,863 pairs
[05:59:54] [SUCCESS] IGS0OPSFIN_20250030000_01D_30S_CLK.CLK.gz: 17,762 pairs
[05:59:54] [SUCCESS] IGS0OPSFIN_20243220000_01D_30S_CLK.CLK.gz: 23,429 pairs
[05:59:54] [SUCCESS] IGS0OPSFIN_20243620000_01D_30S_CLK.CLK.gz: 17,951 pairs
[05:59:55] [SUCCESS] IGS0OPSFIN_20250090000_01D_30S_CLK.CLK.gz: 16,287 pairs
[05:59:55] [SUCCESS] IGS0OPSFIN_20243410000_01D_30S_CLK.CLK.gz: 18,525 pairs
[05:59:55] [SUCCESS] IGS0OPSFIN_20243100000_01D_30S_CLK.CLK.gz: 24,746 pairs
[05:59:55] [SUCCESS] IGS0OPSFIN_20243190000_01D_30S_CLK.CLK.gz: 23,858 pairs
[05:59:55] [SUCCESS] IGS0OPSFIN_20243650000_01D_30S_CLK.CLK.gz: 16,648 pairs
[05:59:56] [SUCCESS] IGS0OPSFIN_20250050000_01D_30S_CLK.CLK.gz: 18,717 pairs
[05:59:56] [SUCCESS] IGS0OPSFIN_20243550000_01D_30S_CLK.CLK.gz: 17,949 pairs
[05:59:56] [SUCCESS] IGS0OPSFIN_20243340000_01D_30S_CLK.CLK.gz: 21,727 pairs
[05:59:56] [SUCCESS] IGS0OPSFIN_20243090000_01D_30S_CLK.CLK.gz: 24,299 pairs
[05:59:56] [SUCCESS] IGS0OPSFIN_20250010000_01D_30S_CLK.CLK.gz: 16,826 pairs
[05:59:57] [SUCCESS] IGS0OPSFIN_20243250000_01D_30S_CLK.CLK.gz: 24,079 pairs
[05:59:57] [SUCCESS] IGS0OPSFIN_20250160000_01D_30S_CLK.CLK.gz: 18,524 pairs
[05:59:57] [SUCCESS] IGS0OPSFIN_20250100000_01D_30S_CLK.CLK.gz: 17,388 pairs
[05:59:57] [SUCCESS] IGS0OPSFIN_20243120000_01D_30S_CLK.CLK.gz: 24,744 pairs
[05:59:58] [SUCCESS] IGS0OPSFIN_20243310000_01D_30S_CLK.CLK.gz: 23,424 pairs
[05:59:58] [SUCCESS] IGS0OPSFIN_20243640000_01D_30S_CLK.CLK.gz: 17,571 pairs
[05:59:58] [SUCCESS] IGS0OPSFIN_20250040000_01D_30S_CLK.CLK.gz: 17,193 pairs
[05:59:59] [SUCCESS] IGS0OPSFIN_20243630000_01D_30S_CLK.CLK.gz: 17,938 pairs
[05:59:59] [SUCCESS] IGS0OPSFIN_20250110000_01D_30S_CLK.CLK.gz: 17,574 pairs
[05:59:59] [SUCCESS] IGS0OPSFIN_20250210000_01D_30S_CLK.CLK.gz: 17,015 pairs
[05:59:59] [SUCCESS] IGS0OPSFIN_20250080000_01D_30S_CLK.CLK.gz: 17,015 pairs
[05:59:59] [SUCCESS] IGS0OPSFIN_20243350000_01D_30S_CLK.CLK.gz: 23,212 pairs
[06:00:00] [SUCCESS] IGS0OPSFIN_20243170000_01D_30S_CLK.CLK.gz: 22,995 pairs
[06:00:00] [SUCCESS] IGS0OPSFIN_20250130000_01D_30S_CLK.CLK.gz: 19,106 pairs
[06:00:00] [SUCCESS] IGS0OPSFIN_20250020000_01D_30S_CLK.CLK.gz: 17,951 pairs
[06:00:00] [SUCCESS] IGS0OPSFIN_20243610000_01D_30S_CLK.CLK.gz: 18,717 pairs
[06:00:00] [SUCCESS] IGS0OPSFIN_20250070000_01D_30S_CLK.CLK.gz: 17,952 pairs
[06:00:01] [SUCCESS] IGS0OPSFIN_20243600000_01D_30S_CLK.CLK.gz: 18,526 pairs
[06:00:01] [SUCCESS] IGS0OPSFIN_20250200000_01D_30S_CLK.CLK.gz: 17,950 pairs
[06:00:01] [SUCCESS] IGS0OPSFIN_20250150000_01D_30S_CLK.CLK.gz: 18,522 pairs
[06:00:01] [SUCCESS] IGS0OPSFIN_20243590000_01D_30S_CLK.CLK.gz: 18,912 pairs
[06:00:01] [SUCCESS] IGS0OPSFIN_20250240000_01D_30S_CLK.CLK.gz: 16,831 pairs
[06:00:01] [SUCCESS] IGS0OPSFIN_20250190000_01D_30S_CLK.CLK.gz: 18,142 pairs
[06:00:02] [SUCCESS] IGS0OPSFIN_20250120000_01D_30S_CLK.CLK.gz: 18,331 pairs
[06:00:02] [SUCCESS] IGS0OPSFIN_20243230000_01D_30S_CLK.CLK.gz: 23,212 pairs
[06:00:02] [SUCCESS] IGS0OPSFIN_20243320000_01D_30S_CLK.CLK.gz: 24,523 pairs
[06:00:02] [SUCCESS] IGS0OPSFIN_20243370000_01D_30S_CLK.CLK.gz: 24,077 pairs
[06:00:03] [SUCCESS] IGS0OPSFIN_20243380000_01D_30S_CLK.CLK.gz: 24,077 pairs
[06:00:03] [SUCCESS] IGS0OPSFIN_20250060000_01D_30S_CLK.CLK.gz: 18,717 pairs
[06:00:03] [SUCCESS] IGS0OPSFIN_20243300000_01D_30S_CLK.CLK.gz: 22,783 pairs
[06:00:03] [SUCCESS] IGS0OPSFIN_20250140000_01D_30S_CLK.CLK.gz: 18,718 pairs
[06:00:03] [SUCCESS] IGS0OPSFIN_20250250000_01D_30S_CLK.CLK.gz: 18,142 pairs
[06:00:03] [SUCCESS] IGS0OPSFIN_20250220000_01D_30S_CLK.CLK.gz: 18,142 pairs
[06:00:04] [SUCCESS] IGS0OPSFIN_20250280000_01D_30S_CLK.CLK.gz: 18,330 pairs
[06:00:05] [SUCCESS] IGS0OPSFIN_20250180000_01D_30S_CLK.CLK.gz: 19,103 pairs
[06:00:05] [SUCCESS] IGS0OPSFIN_20243360000_01D_30S_CLK.CLK.gz: 24,964 pairs
[06:00:05] [SUCCESS] IGS0OPSFIN_20243400000_01D_30S_CLK.CLK.gz: 24,968 pairs
[06:00:05] [SUCCESS] IGS0OPSFIN_20243390000_01D_30S_CLK.CLK.gz: 25,415 pairs
[06:00:08] [SUCCESS] IGS0OPSFIN_20243330000_01D_30S_CLK.CLK.gz: 24,301 pairs
[06:00:09] [SUCCESS] IGS0OPSFIN_20250300000_01D_30S_CLK.CLK.gz: 20,907 pairs
[06:00:10] [SUCCESS] IGS0OPSFIN_20250340000_01D_30S_CLK.CLK.gz: 19,253 pairs
[06:00:16] [SUCCESS] IGS0OPSFIN_20250360000_01D_30S_CLK.CLK.gz: 21,316 pairs
[06:00:19] [SUCCESS] IGS0OPSFIN_20250370000_01D_30S_CLK.CLK.gz: 21,938 pairs
[06:00:19] [SUCCESS] IGS0OPSFIN_20250330000_01D_30S_CLK.CLK.gz: 25,417 pairs
[06:00:21] [SUCCESS] IGS0OPSFIN_20250260000_01D_30S_CLK.CLK.gz: 26,093 pairs
[06:00:21] [SUCCESS] IGS0OPSFIN_20250310000_01D_30S_CLK.CLK.gz: 25,416 pairs
[06:00:22] [SUCCESS] IGS0OPSFIN_20250320000_01D_30S_CLK.CLK.gz: 25,416 pairs
[06:00:23] [SUCCESS] IGS0OPSFIN_20250290000_01D_30S_CLK.CLK.gz: 26,558 pairs
[06:00:24] [SUCCESS] IGS0OPSFIN_20250270000_01D_30S_CLK.CLK.gz: 26,557 pairs
[06:00:30] [SUCCESS] IGS0OPSFIN_20250350000_01D_30S_CLK.CLK.gz: 27,958 pairs
[06:00:30] [INFO] Checkpoint saved: 768/912 files processed
[06:00:30] [PROCESS] Processing batch 5: 144 files
[06:01:19] [SUCCESS] IGS0OPSFIN_20251070000_01D_30S_CLK.CLK.gz: 10,877 pairs
[06:01:42] [SUCCESS] IGS0OPSFIN_20250450000_01D_30S_CLK.CLK.gz: 17,571 pairs
[06:01:50] [SUCCESS] IGS0OPSFIN_20250400000_01D_30S_CLK.CLK.gz: 19,699 pairs
[06:01:54] [SUCCESS] IGS0OPSFIN_20250500000_01D_30S_CLK.CLK.gz: 20,865 pairs
[06:01:57] [SUCCESS] IGS0OPSFIN_20250430000_01D_30S_CLK.CLK.gz: 21,518 pairs
[06:02:06] [SUCCESS] IGS0OPSFIN_20251190000_01D_30S_CLK.CLK.gz: 23,859 pairs
[06:02:09] [SUCCESS] IGS0OPSFIN_20250790000_01D_30S_CLK.CLK.gz: 24,499 pairs
[06:02:09] [SUCCESS] IGS0OPSFIN_20250470000_01D_30S_CLK.CLK.gz: 24,968 pairs
[06:02:09] [SUCCESS] IGS0OPSFIN_20250590000_01D_30S_CLK.CLK.gz: 24,512 pairs
[06:02:10] [SUCCESS] IGS0OPSFIN_20250650000_01D_30S_CLK.CLK.gz: 24,969 pairs
[06:02:10] [SUCCESS] IGS0OPSFIN_20250660000_01D_30S_CLK.CLK.gz: 25,193 pairs
[06:02:11] [SUCCESS] IGS0OPSFIN_20250710000_01D_30S_CLK.CLK.gz: 24,960 pairs
[06:02:11] [SUCCESS] IGS0OPSFIN_20250760000_01D_30S_CLK.CLK.gz: 25,410 pairs
[06:02:12] [SUCCESS] IGS0OPSFIN_20250570000_01D_30S_CLK.CLK.gz: 25,193 pairs
[06:02:12] [SUCCESS] IGS0OPSFIN_20251100000_01D_30S_CLK.CLK.gz: 25,870 pairs
[06:02:12] [SUCCESS] IGS0OPSFIN_20250800000_01D_30S_CLK.CLK.gz: 25,417 pairs
[06:02:12] [SUCCESS] IGS0OPSFIN_20250700000_01D_30S_CLK.CLK.gz: 24,969 pairs
[06:02:12] [SUCCESS] IGS0OPSFIN_20250850000_01D_30S_CLK.CLK.gz: 25,643 pairs
[06:02:13] [SUCCESS] IGS0OPSFIN_20250390000_01D_30S_CLK.CLK.gz: 25,869 pairs
[06:02:13] [SUCCESS] IGS0OPSFIN_20250680000_01D_30S_CLK.CLK.gz: 25,415 pairs
[06:02:13] [SUCCESS] IGS0OPSFIN_20250610000_01D_30S_CLK.CLK.gz: 25,391 pairs
[06:02:13] [SUCCESS] IGS0OPSFIN_20250810000_01D_30S_CLK.CLK.gz: 25,415 pairs
[06:02:13] [SUCCESS] IGS0OPSFIN_20250840000_01D_30S_CLK.CLK.gz: 25,634 pairs
[06:02:13] [SUCCESS] IGS0OPSFIN_20250460000_01D_30S_CLK.CLK.gz: 26,098 pairs
[06:02:13] [SUCCESS] IGS0OPSFIN_20250880000_01D_30S_CLK.CLK.gz: 25,602 pairs
[06:02:13] [SUCCESS] IGS0OPSFIN_20250870000_01D_30S_CLK.CLK.gz: 25,869 pairs
[06:02:13] [SUCCESS] IGS0OPSFIN_20250950000_01D_30S_CLK.CLK.gz: 25,864 pairs
[06:02:13] [SUCCESS] IGS0OPSFIN_20250730000_01D_30S_CLK.CLK.gz: 25,640 pairs
[06:02:13] [SUCCESS] IGS0OPSFIN_20250770000_01D_30S_CLK.CLK.gz: 25,858 pairs
[06:02:14] [SUCCESS] IGS0OPSFIN_20250410000_01D_30S_CLK.CLK.gz: 25,866 pairs
[06:02:14] [SUCCESS] IGS0OPSFIN_20250520000_01D_30S_CLK.CLK.gz: 26,081 pairs
[06:02:15] [SUCCESS] IGS0OPSFIN_20250600000_01D_30S_CLK.CLK.gz: 25,613 pairs
[06:02:16] [SUCCESS] IGS0OPSFIN_20250720000_01D_30S_CLK.CLK.gz: 26,097 pairs
[06:02:16] [SUCCESS] IGS0OPSFIN_20250560000_01D_30S_CLK.CLK.gz: 26,090 pairs
[06:02:16] [SUCCESS] IGS0OPSFIN_20250510000_01D_30S_CLK.CLK.gz: 26,554 pairs
[06:02:16] [SUCCESS] IGS0OPSFIN_20250540000_01D_30S_CLK.CLK.gz: 26,787 pairs
[06:02:16] [SUCCESS] IGS0OPSFIN_20250530000_01D_30S_CLK.CLK.gz: 26,787 pairs
[06:02:16] [SUCCESS] IGS0OPSFIN_20250550000_01D_30S_CLK.CLK.gz: 26,555 pairs
[06:02:17] [SUCCESS] IGS0OPSFIN_20250480000_01D_30S_CLK.CLK.gz: 26,788 pairs
[06:02:17] [SUCCESS] IGS0OPSFIN_20251210000_01D_30S_CLK.CLK.gz: 23,633 pairs
[06:02:17] [SUCCESS] IGS0OPSFIN_20250670000_01D_30S_CLK.CLK.gz: 26,786 pairs
[06:02:18] [SUCCESS] IGS0OPSFIN_20251010000_01D_30S_CLK.CLK.gz: 23,844 pairs
[06:02:18] [SUCCESS] IGS0OPSFIN_20250580000_01D_30S_CLK.CLK.gz: 26,788 pairs
[06:02:18] [SUCCESS] IGS0OPSFIN_20250420000_01D_30S_CLK.CLK.gz: 27,252 pairs
[06:02:19] [SUCCESS] IGS0OPSFIN_20251180000_01D_30S_CLK.CLK.gz: 24,297 pairs
[06:02:19] [SUCCESS] IGS0OPSFIN_20250940000_01D_30S_CLK.CLK.gz: 24,523 pairs
[06:02:19] [SUCCESS] IGS0OPSFIN_20251250000_01D_30S_CLK.CLK.gz: 27,245 pairs
[06:02:20] [SUCCESS] IGS0OPSFIN_20250640000_01D_30S_CLK.CLK.gz: 27,017 pairs
[06:02:20] [SUCCESS] IGS0OPSFIN_20251000000_01D_30S_CLK.CLK.gz: 24,747 pairs
[06:02:20] [SUCCESS] IGS0OPSFIN_20250620000_01D_30S_CLK.CLK.gz: 27,474 pairs
[06:02:21] [SUCCESS] IGS0OPSFIN_20251220000_01D_30S_CLK.CLK.gz: 24,733 pairs
[06:02:21] [SUCCESS] IGS0OPSFIN_20251030000_01D_30S_CLK.CLK.gz: 24,745 pairs
[06:02:21] [SUCCESS] IGS0OPSFIN_20251040000_01D_30S_CLK.CLK.gz: 24,741 pairs
[06:02:21] [SUCCESS] IGS0OPSFIN_20250440000_01D_30S_CLK.CLK.gz: 27,721 pairs
[06:02:21] [SUCCESS] IGS0OPSFIN_20250920000_01D_30S_CLK.CLK.gz: 24,968 pairs
[06:02:21] [SUCCESS] IGS0OPSFIN_20250690000_01D_30S_CLK.CLK.gz: 24,942 pairs
[06:02:22] [SUCCESS] IGS0OPSFIN_20251240000_01D_30S_CLK.CLK.gz: 27,458 pairs
[06:02:23] [SUCCESS] IGS0OPSFIN_20250900000_01D_30S_CLK.CLK.gz: 25,179 pairs
[06:02:23] [SUCCESS] IGS0OPSFIN_20251110000_01D_30S_CLK.CLK.gz: 26,098 pairs
[06:02:23] [SUCCESS] IGS0OPSFIN_20250980000_01D_30S_CLK.CLK.gz: 25,184 pairs
[06:02:23] [SUCCESS] IGS0OPSFIN_20251060000_01D_30S_CLK.CLK.gz: 25,415 pairs
[06:02:23] [SUCCESS] IGS0OPSFIN_20251200000_01D_30S_CLK.CLK.gz: 24,739 pairs
[06:02:23] [SUCCESS] IGS0OPSFIN_20251050000_01D_30S_CLK.CLK.gz: 25,636 pairs
[06:02:23] [SUCCESS] IGS0OPSFIN_20250380000_01D_30S_CLK.CLK.gz: 25,416 pairs
[06:02:23] [SUCCESS] IGS0OPSFIN_20250930000_01D_30S_CLK.CLK.gz: 25,182 pairs
[06:02:23] [SUCCESS] IGS0OPSFIN_20250910000_01D_30S_CLK.CLK.gz: 24,968 pairs
[06:02:23] [SUCCESS] IGS0OPSFIN_20250750000_01D_30S_CLK.CLK.gz: 25,417 pairs
[06:02:23] [SUCCESS] IGS0OPSFIN_20250860000_01D_30S_CLK.CLK.gz: 25,193 pairs
[06:02:23] [SUCCESS] IGS0OPSFIN_20251310000_01D_30S_CLK.CLK.gz: 27,713 pairs
[06:02:24] [SUCCESS] IGS0OPSFIN_20251080000_01D_30S_CLK.CLK.gz: 25,415 pairs
[06:02:24] [SUCCESS] IGS0OPSFIN_20251230000_01D_30S_CLK.CLK.gz: 25,414 pairs
[06:02:24] [SUCCESS] IGS0OPSFIN_20250990000_01D_30S_CLK.CLK.gz: 25,414 pairs
[06:02:24] [SUCCESS] IGS0OPSFIN_20250960000_01D_30S_CLK.CLK.gz: 26,099 pairs
[06:02:24] [SUCCESS] IGS0OPSFIN_20250490000_01D_30S_CLK.CLK.gz: 28,670 pairs
[06:02:25] [SUCCESS] IGS0OPSFIN_20250740000_01D_30S_CLK.CLK.gz: 25,864 pairs
[06:02:25] [SUCCESS] IGS0OPSFIN_20250830000_01D_30S_CLK.CLK.gz: 25,634 pairs
[06:02:25] [SUCCESS] IGS0OPSFIN_20250890000_01D_30S_CLK.CLK.gz: 25,870 pairs
[06:02:25] [SUCCESS] IGS0OPSFIN_20250970000_01D_30S_CLK.CLK.gz: 25,870 pairs
[06:02:26] [SUCCESS] IGS0OPSFIN_20251090000_01D_30S_CLK.CLK.gz: 26,558 pairs
[06:02:26] [SUCCESS] IGS0OPSFIN_20251150000_01D_30S_CLK.CLK.gz: 26,323 pairs
[06:02:26] [SUCCESS] IGS0OPSFIN_20251020000_01D_30S_CLK.CLK.gz: 25,865 pairs
[06:02:26] [SUCCESS] IGS0OPSFIN_20251120000_01D_30S_CLK.CLK.gz: 26,786 pairs
[06:02:26] [SUCCESS] IGS0OPSFIN_20251160000_01D_30S_CLK.CLK.gz: 26,558 pairs
[06:02:27] [SUCCESS] IGS0OPSFIN_20250630000_01D_30S_CLK.CLK.gz: 26,325 pairs
[06:02:27] [SUCCESS] IGS0OPSFIN_20250780000_01D_30S_CLK.CLK.gz: 26,534 pairs
[06:02:27] [SUCCESS] IGS0OPSFIN_20251170000_01D_30S_CLK.CLK.gz: 26,328 pairs
[06:02:27] [SUCCESS] IGS0OPSFIN_20251130000_01D_30S_CLK.CLK.gz: 26,998 pairs
[06:02:28] [SUCCESS] IGS0OPSFIN_20251260000_01D_30S_CLK.CLK.gz: 27,014 pairs
[06:02:28] [SUCCESS] IGS0OPSFIN_20250820000_01D_30S_CLK.CLK.gz: 25,869 pairs
[06:02:28] [SUCCESS] IGS0OPSFIN_20251140000_01D_30S_CLK.CLK.gz: 26,327 pairs
[06:02:30] [SUCCESS] IGS0OPSFIN_20251320000_01D_30S_CLK.CLK.gz: 28,644 pairs
[06:02:32] [SUCCESS] IGS0OPSFIN_20251270000_01D_30S_CLK.CLK.gz: 28,180 pairs
[06:02:32] [SUCCESS] IGS0OPSFIN_20251330000_01D_30S_CLK.CLK.gz: 28,664 pairs
[06:02:33] [SUCCESS] IGS0OPSFIN_20251290000_01D_30S_CLK.CLK.gz: 28,668 pairs
[06:02:33] [SUCCESS] IGS0OPSFIN_20251280000_01D_30S_CLK.CLK.gz: 29,630 pairs
[06:02:34] [SUCCESS] IGS0OPSFIN_20251300000_01D_30S_CLK.CLK.gz: 29,136 pairs
[06:03:00] [SUCCESS] IGS0OPSFIN_20251340000_01D_30S_CLK.CLK.gz: 28,656 pairs
[06:03:09] [SUCCESS] IGS0OPSFIN_20251350000_01D_30S_CLK.CLK.gz: 27,936 pairs
[06:03:09] [SUCCESS] IGS0OPSFIN_20251670000_01D_30S_CLK.CLK.gz: 18,713 pairs
[06:03:16] [SUCCESS] IGS0OPSFIN_20251360000_01D_30S_CLK.CLK.gz: 27,721 pairs
[06:03:16] [SUCCESS] IGS0OPSFIN_20251370000_01D_30S_CLK.CLK.gz: 27,954 pairs
[06:03:17] [SUCCESS] IGS0OPSFIN_20251380000_01D_30S_CLK.CLK.gz: 27,700 pairs
[06:03:21] [SUCCESS] IGS0OPSFIN_20251420000_01D_30S_CLK.CLK.gz: 25,865 pairs
[06:03:23] [SUCCESS] IGS0OPSFIN_20251520000_01D_30S_CLK.CLK.gz: 26,787 pairs
[06:03:23] [SUCCESS] IGS0OPSFIN_20251640000_01D_30S_CLK.CLK.gz: 26,092 pairs
[06:03:24] [SUCCESS] IGS0OPSFIN_20251580000_01D_30S_CLK.CLK.gz: 26,322 pairs
[06:03:25] [SUCCESS] IGS0OPSFIN_20251390000_01D_30S_CLK.CLK.gz: 27,719 pairs
[06:03:26] [SUCCESS] IGS0OPSFIN_20251780000_01D_30S_CLK.CLK.gz: 25,178 pairs
[06:03:26] [SUCCESS] IGS0OPSFIN_20251510000_01D_30S_CLK.CLK.gz: 27,247 pairs
[06:03:26] [SUCCESS] IGS0OPSFIN_20251430000_01D_30S_CLK.CLK.gz: 26,557 pairs
[06:03:26] [SUCCESS] IGS0OPSFIN_20251790000_01D_30S_CLK.CLK.gz: 25,416 pairs
[06:03:27] [SUCCESS] IGS0OPSFIN_20251400000_01D_30S_CLK.CLK.gz: 28,193 pairs
[06:03:27] [SUCCESS] IGS0OPSFIN_20251660000_01D_30S_CLK.CLK.gz: 25,633 pairs
[06:03:27] [SUCCESS] IGS0OPSFIN_20251650000_01D_30S_CLK.CLK.gz: 26,307 pairs
[06:03:27] [SUCCESS] IGS0OPSFIN_20251450000_01D_30S_CLK.CLK.gz: 27,015 pairs
[06:03:28] [SUCCESS] IGS0OPSFIN_20251590000_01D_30S_CLK.CLK.gz: 27,016 pairs
[06:03:28] [SUCCESS] IGS0OPSFIN_20251530000_01D_30S_CLK.CLK.gz: 27,014 pairs
[06:03:28] [SUCCESS] IGS0OPSFIN_20251730000_01D_30S_CLK.CLK.gz: 26,786 pairs
[06:03:28] [SUCCESS] IGS0OPSFIN_20251410000_01D_30S_CLK.CLK.gz: 27,948 pairs
[06:03:28] [SUCCESS] IGS0OPSFIN_20251600000_01D_30S_CLK.CLK.gz: 27,955 pairs
[06:03:28] [SUCCESS] IGS0OPSFIN_20251760000_01D_30S_CLK.CLK.gz: 27,020 pairs
[06:03:28] [SUCCESS] IGS0OPSFIN_20251570000_01D_30S_CLK.CLK.gz: 26,787 pairs
[06:03:29] [SUCCESS] IGS0OPSFIN_20251460000_01D_30S_CLK.CLK.gz: 27,487 pairs
[06:03:29] [SUCCESS] IGS0OPSFIN_20251480000_01D_30S_CLK.CLK.gz: 28,906 pairs
[06:03:29] [SUCCESS] IGS0OPSFIN_20251560000_01D_30S_CLK.CLK.gz: 28,417 pairs
[06:03:30] [SUCCESS] IGS0OPSFIN_20251700000_01D_30S_CLK.CLK.gz: 27,013 pairs
[06:03:30] [SUCCESS] IGS0OPSFIN_20251620000_01D_30S_CLK.CLK.gz: 27,230 pairs
[06:03:30] [SUCCESS] IGS0OPSFIN_20251810000_01D_30S_CLK.CLK.gz: 26,326 pairs
[06:03:30] [SUCCESS] IGS0OPSFIN_20251750000_01D_30S_CLK.CLK.gz: 27,721 pairs
[06:03:30] [SUCCESS] IGS0OPSFIN_20251690000_01D_30S_CLK.CLK.gz: 26,557 pairs
[06:03:30] [SUCCESS] IGS0OPSFIN_20251720000_01D_30S_CLK.CLK.gz: 27,226 pairs
[06:03:31] [SUCCESS] IGS0OPSFIN_20251500000_01D_30S_CLK.CLK.gz: 28,430 pairs
[06:03:31] [SUCCESS] IGS0OPSFIN_20251800000_01D_30S_CLK.CLK.gz: 26,557 pairs
[06:03:31] [SUCCESS] IGS0OPSFIN_20251540000_01D_30S_CLK.CLK.gz: 28,887 pairs
[06:03:31] [SUCCESS] IGS0OPSFIN_20251440000_01D_30S_CLK.CLK.gz: 28,907 pairs
[06:03:31] [SUCCESS] IGS0OPSFIN_20251770000_01D_30S_CLK.CLK.gz: 27,225 pairs
[06:03:31] [SUCCESS] IGS0OPSFIN_20251550000_01D_30S_CLK.CLK.gz: 28,421 pairs
[06:03:32] [SUCCESS] IGS0OPSFIN_20251710000_01D_30S_CLK.CLK.gz: 27,471 pairs
[06:03:32] [SUCCESS] IGS0OPSFIN_20251740000_01D_30S_CLK.CLK.gz: 27,251 pairs
[06:03:32] [SUCCESS] IGS0OPSFIN_20251610000_01D_30S_CLK.CLK.gz: 27,952 pairs
[06:03:32] [SUCCESS] IGS0OPSFIN_20251630000_01D_30S_CLK.CLK.gz: 28,650 pairs
[06:03:32] [SUCCESS] IGS0OPSFIN_20251490000_01D_30S_CLK.CLK.gz: 28,402 pairs
[06:03:33] [SUCCESS] IGS0OPSFIN_20251680000_01D_30S_CLK.CLK.gz: 27,951 pairs
[06:03:33] [SUCCESS] IGS0OPSFIN_20251470000_01D_30S_CLK.CLK.gz: 28,651 pairs
[06:03:33] [INFO] Checkpoint saved: 912/912 files processed
[06:03:33] [SUCCESS] Total kept pairs: 12,879,379 from 912 files
[06:03:33] [INFO] Cleaned up checkpoint file
[06:03:33] [INFO] Phase coherence vs distance:
[06:03:33] [INFO] Distance (km) | Mean Coherence | Count
[06:03:33] [INFO] ----------------------------------------
[06:03:33] [INFO]     70.5 |     0.075392 |   1053
[06:03:33] [INFO]     95.4 |     0.022456 |    533
[06:03:33] [INFO]    112.7 |    -0.080751 |   2420
[06:03:33] [INFO]    144.6 |     0.127856 |   1320
[06:03:33] [INFO]    162.1 |     0.091628 |    852
[06:03:33] [INFO]    190.1 |     0.143129 |   1448
[06:03:33] [INFO]    225.3 |     0.250717 |   4134
[06:03:33] [INFO]    286.9 |     0.125109 |   4878
[06:03:33] [INFO]    325.5 |     0.146077 |   9072
[06:03:33] [INFO]    406.3 |     0.118484 |  13105
[06:03:33] [INFO]    542.8 |     0.183049 |  26186
[06:03:33] [INFO]    658.3 |     0.145314 |  17091
[06:03:33] [INFO]    748.9 |     0.150352 |  22874
[06:03:33] [INFO]    939.1 |     0.107851 |  78911
[06:03:33] [INFO]   1137.7 |     0.113939 |  60935
[06:03:33] [INFO]   1311.0 |     0.113023 |  67571
[06:03:33] [INFO]   1512.6 |     0.121517 |  71096
[06:03:33] [INFO]   1873.5 |     0.107696 | 228303
[06:03:33] [INFO]   2294.6 |     0.088420 | 151775
[06:03:33] [INFO]   2650.3 |     0.076466 | 162568
[06:03:33] [INFO]   3264.6 |     0.061753 | 466081
[06:03:33] [INFO]   3996.6 |     0.049853 | 322725
[06:03:33] [INFO]   4963.1 |     0.024391 | 942282
[06:03:33] [INFO]   6089.2 |     0.017196 | 641605
[06:03:33] [INFO]   6977.4 |     0.012205 | 843059
[06:03:33] [INFO]   8018.9 |     0.003774 | 1189138
[06:03:33] [INFO]   9856.0 |    -0.008620 | 2770379
[06:03:33] [INFO]  12134.0 |    -0.011008 | 1478364
[06:03:33] [DEBUG] DEBUG: Number of bins for fitting (len(distances)): 28
[06:03:33] [DEBUG] DEBUG: Minimum required bins (min_bin_count): 50
[06:03:33] [INFO] Model Comparison Results:
[06:03:33] [INFO] Model           | AIC      | BIC      | R²     | ΔAIC
[06:03:33] [INFO] ----------------|----------|----------|--------|--------
[06:03:33] [INFO] Matérn (ν=1.5)  |    80.16 |    84.16 |  0.968 |   0.00
[06:03:33] [INFO] Matérn (ν=2.5)  |    82.16 |    86.15 |  0.966 |   1.99
[06:03:33] [INFO] Exponential     |    82.23 |    86.23 |  0.966 |   2.07
[06:03:33] [INFO] Squared Exponential |    89.85 |    93.85 |  0.955 |   9.69
[06:03:33] [INFO] Gaussian        |    89.85 |    93.85 |  0.955 |   9.69
[06:03:33] [INFO] Power Law w/ Cutoff |    90.71 |    96.04 |  0.957 |  10.55
[06:03:33] [INFO] Power Law       |   105.80 |   109.80 |  0.920 |  25.64
[06:03:33] [INFO] Jackknife analysis: λ = 3778.6 ± 151.8 km (20 samples)
[06:03:33] [INFO] Core correlation analysis complete. Run Step 4 for geospatial aggregation, then Step 5 for advanced statistical validation.
[06:03:33] [SUCCESS] BEST MODEL FIT RESULTS:
[06:03:33] [INFO]   Best Model: Matérn (ν=1.5) (AIC winner)
[06:03:33] [INFO]   Amplitude (A): 0.152065 ± 0.006299
[06:03:33] [INFO]   Correlation Length (λ): 3394.6 ± 209.6 km
[06:03:33] [INFO]   Offset (C₀): -0.012831 ± 0.002632
[06:03:33] [INFO]   R-squared: 0.9681
[06:03:33] [INFO] EXPONENTIAL MODEL (TEP) RESULTS:
[06:03:33] [INFO]   Amplitude (A): 0.193747 ± 0.008517
[06:03:33] [INFO]   Correlation Length (λ): 3763.6 ± 375.9 km
[06:03:33] [INFO]   Offset (C₀): -0.020932 ± 0.004352
[06:03:33] [INFO]   R-squared: 0.9657
[06:03:33] [SUCCESS] TEP-consistent signal detected
[06:03:33] [INFO]   Exponential model: λ = 3764 km is in TEP range
[06:03:33] [INFO]   R² = 0.966 indicates strong correlation structure
[06:03:33] [INFO]   Phase-coherent analysis supports TEP predictions
[06:03:33] [INFO]   Note: Matérn (ν=1.5) model fits better (ΔAIC = -2.07)
[06:03:33] [SUCCESS] Binned data saved: /mnt/data/results/outputs/step_2_0_correlation_data_igs_combined.csv
[06:03:33] [INFO] Merging individual file: step_2_0_pairs_igs_combined_IGS0OPSFIN_20250100000_01D_30S_CLK.CLK.gz.csv
[06:03:33] [DEBUG] Cleaned up individual file: step_2_0_pairs_igs_combined_IGS0OPSFIN_20250100000_01D_30S_CLK.CLK.gz.csv
[06:03:33] [INFO] Merging individual file: step_2_0_pairs_igs_combined_IGS0OPSFIN_20240490000_01D_30S_CLK.CLK.gz.csv
[06:03:33] [DEBUG] Cleaned up individual file: step_2_0_pairs_igs_combined_IGS0OPSFIN_20240490000_01D_30S_CLK.CLK.gz.csv
[06:03:33] [INFO] Merging individual file: step_2_0_pairs_igs_combined_IGS0OPSFIN_20240040000_01D_30S_CLK.CLK.gz.csv
[06:03:34] [DEBUG] Cleaned up individual file: step_2_0_pairs_igs_combined_IGS0OPSFIN_20240040000_01D_30S_CLK.CLK.gz.csv
[06:03:34] [INFO] Merging individual file: step_2_0_pairs_igs_combined_IGS0OPSFIN_20242140000_01D_30S_CLK.CLK.gz.csv
[06:03:34] [DEBUG] Cleaned up individual file: step_2_0_pairs_igs_combined_IGS0OPSFIN_20242140000_01D_30S_CLK.CLK.gz.csv
[06:03:34] [INFO] Merging individual file: step_2_0_pairs_igs_combined_IGS0OPSFIN_20250330000_01D_30S_CLK.CLK.gz.csv
[06:03:34] [DEBUG] Cleaned up individual file: step_2_0_pairs_igs_combined_IGS0OPSFIN_20250330000_01D_30S_CLK.CLK.gz.csv
[06:03:34] [INFO] Merging individual file: step_2_0_pairs_igs_combined_IGS0OPSFIN_20233310000_01D_30S_CLK.CLK.gz.csv
[06:03:34] [DEBUG] Cleaned up individual file: step_2_0_pairs_igs_combined_IGS0OPSFIN_20233310000_01D_30S_CLK.CLK.gz.csv
[06:03:34] [INFO] Merging individual file: step_2_0_pairs_igs_combined_IGS0OPSFIN_20251280000_01D_30S_CLK.CLK.gz.csv
[06:03:34] [DEBUG] Cleaned up individual file: step_2_0_pairs_igs_combined_IGS0OPSFIN_20251280000_01D_30S_CLK.CLK.gz.csv
[06:03:34] [INFO] Merging individual file: step_2_0_pairs_igs_combined_IGS0OPSFIN_20242410000_01D_30S_CLK.CLK.gz.csv
[06:03:34] [DEBUG] Cleaned up individual file: step_2_0_pairs_igs_combined_IGS0OPSFIN_20242410000_01D_30S_CLK.CLK.gz.csv
[06:03:34] [INFO] Merging individual file: step_2_0_pairs_igs_combined_IGS0OPSFIN_20242200000_01D_30S_CLK.CLK.gz.csv
[06:03:34] [DEBUG] Cleaned up individual file: step_2_0_pairs_igs_combined_IGS0OPSFIN_20242200000_01D_30S_CLK.CLK.gz.csv
[06:03:34] [INFO] Merging individual file: step_2_0_pairs_igs_combined_IGS0OPSFIN_20241440000_01D_30S_CLK.CLK.gz.csv
[06:03:34] [DEBUG] Cleaned up individual file: step_2_0_pairs_igs_combined_IGS0OPSFIN_20241440000_01D_30S_CLK.CLK.gz.csv
[06:03:34] [INFO] Merging individual file: step_2_0_pairs_igs_combined_IGS0OPSFIN_20241380000_01D_30S_CLK.CLK.gz.csv
[06:03:35] [DEBUG] Cleaned up individual file: step_2_0_pairs_igs_combined_IGS0OPSFIN_20241380000_01D_30S_CLK.CLK.gz.csv
[06:03:35] [INFO] Merging individual file: step_2_0_pairs_igs_combined_IGS0OPSFIN_20242180000_01D_30S_CLK.CLK.gz.csv
[06:03:35] [DEBUG] Cleaned up individual file: step_2_0_pairs_igs_combined_IGS0OPSFIN_20242180000_01D_30S_CLK.CLK.gz.csv
[06:03:35] [INFO] Merging individual file: step_2_0_pairs_igs_combined_IGS0OPSFIN_20251450000_01D_30S_CLK.CLK.gz.csv
[06:03:35] [DEBUG] Cleaned up individual file: step_2_0_pairs_igs_combined_IGS0OPSFIN_20251450000_01D_30S_CLK.CLK.gz.csv
[06:03:35] [INFO] Merging individual file: step_2_0_pairs_igs_combined_IGS0OPSFIN_20241990000_01D_30S_CLK.CLK.gz.csv
[06:03:35] [DEBUG] Cleaned up individual file: step_2_0_pairs_igs_combined_IGS0OPSFIN_20241990000_01D_30S_CLK.CLK.gz.csv
[06:03:35] [INFO] Merging individual file: step_2_0_pairs_igs_combined_IGS0OPSFIN_20243140000_01D_30S_CLK.CLK.gz.csv
[06:03:35] [DEBUG] Cleaned up individual file: step_2_0_pairs_igs_combined_IGS0OPSFIN_20243140000_01D_30S_CLK.CLK.gz.csv
[06:03:35] [INFO] Merging individual file: step_2_0_pairs_igs_combined_IGS0OPSFIN_20250260000_01D_30S_CLK.CLK.gz.csv
[06:03:35] [DEBUG] Cleaned up individual file: step_2_0_pairs_igs_combined_IGS0OPSFIN_20250260000_01D_30S_CLK.CLK.gz.csv
[06:03:35] [INFO] Merging individual file: step_2_0_pairs_igs_combined_IGS0OPSFIN_20233270000_01D_30S_CLK.CLK.gz.csv
[06:03:35] [DEBUG] Cleaned up individual file: step_2_0_pairs_igs_combined_IGS0OPSFIN_20233270000_01D_30S_CLK.CLK.gz.csv
[06:03:35] [INFO] Merging individual file: step_2_0_pairs_igs_combined_IGS0OPSFIN_20232370000_01D_30S_CLK.CLK.gz.csv
[06:03:35] [DEBUG] Cleaned up individual file: step_2_0_pairs_igs_combined_IGS0OPSFIN_20232370000_01D_30S_CLK.CLK.gz.csv
[06:03:35] [INFO] Merging individual file: step_2_0_pairs_igs_combined_IGS0OPSFIN_20230210000_01D_30S_CLK.CLK.gz.csv
[06:03:35] [DEBUG] Cleaned up individual file: step_2_0_pairs_igs_combined_IGS0OPSFIN_20230210000_01D_30S_CLK.CLK.gz.csv
[06:03:35] [INFO] Merging individual file: step_2_0_pairs_igs_combined_IGS0OPSFIN_20242480000_01D_30S_CLK.CLK.gz.csv
[06:03:36] [DEBUG] Cleaned up individual file: step_2_0_pairs_igs_combined_IGS0OPSFIN_20242480000_01D_30S_CLK.CLK.gz.csv
[06:03:36] [INFO] Merging individual file: step_2_0_pairs_igs_combined_IGS0OPSFIN_20240910000_01D_30S_CLK.CLK.gz.csv
[06:03:36] [DEBUG] Cleaned up individual file: step_2_0_pairs_igs_combined_IGS0OPSFIN_20240910000_01D_30S_CLK.CLK.gz.csv
[06:03:36] [INFO] Merging individual file: step_2_0_pairs_igs_combined_IGS0OPSFIN_20242460000_01D_30S_CLK.CLK.gz.csv
[06:03:36] [DEBUG] Cleaned up individual file: step_2_0_pairs_igs_combined_IGS0OPSFIN_20242460000_01D_30S_CLK.CLK.gz.csv
[06:03:36] [INFO] Merging individual file: step_2_0_pairs_igs_combined_IGS0OPSFIN_20241970000_01D_30S_CLK.CLK.gz.csv
[06:03:36] [DEBUG] Cleaned up individual file: step_2_0_pairs_igs_combined_IGS0OPSFIN_20241970000_01D_30S_CLK.CLK.gz.csv
[06:03:36] [INFO] Merging individual file: step_2_0_pairs_igs_combined_IGS0OPSFIN_20231500000_01D_30S_CLK.CLK.gz.csv
[06:03:36] [DEBUG] Cleaned up individual file: step_2_0_pairs_igs_combined_IGS0OPSFIN_20231500000_01D_30S_CLK.CLK.gz.csv
[06:03:36] [INFO] Merging individual file: step_2_0_pairs_igs_combined_IGS0OPSFIN_20242330000_01D_30S_CLK.CLK.gz.csv
[06:03:36] [DEBUG] Cleaned up individual file: step_2_0_pairs_igs_combined_IGS0OPSFIN_20242330000_01D_30S_CLK.CLK.gz.csv
[06:03:36] [INFO] Merging individual file: step_2_0_pairs_igs_combined_IGS0OPSFIN_20242070000_01D_30S_CLK.CLK.gz.csv
[06:03:36] [DEBUG] Cleaned up individual file: step_2_0_pairs_igs_combined_IGS0OPSFIN_20242070000_01D_30S_CLK.CLK.gz.csv
[06:03:36] [INFO] Merging individual file: step_2_0_pairs_igs_combined_IGS0OPSFIN_20232540000_01D_30S_CLK.CLK.gz.csv
[06:03:36] [DEBUG] Cleaned up individual file: step_2_0_pairs_igs_combined_IGS0OPSFIN_20232540000_01D_30S_CLK.CLK.gz.csv
[06:03:36] [INFO] Merging individual file: step_2_0_pairs_igs_combined_IGS0OPSFIN_20240770000_01D_30S_CLK.CLK.gz.csv
[06:03:36] [DEBUG] Cleaned up individual file: step_2_0_pairs_igs_combined_IGS0OPSFIN_20240770000_01D_30S_CLK.CLK.gz.csv
[06:03:36] [INFO] Merging individual file: step_2_0_pairs_igs_combined_IGS0OPSFIN_20240210000_01D_30S_CLK.CLK.gz.csv
[06:03:36] [DEBUG] Cleaned up individual file: step_2_0_pairs_igs_combined_IGS0OPSFIN_20240210000_01D_30S_CLK.CLK.gz.csv
[06:03:36] [INFO] Merging individual file: step_2_0_pairs_igs_combined_IGS0OPSFIN_20243020000_01D_30S_CLK.CLK.gz.csv
[06:03:36] [DEBUG] Cleaned up individual file: step_2_0_pairs_igs_combined_IGS0OPSFIN_20243020000_01D_30S_CLK.CLK.gz.csv
[06:03:36] [INFO] Merging individual file: step_2_0_pairs_igs_combined_IGS0OPSFIN_20241700000_01D_30S_CLK.CLK.gz.csv
[06:03:37] [DEBUG] Cleaned up individual file: step_2_0_pairs_igs_combined_IGS0OPSFIN_20241700000_01D_30S_CLK.CLK.gz.csv
[06:03:37] [INFO] Merging individual file: step_2_0_pairs_igs_combined_IGS0OPSFIN_20250400000_01D_30S_CLK.CLK.gz.csv
[06:03:37] [DEBUG] Cleaned up individual file: step_2_0_pairs_igs_combined_IGS0OPSFIN_20250400000_01D_30S_CLK.CLK.gz.csv
[06:03:37] [INFO] Merging individual file: step_2_0_pairs_igs_combined_IGS0OPSFIN_20240440000_01D_30S_CLK.CLK.gz.csv
[06:03:37] [DEBUG] Cleaned up individual file: step_2_0_pairs_igs_combined_IGS0OPSFIN_20240440000_01D_30S_CLK.CLK.gz.csv
[06:03:37] [INFO] Merging individual file: step_2_0_pairs_igs_combined_IGS0OPSFIN_20251670000_01D_30S_CLK.CLK.gz.csv
[06:03:37] [DEBUG] Cleaned up individual file: step_2_0_pairs_igs_combined_IGS0OPSFIN_20251670000_01D_30S_CLK.CLK.gz.csv
[06:03:37] [INFO] Merging individual file: step_2_0_pairs_igs_combined_IGS0OPSFIN_20242090000_01D_30S_CLK.CLK.gz.csv
[06:03:37] [DEBUG] Cleaned up individual file: step_2_0_pairs_igs_combined_IGS0OPSFIN_20242090000_01D_30S_CLK.CLK.gz.csv
[06:03:37] [INFO] Merging individual file: step_2_0_pairs_igs_combined_IGS0OPSFIN_20241490000_01D_30S_CLK.CLK.gz.csv
[06:03:37] [DEBUG] Cleaned up individual file: step_2_0_pairs_igs_combined_IGS0OPSFIN_20241490000_01D_30S_CLK.CLK.gz.csv
[06:03:37] [INFO] Merging individual file: step_2_0_pairs_igs_combined_IGS0OPSFIN_20233210000_01D_30S_CLK.CLK.gz.csv
[06:03:37] [DEBUG] Cleaned up individual file: step_2_0_pairs_igs_combined_IGS0OPSFIN_20233210000_01D_30S_CLK.CLK.gz.csv
[06:03:37] [INFO] Merging individual file: step_2_0_pairs_igs_combined_IGS0OPSFIN_20232040000_01D_30S_CLK.CLK.gz.csv
[06:03:37] [DEBUG] Cleaned up individual file: step_2_0_pairs_igs_combined_IGS0OPSFIN_20232040000_01D_30S_CLK.CLK.gz.csv
[06:03:37] [INFO] Merging individual file: step_2_0_pairs_igs_combined_IGS0OPSFIN_20240130000_01D_30S_CLK.CLK.gz.csv
[06:03:37] [DEBUG] Cleaned up individual file: step_2_0_pairs_igs_combined_IGS0OPSFIN_20240130000_01D_30S_CLK.CLK.gz.csv
[06:03:37] [INFO] Merging individual file: step_2_0_pairs_igs_combined_IGS0OPSFIN_20242420000_01D_30S_CLK.CLK.gz.csv
[06:03:37] [DEBUG] Cleaned up individual file: step_2_0_pairs_igs_combined_IGS0OPSFIN_20242420000_01D_30S_CLK.CLK.gz.csv
[06:03:37] [INFO] Merging individual file: step_2_0_pairs_igs_combined_IGS0OPSFIN_20241650000_01D_30S_CLK.CLK.gz.csv
[06:03:37] [DEBUG] Cleaned up individual file: step_2_0_pairs_igs_combined_IGS0OPSFIN_20241650000_01D_30S_CLK.CLK.gz.csv
[06:03:37] [INFO] Merging individual file: step_2_0_pairs_igs_combined_IGS0OPSFIN_20251650000_01D_30S_CLK.CLK.gz.csv
[06:03:38] [DEBUG] Cleaned up individual file: step_2_0_pairs_igs_combined_IGS0OPSFIN_20251650000_01D_30S_CLK.CLK.gz.csv
[06:03:38] [INFO] Merging individual file: step_2_0_pairs_igs_combined_IGS0OPSFIN_20240690000_01D_30S_CLK.CLK.gz.csv
[06:03:38] [DEBUG] Cleaned up individual file: step_2_0_pairs_igs_combined_IGS0OPSFIN_20240690000_01D_30S_CLK.CLK.gz.csv
[06:03:38] [INFO] Merging individual file: step_2_0_pairs_igs_combined_IGS0OPSFIN_20231860000_01D_30S_CLK.CLK.gz.csv
[06:03:38] [DEBUG] Cleaned up individual file: step_2_0_pairs_igs_combined_IGS0OPSFIN_20231860000_01D_30S_CLK.CLK.gz.csv
[06:03:38] [INFO] Merging individual file: step_2_0_pairs_igs_combined_IGS0OPSFIN_20242850000_01D_30S_CLK.CLK.gz.csv
[06:03:38] [DEBUG] Cleaned up individual file: step_2_0_pairs_igs_combined_IGS0OPSFIN_20242850000_01D_30S_CLK.CLK.gz.csv
[06:03:38] [INFO] Merging individual file: step_2_0_pairs_igs_combined_IGS0OPSFIN_20250860000_01D_30S_CLK.CLK.gz.csv
[06:03:38] [DEBUG] Cleaned up individual file: step_2_0_pairs_igs_combined_IGS0OPSFIN_20250860000_01D_30S_CLK.CLK.gz.csv
[06:03:38] [INFO] Merging individual file: step_2_0_pairs_igs_combined_IGS0OPSFIN_20231160000_01D_30S_CLK.CLK.gz.csv
[06:03:38] [DEBUG] Cleaned up individual file: step_2_0_pairs_igs_combined_IGS0OPSFIN_20231160000_01D_30S_CLK.CLK.gz.csv
[06:03:38] [INFO] Merging individual file: step_2_0_pairs_igs_combined_IGS0OPSFIN_20233460000_01D_30S_CLK.CLK.gz.csv
[06:03:38] [DEBUG] Cleaned up individual file: step_2_0_pairs_igs_combined_IGS0OPSFIN_20233460000_01D_30S_CLK.CLK.gz.csv
[06:03:38] [INFO] Merging individual file: step_2_0_pairs_igs_combined_IGS0OPSFIN_20250340000_01D_30S_CLK.CLK.gz.csv
[06:03:38] [DEBUG] Cleaned up individual file: step_2_0_pairs_igs_combined_IGS0OPSFIN_20250340000_01D_30S_CLK.CLK.gz.csv
[06:03:38] [INFO] Merging individual file: step_2_0_pairs_igs_combined_IGS0OPSFIN_20230170000_01D_30S_CLK.CLK.gz.csv
[06:03:38] [DEBUG] Cleaned up individual file: step_2_0_pairs_igs_combined_IGS0OPSFIN_20230170000_01D_30S_CLK.CLK.gz.csv
[06:03:38] [INFO] Merging individual file: step_2_0_pairs_igs_combined_IGS0OPSFIN_20250500000_01D_30S_CLK.CLK.gz.csv
[06:03:38] [DEBUG] Cleaned up individual file: step_2_0_pairs_igs_combined_IGS0OPSFIN_20250500000_01D_30S_CLK.CLK.gz.csv
[06:03:38] [INFO] Merging individual file: step_2_0_pairs_igs_combined_IGS0OPSFIN_20242300000_01D_30S_CLK.CLK.gz.csv
[06:03:38] [DEBUG] Cleaned up individual file: step_2_0_pairs_igs_combined_IGS0OPSFIN_20242300000_01D_30S_CLK.CLK.gz.csv
[06:03:38] [INFO] Merging individual file: step_2_0_pairs_igs_combined_IGS0OPSFIN_20232550000_01D_30S_CLK.CLK.gz.csv
[06:03:38] [DEBUG] Cleaned up individual file: step_2_0_pairs_igs_combined_IGS0OPSFIN_20232550000_01D_30S_CLK.CLK.gz.csv
[06:03:38] [INFO] Merging individual file: step_2_0_pairs_igs_combined_IGS0OPSFIN_20233370000_01D_30S_CLK.CLK.gz.csv
[06:03:38] [DEBUG] Cleaned up individual file: step_2_0_pairs_igs_combined_IGS0OPSFIN_20233370000_01D_30S_CLK.CLK.gz.csv
[06:03:38] [INFO] Merging individual file: step_2_0_pairs_igs_combined_IGS0OPSFIN_20231100000_01D_30S_CLK.CLK.gz.csv
[06:03:39] [DEBUG] Cleaned up individual file: step_2_0_pairs_igs_combined_IGS0OPSFIN_20231100000_01D_30S_CLK.CLK.gz.csv
[06:03:39] [INFO] Merging individual file: step_2_0_pairs_igs_combined_IGS0OPSFIN_20251320000_01D_30S_CLK.CLK.gz.csv
[06:03:39] [DEBUG] Cleaned up individual file: step_2_0_pairs_igs_combined_IGS0OPSFIN_20251320000_01D_30S_CLK.CLK.gz.csv
[06:03:39] [INFO] Merging individual file: step_2_0_pairs_igs_combined_IGS0OPSFIN_20251610000_01D_30S_CLK.CLK.gz.csv
[06:03:39] [DEBUG] Cleaned up individual file: step_2_0_pairs_igs_combined_IGS0OPSFIN_20251610000_01D_30S_CLK.CLK.gz.csv
[06:03:39] [INFO] Merging individual file: step_2_0_pairs_igs_combined_IGS0OPSFIN_20251720000_01D_30S_CLK.CLK.gz.csv
[06:03:39] [DEBUG] Cleaned up individual file: step_2_0_pairs_igs_combined_IGS0OPSFIN_20251720000_01D_30S_CLK.CLK.gz.csv
[06:03:39] [INFO] Merging individual file: step_2_0_pairs_igs_combined_IGS0OPSFIN_20231800000_01D_30S_CLK.CLK.gz.csv
[06:03:39] [DEBUG] Cleaned up individual file: step_2_0_pairs_igs_combined_IGS0OPSFIN_20231800000_01D_30S_CLK.CLK.gz.csv
[06:03:39] [INFO] Merging individual file: step_2_0_pairs_igs_combined_IGS0OPSFIN_20231510000_01D_30S_CLK.CLK.gz.csv
[06:03:39] [DEBUG] Cleaned up individual file: step_2_0_pairs_igs_combined_IGS0OPSFIN_20231510000_01D_30S_CLK.CLK.gz.csv
[06:03:39] [INFO] Merging individual file: step_2_0_pairs_igs_combined_IGS0OPSFIN_20242990000_01D_30S_CLK.CLK.gz.csv
[06:03:39] [DEBUG] Cleaned up individual file: step_2_0_pairs_igs_combined_IGS0OPSFIN_20242990000_01D_30S_CLK.CLK.gz.csv
[06:03:39] [INFO] Merging individual file: step_2_0_pairs_igs_combined_IGS0OPSFIN_20251250000_01D_30S_CLK.CLK.gz.csv
[06:03:39] [DEBUG] Cleaned up individual file: step_2_0_pairs_igs_combined_IGS0OPSFIN_20251250000_01D_30S_CLK.CLK.gz.csv
[06:03:39] [INFO] Merging individual file: step_2_0_pairs_igs_combined_IGS0OPSFIN_20242650000_01D_30S_CLK.CLK.gz.csv
[06:03:40] [DEBUG] Cleaned up individual file: step_2_0_pairs_igs_combined_IGS0OPSFIN_20242650000_01D_30S_CLK.CLK.gz.csv
[06:03:40] [INFO] Merging individual file: step_2_0_pairs_igs_combined_IGS0OPSFIN_20232070000_01D_30S_CLK.CLK.gz.csv
[06:03:40] [DEBUG] Cleaned up individual file: step_2_0_pairs_igs_combined_IGS0OPSFIN_20232070000_01D_30S_CLK.CLK.gz.csv
[06:03:40] [INFO] Merging individual file: step_2_0_pairs_igs_combined_IGS0OPSFIN_20242320000_01D_30S_CLK.CLK.gz.csv
[06:03:40] [DEBUG] Cleaned up individual file: step_2_0_pairs_igs_combined_IGS0OPSFIN_20242320000_01D_30S_CLK.CLK.gz.csv
[06:03:40] [INFO] Merging individual file: step_2_0_pairs_igs_combined_IGS0OPSFIN_20240340000_01D_30S_CLK.CLK.gz.csv
[06:03:40] [DEBUG] Cleaned up individual file: step_2_0_pairs_igs_combined_IGS0OPSFIN_20240340000_01D_30S_CLK.CLK.gz.csv
[06:03:40] [INFO] Merging individual file: step_2_0_pairs_igs_combined_IGS0OPSFIN_20232500000_01D_30S_CLK.CLK.gz.csv
[06:03:40] [DEBUG] Cleaned up individual file: step_2_0_pairs_igs_combined_IGS0OPSFIN_20232500000_01D_30S_CLK.CLK.gz.csv
[06:03:40] [INFO] Merging individual file: step_2_0_pairs_igs_combined_IGS0OPSFIN_20243030000_01D_30S_CLK.CLK.gz.csv
[06:03:40] [DEBUG] Cleaned up individual file: step_2_0_pairs_igs_combined_IGS0OPSFIN_20243030000_01D_30S_CLK.CLK.gz.csv
[06:03:40] [INFO] Merging individual file: step_2_0_pairs_igs_combined_IGS0OPSFIN_20232580000_01D_30S_CLK.CLK.gz.csv
[06:03:40] [DEBUG] Cleaned up individual file: step_2_0_pairs_igs_combined_IGS0OPSFIN_20232580000_01D_30S_CLK.CLK.gz.csv
[06:03:40] [INFO] Merging individual file: step_2_0_pairs_igs_combined_IGS0OPSFIN_20230420000_01D_30S_CLK.CLK.gz.csv
[06:03:40] [DEBUG] Cleaned up individual file: step_2_0_pairs_igs_combined_IGS0OPSFIN_20230420000_01D_30S_CLK.CLK.gz.csv
[06:03:40] [INFO] Merging individual file: step_2_0_pairs_igs_combined_IGS0OPSFIN_20250910000_01D_30S_CLK.CLK.gz.csv
[06:03:40] [DEBUG] Cleaned up individual file: step_2_0_pairs_igs_combined_IGS0OPSFIN_20250910000_01D_30S_CLK.CLK.gz.csv
[06:03:40] [INFO] Merging individual file: step_2_0_pairs_igs_combined_IGS0OPSFIN_20250960000_01D_30S_CLK.CLK.gz.csv
[06:03:40] [DEBUG] Cleaned up individual file: step_2_0_pairs_igs_combined_IGS0OPSFIN_20250960000_01D_30S_CLK.CLK.gz.csv
[06:03:40] [INFO] Merging individual file: step_2_0_pairs_igs_combined_IGS0OPSFIN_20251080000_01D_30S_CLK.CLK.gz.csv
[06:03:40] [DEBUG] Cleaned up individual file: step_2_0_pairs_igs_combined_IGS0OPSFIN_20251080000_01D_30S_CLK.CLK.gz.csv
[06:03:40] [INFO] Merging individual file: step_2_0_pairs_igs_combined_IGS0OPSFIN_20240250000_01D_30S_CLK.CLK.gz.csv
[06:03:40] [DEBUG] Cleaned up individual file: step_2_0_pairs_igs_combined_IGS0OPSFIN_20240250000_01D_30S_CLK.CLK.gz.csv
[06:03:40] [INFO] Merging individual file: step_2_0_pairs_igs_combined_IGS0OPSFIN_20240840000_01D_30S_CLK.CLK.gz.csv
[06:03:41] [DEBUG] Cleaned up individual file: step_2_0_pairs_igs_combined_IGS0OPSFIN_20240840000_01D_30S_CLK.CLK.gz.csv
[06:03:41] [INFO] Merging individual file: step_2_0_pairs_igs_combined_IGS0OPSFIN_20251600000_01D_30S_CLK.CLK.gz.csv
[06:03:41] [DEBUG] Cleaned up individual file: step_2_0_pairs_igs_combined_IGS0OPSFIN_20251600000_01D_30S_CLK.CLK.gz.csv
[06:03:41] [INFO] Merging individual file: step_2_0_pairs_igs_combined_IGS0OPSFIN_20242430000_01D_30S_CLK.CLK.gz.csv
[06:03:41] [DEBUG] Cleaned up individual file: step_2_0_pairs_igs_combined_IGS0OPSFIN_20242430000_01D_30S_CLK.CLK.gz.csv
[06:03:41] [INFO] Merging individual file: step_2_0_pairs_igs_combined_IGS0OPSFIN_20240640000_01D_30S_CLK.CLK.gz.csv
[06:03:41] [DEBUG] Cleaned up individual file: step_2_0_pairs_igs_combined_IGS0OPSFIN_20240640000_01D_30S_CLK.CLK.gz.csv
[06:03:41] [INFO] Merging individual file: step_2_0_pairs_igs_combined_IGS0OPSFIN_20230110000_01D_30S_CLK.CLK.gz.csv
[06:03:41] [DEBUG] Cleaned up individual file: step_2_0_pairs_igs_combined_IGS0OPSFIN_20230110000_01D_30S_CLK.CLK.gz.csv
[06:03:41] [INFO] Merging individual file: step_2_0_pairs_igs_combined_IGS0OPSFIN_20233360000_01D_30S_CLK.CLK.gz.csv
[06:03:41] [DEBUG] Cleaned up individual file: step_2_0_pairs_igs_combined_IGS0OPSFIN_20233360000_01D_30S_CLK.CLK.gz.csv
[06:03:41] [INFO] Merging individual file: step_2_0_pairs_igs_combined_IGS0OPSFIN_20240230000_01D_30S_CLK.CLK.gz.csv
[06:03:41] [DEBUG] Cleaned up individual file: step_2_0_pairs_igs_combined_IGS0OPSFIN_20240230000_01D_30S_CLK.CLK.gz.csv
[06:03:41] [INFO] Merging individual file: step_2_0_pairs_igs_combined_IGS0OPSFIN_20251340000_01D_30S_CLK.CLK.gz.csv
[06:03:41] [DEBUG] Cleaned up individual file: step_2_0_pairs_igs_combined_IGS0OPSFIN_20251340000_01D_30S_CLK.CLK.gz.csv
[06:03:41] [INFO] Merging individual file: step_2_0_pairs_igs_combined_IGS0OPSFIN_20230340000_01D_30S_CLK.CLK.gz.csv
[06:03:41] [DEBUG] Cleaned up individual file: step_2_0_pairs_igs_combined_IGS0OPSFIN_20230340000_01D_30S_CLK.CLK.gz.csv
[06:03:41] [INFO] Merging individual file: step_2_0_pairs_igs_combined_IGS0OPSFIN_20232060000_01D_30S_CLK.CLK.gz.csv
[06:03:41] [DEBUG] Cleaned up individual file: step_2_0_pairs_igs_combined_IGS0OPSFIN_20232060000_01D_30S_CLK.CLK.gz.csv
[06:03:41] [INFO] Merging individual file: step_2_0_pairs_igs_combined_IGS0OPSFIN_20231320000_01D_30S_CLK.CLK.gz.csv
[06:03:41] [DEBUG] Cleaned up individual file: step_2_0_pairs_igs_combined_IGS0OPSFIN_20231320000_01D_30S_CLK.CLK.gz.csv
[06:03:41] [INFO] Merging individual file: step_2_0_pairs_igs_combined_IGS0OPSFIN_20232510000_01D_30S_CLK.CLK.gz.csv
[06:03:41] [DEBUG] Cleaned up individual file: step_2_0_pairs_igs_combined_IGS0OPSFIN_20232510000_01D_30S_CLK.CLK.gz.csv
[06:03:41] [INFO] Merging individual file: step_2_0_pairs_igs_combined_IGS0OPSFIN_20240530000_01D_30S_CLK.CLK.gz.csv
[06:03:41] [DEBUG] Cleaned up individual file: step_2_0_pairs_igs_combined_IGS0OPSFIN_20240530000_01D_30S_CLK.CLK.gz.csv
[06:03:41] [INFO] Merging individual file: step_2_0_pairs_igs_combined_IGS0OPSFIN_20230070000_01D_30S_CLK.CLK.gz.csv
[06:03:41] [DEBUG] Cleaned up individual file: step_2_0_pairs_igs_combined_IGS0OPSFIN_20230070000_01D_30S_CLK.CLK.gz.csv
[06:03:41] [INFO] Merging individual file: step_2_0_pairs_igs_combined_IGS0OPSFIN_20231090000_01D_30S_CLK.CLK.gz.csv
[06:03:42] [DEBUG] Cleaned up individual file: step_2_0_pairs_igs_combined_IGS0OPSFIN_20231090000_01D_30S_CLK.CLK.gz.csv
[06:03:42] [INFO] Merging individual file: step_2_0_pairs_igs_combined_IGS0OPSFIN_20231030000_01D_30S_CLK.CLK.gz.csv
[06:03:42] [DEBUG] Cleaned up individual file: step_2_0_pairs_igs_combined_IGS0OPSFIN_20231030000_01D_30S_CLK.CLK.gz.csv
[06:03:42] [INFO] Merging individual file: step_2_0_pairs_igs_combined_IGS0OPSFIN_20250870000_01D_30S_CLK.CLK.gz.csv
[06:03:42] [DEBUG] Cleaned up individual file: step_2_0_pairs_igs_combined_IGS0OPSFIN_20250870000_01D_30S_CLK.CLK.gz.csv
[06:03:42] [INFO] Merging individual file: step_2_0_pairs_igs_combined_IGS0OPSFIN_20240710000_01D_30S_CLK.CLK.gz.csv
[06:03:42] [DEBUG] Cleaned up individual file: step_2_0_pairs_igs_combined_IGS0OPSFIN_20240710000_01D_30S_CLK.CLK.gz.csv
[06:03:42] [INFO] Merging individual file: step_2_0_pairs_igs_combined_IGS0OPSFIN_20250410000_01D_30S_CLK.CLK.gz.csv
[06:03:42] [DEBUG] Cleaned up individual file: step_2_0_pairs_igs_combined_IGS0OPSFIN_20250410000_01D_30S_CLK.CLK.gz.csv
[06:03:42] [INFO] Merging individual file: step_2_0_pairs_igs_combined_IGS0OPSFIN_20231550000_01D_30S_CLK.CLK.gz.csv
[06:03:42] [DEBUG] Cleaned up individual file: step_2_0_pairs_igs_combined_IGS0OPSFIN_20231550000_01D_30S_CLK.CLK.gz.csv
[06:03:42] [INFO] Merging individual file: step_2_0_pairs_igs_combined_IGS0OPSFIN_20231470000_01D_30S_CLK.CLK.gz.csv
[06:03:42] [DEBUG] Cleaned up individual file: step_2_0_pairs_igs_combined_IGS0OPSFIN_20231470000_01D_30S_CLK.CLK.gz.csv
[06:03:42] [INFO] Merging individual file: step_2_0_pairs_igs_combined_IGS0OPSFIN_20242630000_01D_30S_CLK.CLK.gz.csv
[06:03:42] [DEBUG] Cleaned up individual file: step_2_0_pairs_igs_combined_IGS0OPSFIN_20242630000_01D_30S_CLK.CLK.gz.csv
[06:03:42] [INFO] Merging individual file: step_2_0_pairs_igs_combined_IGS0OPSFIN_20250850000_01D_30S_CLK.CLK.gz.csv
[06:03:42] [DEBUG] Cleaned up individual file: step_2_0_pairs_igs_combined_IGS0OPSFIN_20250850000_01D_30S_CLK.CLK.gz.csv
[06:03:42] [INFO] Merging individual file: step_2_0_pairs_igs_combined_IGS0OPSFIN_20243050000_01D_30S_CLK.CLK.gz.csv
[06:03:42] [DEBUG] Cleaned up individual file: step_2_0_pairs_igs_combined_IGS0OPSFIN_20243050000_01D_30S_CLK.CLK.gz.csv
[06:03:42] [INFO] Merging individual file: step_2_0_pairs_igs_combined_IGS0OPSFIN_20251460000_01D_30S_CLK.CLK.gz.csv
[06:03:43] [DEBUG] Cleaned up individual file: step_2_0_pairs_igs_combined_IGS0OPSFIN_20251460000_01D_30S_CLK.CLK.gz.csv
[06:03:43] [INFO] Merging individual file: step_2_0_pairs_igs_combined_IGS0OPSFIN_20232730000_01D_30S_CLK.CLK.gz.csv
[06:03:43] [DEBUG] Cleaned up individual file: step_2_0_pairs_igs_combined_IGS0OPSFIN_20232730000_01D_30S_CLK.CLK.gz.csv
[06:03:43] [INFO] Merging individual file: step_2_0_pairs_igs_combined_IGS0OPSFIN_20231630000_01D_30S_CLK.CLK.gz.csv
[06:03:43] [DEBUG] Cleaned up individual file: step_2_0_pairs_igs_combined_IGS0OPSFIN_20231630000_01D_30S_CLK.CLK.gz.csv
[06:03:43] [INFO] Merging individual file: step_2_0_pairs_igs_combined_IGS0OPSFIN_20242570000_01D_30S_CLK.CLK.gz.csv
[06:03:43] [DEBUG] Cleaned up individual file: step_2_0_pairs_igs_combined_IGS0OPSFIN_20242570000_01D_30S_CLK.CLK.gz.csv
[06:03:43] [INFO] Merging individual file: step_2_0_pairs_igs_combined_IGS0OPSFIN_20240050000_01D_30S_CLK.CLK.gz.csv
[06:03:43] [DEBUG] Cleaned up individual file: step_2_0_pairs_igs_combined_IGS0OPSFIN_20240050000_01D_30S_CLK.CLK.gz.csv
[06:03:43] [INFO] Merging individual file: step_2_0_pairs_igs_combined_IGS0OPSFIN_20231000000_01D_30S_CLK.CLK.gz.csv
[06:03:43] [DEBUG] Cleaned up individual file: step_2_0_pairs_igs_combined_IGS0OPSFIN_20231000000_01D_30S_CLK.CLK.gz.csv
[06:03:43] [INFO] Merging individual file: step_2_0_pairs_igs_combined_IGS0OPSFIN_20242110000_01D_30S_CLK.CLK.gz.csv
[06:03:43] [DEBUG] Cleaned up individual file: step_2_0_pairs_igs_combined_IGS0OPSFIN_20242110000_01D_30S_CLK.CLK.gz.csv
[06:03:43] [INFO] Merging individual file: step_2_0_pairs_igs_combined_IGS0OPSFIN_20240740000_01D_30S_CLK.CLK.gz.csv
[06:03:43] [DEBUG] Cleaned up individual file: step_2_0_pairs_igs_combined_IGS0OPSFIN_20240740000_01D_30S_CLK.CLK.gz.csv
[06:03:43] [INFO] Merging individual file: step_2_0_pairs_igs_combined_IGS0OPSFIN_20243280000_01D_30S_CLK.CLK.gz.csv
[06:03:43] [DEBUG] Cleaned up individual file: step_2_0_pairs_igs_combined_IGS0OPSFIN_20243280000_01D_30S_CLK.CLK.gz.csv
[06:03:43] [INFO] Merging individual file: step_2_0_pairs_igs_combined_IGS0OPSFIN_20233520000_01D_30S_CLK.CLK.gz.csv
[06:03:43] [DEBUG] Cleaned up individual file: step_2_0_pairs_igs_combined_IGS0OPSFIN_20233520000_01D_30S_CLK.CLK.gz.csv
[06:03:43] [INFO] Merging individual file: step_2_0_pairs_igs_combined_IGS0OPSFIN_20230100000_01D_30S_CLK.CLK.gz.csv
[06:03:43] [DEBUG] Cleaned up individual file: step_2_0_pairs_igs_combined_IGS0OPSFIN_20230100000_01D_30S_CLK.CLK.gz.csv
[06:03:43] [INFO] Merging individual file: step_2_0_pairs_igs_combined_IGS0OPSFIN_20250380000_01D_30S_CLK.CLK.gz.csv
[06:03:43] [DEBUG] Cleaned up individual file: step_2_0_pairs_igs_combined_IGS0OPSFIN_20250380000_01D_30S_CLK.CLK.gz.csv
[06:03:43] [INFO] Merging individual file: step_2_0_pairs_igs_combined_IGS0OPSFIN_20240110000_01D_30S_CLK.CLK.gz.csv
[06:03:43] [DEBUG] Cleaned up individual file: step_2_0_pairs_igs_combined_IGS0OPSFIN_20240110000_01D_30S_CLK.CLK.gz.csv
[06:03:43] [INFO] Merging individual file: step_2_0_pairs_igs_combined_IGS0OPSFIN_20231640000_01D_30S_CLK.CLK.gz.csv
[06:03:43] [DEBUG] Cleaned up individual file: step_2_0_pairs_igs_combined_IGS0OPSFIN_20231640000_01D_30S_CLK.CLK.gz.csv
[06:03:43] [INFO] Merging individual file: step_2_0_pairs_igs_combined_IGS0OPSFIN_20242160000_01D_30S_CLK.CLK.gz.csv
[06:03:44] [DEBUG] Cleaned up individual file: step_2_0_pairs_igs_combined_IGS0OPSFIN_20242160000_01D_30S_CLK.CLK.gz.csv
[06:03:44] [INFO] Merging individual file: step_2_0_pairs_igs_combined_IGS0OPSFIN_20251560000_01D_30S_CLK.CLK.gz.csv
[06:03:44] [DEBUG] Cleaned up individual file: step_2_0_pairs_igs_combined_IGS0OPSFIN_20251560000_01D_30S_CLK.CLK.gz.csv
[06:03:44] [INFO] Merging individual file: step_2_0_pairs_igs_combined_IGS0OPSFIN_20241500000_01D_30S_CLK.CLK.gz.csv
[06:03:44] [DEBUG] Cleaned up individual file: step_2_0_pairs_igs_combined_IGS0OPSFIN_20241500000_01D_30S_CLK.CLK.gz.csv
[06:03:44] [INFO] Merging individual file: step_2_0_pairs_igs_combined_IGS0OPSFIN_20230120000_01D_30S_CLK.CLK.gz.csv
[06:03:44] [DEBUG] Cleaned up individual file: step_2_0_pairs_igs_combined_IGS0OPSFIN_20230120000_01D_30S_CLK.CLK.gz.csv
[06:03:44] [INFO] Merging individual file: step_2_0_pairs_igs_combined_IGS0OPSFIN_20251120000_01D_30S_CLK.CLK.gz.csv
[06:03:44] [DEBUG] Cleaned up individual file: step_2_0_pairs_igs_combined_IGS0OPSFIN_20251120000_01D_30S_CLK.CLK.gz.csv
[06:03:44] [INFO] Merging individual file: step_2_0_pairs_igs_combined_IGS0OPSFIN_20230370000_01D_30S_CLK.CLK.gz.csv
[06:03:44] [DEBUG] Cleaned up individual file: step_2_0_pairs_igs_combined_IGS0OPSFIN_20230370000_01D_30S_CLK.CLK.gz.csv
[06:03:44] [INFO] Merging individual file: step_2_0_pairs_igs_combined_IGS0OPSFIN_20232160000_01D_30S_CLK.CLK.gz.csv
[06:03:44] [DEBUG] Cleaned up individual file: step_2_0_pairs_igs_combined_IGS0OPSFIN_20232160000_01D_30S_CLK.CLK.gz.csv
[06:03:44] [INFO] Merging individual file: step_2_0_pairs_igs_combined_IGS0OPSFIN_20240870000_01D_30S_CLK.CLK.gz.csv
[06:03:44] [DEBUG] Cleaned up individual file: step_2_0_pairs_igs_combined_IGS0OPSFIN_20240870000_01D_30S_CLK.CLK.gz.csv
[06:03:44] [INFO] Merging individual file: step_2_0_pairs_igs_combined_IGS0OPSFIN_20242930000_01D_30S_CLK.CLK.gz.csv
[06:03:44] [DEBUG] Cleaned up individual file: step_2_0_pairs_igs_combined_IGS0OPSFIN_20242930000_01D_30S_CLK.CLK.gz.csv
[06:03:44] [INFO] Merging individual file: step_2_0_pairs_igs_combined_IGS0OPSFIN_20240580000_01D_30S_CLK.CLK.gz.csv
[06:03:44] [DEBUG] Cleaned up individual file: step_2_0_pairs_igs_combined_IGS0OPSFIN_20240580000_01D_30S_CLK.CLK.gz.csv
[06:03:44] [INFO] Merging individual file: step_2_0_pairs_igs_combined_IGS0OPSFIN_20243550000_01D_30S_CLK.CLK.gz.csv
[06:03:45] [DEBUG] Cleaned up individual file: step_2_0_pairs_igs_combined_IGS0OPSFIN_20243550000_01D_30S_CLK.CLK.gz.csv
[06:03:45] [INFO] Merging individual file: step_2_0_pairs_igs_combined_IGS0OPSFIN_20251140000_01D_30S_CLK.CLK.gz.csv
[06:03:45] [DEBUG] Cleaned up individual file: step_2_0_pairs_igs_combined_IGS0OPSFIN_20251140000_01D_30S_CLK.CLK.gz.csv
[06:03:45] [INFO] Merging individual file: step_2_0_pairs_igs_combined_IGS0OPSFIN_20240060000_01D_30S_CLK.CLK.gz.csv
[06:03:45] [DEBUG] Cleaned up individual file: step_2_0_pairs_igs_combined_IGS0OPSFIN_20240060000_01D_30S_CLK.CLK.gz.csv
[06:03:45] [INFO] Merging individual file: step_2_0_pairs_igs_combined_IGS0OPSFIN_20242190000_01D_30S_CLK.CLK.gz.csv
[06:03:45] [DEBUG] Cleaned up individual file: step_2_0_pairs_igs_combined_IGS0OPSFIN_20242190000_01D_30S_CLK.CLK.gz.csv
[06:03:45] [INFO] Merging individual file: step_2_0_pairs_igs_combined_IGS0OPSFIN_20232320000_01D_30S_CLK.CLK.gz.csv
[06:03:45] [DEBUG] Cleaned up individual file: step_2_0_pairs_igs_combined_IGS0OPSFIN_20232320000_01D_30S_CLK.CLK.gz.csv
[06:03:45] [INFO] Merging individual file: step_2_0_pairs_igs_combined_IGS0OPSFIN_20243410000_01D_30S_CLK.CLK.gz.csv
[06:03:45] [DEBUG] Cleaned up individual file: step_2_0_pairs_igs_combined_IGS0OPSFIN_20243410000_01D_30S_CLK.CLK.gz.csv
[06:03:45] [INFO] Merging individual file: step_2_0_pairs_igs_combined_IGS0OPSFIN_20241840000_01D_30S_CLK.CLK.gz.csv
[06:03:45] [DEBUG] Cleaned up individual file: step_2_0_pairs_igs_combined_IGS0OPSFIN_20241840000_01D_30S_CLK.CLK.gz.csv
[06:03:45] [INFO] Merging individual file: step_2_0_pairs_igs_combined_IGS0OPSFIN_20250760000_01D_30S_CLK.CLK.gz.csv
[06:03:45] [DEBUG] Cleaned up individual file: step_2_0_pairs_igs_combined_IGS0OPSFIN_20250760000_01D_30S_CLK.CLK.gz.csv
[06:03:45] [INFO] Merging individual file: step_2_0_pairs_igs_combined_IGS0OPSFIN_20242590000_01D_30S_CLK.CLK.gz.csv
[06:03:45] [DEBUG] Cleaned up individual file: step_2_0_pairs_igs_combined_IGS0OPSFIN_20242590000_01D_30S_CLK.CLK.gz.csv
[06:03:45] [INFO] Merging individual file: step_2_0_pairs_igs_combined_IGS0OPSFIN_20250580000_01D_30S_CLK.CLK.gz.csv
[06:03:46] [DEBUG] Cleaned up individual file: step_2_0_pairs_igs_combined_IGS0OPSFIN_20250580000_01D_30S_CLK.CLK.gz.csv
[06:03:46] [INFO] Merging individual file: step_2_0_pairs_igs_combined_IGS0OPSFIN_20243400000_01D_30S_CLK.CLK.gz.csv
[06:03:46] [DEBUG] Cleaned up individual file: step_2_0_pairs_igs_combined_IGS0OPSFIN_20243400000_01D_30S_CLK.CLK.gz.csv
[06:03:46] [INFO] Merging individual file: step_2_0_pairs_igs_combined_IGS0OPSFIN_20242950000_01D_30S_CLK.CLK.gz.csv
[06:03:46] [DEBUG] Cleaned up individual file: step_2_0_pairs_igs_combined_IGS0OPSFIN_20242950000_01D_30S_CLK.CLK.gz.csv
[06:03:46] [INFO] Merging individual file: step_2_0_pairs_igs_combined_IGS0OPSFIN_20231460000_01D_30S_CLK.CLK.gz.csv
[06:03:46] [DEBUG] Cleaned up individual file: step_2_0_pairs_igs_combined_IGS0OPSFIN_20231460000_01D_30S_CLK.CLK.gz.csv
[06:03:46] [INFO] Merging individual file: step_2_0_pairs_igs_combined_IGS0OPSFIN_20251580000_01D_30S_CLK.CLK.gz.csv
[06:03:46] [DEBUG] Cleaned up individual file: step_2_0_pairs_igs_combined_IGS0OPSFIN_20251580000_01D_30S_CLK.CLK.gz.csv
[06:03:46] [INFO] Merging individual file: step_2_0_pairs_igs_combined_IGS0OPSFIN_20251260000_01D_30S_CLK.CLK.gz.csv
[06:03:46] [DEBUG] Cleaned up individual file: step_2_0_pairs_igs_combined_IGS0OPSFIN_20251260000_01D_30S_CLK.CLK.gz.csv
[06:03:46] [INFO] Merging individual file: step_2_0_pairs_igs_combined_IGS0OPSFIN_20232430000_01D_30S_CLK.CLK.gz.csv
[06:03:46] [DEBUG] Cleaned up individual file: step_2_0_pairs_igs_combined_IGS0OPSFIN_20232430000_01D_30S_CLK.CLK.gz.csv
[06:03:46] [INFO] Merging individual file: step_2_0_pairs_igs_combined_IGS0OPSFIN_20233000000_01D_30S_CLK.CLK.gz.csv
[06:03:46] [DEBUG] Cleaned up individual file: step_2_0_pairs_igs_combined_IGS0OPSFIN_20233000000_01D_30S_CLK.CLK.gz.csv
[06:03:46] [INFO] Merging individual file: step_2_0_pairs_igs_combined_IGS0OPSFIN_20241470000_01D_30S_CLK.CLK.gz.csv
[06:03:46] [DEBUG] Cleaned up individual file: step_2_0_pairs_igs_combined_IGS0OPSFIN_20241470000_01D_30S_CLK.CLK.gz.csv
[06:03:46] [INFO] Merging individual file: step_2_0_pairs_igs_combined_IGS0OPSFIN_20250890000_01D_30S_CLK.CLK.gz.csv
[06:03:47] [DEBUG] Cleaned up individual file: step_2_0_pairs_igs_combined_IGS0OPSFIN_20250890000_01D_30S_CLK.CLK.gz.csv
[06:03:47] [INFO] Merging individual file: step_2_0_pairs_igs_combined_IGS0OPSFIN_20242100000_01D_30S_CLK.CLK.gz.csv
[06:03:47] [DEBUG] Cleaned up individual file: step_2_0_pairs_igs_combined_IGS0OPSFIN_20242100000_01D_30S_CLK.CLK.gz.csv
[06:03:47] [INFO] Merging individual file: step_2_0_pairs_igs_combined_IGS0OPSFIN_20233250000_01D_30S_CLK.CLK.gz.csv
[06:03:47] [DEBUG] Cleaned up individual file: step_2_0_pairs_igs_combined_IGS0OPSFIN_20233250000_01D_30S_CLK.CLK.gz.csv
[06:03:47] [INFO] Merging individual file: step_2_0_pairs_igs_combined_IGS0OPSFIN_20242880000_01D_30S_CLK.CLK.gz.csv
[06:03:47] [DEBUG] Cleaned up individual file: step_2_0_pairs_igs_combined_IGS0OPSFIN_20242880000_01D_30S_CLK.CLK.gz.csv
[06:03:47] [INFO] Merging individual file: step_2_0_pairs_igs_combined_IGS0OPSFIN_20233190000_01D_30S_CLK.CLK.gz.csv
[06:03:47] [DEBUG] Cleaned up individual file: step_2_0_pairs_igs_combined_IGS0OPSFIN_20233190000_01D_30S_CLK.CLK.gz.csv
[06:03:47] [INFO] Merging individual file: step_2_0_pairs_igs_combined_IGS0OPSFIN_20231830000_01D_30S_CLK.CLK.gz.csv
[06:03:47] [DEBUG] Cleaned up individual file: step_2_0_pairs_igs_combined_IGS0OPSFIN_20231830000_01D_30S_CLK.CLK.gz.csv
[06:03:47] [INFO] Merging individual file: step_2_0_pairs_igs_combined_IGS0OPSFIN_20241280000_01D_30S_CLK.CLK.gz.csv
[06:03:47] [DEBUG] Cleaned up individual file: step_2_0_pairs_igs_combined_IGS0OPSFIN_20241280000_01D_30S_CLK.CLK.gz.csv
[06:03:47] [INFO] Merging individual file: step_2_0_pairs_igs_combined_IGS0OPSFIN_20230950000_01D_30S_CLK.CLK.gz.csv
[06:03:47] [DEBUG] Cleaned up individual file: step_2_0_pairs_igs_combined_IGS0OPSFIN_20230950000_01D_30S_CLK.CLK.gz.csv
[06:03:47] [INFO] Merging individual file: step_2_0_pairs_igs_combined_IGS0OPSFIN_20230870000_01D_30S_CLK.CLK.gz.csv
[06:03:47] [DEBUG] Cleaned up individual file: step_2_0_pairs_igs_combined_IGS0OPSFIN_20230870000_01D_30S_CLK.CLK.gz.csv
[06:03:47] [INFO] Merging individual file: step_2_0_pairs_igs_combined_IGS0OPSFIN_20240850000_01D_30S_CLK.CLK.gz.csv
[06:03:47] [DEBUG] Cleaned up individual file: step_2_0_pairs_igs_combined_IGS0OPSFIN_20240850000_01D_30S_CLK.CLK.gz.csv
[06:03:47] [INFO] Merging individual file: step_2_0_pairs_igs_combined_IGS0OPSFIN_20230730000_01D_30S_CLK.CLK.gz.csv
[06:03:47] [DEBUG] Cleaned up individual file: step_2_0_pairs_igs_combined_IGS0OPSFIN_20230730000_01D_30S_CLK.CLK.gz.csv
[06:03:47] [INFO] Merging individual file: step_2_0_pairs_igs_combined_IGS0OPSFIN_20230760000_01D_30S_CLK.CLK.gz.csv
[06:03:47] [DEBUG] Cleaned up individual file: step_2_0_pairs_igs_combined_IGS0OPSFIN_20230760000_01D_30S_CLK.CLK.gz.csv
[06:03:47] [INFO] Merging individual file: step_2_0_pairs_igs_combined_IGS0OPSFIN_20230930000_01D_30S_CLK.CLK.gz.csv
[06:03:47] [DEBUG] Cleaned up individual file: step_2_0_pairs_igs_combined_IGS0OPSFIN_20230930000_01D_30S_CLK.CLK.gz.csv
[06:03:47] [INFO] Merging individual file: step_2_0_pairs_igs_combined_IGS0OPSFIN_20240240000_01D_30S_CLK.CLK.gz.csv
[06:03:47] [DEBUG] Cleaned up individual file: step_2_0_pairs_igs_combined_IGS0OPSFIN_20240240000_01D_30S_CLK.CLK.gz.csv
[06:03:47] [INFO] Merging individual file: step_2_0_pairs_igs_combined_IGS0OPSFIN_20251790000_01D_30S_CLK.CLK.gz.csv
[06:03:48] [DEBUG] Cleaned up individual file: step_2_0_pairs_igs_combined_IGS0OPSFIN_20251790000_01D_30S_CLK.CLK.gz.csv
[06:03:48] [INFO] Merging individual file: step_2_0_pairs_igs_combined_IGS0OPSFIN_20231880000_01D_30S_CLK.CLK.gz.csv
[06:03:48] [DEBUG] Cleaned up individual file: step_2_0_pairs_igs_combined_IGS0OPSFIN_20231880000_01D_30S_CLK.CLK.gz.csv
[06:03:48] [INFO] Merging individual file: step_2_0_pairs_igs_combined_IGS0OPSFIN_20241120000_01D_30S_CLK.CLK.gz.csv
[06:03:48] [DEBUG] Cleaned up individual file: step_2_0_pairs_igs_combined_IGS0OPSFIN_20241120000_01D_30S_CLK.CLK.gz.csv
[06:03:48] [INFO] Merging individual file: step_2_0_pairs_igs_combined_IGS0OPSFIN_20233280000_01D_30S_CLK.CLK.gz.csv
[06:03:48] [DEBUG] Cleaned up individual file: step_2_0_pairs_igs_combined_IGS0OPSFIN_20233280000_01D_30S_CLK.CLK.gz.csv
[06:03:48] [INFO] Merging individual file: step_2_0_pairs_igs_combined_IGS0OPSFIN_20233610000_01D_30S_CLK.CLK.gz.csv
[06:03:48] [DEBUG] Cleaned up individual file: step_2_0_pairs_igs_combined_IGS0OPSFIN_20233610000_01D_30S_CLK.CLK.gz.csv
[06:03:48] [INFO] Merging individual file: step_2_0_pairs_igs_combined_IGS0OPSFIN_20231710000_01D_30S_CLK.CLK.gz.csv
[06:03:48] [DEBUG] Cleaned up individual file: step_2_0_pairs_igs_combined_IGS0OPSFIN_20231710000_01D_30S_CLK.CLK.gz.csv
[06:03:48] [INFO] Merging individual file: step_2_0_pairs_igs_combined_IGS0OPSFIN_20241230000_01D_30S_CLK.CLK.gz.csv
[06:03:48] [DEBUG] Cleaned up individual file: step_2_0_pairs_igs_combined_IGS0OPSFIN_20241230000_01D_30S_CLK.CLK.gz.csv
[06:03:48] [INFO] Merging individual file: step_2_0_pairs_igs_combined_IGS0OPSFIN_20243650000_01D_30S_CLK.CLK.gz.csv
[06:03:48] [DEBUG] Cleaned up individual file: step_2_0_pairs_igs_combined_IGS0OPSFIN_20243650000_01D_30S_CLK.CLK.gz.csv
[06:03:48] [INFO] Merging individual file: step_2_0_pairs_igs_combined_IGS0OPSFIN_20250300000_01D_30S_CLK.CLK.gz.csv
[06:03:48] [DEBUG] Cleaned up individual file: step_2_0_pairs_igs_combined_IGS0OPSFIN_20250300000_01D_30S_CLK.CLK.gz.csv
[06:03:48] [INFO] Merging individual file: step_2_0_pairs_igs_combined_IGS0OPSFIN_20241260000_01D_30S_CLK.CLK.gz.csv
[06:03:48] [DEBUG] Cleaned up individual file: step_2_0_pairs_igs_combined_IGS0OPSFIN_20241260000_01D_30S_CLK.CLK.gz.csv
[06:03:48] [INFO] Merging individual file: step_2_0_pairs_igs_combined_IGS0OPSFIN_20230360000_01D_30S_CLK.CLK.gz.csv
[06:03:48] [DEBUG] Cleaned up individual file: step_2_0_pairs_igs_combined_IGS0OPSFIN_20230360000_01D_30S_CLK.CLK.gz.csv
[06:03:48] [INFO] Merging individual file: step_2_0_pairs_igs_combined_IGS0OPSFIN_20242260000_01D_30S_CLK.CLK.gz.csv
[06:03:48] [DEBUG] Cleaned up individual file: step_2_0_pairs_igs_combined_IGS0OPSFIN_20242260000_01D_30S_CLK.CLK.gz.csv
[06:03:48] [INFO] Merging individual file: step_2_0_pairs_igs_combined_IGS0OPSFIN_20232990000_01D_30S_CLK.CLK.gz.csv
[06:03:48] [DEBUG] Cleaned up individual file: step_2_0_pairs_igs_combined_IGS0OPSFIN_20232990000_01D_30S_CLK.CLK.gz.csv
[06:03:48] [INFO] Merging individual file: step_2_0_pairs_igs_combined_IGS0OPSFIN_20231410000_01D_30S_CLK.CLK.gz.csv
[06:03:49] [DEBUG] Cleaned up individual file: step_2_0_pairs_igs_combined_IGS0OPSFIN_20231410000_01D_30S_CLK.CLK.gz.csv
[06:03:49] [INFO] Merging individual file: step_2_0_pairs_igs_combined_IGS0OPSFIN_20230820000_01D_30S_CLK.CLK.gz.csv
[06:03:49] [DEBUG] Cleaned up individual file: step_2_0_pairs_igs_combined_IGS0OPSFIN_20230820000_01D_30S_CLK.CLK.gz.csv
[06:03:49] [INFO] Merging individual file: step_2_0_pairs_igs_combined_IGS0OPSFIN_20241670000_01D_30S_CLK.CLK.gz.csv
[06:03:49] [DEBUG] Cleaned up individual file: step_2_0_pairs_igs_combined_IGS0OPSFIN_20241670000_01D_30S_CLK.CLK.gz.csv
[06:03:49] [INFO] Merging individual file: step_2_0_pairs_igs_combined_IGS0OPSFIN_20241530000_01D_30S_CLK.CLK.gz.csv
[06:03:49] [DEBUG] Cleaned up individual file: step_2_0_pairs_igs_combined_IGS0OPSFIN_20241530000_01D_30S_CLK.CLK.gz.csv
[06:03:49] [INFO] Merging individual file: step_2_0_pairs_igs_combined_IGS0OPSFIN_20240190000_01D_30S_CLK.CLK.gz.csv
[06:03:49] [DEBUG] Cleaned up individual file: step_2_0_pairs_igs_combined_IGS0OPSFIN_20240190000_01D_30S_CLK.CLK.gz.csv
[06:03:49] [INFO] Merging individual file: step_2_0_pairs_igs_combined_IGS0OPSFIN_20230240000_01D_30S_CLK.CLK.gz.csv
[06:03:49] [DEBUG] Cleaned up individual file: step_2_0_pairs_igs_combined_IGS0OPSFIN_20230240000_01D_30S_CLK.CLK.gz.csv
[06:03:49] [INFO] Merging individual file: step_2_0_pairs_igs_combined_IGS0OPSFIN_20243210000_01D_30S_CLK.CLK.gz.csv
[06:03:49] [DEBUG] Cleaned up individual file: step_2_0_pairs_igs_combined_IGS0OPSFIN_20243210000_01D_30S_CLK.CLK.gz.csv
[06:03:49] [INFO] Merging individual file: step_2_0_pairs_igs_combined_IGS0OPSFIN_20233550000_01D_30S_CLK.CLK.gz.csv
[06:03:49] [DEBUG] Cleaned up individual file: step_2_0_pairs_igs_combined_IGS0OPSFIN_20233550000_01D_30S_CLK.CLK.gz.csv
[06:03:49] [INFO] Merging individual file: step_2_0_pairs_igs_combined_IGS0OPSFIN_20240140000_01D_30S_CLK.CLK.gz.csv
[06:03:49] [DEBUG] Cleaned up individual file: step_2_0_pairs_igs_combined_IGS0OPSFIN_20240140000_01D_30S_CLK.CLK.gz.csv
[06:03:49] [INFO] Merging individual file: step_2_0_pairs_igs_combined_IGS0OPSFIN_20231490000_01D_30S_CLK.CLK.gz.csv
[06:03:49] [DEBUG] Cleaned up individual file: step_2_0_pairs_igs_combined_IGS0OPSFIN_20231490000_01D_30S_CLK.CLK.gz.csv
[06:03:49] [INFO] Merging individual file: step_2_0_pairs_igs_combined_IGS0OPSFIN_20230860000_01D_30S_CLK.CLK.gz.csv
[06:03:49] [DEBUG] Cleaned up individual file: step_2_0_pairs_igs_combined_IGS0OPSFIN_20230860000_01D_30S_CLK.CLK.gz.csv
[06:03:49] [INFO] Merging individual file: step_2_0_pairs_igs_combined_IGS0OPSFIN_20230080000_01D_30S_CLK.CLK.gz.csv
[06:03:49] [DEBUG] Cleaned up individual file: step_2_0_pairs_igs_combined_IGS0OPSFIN_20230080000_01D_30S_CLK.CLK.gz.csv
[06:03:49] [INFO] Merging individual file: step_2_0_pairs_igs_combined_IGS0OPSFIN_20243130000_01D_30S_CLK.CLK.gz.csv
[06:03:49] [DEBUG] Cleaned up individual file: step_2_0_pairs_igs_combined_IGS0OPSFIN_20243130000_01D_30S_CLK.CLK.gz.csv
[06:03:49] [INFO] Merging individual file: step_2_0_pairs_igs_combined_IGS0OPSFIN_20250970000_01D_30S_CLK.CLK.gz.csv
[06:03:49] [DEBUG] Cleaned up individual file: step_2_0_pairs_igs_combined_IGS0OPSFIN_20250970000_01D_30S_CLK.CLK.gz.csv
[06:03:49] [INFO] Merging individual file: step_2_0_pairs_igs_combined_IGS0OPSFIN_20243040000_01D_30S_CLK.CLK.gz.csv
[06:03:50] [DEBUG] Cleaned up individual file: step_2_0_pairs_igs_combined_IGS0OPSFIN_20243040000_01D_30S_CLK.CLK.gz.csv
[06:03:50] [INFO] Merging individual file: step_2_0_pairs_igs_combined_IGS0OPSFIN_20243080000_01D_30S_CLK.CLK.gz.csv
[06:03:50] [DEBUG] Cleaned up individual file: step_2_0_pairs_igs_combined_IGS0OPSFIN_20243080000_01D_30S_CLK.CLK.gz.csv
[06:03:50] [INFO] Merging individual file: step_2_0_pairs_igs_combined_IGS0OPSFIN_20250250000_01D_30S_CLK.CLK.gz.csv
[06:03:50] [DEBUG] Cleaned up individual file: step_2_0_pairs_igs_combined_IGS0OPSFIN_20250250000_01D_30S_CLK.CLK.gz.csv
[06:03:50] [INFO] Merging individual file: step_2_0_pairs_igs_combined_IGS0OPSFIN_20233470000_01D_30S_CLK.CLK.gz.csv
[06:03:50] [DEBUG] Cleaned up individual file: step_2_0_pairs_igs_combined_IGS0OPSFIN_20233470000_01D_30S_CLK.CLK.gz.csv
[06:03:50] [INFO] Merging individual file: step_2_0_pairs_igs_combined_IGS0OPSFIN_20250210000_01D_30S_CLK.CLK.gz.csv
[06:03:50] [DEBUG] Cleaned up individual file: step_2_0_pairs_igs_combined_IGS0OPSFIN_20250210000_01D_30S_CLK.CLK.gz.csv
[06:03:50] [INFO] Merging individual file: step_2_0_pairs_igs_combined_IGS0OPSFIN_20251270000_01D_30S_CLK.CLK.gz.csv
[06:03:50] [DEBUG] Cleaned up individual file: step_2_0_pairs_igs_combined_IGS0OPSFIN_20251270000_01D_30S_CLK.CLK.gz.csv
[06:03:50] [INFO] Merging individual file: step_2_0_pairs_igs_combined_IGS0OPSFIN_20250800000_01D_30S_CLK.CLK.gz.csv
[06:03:50] [DEBUG] Cleaned up individual file: step_2_0_pairs_igs_combined_IGS0OPSFIN_20250800000_01D_30S_CLK.CLK.gz.csv
[06:03:50] [INFO] Merging individual file: step_2_0_pairs_igs_combined_IGS0OPSFIN_20240510000_01D_30S_CLK.CLK.gz.csv
[06:03:50] [DEBUG] Cleaned up individual file: step_2_0_pairs_igs_combined_IGS0OPSFIN_20240510000_01D_30S_CLK.CLK.gz.csv
[06:03:50] [INFO] Merging individual file: step_2_0_pairs_igs_combined_IGS0OPSFIN_20243110000_01D_30S_CLK.CLK.gz.csv
[06:03:51] [DEBUG] Cleaned up individual file: step_2_0_pairs_igs_combined_IGS0OPSFIN_20243110000_01D_30S_CLK.CLK.gz.csv
[06:03:51] [INFO] Merging individual file: step_2_0_pairs_igs_combined_IGS0OPSFIN_20242740000_01D_30S_CLK.CLK.gz.csv
[06:03:51] [DEBUG] Cleaned up individual file: step_2_0_pairs_igs_combined_IGS0OPSFIN_20242740000_01D_30S_CLK.CLK.gz.csv
[06:03:51] [INFO] Merging individual file: step_2_0_pairs_igs_combined_IGS0OPSFIN_20231610000_01D_30S_CLK.CLK.gz.csv
[06:03:51] [DEBUG] Cleaned up individual file: step_2_0_pairs_igs_combined_IGS0OPSFIN_20231610000_01D_30S_CLK.CLK.gz.csv
[06:03:51] [INFO] Merging individual file: step_2_0_pairs_igs_combined_IGS0OPSFIN_20250220000_01D_30S_CLK.CLK.gz.csv
[06:03:51] [DEBUG] Cleaned up individual file: step_2_0_pairs_igs_combined_IGS0OPSFIN_20250220000_01D_30S_CLK.CLK.gz.csv
[06:03:51] [INFO] Merging individual file: step_2_0_pairs_igs_combined_IGS0OPSFIN_20233490000_01D_30S_CLK.CLK.gz.csv
[06:03:51] [DEBUG] Cleaned up individual file: step_2_0_pairs_igs_combined_IGS0OPSFIN_20233490000_01D_30S_CLK.CLK.gz.csv
[06:03:51] [INFO] Merging individual file: step_2_0_pairs_igs_combined_IGS0OPSFIN_20230680000_01D_30S_CLK.CLK.gz.csv
[06:03:51] [DEBUG] Cleaned up individual file: step_2_0_pairs_igs_combined_IGS0OPSFIN_20230680000_01D_30S_CLK.CLK.gz.csv
[06:03:51] [INFO] Merging individual file: step_2_0_pairs_igs_combined_IGS0OPSFIN_20230690000_01D_30S_CLK.CLK.gz.csv
[06:03:51] [DEBUG] Cleaned up individual file: step_2_0_pairs_igs_combined_IGS0OPSFIN_20230690000_01D_30S_CLK.CLK.gz.csv
[06:03:51] [INFO] Merging individual file: step_2_0_pairs_igs_combined_IGS0OPSFIN_20232610000_01D_30S_CLK.CLK.gz.csv
[06:03:51] [DEBUG] Cleaned up individual file: step_2_0_pairs_igs_combined_IGS0OPSFIN_20232610000_01D_30S_CLK.CLK.gz.csv
[06:03:51] [INFO] Merging individual file: step_2_0_pairs_igs_combined_IGS0OPSFIN_20233140000_01D_30S_CLK.CLK.gz.csv
[06:03:51] [DEBUG] Cleaned up individual file: step_2_0_pairs_igs_combined_IGS0OPSFIN_20233140000_01D_30S_CLK.CLK.gz.csv
[06:03:51] [INFO] Merging individual file: step_2_0_pairs_igs_combined_IGS0OPSFIN_20232940000_01D_30S_CLK.CLK.gz.csv
[06:03:51] [DEBUG] Cleaned up individual file: step_2_0_pairs_igs_combined_IGS0OPSFIN_20232940000_01D_30S_CLK.CLK.gz.csv
[06:03:51] [INFO] Merging individual file: step_2_0_pairs_igs_combined_IGS0OPSFIN_20233290000_01D_30S_CLK.CLK.gz.csv
[06:03:51] [DEBUG] Cleaned up individual file: step_2_0_pairs_igs_combined_IGS0OPSFIN_20233290000_01D_30S_CLK.CLK.gz.csv
[06:03:51] [INFO] Merging individual file: step_2_0_pairs_igs_combined_IGS0OPSFIN_20241410000_01D_30S_CLK.CLK.gz.csv
[06:03:51] [DEBUG] Cleaned up individual file: step_2_0_pairs_igs_combined_IGS0OPSFIN_20241410000_01D_30S_CLK.CLK.gz.csv
[06:03:51] [INFO] Merging individual file: step_2_0_pairs_igs_combined_IGS0OPSFIN_20251020000_01D_30S_CLK.CLK.gz.csv
[06:03:51] [DEBUG] Cleaned up individual file: step_2_0_pairs_igs_combined_IGS0OPSFIN_20251020000_01D_30S_CLK.CLK.gz.csv
[06:03:51] [INFO] Merging individual file: step_2_0_pairs_igs_combined_IGS0OPSFIN_20241740000_01D_30S_CLK.CLK.gz.csv
[06:03:52] [DEBUG] Cleaned up individual file: step_2_0_pairs_igs_combined_IGS0OPSFIN_20241740000_01D_30S_CLK.CLK.gz.csv
[06:03:52] [INFO] Merging individual file: step_2_0_pairs_igs_combined_IGS0OPSFIN_20231770000_01D_30S_CLK.CLK.gz.csv
[06:03:52] [DEBUG] Cleaned up individual file: step_2_0_pairs_igs_combined_IGS0OPSFIN_20231770000_01D_30S_CLK.CLK.gz.csv
[06:03:52] [INFO] Merging individual file: step_2_0_pairs_igs_combined_IGS0OPSFIN_20250140000_01D_30S_CLK.CLK.gz.csv
[06:03:52] [DEBUG] Cleaned up individual file: step_2_0_pairs_igs_combined_IGS0OPSFIN_20250140000_01D_30S_CLK.CLK.gz.csv
[06:03:52] [INFO] Merging individual file: step_2_0_pairs_igs_combined_IGS0OPSFIN_20242520000_01D_30S_CLK.CLK.gz.csv
[06:03:52] [DEBUG] Cleaned up individual file: step_2_0_pairs_igs_combined_IGS0OPSFIN_20242520000_01D_30S_CLK.CLK.gz.csv
[06:03:52] [INFO] Merging individual file: step_2_0_pairs_igs_combined_IGS0OPSFIN_20242620000_01D_30S_CLK.CLK.gz.csv
[06:03:52] [DEBUG] Cleaned up individual file: step_2_0_pairs_igs_combined_IGS0OPSFIN_20242620000_01D_30S_CLK.CLK.gz.csv
[06:03:52] [INFO] Merging individual file: step_2_0_pairs_igs_combined_IGS0OPSFIN_20242390000_01D_30S_CLK.CLK.gz.csv
[06:03:52] [DEBUG] Cleaned up individual file: step_2_0_pairs_igs_combined_IGS0OPSFIN_20242390000_01D_30S_CLK.CLK.gz.csv
[06:03:52] [INFO] Merging individual file: step_2_0_pairs_igs_combined_IGS0OPSFIN_20241140000_01D_30S_CLK.CLK.gz.csv
[06:03:52] [DEBUG] Cleaned up individual file: step_2_0_pairs_igs_combined_IGS0OPSFIN_20241140000_01D_30S_CLK.CLK.gz.csv
[06:03:52] [INFO] Merging individual file: step_2_0_pairs_igs_combined_IGS0OPSFIN_20251170000_01D_30S_CLK.CLK.gz.csv
[06:03:52] [DEBUG] Cleaned up individual file: step_2_0_pairs_igs_combined_IGS0OPSFIN_20251170000_01D_30S_CLK.CLK.gz.csv
[06:03:52] [INFO] Merging individual file: step_2_0_pairs_igs_combined_IGS0OPSFIN_20240120000_01D_30S_CLK.CLK.gz.csv
[06:03:52] [DEBUG] Cleaned up individual file: step_2_0_pairs_igs_combined_IGS0OPSFIN_20240120000_01D_30S_CLK.CLK.gz.csv
[06:03:52] [INFO] Merging individual file: step_2_0_pairs_igs_combined_IGS0OPSFIN_20240680000_01D_30S_CLK.CLK.gz.csv
[06:03:52] [DEBUG] Cleaned up individual file: step_2_0_pairs_igs_combined_IGS0OPSFIN_20240680000_01D_30S_CLK.CLK.gz.csv
[06:03:52] [INFO] Merging individual file: step_2_0_pairs_igs_combined_IGS0OPSFIN_20241750000_01D_30S_CLK.CLK.gz.csv
[06:03:53] [DEBUG] Cleaned up individual file: step_2_0_pairs_igs_combined_IGS0OPSFIN_20241750000_01D_30S_CLK.CLK.gz.csv
[06:03:53] [INFO] Merging individual file: step_2_0_pairs_igs_combined_IGS0OPSFIN_20241720000_01D_30S_CLK.CLK.gz.csv
[06:03:53] [DEBUG] Cleaned up individual file: step_2_0_pairs_igs_combined_IGS0OPSFIN_20241720000_01D_30S_CLK.CLK.gz.csv
[06:03:53] [INFO] Merging individual file: step_2_0_pairs_igs_combined_IGS0OPSFIN_20242910000_01D_30S_CLK.CLK.gz.csv
[06:03:53] [DEBUG] Cleaned up individual file: step_2_0_pairs_igs_combined_IGS0OPSFIN_20242910000_01D_30S_CLK.CLK.gz.csv
[06:03:53] [INFO] Merging individual file: step_2_0_pairs_igs_combined_IGS0OPSFIN_20243600000_01D_30S_CLK.CLK.gz.csv
[06:03:53] [DEBUG] Cleaned up individual file: step_2_0_pairs_igs_combined_IGS0OPSFIN_20243600000_01D_30S_CLK.CLK.gz.csv
[06:03:53] [INFO] Merging individual file: step_2_0_pairs_igs_combined_IGS0OPSFIN_20230400000_01D_30S_CLK.CLK.gz.csv
[06:03:53] [DEBUG] Cleaned up individual file: step_2_0_pairs_igs_combined_IGS0OPSFIN_20230400000_01D_30S_CLK.CLK.gz.csv
[06:03:53] [INFO] Merging individual file: step_2_0_pairs_igs_combined_IGS0OPSFIN_20251300000_01D_30S_CLK.CLK.gz.csv
[06:03:53] [DEBUG] Cleaned up individual file: step_2_0_pairs_igs_combined_IGS0OPSFIN_20251300000_01D_30S_CLK.CLK.gz.csv
[06:03:53] [INFO] Merging individual file: step_2_0_pairs_igs_combined_IGS0OPSFIN_20240270000_01D_30S_CLK.CLK.gz.csv
[06:03:53] [DEBUG] Cleaned up individual file: step_2_0_pairs_igs_combined_IGS0OPSFIN_20240270000_01D_30S_CLK.CLK.gz.csv
[06:03:53] [INFO] Merging individual file: step_2_0_pairs_igs_combined_IGS0OPSFIN_20240310000_01D_30S_CLK.CLK.gz.csv
[06:03:53] [DEBUG] Cleaned up individual file: step_2_0_pairs_igs_combined_IGS0OPSFIN_20240310000_01D_30S_CLK.CLK.gz.csv
[06:03:53] [INFO] Merging individual file: step_2_0_pairs_igs_combined_IGS0OPSFIN_20230960000_01D_30S_CLK.CLK.gz.csv
[06:03:53] [DEBUG] Cleaned up individual file: step_2_0_pairs_igs_combined_IGS0OPSFIN_20230960000_01D_30S_CLK.CLK.gz.csv
[06:03:53] [INFO] Merging individual file: step_2_0_pairs_igs_combined_IGS0OPSFIN_20232080000_01D_30S_CLK.CLK.gz.csv
[06:03:53] [DEBUG] Cleaned up individual file: step_2_0_pairs_igs_combined_IGS0OPSFIN_20232080000_01D_30S_CLK.CLK.gz.csv
[06:03:53] [INFO] Merging individual file: step_2_0_pairs_igs_combined_IGS0OPSFIN_20232330000_01D_30S_CLK.CLK.gz.csv
[06:03:53] [DEBUG] Cleaned up individual file: step_2_0_pairs_igs_combined_IGS0OPSFIN_20232330000_01D_30S_CLK.CLK.gz.csv
[06:03:53] [INFO] Merging individual file: step_2_0_pairs_igs_combined_IGS0OPSFIN_20241580000_01D_30S_CLK.CLK.gz.csv
[06:03:53] [DEBUG] Cleaned up individual file: step_2_0_pairs_igs_combined_IGS0OPSFIN_20241580000_01D_30S_CLK.CLK.gz.csv
[06:03:53] [INFO] Merging individual file: step_2_0_pairs_igs_combined_IGS0OPSFIN_20233080000_01D_30S_CLK.CLK.gz.csv
[06:03:53] [DEBUG] Cleaned up individual file: step_2_0_pairs_igs_combined_IGS0OPSFIN_20233080000_01D_30S_CLK.CLK.gz.csv
[06:03:53] [INFO] Merging individual file: step_2_0_pairs_igs_combined_IGS0OPSFIN_20240100000_01D_30S_CLK.CLK.gz.csv
[06:03:53] [DEBUG] Cleaned up individual file: step_2_0_pairs_igs_combined_IGS0OPSFIN_20240100000_01D_30S_CLK.CLK.gz.csv
[06:03:53] [INFO] Merging individual file: step_2_0_pairs_igs_combined_IGS0OPSFIN_20250050000_01D_30S_CLK.CLK.gz.csv
[06:03:54] [DEBUG] Cleaned up individual file: step_2_0_pairs_igs_combined_IGS0OPSFIN_20250050000_01D_30S_CLK.CLK.gz.csv
[06:03:54] [INFO] Merging individual file: step_2_0_pairs_igs_combined_IGS0OPSFIN_20251470000_01D_30S_CLK.CLK.gz.csv
[06:03:54] [DEBUG] Cleaned up individual file: step_2_0_pairs_igs_combined_IGS0OPSFIN_20251470000_01D_30S_CLK.CLK.gz.csv
[06:03:54] [INFO] Merging individual file: step_2_0_pairs_igs_combined_IGS0OPSFIN_20233540000_01D_30S_CLK.CLK.gz.csv
[06:03:54] [DEBUG] Cleaned up individual file: step_2_0_pairs_igs_combined_IGS0OPSFIN_20233540000_01D_30S_CLK.CLK.gz.csv
[06:03:54] [INFO] Merging individual file: step_2_0_pairs_igs_combined_IGS0OPSFIN_20230520000_01D_30S_CLK.CLK.gz.csv
[06:03:54] [DEBUG] Cleaned up individual file: step_2_0_pairs_igs_combined_IGS0OPSFIN_20230520000_01D_30S_CLK.CLK.gz.csv
[06:03:54] [INFO] Merging individual file: step_2_0_pairs_igs_combined_IGS0OPSFIN_20251800000_01D_30S_CLK.CLK.gz.csv
[06:03:54] [DEBUG] Cleaned up individual file: step_2_0_pairs_igs_combined_IGS0OPSFIN_20251800000_01D_30S_CLK.CLK.gz.csv
[06:03:54] [INFO] Merging individual file: step_2_0_pairs_igs_combined_IGS0OPSFIN_20233020000_01D_30S_CLK.CLK.gz.csv
[06:03:54] [DEBUG] Cleaned up individual file: step_2_0_pairs_igs_combined_IGS0OPSFIN_20233020000_01D_30S_CLK.CLK.gz.csv
[06:03:54] [INFO] Merging individual file: step_2_0_pairs_igs_combined_IGS0OPSFIN_20241330000_01D_30S_CLK.CLK.gz.csv
[06:03:54] [DEBUG] Cleaned up individual file: step_2_0_pairs_igs_combined_IGS0OPSFIN_20241330000_01D_30S_CLK.CLK.gz.csv
[06:03:54] [INFO] Merging individual file: step_2_0_pairs_igs_combined_IGS0OPSFIN_20231440000_01D_30S_CLK.CLK.gz.csv
[06:03:54] [DEBUG] Cleaned up individual file: step_2_0_pairs_igs_combined_IGS0OPSFIN_20231440000_01D_30S_CLK.CLK.gz.csv
[06:03:54] [INFO] Merging individual file: step_2_0_pairs_igs_combined_IGS0OPSFIN_20251200000_01D_30S_CLK.CLK.gz.csv
[06:03:54] [DEBUG] Cleaned up individual file: step_2_0_pairs_igs_combined_IGS0OPSFIN_20251200000_01D_30S_CLK.CLK.gz.csv
[06:03:54] [INFO] Merging individual file: step_2_0_pairs_igs_combined_IGS0OPSFIN_20250440000_01D_30S_CLK.CLK.gz.csv
[06:03:54] [DEBUG] Cleaned up individual file: step_2_0_pairs_igs_combined_IGS0OPSFIN_20250440000_01D_30S_CLK.CLK.gz.csv
[06:03:54] [INFO] Merging individual file: step_2_0_pairs_igs_combined_IGS0OPSFIN_20232190000_01D_30S_CLK.CLK.gz.csv
[06:03:55] [DEBUG] Cleaned up individual file: step_2_0_pairs_igs_combined_IGS0OPSFIN_20232190000_01D_30S_CLK.CLK.gz.csv
[06:03:55] [INFO] Merging individual file: step_2_0_pairs_igs_combined_IGS0OPSFIN_20243250000_01D_30S_CLK.CLK.gz.csv
[06:03:55] [DEBUG] Cleaned up individual file: step_2_0_pairs_igs_combined_IGS0OPSFIN_20243250000_01D_30S_CLK.CLK.gz.csv
[06:03:55] [INFO] Merging individual file: step_2_0_pairs_igs_combined_IGS0OPSFIN_20231380000_01D_30S_CLK.CLK.gz.csv
[06:03:55] [DEBUG] Cleaned up individual file: step_2_0_pairs_igs_combined_IGS0OPSFIN_20231380000_01D_30S_CLK.CLK.gz.csv
[06:03:55] [INFO] Merging individual file: step_2_0_pairs_igs_combined_IGS0OPSFIN_20230280000_01D_30S_CLK.CLK.gz.csv
[06:03:55] [DEBUG] Cleaned up individual file: step_2_0_pairs_igs_combined_IGS0OPSFIN_20230280000_01D_30S_CLK.CLK.gz.csv
[06:03:55] [INFO] Merging individual file: step_2_0_pairs_igs_combined_IGS0OPSFIN_20240160000_01D_30S_CLK.CLK.gz.csv
[06:03:55] [DEBUG] Cleaned up individual file: step_2_0_pairs_igs_combined_IGS0OPSFIN_20240160000_01D_30S_CLK.CLK.gz.csv
[06:03:55] [INFO] Merging individual file: step_2_0_pairs_igs_combined_IGS0OPSFIN_20233120000_01D_30S_CLK.CLK.gz.csv
[06:03:55] [DEBUG] Cleaned up individual file: step_2_0_pairs_igs_combined_IGS0OPSFIN_20233120000_01D_30S_CLK.CLK.gz.csv
[06:03:55] [INFO] Merging individual file: step_2_0_pairs_igs_combined_IGS0OPSFIN_20231730000_01D_30S_CLK.CLK.gz.csv
[06:03:55] [DEBUG] Cleaned up individual file: step_2_0_pairs_igs_combined_IGS0OPSFIN_20231730000_01D_30S_CLK.CLK.gz.csv
[06:03:55] [INFO] Merging individual file: step_2_0_pairs_igs_combined_IGS0OPSFIN_20241560000_01D_30S_CLK.CLK.gz.csv
[06:03:55] [DEBUG] Cleaned up individual file: step_2_0_pairs_igs_combined_IGS0OPSFIN_20241560000_01D_30S_CLK.CLK.gz.csv
[06:03:55] [INFO] Merging individual file: step_2_0_pairs_igs_combined_IGS0OPSFIN_20230650000_01D_30S_CLK.CLK.gz.csv
[06:03:55] [DEBUG] Cleaned up individual file: step_2_0_pairs_igs_combined_IGS0OPSFIN_20230650000_01D_30S_CLK.CLK.gz.csv
[06:03:55] [INFO] Merging individual file: step_2_0_pairs_igs_combined_IGS0OPSFIN_20250040000_01D_30S_CLK.CLK.gz.csv
[06:03:55] [DEBUG] Cleaned up individual file: step_2_0_pairs_igs_combined_IGS0OPSFIN_20250040000_01D_30S_CLK.CLK.gz.csv
[06:03:55] [INFO] Merging individual file: step_2_0_pairs_igs_combined_IGS0OPSFIN_20233530000_01D_30S_CLK.CLK.gz.csv
[06:03:55] [DEBUG] Cleaned up individual file: step_2_0_pairs_igs_combined_IGS0OPSFIN_20233530000_01D_30S_CLK.CLK.gz.csv
[06:03:55] [INFO] Merging individual file: step_2_0_pairs_igs_combined_IGS0OPSFIN_20250160000_01D_30S_CLK.CLK.gz.csv
[06:03:55] [DEBUG] Cleaned up individual file: step_2_0_pairs_igs_combined_IGS0OPSFIN_20250160000_01D_30S_CLK.CLK.gz.csv
[06:03:55] [INFO] Merging individual file: step_2_0_pairs_igs_combined_IGS0OPSFIN_20241080000_01D_30S_CLK.CLK.gz.csv
[06:03:55] [DEBUG] Cleaned up individual file: step_2_0_pairs_igs_combined_IGS0OPSFIN_20241080000_01D_30S_CLK.CLK.gz.csv
[06:03:55] [INFO] Merging individual file: step_2_0_pairs_igs_combined_IGS0OPSFIN_20233580000_01D_30S_CLK.CLK.gz.csv
[06:03:55] [DEBUG] Cleaned up individual file: step_2_0_pairs_igs_combined_IGS0OPSFIN_20233580000_01D_30S_CLK.CLK.gz.csv
[06:03:55] [INFO] Merging individual file: step_2_0_pairs_igs_combined_IGS0OPSFIN_20230990000_01D_30S_CLK.CLK.gz.csv
[06:03:56] [DEBUG] Cleaned up individual file: step_2_0_pairs_igs_combined_IGS0OPSFIN_20230990000_01D_30S_CLK.CLK.gz.csv
[06:03:56] [INFO] Merging individual file: step_2_0_pairs_igs_combined_IGS0OPSFIN_20242780000_01D_30S_CLK.CLK.gz.csv
[06:03:56] [DEBUG] Cleaned up individual file: step_2_0_pairs_igs_combined_IGS0OPSFIN_20242780000_01D_30S_CLK.CLK.gz.csv
[06:03:56] [INFO] Merging individual file: step_2_0_pairs_igs_combined_IGS0OPSFIN_20230710000_01D_30S_CLK.CLK.gz.csv
[06:03:56] [DEBUG] Cleaned up individual file: step_2_0_pairs_igs_combined_IGS0OPSFIN_20230710000_01D_30S_CLK.CLK.gz.csv
[06:03:56] [INFO] Merging individual file: step_2_0_pairs_igs_combined_IGS0OPSFIN_20242530000_01D_30S_CLK.CLK.gz.csv
[06:03:56] [DEBUG] Cleaned up individual file: step_2_0_pairs_igs_combined_IGS0OPSFIN_20242530000_01D_30S_CLK.CLK.gz.csv
[06:03:56] [INFO] Merging individual file: step_2_0_pairs_igs_combined_IGS0OPSFIN_20231600000_01D_30S_CLK.CLK.gz.csv
[06:03:56] [DEBUG] Cleaned up individual file: step_2_0_pairs_igs_combined_IGS0OPSFIN_20231600000_01D_30S_CLK.CLK.gz.csv
[06:03:56] [INFO] Merging individual file: step_2_0_pairs_igs_combined_IGS0OPSFIN_20230180000_01D_30S_CLK.CLK.gz.csv
[06:03:56] [DEBUG] Cleaned up individual file: step_2_0_pairs_igs_combined_IGS0OPSFIN_20230180000_01D_30S_CLK.CLK.gz.csv
[06:03:56] [INFO] Merging individual file: step_2_0_pairs_igs_combined_IGS0OPSFIN_20242540000_01D_30S_CLK.CLK.gz.csv
[06:03:56] [DEBUG] Cleaned up individual file: step_2_0_pairs_igs_combined_IGS0OPSFIN_20242540000_01D_30S_CLK.CLK.gz.csv
[06:03:56] [INFO] Merging individual file: step_2_0_pairs_igs_combined_IGS0OPSFIN_20243300000_01D_30S_CLK.CLK.gz.csv
[06:03:56] [DEBUG] Cleaned up individual file: step_2_0_pairs_igs_combined_IGS0OPSFIN_20243300000_01D_30S_CLK.CLK.gz.csv
[06:03:56] [INFO] Merging individual file: step_2_0_pairs_igs_combined_IGS0OPSFIN_20231140000_01D_30S_CLK.CLK.gz.csv
[06:03:56] [DEBUG] Cleaned up individual file: step_2_0_pairs_igs_combined_IGS0OPSFIN_20231140000_01D_30S_CLK.CLK.gz.csv
[06:03:56] [INFO] Merging individual file: step_2_0_pairs_igs_combined_IGS0OPSFIN_20231130000_01D_30S_CLK.CLK.gz.csv
[06:03:56] [DEBUG] Cleaned up individual file: step_2_0_pairs_igs_combined_IGS0OPSFIN_20231130000_01D_30S_CLK.CLK.gz.csv
[06:03:56] [INFO] Merging individual file: step_2_0_pairs_igs_combined_IGS0OPSFIN_20230750000_01D_30S_CLK.CLK.gz.csv
[06:03:56] [DEBUG] Cleaned up individual file: step_2_0_pairs_igs_combined_IGS0OPSFIN_20230750000_01D_30S_CLK.CLK.gz.csv
[06:03:56] [INFO] Merging individual file: step_2_0_pairs_igs_combined_IGS0OPSFIN_20230330000_01D_30S_CLK.CLK.gz.csv
[06:03:56] [DEBUG] Cleaned up individual file: step_2_0_pairs_igs_combined_IGS0OPSFIN_20230330000_01D_30S_CLK.CLK.gz.csv
[06:03:56] [INFO] Merging individual file: step_2_0_pairs_igs_combined_IGS0OPSFIN_20231940000_01D_30S_CLK.CLK.gz.csv
[06:03:56] [DEBUG] Cleaned up individual file: step_2_0_pairs_igs_combined_IGS0OPSFIN_20231940000_01D_30S_CLK.CLK.gz.csv
[06:03:56] [INFO] Merging individual file: step_2_0_pairs_igs_combined_IGS0OPSFIN_20241860000_01D_30S_CLK.CLK.gz.csv
[06:03:56] [DEBUG] Cleaned up individual file: step_2_0_pairs_igs_combined_IGS0OPSFIN_20241860000_01D_30S_CLK.CLK.gz.csv
[06:03:56] [INFO] Merging individual file: step_2_0_pairs_igs_combined_IGS0OPSFIN_20233200000_01D_30S_CLK.CLK.gz.csv
[06:03:56] [DEBUG] Cleaned up individual file: step_2_0_pairs_igs_combined_IGS0OPSFIN_20233200000_01D_30S_CLK.CLK.gz.csv
[06:03:56] [INFO] Merging individual file: step_2_0_pairs_igs_combined_IGS0OPSFIN_20243630000_01D_30S_CLK.CLK.gz.csv
[06:03:57] [DEBUG] Cleaned up individual file: step_2_0_pairs_igs_combined_IGS0OPSFIN_20243630000_01D_30S_CLK.CLK.gz.csv
[06:03:57] [INFO] Merging individual file: step_2_0_pairs_igs_combined_IGS0OPSFIN_20240830000_01D_30S_CLK.CLK.gz.csv
[06:03:57] [DEBUG] Cleaned up individual file: step_2_0_pairs_igs_combined_IGS0OPSFIN_20240830000_01D_30S_CLK.CLK.gz.csv
[06:03:57] [INFO] Merging individual file: step_2_0_pairs_igs_combined_IGS0OPSFIN_20231480000_01D_30S_CLK.CLK.gz.csv
[06:03:57] [DEBUG] Cleaned up individual file: step_2_0_pairs_igs_combined_IGS0OPSFIN_20231480000_01D_30S_CLK.CLK.gz.csv
[06:03:57] [INFO] Merging individual file: step_2_0_pairs_igs_combined_IGS0OPSFIN_20243360000_01D_30S_CLK.CLK.gz.csv
[06:03:57] [DEBUG] Cleaned up individual file: step_2_0_pairs_igs_combined_IGS0OPSFIN_20243360000_01D_30S_CLK.CLK.gz.csv
[06:03:57] [INFO] Merging individual file: step_2_0_pairs_igs_combined_IGS0OPSFIN_20232300000_01D_30S_CLK.CLK.gz.csv
[06:03:57] [DEBUG] Cleaned up individual file: step_2_0_pairs_igs_combined_IGS0OPSFIN_20232300000_01D_30S_CLK.CLK.gz.csv
[06:03:57] [INFO] Merging individual file: step_2_0_pairs_igs_combined_IGS0OPSFIN_20232470000_01D_30S_CLK.CLK.gz.csv
[06:03:57] [DEBUG] Cleaned up individual file: step_2_0_pairs_igs_combined_IGS0OPSFIN_20232470000_01D_30S_CLK.CLK.gz.csv
[06:03:57] [INFO] Merging individual file: step_2_0_pairs_igs_combined_IGS0OPSFIN_20241050000_01D_30S_CLK.CLK.gz.csv
[06:03:57] [DEBUG] Cleaned up individual file: step_2_0_pairs_igs_combined_IGS0OPSFIN_20241050000_01D_30S_CLK.CLK.gz.csv
[06:03:57] [INFO] Merging individual file: step_2_0_pairs_igs_combined_IGS0OPSFIN_20240810000_01D_30S_CLK.CLK.gz.csv
[06:03:57] [DEBUG] Cleaned up individual file: step_2_0_pairs_igs_combined_IGS0OPSFIN_20240810000_01D_30S_CLK.CLK.gz.csv
[06:03:57] [INFO] Merging individual file: step_2_0_pairs_igs_combined_IGS0OPSFIN_20232020000_01D_30S_CLK.CLK.gz.csv
[06:03:57] [DEBUG] Cleaned up individual file: step_2_0_pairs_igs_combined_IGS0OPSFIN_20232020000_01D_30S_CLK.CLK.gz.csv
[06:03:57] [INFO] Merging individual file: step_2_0_pairs_igs_combined_IGS0OPSFIN_20231340000_01D_30S_CLK.CLK.gz.csv
[06:03:57] [DEBUG] Cleaned up individual file: step_2_0_pairs_igs_combined_IGS0OPSFIN_20231340000_01D_30S_CLK.CLK.gz.csv
[06:03:57] [INFO] Merging individual file: step_2_0_pairs_igs_combined_IGS0OPSFIN_20243000000_01D_30S_CLK.CLK.gz.csv
[06:03:57] [DEBUG] Cleaned up individual file: step_2_0_pairs_igs_combined_IGS0OPSFIN_20243000000_01D_30S_CLK.CLK.gz.csv
[06:03:57] [INFO] Merging individual file: step_2_0_pairs_igs_combined_IGS0OPSFIN_20230310000_01D_30S_CLK.CLK.gz.csv
[06:03:57] [DEBUG] Cleaned up individual file: step_2_0_pairs_igs_combined_IGS0OPSFIN_20230310000_01D_30S_CLK.CLK.gz.csv
[06:03:57] [INFO] Merging individual file: step_2_0_pairs_igs_combined_IGS0OPSFIN_20250590000_01D_30S_CLK.CLK.gz.csv
[06:03:57] [DEBUG] Cleaned up individual file: step_2_0_pairs_igs_combined_IGS0OPSFIN_20250590000_01D_30S_CLK.CLK.gz.csv
[06:03:57] [INFO] Merging individual file: step_2_0_pairs_igs_combined_IGS0OPSFIN_20242020000_01D_30S_CLK.CLK.gz.csv
[06:03:58] [DEBUG] Cleaned up individual file: step_2_0_pairs_igs_combined_IGS0OPSFIN_20242020000_01D_30S_CLK.CLK.gz.csv
[06:03:58] [INFO] Merging individual file: step_2_0_pairs_igs_combined_IGS0OPSFIN_20230590000_01D_30S_CLK.CLK.gz.csv
[06:03:58] [DEBUG] Cleaned up individual file: step_2_0_pairs_igs_combined_IGS0OPSFIN_20230590000_01D_30S_CLK.CLK.gz.csv
[06:03:58] [INFO] Merging individual file: step_2_0_pairs_igs_combined_IGS0OPSFIN_20231890000_01D_30S_CLK.CLK.gz.csv
[06:03:58] [DEBUG] Cleaned up individual file: step_2_0_pairs_igs_combined_IGS0OPSFIN_20231890000_01D_30S_CLK.CLK.gz.csv
[06:03:58] [INFO] Merging individual file: step_2_0_pairs_igs_combined_IGS0OPSFIN_20251050000_01D_30S_CLK.CLK.gz.csv
[06:03:58] [DEBUG] Cleaned up individual file: step_2_0_pairs_igs_combined_IGS0OPSFIN_20251050000_01D_30S_CLK.CLK.gz.csv
[06:03:58] [INFO] Merging individual file: step_2_0_pairs_igs_combined_IGS0OPSFIN_20232000000_01D_30S_CLK.CLK.gz.csv
[06:03:58] [DEBUG] Cleaned up individual file: step_2_0_pairs_igs_combined_IGS0OPSFIN_20232000000_01D_30S_CLK.CLK.gz.csv
[06:03:58] [INFO] Merging individual file: step_2_0_pairs_igs_combined_IGS0OPSFIN_20251710000_01D_30S_CLK.CLK.gz.csv
[06:03:58] [DEBUG] Cleaned up individual file: step_2_0_pairs_igs_combined_IGS0OPSFIN_20251710000_01D_30S_CLK.CLK.gz.csv
[06:03:58] [INFO] Merging individual file: step_2_0_pairs_igs_combined_IGS0OPSFIN_20240700000_01D_30S_CLK.CLK.gz.csv
[06:03:58] [DEBUG] Cleaned up individual file: step_2_0_pairs_igs_combined_IGS0OPSFIN_20240700000_01D_30S_CLK.CLK.gz.csv
[06:03:58] [INFO] Merging individual file: step_2_0_pairs_igs_combined_IGS0OPSFIN_20240790000_01D_30S_CLK.CLK.gz.csv
[06:03:58] [DEBUG] Cleaned up individual file: step_2_0_pairs_igs_combined_IGS0OPSFIN_20240790000_01D_30S_CLK.CLK.gz.csv
[06:03:58] [INFO] Merging individual file: step_2_0_pairs_igs_combined_IGS0OPSFIN_20242790000_01D_30S_CLK.CLK.gz.csv
[06:03:58] [DEBUG] Cleaned up individual file: step_2_0_pairs_igs_combined_IGS0OPSFIN_20242790000_01D_30S_CLK.CLK.gz.csv
[06:03:58] [INFO] Merging individual file: step_2_0_pairs_igs_combined_IGS0OPSFIN_20230570000_01D_30S_CLK.CLK.gz.csv
[06:03:58] [DEBUG] Cleaned up individual file: step_2_0_pairs_igs_combined_IGS0OPSFIN_20230570000_01D_30S_CLK.CLK.gz.csv
[06:03:58] [INFO] Merging individual file: step_2_0_pairs_igs_combined_IGS0OPSFIN_20231780000_01D_30S_CLK.CLK.gz.csv
[06:03:58] [DEBUG] Cleaned up individual file: step_2_0_pairs_igs_combined_IGS0OPSFIN_20231780000_01D_30S_CLK.CLK.gz.csv
[06:03:58] [INFO] Merging individual file: step_2_0_pairs_igs_combined_IGS0OPSFIN_20232050000_01D_30S_CLK.CLK.gz.csv
[06:03:58] [DEBUG] Cleaned up individual file: step_2_0_pairs_igs_combined_IGS0OPSFIN_20232050000_01D_30S_CLK.CLK.gz.csv
[06:03:58] [INFO] Merging individual file: step_2_0_pairs_igs_combined_IGS0OPSFIN_20233420000_01D_30S_CLK.CLK.gz.csv
[06:03:58] [DEBUG] Cleaned up individual file: step_2_0_pairs_igs_combined_IGS0OPSFIN_20233420000_01D_30S_CLK.CLK.gz.csv
[06:03:58] [INFO] Merging individual file: step_2_0_pairs_igs_combined_IGS0OPSFIN_20230220000_01D_30S_CLK.CLK.gz.csv
[06:03:58] [DEBUG] Cleaned up individual file: step_2_0_pairs_igs_combined_IGS0OPSFIN_20230220000_01D_30S_CLK.CLK.gz.csv
[06:03:58] [INFO] Merging individual file: step_2_0_pairs_igs_combined_IGS0OPSFIN_20251360000_01D_30S_CLK.CLK.gz.csv
[06:03:59] [DEBUG] Cleaned up individual file: step_2_0_pairs_igs_combined_IGS0OPSFIN_20251360000_01D_30S_CLK.CLK.gz.csv
[06:03:59] [INFO] Merging individual file: step_2_0_pairs_igs_combined_IGS0OPSFIN_20240780000_01D_30S_CLK.CLK.gz.csv
[06:03:59] [DEBUG] Cleaned up individual file: step_2_0_pairs_igs_combined_IGS0OPSFIN_20240780000_01D_30S_CLK.CLK.gz.csv
[06:03:59] [INFO] Merging individual file: step_2_0_pairs_igs_combined_IGS0OPSFIN_20231240000_01D_30S_CLK.CLK.gz.csv
[06:03:59] [DEBUG] Cleaned up individual file: step_2_0_pairs_igs_combined_IGS0OPSFIN_20231240000_01D_30S_CLK.CLK.gz.csv
[06:03:59] [INFO] Merging individual file: step_2_0_pairs_igs_combined_IGS0OPSFIN_20250880000_01D_30S_CLK.CLK.gz.csv
[06:03:59] [DEBUG] Cleaned up individual file: step_2_0_pairs_igs_combined_IGS0OPSFIN_20250880000_01D_30S_CLK.CLK.gz.csv
[06:03:59] [INFO] Merging individual file: step_2_0_pairs_igs_combined_IGS0OPSFIN_20250170000_01D_30S_CLK.CLK.gz.csv
[06:03:59] [DEBUG] Cleaned up individual file: step_2_0_pairs_igs_combined_IGS0OPSFIN_20250170000_01D_30S_CLK.CLK.gz.csv
[06:03:59] [INFO] Merging individual file: step_2_0_pairs_igs_combined_IGS0OPSFIN_20242000000_01D_30S_CLK.CLK.gz.csv
[06:03:59] [DEBUG] Cleaned up individual file: step_2_0_pairs_igs_combined_IGS0OPSFIN_20242000000_01D_30S_CLK.CLK.gz.csv
[06:03:59] [INFO] Merging individual file: step_2_0_pairs_igs_combined_IGS0OPSFIN_20232800000_01D_30S_CLK.CLK.gz.csv
[06:03:59] [DEBUG] Cleaned up individual file: step_2_0_pairs_igs_combined_IGS0OPSFIN_20232800000_01D_30S_CLK.CLK.gz.csv
[06:03:59] [INFO] Merging individual file: step_2_0_pairs_igs_combined_IGS0OPSFIN_20233330000_01D_30S_CLK.CLK.gz.csv
[06:03:59] [DEBUG] Cleaned up individual file: step_2_0_pairs_igs_combined_IGS0OPSFIN_20233330000_01D_30S_CLK.CLK.gz.csv
[06:03:59] [INFO] Merging individual file: step_2_0_pairs_igs_combined_IGS0OPSFIN_20232690000_01D_30S_CLK.CLK.gz.csv
[06:03:59] [DEBUG] Cleaned up individual file: step_2_0_pairs_igs_combined_IGS0OPSFIN_20232690000_01D_30S_CLK.CLK.gz.csv
[06:03:59] [INFO] Merging individual file: step_2_0_pairs_igs_combined_IGS0OPSFIN_20242660000_01D_30S_CLK.CLK.gz.csv
[06:03:59] [DEBUG] Cleaned up individual file: step_2_0_pairs_igs_combined_IGS0OPSFIN_20242660000_01D_30S_CLK.CLK.gz.csv
[06:03:59] [INFO] Merging individual file: step_2_0_pairs_igs_combined_IGS0OPSFIN_20231300000_01D_30S_CLK.CLK.gz.csv
[06:03:59] [DEBUG] Cleaned up individual file: step_2_0_pairs_igs_combined_IGS0OPSFIN_20231300000_01D_30S_CLK.CLK.gz.csv
[06:03:59] [INFO] Merging individual file: step_2_0_pairs_igs_combined_IGS0OPSFIN_20240610000_01D_30S_CLK.CLK.gz.csv
[06:03:59] [DEBUG] Cleaned up individual file: step_2_0_pairs_igs_combined_IGS0OPSFIN_20240610000_01D_30S_CLK.CLK.gz.csv
[06:03:59] [INFO] Merging individual file: step_2_0_pairs_igs_combined_IGS0OPSFIN_20231740000_01D_30S_CLK.CLK.gz.csv
[06:03:59] [DEBUG] Cleaned up individual file: step_2_0_pairs_igs_combined_IGS0OPSFIN_20231740000_01D_30S_CLK.CLK.gz.csv
[06:03:59] [INFO] Merging individual file: step_2_0_pairs_igs_combined_IGS0OPSFIN_20232600000_01D_30S_CLK.CLK.gz.csv
[06:03:59] [DEBUG] Cleaned up individual file: step_2_0_pairs_igs_combined_IGS0OPSFIN_20232600000_01D_30S_CLK.CLK.gz.csv
[06:03:59] [INFO] Merging individual file: step_2_0_pairs_igs_combined_IGS0OPSFIN_20250180000_01D_30S_CLK.CLK.gz.csv
[06:04:00] [DEBUG] Cleaned up individual file: step_2_0_pairs_igs_combined_IGS0OPSFIN_20250180000_01D_30S_CLK.CLK.gz.csv
[06:04:00] [INFO] Merging individual file: step_2_0_pairs_igs_combined_IGS0OPSFIN_20242710000_01D_30S_CLK.CLK.gz.csv
[06:04:00] [DEBUG] Cleaned up individual file: step_2_0_pairs_igs_combined_IGS0OPSFIN_20242710000_01D_30S_CLK.CLK.gz.csv
[06:04:00] [INFO] Merging individual file: step_2_0_pairs_igs_combined_IGS0OPSFIN_20230300000_01D_30S_CLK.CLK.gz.csv
[06:04:00] [DEBUG] Cleaned up individual file: step_2_0_pairs_igs_combined_IGS0OPSFIN_20230300000_01D_30S_CLK.CLK.gz.csv
[06:04:00] [INFO] Merging individual file: step_2_0_pairs_igs_combined_IGS0OPSFIN_20251230000_01D_30S_CLK.CLK.gz.csv
[06:04:00] [DEBUG] Cleaned up individual file: step_2_0_pairs_igs_combined_IGS0OPSFIN_20251230000_01D_30S_CLK.CLK.gz.csv
[06:04:00] [INFO] Merging individual file: step_2_0_pairs_igs_combined_IGS0OPSFIN_20250120000_01D_30S_CLK.CLK.gz.csv
[06:04:00] [DEBUG] Cleaned up individual file: step_2_0_pairs_igs_combined_IGS0OPSFIN_20250120000_01D_30S_CLK.CLK.gz.csv
[06:04:00] [INFO] Merging individual file: step_2_0_pairs_igs_combined_IGS0OPSFIN_20242720000_01D_30S_CLK.CLK.gz.csv
[06:04:00] [DEBUG] Cleaned up individual file: step_2_0_pairs_igs_combined_IGS0OPSFIN_20242720000_01D_30S_CLK.CLK.gz.csv
[06:04:00] [INFO] Merging individual file: step_2_0_pairs_igs_combined_IGS0OPSFIN_20242550000_01D_30S_CLK.CLK.gz.csv
[06:04:00] [DEBUG] Cleaned up individual file: step_2_0_pairs_igs_combined_IGS0OPSFIN_20242550000_01D_30S_CLK.CLK.gz.csv
[06:04:00] [INFO] Merging individual file: step_2_0_pairs_igs_combined_IGS0OPSFIN_20230510000_01D_30S_CLK.CLK.gz.csv
[06:04:00] [DEBUG] Cleaned up individual file: step_2_0_pairs_igs_combined_IGS0OPSFIN_20230510000_01D_30S_CLK.CLK.gz.csv
[06:04:00] [INFO] Merging individual file: step_2_0_pairs_igs_combined_IGS0OPSFIN_20230250000_01D_30S_CLK.CLK.gz.csv
[06:04:00] [DEBUG] Cleaned up individual file: step_2_0_pairs_igs_combined_IGS0OPSFIN_20230250000_01D_30S_CLK.CLK.gz.csv
[06:04:00] [INFO] Merging individual file: step_2_0_pairs_igs_combined_IGS0OPSFIN_20251490000_01D_30S_CLK.CLK.gz.csv
[06:04:01] [DEBUG] Cleaned up individual file: step_2_0_pairs_igs_combined_IGS0OPSFIN_20251490000_01D_30S_CLK.CLK.gz.csv
[06:04:01] [INFO] Merging individual file: step_2_0_pairs_igs_combined_IGS0OPSFIN_20240960000_01D_30S_CLK.CLK.gz.csv
[06:04:01] [DEBUG] Cleaned up individual file: step_2_0_pairs_igs_combined_IGS0OPSFIN_20240960000_01D_30S_CLK.CLK.gz.csv
[06:04:01] [INFO] Merging individual file: step_2_0_pairs_igs_combined_IGS0OPSFIN_20232230000_01D_30S_CLK.CLK.gz.csv
[06:04:01] [DEBUG] Cleaned up individual file: step_2_0_pairs_igs_combined_IGS0OPSFIN_20232230000_01D_30S_CLK.CLK.gz.csv
[06:04:01] [INFO] Merging individual file: step_2_0_pairs_igs_combined_IGS0OPSFIN_20241890000_01D_30S_CLK.CLK.gz.csv
[06:04:01] [DEBUG] Cleaned up individual file: step_2_0_pairs_igs_combined_IGS0OPSFIN_20241890000_01D_30S_CLK.CLK.gz.csv
[06:04:01] [INFO] Merging individual file: step_2_0_pairs_igs_combined_IGS0OPSFIN_20242370000_01D_30S_CLK.CLK.gz.csv
[06:04:01] [DEBUG] Cleaned up individual file: step_2_0_pairs_igs_combined_IGS0OPSFIN_20242370000_01D_30S_CLK.CLK.gz.csv
[06:04:01] [INFO] Merging individual file: step_2_0_pairs_igs_combined_IGS0OPSFIN_20232710000_01D_30S_CLK.CLK.gz.csv
[06:04:01] [DEBUG] Cleaned up individual file: step_2_0_pairs_igs_combined_IGS0OPSFIN_20232710000_01D_30S_CLK.CLK.gz.csv
[06:04:01] [INFO] Merging individual file: step_2_0_pairs_igs_combined_IGS0OPSFIN_20241310000_01D_30S_CLK.CLK.gz.csv
[06:04:01] [DEBUG] Cleaned up individual file: step_2_0_pairs_igs_combined_IGS0OPSFIN_20241310000_01D_30S_CLK.CLK.gz.csv
[06:04:01] [INFO] Merging individual file: step_2_0_pairs_igs_combined_IGS0OPSFIN_20240930000_01D_30S_CLK.CLK.gz.csv
[06:04:01] [DEBUG] Cleaned up individual file: step_2_0_pairs_igs_combined_IGS0OPSFIN_20240930000_01D_30S_CLK.CLK.gz.csv
[06:04:01] [INFO] Merging individual file: step_2_0_pairs_igs_combined_IGS0OPSFIN_20232820000_01D_30S_CLK.CLK.gz.csv
[06:04:01] [DEBUG] Cleaned up individual file: step_2_0_pairs_igs_combined_IGS0OPSFIN_20232820000_01D_30S_CLK.CLK.gz.csv
[06:04:01] [INFO] Merging individual file: step_2_0_pairs_igs_combined_IGS0OPSFIN_20241300000_01D_30S_CLK.CLK.gz.csv
[06:04:01] [DEBUG] Cleaned up individual file: step_2_0_pairs_igs_combined_IGS0OPSFIN_20241300000_01D_30S_CLK.CLK.gz.csv
[06:04:01] [INFO] Merging individual file: step_2_0_pairs_igs_combined_IGS0OPSFIN_20231450000_01D_30S_CLK.CLK.gz.csv
[06:04:01] [DEBUG] Cleaned up individual file: step_2_0_pairs_igs_combined_IGS0OPSFIN_20231450000_01D_30S_CLK.CLK.gz.csv
[06:04:01] [INFO] Merging individual file: step_2_0_pairs_igs_combined_IGS0OPSFIN_20251430000_01D_30S_CLK.CLK.gz.csv
[06:04:02] [DEBUG] Cleaned up individual file: step_2_0_pairs_igs_combined_IGS0OPSFIN_20251430000_01D_30S_CLK.CLK.gz.csv
[06:04:02] [INFO] Merging individual file: step_2_0_pairs_igs_combined_IGS0OPSFIN_20233390000_01D_30S_CLK.CLK.gz.csv
[06:04:02] [DEBUG] Cleaned up individual file: step_2_0_pairs_igs_combined_IGS0OPSFIN_20233390000_01D_30S_CLK.CLK.gz.csv
[06:04:02] [INFO] Merging individual file: step_2_0_pairs_igs_combined_IGS0OPSFIN_20241880000_01D_30S_CLK.CLK.gz.csv
[06:04:02] [DEBUG] Cleaned up individual file: step_2_0_pairs_igs_combined_IGS0OPSFIN_20241880000_01D_30S_CLK.CLK.gz.csv
[06:04:02] [INFO] Merging individual file: step_2_0_pairs_igs_combined_IGS0OPSFIN_20241110000_01D_30S_CLK.CLK.gz.csv
[06:04:02] [DEBUG] Cleaned up individual file: step_2_0_pairs_igs_combined_IGS0OPSFIN_20241110000_01D_30S_CLK.CLK.gz.csv
[06:04:02] [INFO] Merging individual file: step_2_0_pairs_igs_combined_IGS0OPSFIN_20250270000_01D_30S_CLK.CLK.gz.csv
[06:04:02] [DEBUG] Cleaned up individual file: step_2_0_pairs_igs_combined_IGS0OPSFIN_20250270000_01D_30S_CLK.CLK.gz.csv
[06:04:02] [INFO] Merging individual file: step_2_0_pairs_igs_combined_IGS0OPSFIN_20240670000_01D_30S_CLK.CLK.gz.csv
[06:04:02] [DEBUG] Cleaned up individual file: step_2_0_pairs_igs_combined_IGS0OPSFIN_20240670000_01D_30S_CLK.CLK.gz.csv
[06:04:02] [INFO] Merging individual file: step_2_0_pairs_igs_combined_IGS0OPSFIN_20250660000_01D_30S_CLK.CLK.gz.csv
[06:04:02] [DEBUG] Cleaned up individual file: step_2_0_pairs_igs_combined_IGS0OPSFIN_20250660000_01D_30S_CLK.CLK.gz.csv
[06:04:02] [INFO] Merging individual file: step_2_0_pairs_igs_combined_IGS0OPSFIN_20251570000_01D_30S_CLK.CLK.gz.csv
[06:04:02] [DEBUG] Cleaned up individual file: step_2_0_pairs_igs_combined_IGS0OPSFIN_20251570000_01D_30S_CLK.CLK.gz.csv
[06:04:02] [INFO] Merging individual file: step_2_0_pairs_igs_combined_IGS0OPSFIN_20233560000_01D_30S_CLK.CLK.gz.csv
[06:04:02] [DEBUG] Cleaned up individual file: step_2_0_pairs_igs_combined_IGS0OPSFIN_20233560000_01D_30S_CLK.CLK.gz.csv
[06:04:02] [INFO] Merging individual file: step_2_0_pairs_igs_combined_IGS0OPSFIN_20250510000_01D_30S_CLK.CLK.gz.csv
[06:04:03] [DEBUG] Cleaned up individual file: step_2_0_pairs_igs_combined_IGS0OPSFIN_20250510000_01D_30S_CLK.CLK.gz.csv
[06:04:03] [INFO] Merging individual file: step_2_0_pairs_igs_combined_IGS0OPSFIN_20233180000_01D_30S_CLK.CLK.gz.csv
[06:04:03] [DEBUG] Cleaned up individual file: step_2_0_pairs_igs_combined_IGS0OPSFIN_20233180000_01D_30S_CLK.CLK.gz.csv
[06:04:03] [INFO] Merging individual file: step_2_0_pairs_igs_combined_IGS0OPSFIN_20251740000_01D_30S_CLK.CLK.gz.csv
[06:04:03] [DEBUG] Cleaned up individual file: step_2_0_pairs_igs_combined_IGS0OPSFIN_20251740000_01D_30S_CLK.CLK.gz.csv
[06:04:03] [INFO] Merging individual file: step_2_0_pairs_igs_combined_IGS0OPSFIN_20230920000_01D_30S_CLK.CLK.gz.csv
[06:04:03] [DEBUG] Cleaned up individual file: step_2_0_pairs_igs_combined_IGS0OPSFIN_20230920000_01D_30S_CLK.CLK.gz.csv
[06:04:03] [INFO] Merging individual file: step_2_0_pairs_igs_combined_IGS0OPSFIN_20240550000_01D_30S_CLK.CLK.gz.csv
[06:04:03] [DEBUG] Cleaned up individual file: step_2_0_pairs_igs_combined_IGS0OPSFIN_20240550000_01D_30S_CLK.CLK.gz.csv
[06:04:03] [INFO] Merging individual file: step_2_0_pairs_igs_combined_IGS0OPSFIN_20240880000_01D_30S_CLK.CLK.gz.csv
[06:04:03] [DEBUG] Cleaned up individual file: step_2_0_pairs_igs_combined_IGS0OPSFIN_20240880000_01D_30S_CLK.CLK.gz.csv
[06:04:03] [INFO] Merging individual file: step_2_0_pairs_igs_combined_IGS0OPSFIN_20231110000_01D_30S_CLK.CLK.gz.csv
[06:04:03] [DEBUG] Cleaned up individual file: step_2_0_pairs_igs_combined_IGS0OPSFIN_20231110000_01D_30S_CLK.CLK.gz.csv
[06:04:03] [INFO] Merging individual file: step_2_0_pairs_igs_combined_IGS0OPSFIN_20233620000_01D_30S_CLK.CLK.gz.csv
[06:04:03] [DEBUG] Cleaned up individual file: step_2_0_pairs_igs_combined_IGS0OPSFIN_20233620000_01D_30S_CLK.CLK.gz.csv
[06:04:03] [INFO] Merging individual file: step_2_0_pairs_igs_combined_IGS0OPSFIN_20250430000_01D_30S_CLK.CLK.gz.csv
[06:04:03] [DEBUG] Cleaned up individual file: step_2_0_pairs_igs_combined_IGS0OPSFIN_20250430000_01D_30S_CLK.CLK.gz.csv
[06:04:03] [INFO] Merging individual file: step_2_0_pairs_igs_combined_IGS0OPSFIN_20250010000_01D_30S_CLK.CLK.gz.csv
[06:04:03] [DEBUG] Cleaned up individual file: step_2_0_pairs_igs_combined_IGS0OPSFIN_20250010000_01D_30S_CLK.CLK.gz.csv
[06:04:03] [INFO] Merging individual file: step_2_0_pairs_igs_combined_IGS0OPSFIN_20232910000_01D_30S_CLK.CLK.gz.csv
[06:04:03] [DEBUG] Cleaned up individual file: step_2_0_pairs_igs_combined_IGS0OPSFIN_20232910000_01D_30S_CLK.CLK.gz.csv
[06:04:03] [INFO] Merging individual file: step_2_0_pairs_igs_combined_IGS0OPSFIN_20251620000_01D_30S_CLK.CLK.gz.csv
[06:04:03] [DEBUG] Cleaned up individual file: step_2_0_pairs_igs_combined_IGS0OPSFIN_20251620000_01D_30S_CLK.CLK.gz.csv
[06:04:03] [INFO] Merging individual file: step_2_0_pairs_igs_combined_IGS0OPSFIN_20232390000_01D_30S_CLK.CLK.gz.csv
[06:04:04] [DEBUG] Cleaned up individual file: step_2_0_pairs_igs_combined_IGS0OPSFIN_20232390000_01D_30S_CLK.CLK.gz.csv
[06:04:04] [INFO] Merging individual file: step_2_0_pairs_igs_combined_IGS0OPSFIN_20241600000_01D_30S_CLK.CLK.gz.csv
[06:04:04] [DEBUG] Cleaned up individual file: step_2_0_pairs_igs_combined_IGS0OPSFIN_20241600000_01D_30S_CLK.CLK.gz.csv
[06:04:04] [INFO] Merging individual file: step_2_0_pairs_igs_combined_IGS0OPSFIN_20233590000_01D_30S_CLK.CLK.gz.csv
[06:04:04] [DEBUG] Cleaned up individual file: step_2_0_pairs_igs_combined_IGS0OPSFIN_20233590000_01D_30S_CLK.CLK.gz.csv
[06:04:04] [INFO] Merging individual file: step_2_0_pairs_igs_combined_IGS0OPSFIN_20230900000_01D_30S_CLK.CLK.gz.csv
[06:04:04] [DEBUG] Cleaned up individual file: step_2_0_pairs_igs_combined_IGS0OPSFIN_20230900000_01D_30S_CLK.CLK.gz.csv
[06:04:04] [INFO] Merging individual file: step_2_0_pairs_igs_combined_IGS0OPSFIN_20243350000_01D_30S_CLK.CLK.gz.csv
[06:04:04] [DEBUG] Cleaned up individual file: step_2_0_pairs_igs_combined_IGS0OPSFIN_20243350000_01D_30S_CLK.CLK.gz.csv
[06:04:04] [INFO] Merging individual file: step_2_0_pairs_igs_combined_IGS0OPSFIN_20250640000_01D_30S_CLK.CLK.gz.csv
[06:04:04] [DEBUG] Cleaned up individual file: step_2_0_pairs_igs_combined_IGS0OPSFIN_20250640000_01D_30S_CLK.CLK.gz.csv
[06:04:04] [INFO] Merging individual file: step_2_0_pairs_igs_combined_IGS0OPSFIN_20232760000_01D_30S_CLK.CLK.gz.csv
[06:04:04] [DEBUG] Cleaned up individual file: step_2_0_pairs_igs_combined_IGS0OPSFIN_20232760000_01D_30S_CLK.CLK.gz.csv
[06:04:04] [INFO] Merging individual file: step_2_0_pairs_igs_combined_IGS0OPSFIN_20250750000_01D_30S_CLK.CLK.gz.csv
[06:04:04] [DEBUG] Cleaned up individual file: step_2_0_pairs_igs_combined_IGS0OPSFIN_20250750000_01D_30S_CLK.CLK.gz.csv
[06:04:04] [INFO] Merging individual file: step_2_0_pairs_igs_combined_IGS0OPSFIN_20250320000_01D_30S_CLK.CLK.gz.csv
[06:04:04] [DEBUG] Cleaned up individual file: step_2_0_pairs_igs_combined_IGS0OPSFIN_20250320000_01D_30S_CLK.CLK.gz.csv
[06:04:04] [INFO] Merging individual file: step_2_0_pairs_igs_combined_IGS0OPSFIN_20243510000_01D_30S_CLK.CLK.gz.csv
[06:04:05] [DEBUG] Cleaned up individual file: step_2_0_pairs_igs_combined_IGS0OPSFIN_20243510000_01D_30S_CLK.CLK.gz.csv
[06:04:05] [INFO] Merging individual file: step_2_0_pairs_igs_combined_IGS0OPSFIN_20242840000_01D_30S_CLK.CLK.gz.csv
[06:04:05] [DEBUG] Cleaned up individual file: step_2_0_pairs_igs_combined_IGS0OPSFIN_20242840000_01D_30S_CLK.CLK.gz.csv
[06:04:05] [INFO] Merging individual file: step_2_0_pairs_igs_combined_IGS0OPSFIN_20251760000_01D_30S_CLK.CLK.gz.csv
[06:04:05] [DEBUG] Cleaned up individual file: step_2_0_pairs_igs_combined_IGS0OPSFIN_20251760000_01D_30S_CLK.CLK.gz.csv
[06:04:05] [INFO] Merging individual file: step_2_0_pairs_igs_combined_IGS0OPSFIN_20230840000_01D_30S_CLK.CLK.gz.csv
[06:04:05] [DEBUG] Cleaned up individual file: step_2_0_pairs_igs_combined_IGS0OPSFIN_20230840000_01D_30S_CLK.CLK.gz.csv
[06:04:05] [INFO] Merging individual file: step_2_0_pairs_igs_combined_IGS0OPSFIN_20230720000_01D_30S_CLK.CLK.gz.csv
[06:04:05] [DEBUG] Cleaned up individual file: step_2_0_pairs_igs_combined_IGS0OPSFIN_20230720000_01D_30S_CLK.CLK.gz.csv
[06:04:05] [INFO] Merging individual file: step_2_0_pairs_igs_combined_IGS0OPSFIN_20233110000_01D_30S_CLK.CLK.gz.csv
[06:04:05] [DEBUG] Cleaned up individual file: step_2_0_pairs_igs_combined_IGS0OPSFIN_20233110000_01D_30S_CLK.CLK.gz.csv
[06:04:05] [INFO] Merging individual file: step_2_0_pairs_igs_combined_IGS0OPSFIN_20250830000_01D_30S_CLK.CLK.gz.csv
[06:04:05] [DEBUG] Cleaned up individual file: step_2_0_pairs_igs_combined_IGS0OPSFIN_20250830000_01D_30S_CLK.CLK.gz.csv
[06:04:05] [INFO] Merging individual file: step_2_0_pairs_igs_combined_IGS0OPSFIN_20242340000_01D_30S_CLK.CLK.gz.csv
[06:04:05] [DEBUG] Cleaned up individual file: step_2_0_pairs_igs_combined_IGS0OPSFIN_20242340000_01D_30S_CLK.CLK.gz.csv
[06:04:05] [INFO] Merging individual file: step_2_0_pairs_igs_combined_IGS0OPSFIN_20243380000_01D_30S_CLK.CLK.gz.csv
[06:04:05] [DEBUG] Cleaned up individual file: step_2_0_pairs_igs_combined_IGS0OPSFIN_20243380000_01D_30S_CLK.CLK.gz.csv
[06:04:05] [INFO] Merging individual file: step_2_0_pairs_igs_combined_IGS0OPSFIN_20231280000_01D_30S_CLK.CLK.gz.csv
[06:04:05] [DEBUG] Cleaned up individual file: step_2_0_pairs_igs_combined_IGS0OPSFIN_20231280000_01D_30S_CLK.CLK.gz.csv
[06:04:05] [INFO] Merging individual file: step_2_0_pairs_igs_combined_IGS0OPSFIN_20230140000_01D_30S_CLK.CLK.gz.csv
[06:04:05] [DEBUG] Cleaned up individual file: step_2_0_pairs_igs_combined_IGS0OPSFIN_20230140000_01D_30S_CLK.CLK.gz.csv
[06:04:05] [INFO] Merging individual file: step_2_0_pairs_igs_combined_IGS0OPSFIN_20242280000_01D_30S_CLK.CLK.gz.csv
[06:04:06] [DEBUG] Cleaned up individual file: step_2_0_pairs_igs_combined_IGS0OPSFIN_20242280000_01D_30S_CLK.CLK.gz.csv
[06:04:06] [INFO] Merging individual file: step_2_0_pairs_igs_combined_IGS0OPSFIN_20243440000_01D_30S_CLK.CLK.gz.csv
[06:04:06] [DEBUG] Cleaned up individual file: step_2_0_pairs_igs_combined_IGS0OPSFIN_20243440000_01D_30S_CLK.CLK.gz.csv
[06:04:06] [INFO] Merging individual file: step_2_0_pairs_igs_combined_IGS0OPSFIN_20232010000_01D_30S_CLK.CLK.gz.csv
[06:04:06] [DEBUG] Cleaned up individual file: step_2_0_pairs_igs_combined_IGS0OPSFIN_20232010000_01D_30S_CLK.CLK.gz.csv
[06:04:06] [INFO] Merging individual file: step_2_0_pairs_igs_combined_IGS0OPSFIN_20251100000_01D_30S_CLK.CLK.gz.csv
[06:04:06] [DEBUG] Cleaned up individual file: step_2_0_pairs_igs_combined_IGS0OPSFIN_20251100000_01D_30S_CLK.CLK.gz.csv
[06:04:06] [INFO] Merging individual file: step_2_0_pairs_igs_combined_IGS0OPSFIN_20233410000_01D_30S_CLK.CLK.gz.csv
[06:04:06] [DEBUG] Cleaned up individual file: step_2_0_pairs_igs_combined_IGS0OPSFIN_20233410000_01D_30S_CLK.CLK.gz.csv
[06:04:06] [INFO] Merging individual file: step_2_0_pairs_igs_combined_IGS0OPSFIN_20243580000_01D_30S_CLK.CLK.gz.csv
[06:04:06] [DEBUG] Cleaned up individual file: step_2_0_pairs_igs_combined_IGS0OPSFIN_20243580000_01D_30S_CLK.CLK.gz.csv
[06:04:06] [INFO] Merging individual file: step_2_0_pairs_igs_combined_IGS0OPSFIN_20241020000_01D_30S_CLK.CLK.gz.csv
[06:04:06] [DEBUG] Cleaned up individual file: step_2_0_pairs_igs_combined_IGS0OPSFIN_20241020000_01D_30S_CLK.CLK.gz.csv
[06:04:06] [INFO] Merging individual file: step_2_0_pairs_igs_combined_IGS0OPSFIN_20240750000_01D_30S_CLK.CLK.gz.csv
[06:04:06] [DEBUG] Cleaned up individual file: step_2_0_pairs_igs_combined_IGS0OPSFIN_20240750000_01D_30S_CLK.CLK.gz.csv
[06:04:06] [INFO] Merging individual file: step_2_0_pairs_igs_combined_IGS0OPSFIN_20240370000_01D_30S_CLK.CLK.gz.csv
[06:04:06] [DEBUG] Cleaned up individual file: step_2_0_pairs_igs_combined_IGS0OPSFIN_20240370000_01D_30S_CLK.CLK.gz.csv
[06:04:06] [INFO] Merging individual file: step_2_0_pairs_igs_combined_IGS0OPSFIN_20251030000_01D_30S_CLK.CLK.gz.csv
[06:04:06] [DEBUG] Cleaned up individual file: step_2_0_pairs_igs_combined_IGS0OPSFIN_20251030000_01D_30S_CLK.CLK.gz.csv
[06:04:06] [INFO] Merging individual file: step_2_0_pairs_igs_combined_IGS0OPSFIN_20250420000_01D_30S_CLK.CLK.gz.csv
[06:04:07] [DEBUG] Cleaned up individual file: step_2_0_pairs_igs_combined_IGS0OPSFIN_20250420000_01D_30S_CLK.CLK.gz.csv
[06:04:07] [INFO] Merging individual file: step_2_0_pairs_igs_combined_IGS0OPSFIN_20242890000_01D_30S_CLK.CLK.gz.csv
[06:04:07] [DEBUG] Cleaned up individual file: step_2_0_pairs_igs_combined_IGS0OPSFIN_20242890000_01D_30S_CLK.CLK.gz.csv
[06:04:07] [INFO] Merging individual file: step_2_0_pairs_igs_combined_IGS0OPSFIN_20241830000_01D_30S_CLK.CLK.gz.csv
[06:04:07] [DEBUG] Cleaned up individual file: step_2_0_pairs_igs_combined_IGS0OPSFIN_20241830000_01D_30S_CLK.CLK.gz.csv
[06:04:07] [INFO] Merging individual file: step_2_0_pairs_igs_combined_IGS0OPSFIN_20240590000_01D_30S_CLK.CLK.gz.csv
[06:04:07] [DEBUG] Cleaned up individual file: step_2_0_pairs_igs_combined_IGS0OPSFIN_20240590000_01D_30S_CLK.CLK.gz.csv
[06:04:07] [INFO] Merging individual file: step_2_0_pairs_igs_combined_IGS0OPSFIN_20230040000_01D_30S_CLK.CLK.gz.csv
[06:04:07] [DEBUG] Cleaned up individual file: step_2_0_pairs_igs_combined_IGS0OPSFIN_20230040000_01D_30S_CLK.CLK.gz.csv
[06:04:07] [INFO] Merging individual file: step_2_0_pairs_igs_combined_IGS0OPSFIN_20242690000_01D_30S_CLK.CLK.gz.csv
[06:04:07] [DEBUG] Cleaned up individual file: step_2_0_pairs_igs_combined_IGS0OPSFIN_20242690000_01D_30S_CLK.CLK.gz.csv
[06:04:07] [INFO] Merging individual file: step_2_0_pairs_igs_combined_IGS0OPSFIN_20241520000_01D_30S_CLK.CLK.gz.csv
[06:04:07] [DEBUG] Cleaned up individual file: step_2_0_pairs_igs_combined_IGS0OPSFIN_20241520000_01D_30S_CLK.CLK.gz.csv
[06:04:07] [INFO] Merging individual file: step_2_0_pairs_igs_combined_IGS0OPSFIN_20251550000_01D_30S_CLK.CLK.gz.csv
[06:04:07] [DEBUG] Cleaned up individual file: step_2_0_pairs_igs_combined_IGS0OPSFIN_20251550000_01D_30S_CLK.CLK.gz.csv
[06:04:07] [INFO] Merging individual file: step_2_0_pairs_igs_combined_IGS0OPSFIN_20243390000_01D_30S_CLK.CLK.gz.csv
[06:04:07] [DEBUG] Cleaned up individual file: step_2_0_pairs_igs_combined_IGS0OPSFIN_20243390000_01D_30S_CLK.CLK.gz.csv
[06:04:07] [INFO] Merging individual file: step_2_0_pairs_igs_combined_IGS0OPSFIN_20250350000_01D_30S_CLK.CLK.gz.csv
[06:04:08] [DEBUG] Cleaned up individual file: step_2_0_pairs_igs_combined_IGS0OPSFIN_20250350000_01D_30S_CLK.CLK.gz.csv
[06:04:08] [INFO] Merging individual file: step_2_0_pairs_igs_combined_IGS0OPSFIN_20233010000_01D_30S_CLK.CLK.gz.csv
[06:04:08] [DEBUG] Cleaned up individual file: step_2_0_pairs_igs_combined_IGS0OPSFIN_20233010000_01D_30S_CLK.CLK.gz.csv
[06:04:08] [INFO] Merging individual file: step_2_0_pairs_igs_combined_IGS0OPSFIN_20251210000_01D_30S_CLK.CLK.gz.csv
[06:04:08] [DEBUG] Cleaned up individual file: step_2_0_pairs_igs_combined_IGS0OPSFIN_20251210000_01D_30S_CLK.CLK.gz.csv
[06:04:08] [INFO] Merging individual file: step_2_0_pairs_igs_combined_IGS0OPSFIN_20231270000_01D_30S_CLK.CLK.gz.csv
[06:04:08] [DEBUG] Cleaned up individual file: step_2_0_pairs_igs_combined_IGS0OPSFIN_20231270000_01D_30S_CLK.CLK.gz.csv
[06:04:08] [INFO] Merging individual file: step_2_0_pairs_igs_combined_IGS0OPSFIN_20232170000_01D_30S_CLK.CLK.gz.csv
[06:04:08] [DEBUG] Cleaned up individual file: step_2_0_pairs_igs_combined_IGS0OPSFIN_20232170000_01D_30S_CLK.CLK.gz.csv
[06:04:08] [INFO] Merging individual file: step_2_0_pairs_igs_combined_IGS0OPSFIN_20251700000_01D_30S_CLK.CLK.gz.csv
[06:04:08] [DEBUG] Cleaned up individual file: step_2_0_pairs_igs_combined_IGS0OPSFIN_20251700000_01D_30S_CLK.CLK.gz.csv
[06:04:08] [INFO] Merging individual file: step_2_0_pairs_igs_combined_IGS0OPSFIN_20250770000_01D_30S_CLK.CLK.gz.csv
[06:04:08] [DEBUG] Cleaned up individual file: step_2_0_pairs_igs_combined_IGS0OPSFIN_20250770000_01D_30S_CLK.CLK.gz.csv
[06:04:08] [INFO] Merging individual file: step_2_0_pairs_igs_combined_IGS0OPSFIN_20231190000_01D_30S_CLK.CLK.gz.csv
[06:04:08] [DEBUG] Cleaned up individual file: step_2_0_pairs_igs_combined_IGS0OPSFIN_20231190000_01D_30S_CLK.CLK.gz.csv
[06:04:08] [INFO] Merging individual file: step_2_0_pairs_igs_combined_IGS0OPSFIN_20231570000_01D_30S_CLK.CLK.gz.csv
[06:04:08] [DEBUG] Cleaned up individual file: step_2_0_pairs_igs_combined_IGS0OPSFIN_20231570000_01D_30S_CLK.CLK.gz.csv
[06:04:08] [INFO] Merging individual file: step_2_0_pairs_igs_combined_IGS0OPSFIN_20241960000_01D_30S_CLK.CLK.gz.csv
[06:04:08] [DEBUG] Cleaned up individual file: step_2_0_pairs_igs_combined_IGS0OPSFIN_20241960000_01D_30S_CLK.CLK.gz.csv
[06:04:08] [INFO] Merging individual file: step_2_0_pairs_igs_combined_IGS0OPSFIN_20243190000_01D_30S_CLK.CLK.gz.csv
[06:04:09] [DEBUG] Cleaned up individual file: step_2_0_pairs_igs_combined_IGS0OPSFIN_20243190000_01D_30S_CLK.CLK.gz.csv
[06:04:09] [INFO] Merging individual file: step_2_0_pairs_igs_combined_IGS0OPSFIN_20231590000_01D_30S_CLK.CLK.gz.csv
[06:04:09] [DEBUG] Cleaned up individual file: step_2_0_pairs_igs_combined_IGS0OPSFIN_20231590000_01D_30S_CLK.CLK.gz.csv
[06:04:09] [INFO] Merging individual file: step_2_0_pairs_igs_combined_IGS0OPSFIN_20243530000_01D_30S_CLK.CLK.gz.csv
[06:04:09] [DEBUG] Cleaned up individual file: step_2_0_pairs_igs_combined_IGS0OPSFIN_20243530000_01D_30S_CLK.CLK.gz.csv
[06:04:09] [INFO] Merging individual file: step_2_0_pairs_igs_combined_IGS0OPSFIN_20231400000_01D_30S_CLK.CLK.gz.csv
[06:04:09] [DEBUG] Cleaned up individual file: step_2_0_pairs_igs_combined_IGS0OPSFIN_20231400000_01D_30S_CLK.CLK.gz.csv
[06:04:09] [INFO] Merging individual file: step_2_0_pairs_igs_combined_IGS0OPSFIN_20230740000_01D_30S_CLK.CLK.gz.csv
[06:04:09] [DEBUG] Cleaned up individual file: step_2_0_pairs_igs_combined_IGS0OPSFIN_20230740000_01D_30S_CLK.CLK.gz.csv
[06:04:09] [INFO] Merging individual file: step_2_0_pairs_igs_combined_IGS0OPSFIN_20230790000_01D_30S_CLK.CLK.gz.csv
[06:04:09] [DEBUG] Cleaned up individual file: step_2_0_pairs_igs_combined_IGS0OPSFIN_20230790000_01D_30S_CLK.CLK.gz.csv
[06:04:09] [INFO] Merging individual file: step_2_0_pairs_igs_combined_IGS0OPSFIN_20243220000_01D_30S_CLK.CLK.gz.csv
[06:04:09] [DEBUG] Cleaned up individual file: step_2_0_pairs_igs_combined_IGS0OPSFIN_20243220000_01D_30S_CLK.CLK.gz.csv
[06:04:09] [INFO] Merging individual file: step_2_0_pairs_igs_combined_IGS0OPSFIN_20232810000_01D_30S_CLK.CLK.gz.csv
[06:04:09] [DEBUG] Cleaned up individual file: step_2_0_pairs_igs_combined_IGS0OPSFIN_20232810000_01D_30S_CLK.CLK.gz.csv
[06:04:09] [INFO] Merging individual file: step_2_0_pairs_igs_combined_IGS0OPSFIN_20240290000_01D_30S_CLK.CLK.gz.csv
[06:04:09] [DEBUG] Cleaned up individual file: step_2_0_pairs_igs_combined_IGS0OPSFIN_20240290000_01D_30S_CLK.CLK.gz.csv
[06:04:09] [INFO] Merging individual file: step_2_0_pairs_igs_combined_IGS0OPSFIN_20231680000_01D_30S_CLK.CLK.gz.csv
[06:04:09] [DEBUG] Cleaned up individual file: step_2_0_pairs_igs_combined_IGS0OPSFIN_20231680000_01D_30S_CLK.CLK.gz.csv
[06:04:09] [INFO] Merging individual file: step_2_0_pairs_igs_combined_IGS0OPSFIN_20232670000_01D_30S_CLK.CLK.gz.csv
[06:04:09] [DEBUG] Cleaned up individual file: step_2_0_pairs_igs_combined_IGS0OPSFIN_20232670000_01D_30S_CLK.CLK.gz.csv
[06:04:09] [INFO] Merging individual file: step_2_0_pairs_igs_combined_IGS0OPSFIN_20241800000_01D_30S_CLK.CLK.gz.csv
[06:04:09] [DEBUG] Cleaned up individual file: step_2_0_pairs_igs_combined_IGS0OPSFIN_20241800000_01D_30S_CLK.CLK.gz.csv
[06:04:09] [INFO] Merging individual file: step_2_0_pairs_igs_combined_IGS0OPSFIN_20233400000_01D_30S_CLK.CLK.gz.csv
[06:04:09] [DEBUG] Cleaned up individual file: step_2_0_pairs_igs_combined_IGS0OPSFIN_20233400000_01D_30S_CLK.CLK.gz.csv
[06:04:09] [INFO] Merging individual file: step_2_0_pairs_igs_combined_IGS0OPSFIN_20232420000_01D_30S_CLK.CLK.gz.csv
[06:04:09] [DEBUG] Cleaned up individual file: step_2_0_pairs_igs_combined_IGS0OPSFIN_20232420000_01D_30S_CLK.CLK.gz.csv
[06:04:09] [INFO] Merging individual file: step_2_0_pairs_igs_combined_IGS0OPSFIN_20240620000_01D_30S_CLK.CLK.gz.csv
[06:04:09] [DEBUG] Cleaned up individual file: step_2_0_pairs_igs_combined_IGS0OPSFIN_20240620000_01D_30S_CLK.CLK.gz.csv
[06:04:09] [INFO] Merging individual file: step_2_0_pairs_igs_combined_IGS0OPSFIN_20240990000_01D_30S_CLK.CLK.gz.csv
[06:04:09] [DEBUG] Cleaned up individual file: step_2_0_pairs_igs_combined_IGS0OPSFIN_20240990000_01D_30S_CLK.CLK.gz.csv
[06:04:09] [INFO] Merging individual file: step_2_0_pairs_igs_combined_IGS0OPSFIN_20232890000_01D_30S_CLK.CLK.gz.csv
[06:04:09] [DEBUG] Cleaned up individual file: step_2_0_pairs_igs_combined_IGS0OPSFIN_20232890000_01D_30S_CLK.CLK.gz.csv
[06:04:09] [INFO] Merging individual file: step_2_0_pairs_igs_combined_IGS0OPSFIN_20241450000_01D_30S_CLK.CLK.gz.csv
[06:04:10] [DEBUG] Cleaned up individual file: step_2_0_pairs_igs_combined_IGS0OPSFIN_20241450000_01D_30S_CLK.CLK.gz.csv
[06:04:10] [INFO] Merging individual file: step_2_0_pairs_igs_combined_IGS0OPSFIN_20240980000_01D_30S_CLK.CLK.gz.csv
[06:04:10] [DEBUG] Cleaned up individual file: step_2_0_pairs_igs_combined_IGS0OPSFIN_20240980000_01D_30S_CLK.CLK.gz.csv
[06:04:10] [INFO] Merging individual file: step_2_0_pairs_igs_combined_IGS0OPSFIN_20233430000_01D_30S_CLK.CLK.gz.csv
[06:04:10] [DEBUG] Cleaned up individual file: step_2_0_pairs_igs_combined_IGS0OPSFIN_20233430000_01D_30S_CLK.CLK.gz.csv
[06:04:10] [INFO] Merging individual file: step_2_0_pairs_igs_combined_IGS0OPSFIN_20243320000_01D_30S_CLK.CLK.gz.csv
[06:04:10] [DEBUG] Cleaned up individual file: step_2_0_pairs_igs_combined_IGS0OPSFIN_20243320000_01D_30S_CLK.CLK.gz.csv
[06:04:10] [INFO] Merging individual file: step_2_0_pairs_igs_combined_IGS0OPSFIN_20241400000_01D_30S_CLK.CLK.gz.csv
[06:04:10] [DEBUG] Cleaned up individual file: step_2_0_pairs_igs_combined_IGS0OPSFIN_20241400000_01D_30S_CLK.CLK.gz.csv
[06:04:10] [INFO] Merging individual file: step_2_0_pairs_igs_combined_IGS0OPSFIN_20241190000_01D_30S_CLK.CLK.gz.csv
[06:04:10] [DEBUG] Cleaned up individual file: step_2_0_pairs_igs_combined_IGS0OPSFIN_20241190000_01D_30S_CLK.CLK.gz.csv
[06:04:10] [INFO] Merging individual file: step_2_0_pairs_igs_combined_IGS0OPSFIN_20241420000_01D_30S_CLK.CLK.gz.csv
[06:04:10] [DEBUG] Cleaned up individual file: step_2_0_pairs_igs_combined_IGS0OPSFIN_20241420000_01D_30S_CLK.CLK.gz.csv
[06:04:10] [INFO] Merging individual file: step_2_0_pairs_igs_combined_IGS0OPSFIN_20230460000_01D_30S_CLK.CLK.gz.csv
[06:04:10] [DEBUG] Cleaned up individual file: step_2_0_pairs_igs_combined_IGS0OPSFIN_20230460000_01D_30S_CLK.CLK.gz.csv
[06:04:10] [INFO] Merging individual file: step_2_0_pairs_igs_combined_IGS0OPSFIN_20230890000_01D_30S_CLK.CLK.gz.csv
[06:04:10] [DEBUG] Cleaned up individual file: step_2_0_pairs_igs_combined_IGS0OPSFIN_20230890000_01D_30S_CLK.CLK.gz.csv
[06:04:10] [INFO] Merging individual file: step_2_0_pairs_igs_combined_IGS0OPSFIN_20231690000_01D_30S_CLK.CLK.gz.csv
[06:04:10] [DEBUG] Cleaned up individual file: step_2_0_pairs_igs_combined_IGS0OPSFIN_20231690000_01D_30S_CLK.CLK.gz.csv
[06:04:10] [INFO] Merging individual file: step_2_0_pairs_igs_combined_IGS0OPSFIN_20232660000_01D_30S_CLK.CLK.gz.csv
[06:04:10] [DEBUG] Cleaned up individual file: step_2_0_pairs_igs_combined_IGS0OPSFIN_20232660000_01D_30S_CLK.CLK.gz.csv
[06:04:10] [INFO] Merging individual file: step_2_0_pairs_igs_combined_IGS0OPSFIN_20241630000_01D_30S_CLK.CLK.gz.csv
[06:04:11] [DEBUG] Cleaned up individual file: step_2_0_pairs_igs_combined_IGS0OPSFIN_20241630000_01D_30S_CLK.CLK.gz.csv
[06:04:11] [INFO] Merging individual file: step_2_0_pairs_igs_combined_IGS0OPSFIN_20240330000_01D_30S_CLK.CLK.gz.csv
[06:04:11] [DEBUG] Cleaned up individual file: step_2_0_pairs_igs_combined_IGS0OPSFIN_20240330000_01D_30S_CLK.CLK.gz.csv
[06:04:11] [INFO] Merging individual file: step_2_0_pairs_igs_combined_IGS0OPSFIN_20241150000_01D_30S_CLK.CLK.gz.csv
[06:04:11] [DEBUG] Cleaned up individual file: step_2_0_pairs_igs_combined_IGS0OPSFIN_20241150000_01D_30S_CLK.CLK.gz.csv
[06:04:11] [INFO] Merging individual file: step_2_0_pairs_igs_combined_IGS0OPSFIN_20232350000_01D_30S_CLK.CLK.gz.csv
[06:04:11] [DEBUG] Cleaned up individual file: step_2_0_pairs_igs_combined_IGS0OPSFIN_20232350000_01D_30S_CLK.CLK.gz.csv
[06:04:11] [INFO] Merging individual file: step_2_0_pairs_igs_combined_IGS0OPSFIN_20251770000_01D_30S_CLK.CLK.gz.csv
[06:04:11] [DEBUG] Cleaned up individual file: step_2_0_pairs_igs_combined_IGS0OPSFIN_20251770000_01D_30S_CLK.CLK.gz.csv
[06:04:11] [INFO] Merging individual file: step_2_0_pairs_igs_combined_IGS0OPSFIN_20250530000_01D_30S_CLK.CLK.gz.csv
[06:04:11] [DEBUG] Cleaned up individual file: step_2_0_pairs_igs_combined_IGS0OPSFIN_20250530000_01D_30S_CLK.CLK.gz.csv
[06:04:11] [INFO] Merging individual file: step_2_0_pairs_igs_combined_IGS0OPSFIN_20232130000_01D_30S_CLK.CLK.gz.csv
[06:04:11] [DEBUG] Cleaned up individual file: step_2_0_pairs_igs_combined_IGS0OPSFIN_20232130000_01D_30S_CLK.CLK.gz.csv
[06:04:11] [INFO] Merging individual file: step_2_0_pairs_igs_combined_IGS0OPSFIN_20240010000_01D_30S_CLK.CLK.gz.csv
[06:04:11] [DEBUG] Cleaned up individual file: step_2_0_pairs_igs_combined_IGS0OPSFIN_20240010000_01D_30S_CLK.CLK.gz.csv
[06:04:11] [INFO] Merging individual file: step_2_0_pairs_igs_combined_IGS0OPSFIN_20242060000_01D_30S_CLK.CLK.gz.csv
[06:04:11] [DEBUG] Cleaned up individual file: step_2_0_pairs_igs_combined_IGS0OPSFIN_20242060000_01D_30S_CLK.CLK.gz.csv
[06:04:11] [INFO] Merging individual file: step_2_0_pairs_igs_combined_IGS0OPSFIN_20250950000_01D_30S_CLK.CLK.gz.csv
[06:04:11] [DEBUG] Cleaned up individual file: step_2_0_pairs_igs_combined_IGS0OPSFIN_20250950000_01D_30S_CLK.CLK.gz.csv
[06:04:11] [INFO] Merging individual file: step_2_0_pairs_igs_combined_IGS0OPSFIN_20230050000_01D_30S_CLK.CLK.gz.csv
[06:04:11] [DEBUG] Cleaned up individual file: step_2_0_pairs_igs_combined_IGS0OPSFIN_20230050000_01D_30S_CLK.CLK.gz.csv
[06:04:11] [INFO] Merging individual file: step_2_0_pairs_igs_combined_IGS0OPSFIN_20243090000_01D_30S_CLK.CLK.gz.csv
[06:04:12] [DEBUG] Cleaned up individual file: step_2_0_pairs_igs_combined_IGS0OPSFIN_20243090000_01D_30S_CLK.CLK.gz.csv
[06:04:12] [INFO] Merging individual file: step_2_0_pairs_igs_combined_IGS0OPSFIN_20250450000_01D_30S_CLK.CLK.gz.csv
[06:04:12] [DEBUG] Cleaned up individual file: step_2_0_pairs_igs_combined_IGS0OPSFIN_20250450000_01D_30S_CLK.CLK.gz.csv
[06:04:12] [INFO] Merging individual file: step_2_0_pairs_igs_combined_IGS0OPSFIN_20230010000_01D_30S_CLK.CLK.gz.csv
[06:04:12] [DEBUG] Cleaned up individual file: step_2_0_pairs_igs_combined_IGS0OPSFIN_20230010000_01D_30S_CLK.CLK.gz.csv
[06:04:12] [INFO] Merging individual file: step_2_0_pairs_igs_combined_IGS0OPSFIN_20231970000_01D_30S_CLK.CLK.gz.csv
[06:04:12] [DEBUG] Cleaned up individual file: step_2_0_pairs_igs_combined_IGS0OPSFIN_20231970000_01D_30S_CLK.CLK.gz.csv
[06:04:12] [INFO] Merging individual file: step_2_0_pairs_igs_combined_IGS0OPSFIN_20233320000_01D_30S_CLK.CLK.gz.csv
[06:04:12] [DEBUG] Cleaned up individual file: step_2_0_pairs_igs_combined_IGS0OPSFIN_20233320000_01D_30S_CLK.CLK.gz.csv
[06:04:12] [INFO] Merging individual file: step_2_0_pairs_igs_combined_IGS0OPSFIN_20250540000_01D_30S_CLK.CLK.gz.csv
[06:04:12] [DEBUG] Cleaned up individual file: step_2_0_pairs_igs_combined_IGS0OPSFIN_20250540000_01D_30S_CLK.CLK.gz.csv
[06:04:12] [INFO] Merging individual file: step_2_0_pairs_igs_combined_IGS0OPSFIN_20243160000_01D_30S_CLK.CLK.gz.csv
[06:04:12] [DEBUG] Cleaned up individual file: step_2_0_pairs_igs_combined_IGS0OPSFIN_20243160000_01D_30S_CLK.CLK.gz.csv
[06:04:12] [INFO] Merging individual file: step_2_0_pairs_igs_combined_IGS0OPSFIN_20241390000_01D_30S_CLK.CLK.gz.csv
[06:04:12] [DEBUG] Cleaned up individual file: step_2_0_pairs_igs_combined_IGS0OPSFIN_20241390000_01D_30S_CLK.CLK.gz.csv
[06:04:12] [INFO] Merging individual file: step_2_0_pairs_igs_combined_IGS0OPSFIN_20240650000_01D_30S_CLK.CLK.gz.csv
[06:04:12] [DEBUG] Cleaned up individual file: step_2_0_pairs_igs_combined_IGS0OPSFIN_20240650000_01D_30S_CLK.CLK.gz.csv
[06:04:12] [INFO] Merging individual file: step_2_0_pairs_igs_combined_IGS0OPSFIN_20240430000_01D_30S_CLK.CLK.gz.csv
[06:04:12] [DEBUG] Cleaned up individual file: step_2_0_pairs_igs_combined_IGS0OPSFIN_20240430000_01D_30S_CLK.CLK.gz.csv
[06:04:12] [INFO] Merging individual file: step_2_0_pairs_igs_combined_IGS0OPSFIN_20233060000_01D_30S_CLK.CLK.gz.csv
[06:04:12] [DEBUG] Cleaned up individual file: step_2_0_pairs_igs_combined_IGS0OPSFIN_20233060000_01D_30S_CLK.CLK.gz.csv
[06:04:12] [INFO] Merging individual file: step_2_0_pairs_igs_combined_IGS0OPSFIN_20250490000_01D_30S_CLK.CLK.gz.csv
[06:04:13] [DEBUG] Cleaned up individual file: step_2_0_pairs_igs_combined_IGS0OPSFIN_20250490000_01D_30S_CLK.CLK.gz.csv
[06:04:13] [INFO] Merging individual file: step_2_0_pairs_igs_combined_IGS0OPSFIN_20230200000_01D_30S_CLK.CLK.gz.csv
[06:04:13] [DEBUG] Cleaned up individual file: step_2_0_pairs_igs_combined_IGS0OPSFIN_20230200000_01D_30S_CLK.CLK.gz.csv
[06:04:13] [INFO] Merging individual file: step_2_0_pairs_igs_combined_IGS0OPSFIN_20243290000_01D_30S_CLK.CLK.gz.csv
[06:04:13] [DEBUG] Cleaned up individual file: step_2_0_pairs_igs_combined_IGS0OPSFIN_20243290000_01D_30S_CLK.CLK.gz.csv
[06:04:13] [INFO] Merging individual file: step_2_0_pairs_igs_combined_IGS0OPSFIN_20230980000_01D_30S_CLK.CLK.gz.csv
[06:04:13] [DEBUG] Cleaned up individual file: step_2_0_pairs_igs_combined_IGS0OPSFIN_20230980000_01D_30S_CLK.CLK.gz.csv
[06:04:13] [INFO] Merging individual file: step_2_0_pairs_igs_combined_IGS0OPSFIN_20233240000_01D_30S_CLK.CLK.gz.csv
[06:04:13] [DEBUG] Cleaned up individual file: step_2_0_pairs_igs_combined_IGS0OPSFIN_20233240000_01D_30S_CLK.CLK.gz.csv
[06:04:13] [INFO] Merging individual file: step_2_0_pairs_igs_combined_IGS0OPSFIN_20232250000_01D_30S_CLK.CLK.gz.csv
[06:04:13] [DEBUG] Cleaned up individual file: step_2_0_pairs_igs_combined_IGS0OPSFIN_20232250000_01D_30S_CLK.CLK.gz.csv
[06:04:13] [INFO] Merging individual file: step_2_0_pairs_igs_combined_IGS0OPSFIN_20241210000_01D_30S_CLK.CLK.gz.csv
[06:04:13] [DEBUG] Cleaned up individual file: step_2_0_pairs_igs_combined_IGS0OPSFIN_20241210000_01D_30S_CLK.CLK.gz.csv
[06:04:13] [INFO] Merging individual file: step_2_0_pairs_igs_combined_IGS0OPSFIN_20233650000_01D_30S_CLK.CLK.gz.csv
[06:04:13] [DEBUG] Cleaned up individual file: step_2_0_pairs_igs_combined_IGS0OPSFIN_20233650000_01D_30S_CLK.CLK.gz.csv
[06:04:13] [INFO] Merging individual file: step_2_0_pairs_igs_combined_IGS0OPSFIN_20251590000_01D_30S_CLK.CLK.gz.csv
[06:04:13] [DEBUG] Cleaned up individual file: step_2_0_pairs_igs_combined_IGS0OPSFIN_20251590000_01D_30S_CLK.CLK.gz.csv
[06:04:13] [INFO] Merging individual file: step_2_0_pairs_igs_combined_IGS0OPSFIN_20231560000_01D_30S_CLK.CLK.gz.csv
[06:04:13] [DEBUG] Cleaned up individual file: step_2_0_pairs_igs_combined_IGS0OPSFIN_20231560000_01D_30S_CLK.CLK.gz.csv
[06:04:13] [INFO] Merging individual file: step_2_0_pairs_igs_combined_IGS0OPSFIN_20241270000_01D_30S_CLK.CLK.gz.csv
[06:04:13] [DEBUG] Cleaned up individual file: step_2_0_pairs_igs_combined_IGS0OPSFIN_20241270000_01D_30S_CLK.CLK.gz.csv
[06:04:13] [INFO] Merging individual file: step_2_0_pairs_igs_combined_IGS0OPSFIN_20240570000_01D_30S_CLK.CLK.gz.csv
[06:04:13] [DEBUG] Cleaned up individual file: step_2_0_pairs_igs_combined_IGS0OPSFIN_20240570000_01D_30S_CLK.CLK.gz.csv
[06:04:13] [INFO] Merging individual file: step_2_0_pairs_igs_combined_IGS0OPSFIN_20241170000_01D_30S_CLK.CLK.gz.csv
[06:04:14] [DEBUG] Cleaned up individual file: step_2_0_pairs_igs_combined_IGS0OPSFIN_20241170000_01D_30S_CLK.CLK.gz.csv
[06:04:14] [INFO] Merging individual file: step_2_0_pairs_igs_combined_IGS0OPSFIN_20232650000_01D_30S_CLK.CLK.gz.csv
[06:04:14] [DEBUG] Cleaned up individual file: step_2_0_pairs_igs_combined_IGS0OPSFIN_20232650000_01D_30S_CLK.CLK.gz.csv
[06:04:14] [INFO] Merging individual file: step_2_0_pairs_igs_combined_IGS0OPSFIN_20243620000_01D_30S_CLK.CLK.gz.csv
[06:04:14] [DEBUG] Cleaned up individual file: step_2_0_pairs_igs_combined_IGS0OPSFIN_20243620000_01D_30S_CLK.CLK.gz.csv
[06:04:14] [INFO] Merging individual file: step_2_0_pairs_igs_combined_IGS0OPSFIN_20241510000_01D_30S_CLK.CLK.gz.csv
[06:04:14] [DEBUG] Cleaned up individual file: step_2_0_pairs_igs_combined_IGS0OPSFIN_20241510000_01D_30S_CLK.CLK.gz.csv
[06:04:14] [INFO] Merging individual file: step_2_0_pairs_igs_combined_IGS0OPSFIN_20240360000_01D_30S_CLK.CLK.gz.csv
[06:04:14] [DEBUG] Cleaned up individual file: step_2_0_pairs_igs_combined_IGS0OPSFIN_20240360000_01D_30S_CLK.CLK.gz.csv
[06:04:14] [INFO] Merging individual file: step_2_0_pairs_igs_combined_IGS0OPSFIN_20232030000_01D_30S_CLK.CLK.gz.csv
[06:04:14] [DEBUG] Cleaned up individual file: step_2_0_pairs_igs_combined_IGS0OPSFIN_20232030000_01D_30S_CLK.CLK.gz.csv
[06:04:14] [INFO] Merging individual file: step_2_0_pairs_igs_combined_IGS0OPSFIN_20243200000_01D_30S_CLK.CLK.gz.csv
[06:04:14] [DEBUG] Cleaned up individual file: step_2_0_pairs_igs_combined_IGS0OPSFIN_20243200000_01D_30S_CLK.CLK.gz.csv
[06:04:14] [INFO] Merging individual file: step_2_0_pairs_igs_combined_IGS0OPSFIN_20241100000_01D_30S_CLK.CLK.gz.csv
[06:04:14] [DEBUG] Cleaned up individual file: step_2_0_pairs_igs_combined_IGS0OPSFIN_20241100000_01D_30S_CLK.CLK.gz.csv
[06:04:14] [INFO] Merging individual file: step_2_0_pairs_igs_combined_IGS0OPSFIN_20250240000_01D_30S_CLK.CLK.gz.csv
[06:04:14] [DEBUG] Cleaned up individual file: step_2_0_pairs_igs_combined_IGS0OPSFIN_20250240000_01D_30S_CLK.CLK.gz.csv
[06:04:14] [INFO] Merging individual file: step_2_0_pairs_igs_combined_IGS0OPSFIN_20230030000_01D_30S_CLK.CLK.gz.csv
[06:04:14] [DEBUG] Cleaned up individual file: step_2_0_pairs_igs_combined_IGS0OPSFIN_20230030000_01D_30S_CLK.CLK.gz.csv
[06:04:14] [INFO] Merging individual file: step_2_0_pairs_igs_combined_IGS0OPSFIN_20240500000_01D_30S_CLK.CLK.gz.csv
[06:04:14] [DEBUG] Cleaned up individual file: step_2_0_pairs_igs_combined_IGS0OPSFIN_20240500000_01D_30S_CLK.CLK.gz.csv
[06:04:14] [INFO] Merging individual file: step_2_0_pairs_igs_combined_IGS0OPSFIN_20232560000_01D_30S_CLK.CLK.gz.csv
[06:04:14] [DEBUG] Cleaned up individual file: step_2_0_pairs_igs_combined_IGS0OPSFIN_20232560000_01D_30S_CLK.CLK.gz.csv
[06:04:14] [INFO] Merging individual file: step_2_0_pairs_igs_combined_IGS0OPSFIN_20231180000_01D_30S_CLK.CLK.gz.csv
[06:04:14] [DEBUG] Cleaned up individual file: step_2_0_pairs_igs_combined_IGS0OPSFIN_20231180000_01D_30S_CLK.CLK.gz.csv
[06:04:14] [INFO] Merging individual file: step_2_0_pairs_igs_combined_IGS0OPSFIN_20240900000_01D_30S_CLK.CLK.gz.csv
[06:04:14] [DEBUG] Cleaned up individual file: step_2_0_pairs_igs_combined_IGS0OPSFIN_20240900000_01D_30S_CLK.CLK.gz.csv
[06:04:14] [INFO] Merging individual file: step_2_0_pairs_igs_combined_IGS0OPSFIN_20233050000_01D_30S_CLK.CLK.gz.csv
[06:04:14] [DEBUG] Cleaned up individual file: step_2_0_pairs_igs_combined_IGS0OPSFIN_20233050000_01D_30S_CLK.CLK.gz.csv
[06:04:14] [INFO] Merging individual file: step_2_0_pairs_igs_combined_IGS0OPSFIN_20250980000_01D_30S_CLK.CLK.gz.csv
[06:04:15] [DEBUG] Cleaned up individual file: step_2_0_pairs_igs_combined_IGS0OPSFIN_20250980000_01D_30S_CLK.CLK.gz.csv
[06:04:15] [INFO] Merging individual file: step_2_0_pairs_igs_combined_IGS0OPSFIN_20232280000_01D_30S_CLK.CLK.gz.csv
[06:04:15] [DEBUG] Cleaned up individual file: step_2_0_pairs_igs_combined_IGS0OPSFIN_20232280000_01D_30S_CLK.CLK.gz.csv
[06:04:15] [INFO] Merging individual file: step_2_0_pairs_igs_combined_IGS0OPSFIN_20242680000_01D_30S_CLK.CLK.gz.csv
[06:04:15] [DEBUG] Cleaned up individual file: step_2_0_pairs_igs_combined_IGS0OPSFIN_20242680000_01D_30S_CLK.CLK.gz.csv
[06:04:15] [INFO] Merging individual file: step_2_0_pairs_igs_combined_IGS0OPSFIN_20231220000_01D_30S_CLK.CLK.gz.csv
[06:04:15] [DEBUG] Cleaned up individual file: step_2_0_pairs_igs_combined_IGS0OPSFIN_20231220000_01D_30S_CLK.CLK.gz.csv
[06:04:15] [INFO] Merging individual file: step_2_0_pairs_igs_combined_IGS0OPSFIN_20232440000_01D_30S_CLK.CLK.gz.csv
[06:04:15] [DEBUG] Cleaned up individual file: step_2_0_pairs_igs_combined_IGS0OPSFIN_20232440000_01D_30S_CLK.CLK.gz.csv
[06:04:15] [INFO] Merging individual file: step_2_0_pairs_igs_combined_IGS0OPSFIN_20240890000_01D_30S_CLK.CLK.gz.csv
[06:04:15] [DEBUG] Cleaned up individual file: step_2_0_pairs_igs_combined_IGS0OPSFIN_20240890000_01D_30S_CLK.CLK.gz.csv
[06:04:15] [INFO] Merging individual file: step_2_0_pairs_igs_combined_IGS0OPSFIN_20243260000_01D_30S_CLK.CLK.gz.csv
[06:04:15] [DEBUG] Cleaned up individual file: step_2_0_pairs_igs_combined_IGS0OPSFIN_20243260000_01D_30S_CLK.CLK.gz.csv
[06:04:15] [INFO] Merging individual file: step_2_0_pairs_igs_combined_IGS0OPSFIN_20231390000_01D_30S_CLK.CLK.gz.csv
[06:04:15] [DEBUG] Cleaned up individual file: step_2_0_pairs_igs_combined_IGS0OPSFIN_20231390000_01D_30S_CLK.CLK.gz.csv
[06:04:15] [INFO] Merging individual file: step_2_0_pairs_igs_combined_IGS0OPSFIN_20241780000_01D_30S_CLK.CLK.gz.csv
[06:04:15] [DEBUG] Cleaned up individual file: step_2_0_pairs_igs_combined_IGS0OPSFIN_20241780000_01D_30S_CLK.CLK.gz.csv
[06:04:15] [INFO] Merging individual file: step_2_0_pairs_igs_combined_IGS0OPSFIN_20233230000_01D_30S_CLK.CLK.gz.csv
[06:04:15] [DEBUG] Cleaned up individual file: step_2_0_pairs_igs_combined_IGS0OPSFIN_20233230000_01D_30S_CLK.CLK.gz.csv
[06:04:15] [INFO] Merging individual file: step_2_0_pairs_igs_combined_IGS0OPSFIN_20250670000_01D_30S_CLK.CLK.gz.csv
[06:04:16] [DEBUG] Cleaned up individual file: step_2_0_pairs_igs_combined_IGS0OPSFIN_20250670000_01D_30S_CLK.CLK.gz.csv
[06:04:16] [INFO] Merging individual file: step_2_0_pairs_igs_combined_IGS0OPSFIN_20231750000_01D_30S_CLK.CLK.gz.csv
[06:04:16] [DEBUG] Cleaned up individual file: step_2_0_pairs_igs_combined_IGS0OPSFIN_20231750000_01D_30S_CLK.CLK.gz.csv
[06:04:16] [INFO] Merging individual file: step_2_0_pairs_igs_combined_IGS0OPSFIN_20232410000_01D_30S_CLK.CLK.gz.csv
[06:04:16] [DEBUG] Cleaned up individual file: step_2_0_pairs_igs_combined_IGS0OPSFIN_20232410000_01D_30S_CLK.CLK.gz.csv
[06:04:16] [INFO] Merging individual file: step_2_0_pairs_igs_combined_IGS0OPSFIN_20251190000_01D_30S_CLK.CLK.gz.csv
[06:04:16] [DEBUG] Cleaned up individual file: step_2_0_pairs_igs_combined_IGS0OPSFIN_20251190000_01D_30S_CLK.CLK.gz.csv
[06:04:16] [INFO] Merging individual file: step_2_0_pairs_igs_combined_IGS0OPSFIN_20231850000_01D_30S_CLK.CLK.gz.csv
[06:04:16] [DEBUG] Cleaned up individual file: step_2_0_pairs_igs_combined_IGS0OPSFIN_20231850000_01D_30S_CLK.CLK.gz.csv
[06:04:16] [INFO] Merging individual file: step_2_0_pairs_igs_combined_IGS0OPSFIN_20230060000_01D_30S_CLK.CLK.gz.csv
[06:04:16] [DEBUG] Cleaned up individual file: step_2_0_pairs_igs_combined_IGS0OPSFIN_20230060000_01D_30S_CLK.CLK.gz.csv
[06:04:16] [INFO] Merging individual file: step_2_0_pairs_igs_combined_IGS0OPSFIN_20251220000_01D_30S_CLK.CLK.gz.csv
[06:04:16] [DEBUG] Cleaned up individual file: step_2_0_pairs_igs_combined_IGS0OPSFIN_20251220000_01D_30S_CLK.CLK.gz.csv
[06:04:16] [INFO] Merging individual file: step_2_0_pairs_igs_combined_IGS0OPSFIN_20241610000_01D_30S_CLK.CLK.gz.csv
[06:04:16] [DEBUG] Cleaned up individual file: step_2_0_pairs_igs_combined_IGS0OPSFIN_20241610000_01D_30S_CLK.CLK.gz.csv
[06:04:16] [INFO] Merging individual file: step_2_0_pairs_igs_combined_IGS0OPSFIN_20240410000_01D_30S_CLK.CLK.gz.csv
[06:04:16] [DEBUG] Cleaned up individual file: step_2_0_pairs_igs_combined_IGS0OPSFIN_20240410000_01D_30S_CLK.CLK.gz.csv
[06:04:16] [INFO] Merging individual file: step_2_0_pairs_igs_combined_IGS0OPSFIN_20242960000_01D_30S_CLK.CLK.gz.csv
[06:04:16] [DEBUG] Cleaned up individual file: step_2_0_pairs_igs_combined_IGS0OPSFIN_20242960000_01D_30S_CLK.CLK.gz.csv
[06:04:16] [INFO] Merging individual file: step_2_0_pairs_igs_combined_IGS0OPSFIN_20240030000_01D_30S_CLK.CLK.gz.csv
[06:04:16] [DEBUG] Cleaned up individual file: step_2_0_pairs_igs_combined_IGS0OPSFIN_20240030000_01D_30S_CLK.CLK.gz.csv
[06:04:16] [INFO] Merging individual file: step_2_0_pairs_igs_combined_IGS0OPSFIN_20231010000_01D_30S_CLK.CLK.gz.csv
[06:04:16] [DEBUG] Cleaned up individual file: step_2_0_pairs_igs_combined_IGS0OPSFIN_20231010000_01D_30S_CLK.CLK.gz.csv
[06:04:16] [INFO] Merging individual file: step_2_0_pairs_igs_combined_IGS0OPSFIN_20242760000_01D_30S_CLK.CLK.gz.csv
[06:04:16] [DEBUG] Cleaned up individual file: step_2_0_pairs_igs_combined_IGS0OPSFIN_20242760000_01D_30S_CLK.CLK.gz.csv
[06:04:16] [INFO] Merging individual file: step_2_0_pairs_igs_combined_IGS0OPSFIN_20231080000_01D_30S_CLK.CLK.gz.csv
[06:04:17] [DEBUG] Cleaned up individual file: step_2_0_pairs_igs_combined_IGS0OPSFIN_20231080000_01D_30S_CLK.CLK.gz.csv
[06:04:17] [INFO] Merging individual file: step_2_0_pairs_igs_combined_IGS0OPSFIN_20243460000_01D_30S_CLK.CLK.gz.csv
[06:04:17] [DEBUG] Cleaned up individual file: step_2_0_pairs_igs_combined_IGS0OPSFIN_20243460000_01D_30S_CLK.CLK.gz.csv
[06:04:17] [INFO] Merging individual file: step_2_0_pairs_igs_combined_IGS0OPSFIN_20251180000_01D_30S_CLK.CLK.gz.csv
[06:04:17] [DEBUG] Cleaned up individual file: step_2_0_pairs_igs_combined_IGS0OPSFIN_20251180000_01D_30S_CLK.CLK.gz.csv
[06:04:17] [INFO] Merging individual file: step_2_0_pairs_igs_combined_IGS0OPSFIN_20251480000_01D_30S_CLK.CLK.gz.csv
[06:04:17] [DEBUG] Cleaned up individual file: step_2_0_pairs_igs_combined_IGS0OPSFIN_20251480000_01D_30S_CLK.CLK.gz.csv
[06:04:17] [INFO] Merging individual file: step_2_0_pairs_igs_combined_IGS0OPSFIN_20240260000_01D_30S_CLK.CLK.gz.csv
[06:04:17] [DEBUG] Cleaned up individual file: step_2_0_pairs_igs_combined_IGS0OPSFIN_20240260000_01D_30S_CLK.CLK.gz.csv
[06:04:17] [INFO] Merging individual file: step_2_0_pairs_igs_combined_IGS0OPSFIN_20232480000_01D_30S_CLK.CLK.gz.csv
[06:04:17] [DEBUG] Cleaned up individual file: step_2_0_pairs_igs_combined_IGS0OPSFIN_20232480000_01D_30S_CLK.CLK.gz.csv
[06:04:17] [INFO] Merging individual file: step_2_0_pairs_igs_combined_IGS0OPSFIN_20240720000_01D_30S_CLK.CLK.gz.csv
[06:04:17] [DEBUG] Cleaned up individual file: step_2_0_pairs_igs_combined_IGS0OPSFIN_20240720000_01D_30S_CLK.CLK.gz.csv
[06:04:17] [INFO] Merging individual file: step_2_0_pairs_igs_combined_IGS0OPSFIN_20231230000_01D_30S_CLK.CLK.gz.csv
[06:04:17] [DEBUG] Cleaned up individual file: step_2_0_pairs_igs_combined_IGS0OPSFIN_20231230000_01D_30S_CLK.CLK.gz.csv
[06:04:17] [INFO] Merging individual file: step_2_0_pairs_igs_combined_IGS0OPSFIN_20243660000_01D_30S_CLK.CLK.gz.csv
[06:04:17] [DEBUG] Cleaned up individual file: step_2_0_pairs_igs_combined_IGS0OPSFIN_20243660000_01D_30S_CLK.CLK.gz.csv
[06:04:17] [INFO] Merging individual file: step_2_0_pairs_igs_combined_IGS0OPSFIN_20232840000_01D_30S_CLK.CLK.gz.csv
[06:04:17] [DEBUG] Cleaned up individual file: step_2_0_pairs_igs_combined_IGS0OPSFIN_20232840000_01D_30S_CLK.CLK.gz.csv
[06:04:17] [INFO] Merging individual file: step_2_0_pairs_igs_combined_IGS0OPSFIN_20232740000_01D_30S_CLK.CLK.gz.csv
[06:04:17] [DEBUG] Cleaned up individual file: step_2_0_pairs_igs_combined_IGS0OPSFIN_20232740000_01D_30S_CLK.CLK.gz.csv
[06:04:17] [INFO] Merging individual file: step_2_0_pairs_igs_combined_IGS0OPSFIN_20230270000_01D_30S_CLK.CLK.gz.csv
[06:04:17] [DEBUG] Cleaned up individual file: step_2_0_pairs_igs_combined_IGS0OPSFIN_20230270000_01D_30S_CLK.CLK.gz.csv
[06:04:17] [INFO] Merging individual file: step_2_0_pairs_igs_combined_IGS0OPSFIN_20232850000_01D_30S_CLK.CLK.gz.csv
[06:04:17] [DEBUG] Cleaned up individual file: step_2_0_pairs_igs_combined_IGS0OPSFIN_20232850000_01D_30S_CLK.CLK.gz.csv
[06:04:17] [INFO] Merging individual file: step_2_0_pairs_igs_combined_IGS0OPSFIN_20230390000_01D_30S_CLK.CLK.gz.csv
[06:04:17] [DEBUG] Cleaned up individual file: step_2_0_pairs_igs_combined_IGS0OPSFIN_20230390000_01D_30S_CLK.CLK.gz.csv
[06:04:17] [INFO] Merging individual file: step_2_0_pairs_igs_combined_IGS0OPSFIN_20230640000_01D_30S_CLK.CLK.gz.csv
[06:04:17] [DEBUG] Cleaned up individual file: step_2_0_pairs_igs_combined_IGS0OPSFIN_20230640000_01D_30S_CLK.CLK.gz.csv
[06:04:17] [INFO] Merging individual file: step_2_0_pairs_igs_combined_IGS0OPSFIN_20243640000_01D_30S_CLK.CLK.gz.csv
[06:04:18] [DEBUG] Cleaned up individual file: step_2_0_pairs_igs_combined_IGS0OPSFIN_20243640000_01D_30S_CLK.CLK.gz.csv
[06:04:18] [INFO] Merging individual file: step_2_0_pairs_igs_combined_IGS0OPSFIN_20242050000_01D_30S_CLK.CLK.gz.csv
[06:04:18] [DEBUG] Cleaned up individual file: step_2_0_pairs_igs_combined_IGS0OPSFIN_20242050000_01D_30S_CLK.CLK.gz.csv
[06:04:18] [INFO] Merging individual file: step_2_0_pairs_igs_combined_IGS0OPSFIN_20250600000_01D_30S_CLK.CLK.gz.csv
[06:04:18] [DEBUG] Cleaned up individual file: step_2_0_pairs_igs_combined_IGS0OPSFIN_20250600000_01D_30S_CLK.CLK.gz.csv
[06:04:18] [INFO] Merging individual file: step_2_0_pairs_igs_combined_IGS0OPSFIN_20250680000_01D_30S_CLK.CLK.gz.csv
[06:04:18] [DEBUG] Cleaned up individual file: step_2_0_pairs_igs_combined_IGS0OPSFIN_20250680000_01D_30S_CLK.CLK.gz.csv
[06:04:18] [INFO] Merging individual file: step_2_0_pairs_igs_combined_IGS0OPSFIN_20242580000_01D_30S_CLK.CLK.gz.csv
[06:04:18] [DEBUG] Cleaned up individual file: step_2_0_pairs_igs_combined_IGS0OPSFIN_20242580000_01D_30S_CLK.CLK.gz.csv
[06:04:18] [INFO] Merging individual file: step_2_0_pairs_igs_combined_IGS0OPSFIN_20242800000_01D_30S_CLK.CLK.gz.csv
[06:04:18] [DEBUG] Cleaned up individual file: step_2_0_pairs_igs_combined_IGS0OPSFIN_20242800000_01D_30S_CLK.CLK.gz.csv
[06:04:18] [INFO] Merging individual file: step_2_0_pairs_igs_combined_IGS0OPSFIN_20233640000_01D_30S_CLK.CLK.gz.csv
[06:04:18] [DEBUG] Cleaned up individual file: step_2_0_pairs_igs_combined_IGS0OPSFIN_20233640000_01D_30S_CLK.CLK.gz.csv
[06:04:18] [INFO] Merging individual file: step_2_0_pairs_igs_combined_IGS0OPSFIN_20250520000_01D_30S_CLK.CLK.gz.csv
[06:04:18] [DEBUG] Cleaned up individual file: step_2_0_pairs_igs_combined_IGS0OPSFIN_20250520000_01D_30S_CLK.CLK.gz.csv
[06:04:18] [INFO] Merging individual file: step_2_0_pairs_igs_combined_IGS0OPSFIN_20250630000_01D_30S_CLK.CLK.gz.csv
[06:04:19] [DEBUG] Cleaned up individual file: step_2_0_pairs_igs_combined_IGS0OPSFIN_20250630000_01D_30S_CLK.CLK.gz.csv
[06:04:19] [INFO] Merging individual file: step_2_0_pairs_igs_combined_IGS0OPSFIN_20243610000_01D_30S_CLK.CLK.gz.csv
[06:04:19] [DEBUG] Cleaned up individual file: step_2_0_pairs_igs_combined_IGS0OPSFIN_20243610000_01D_30S_CLK.CLK.gz.csv
[06:04:19] [INFO] Merging individual file: step_2_0_pairs_igs_combined_IGS0OPSFIN_20251630000_01D_30S_CLK.CLK.gz.csv
[06:04:19] [DEBUG] Cleaned up individual file: step_2_0_pairs_igs_combined_IGS0OPSFIN_20251630000_01D_30S_CLK.CLK.gz.csv
[06:04:19] [INFO] Merging individual file: step_2_0_pairs_igs_combined_IGS0OPSFIN_20233500000_01D_30S_CLK.CLK.gz.csv
[06:04:19] [DEBUG] Cleaned up individual file: step_2_0_pairs_igs_combined_IGS0OPSFIN_20233500000_01D_30S_CLK.CLK.gz.csv
[06:04:19] [INFO] Merging individual file: step_2_0_pairs_igs_combined_IGS0OPSFIN_20242040000_01D_30S_CLK.CLK.gz.csv
[06:04:19] [DEBUG] Cleaned up individual file: step_2_0_pairs_igs_combined_IGS0OPSFIN_20242040000_01D_30S_CLK.CLK.gz.csv
[06:04:19] [INFO] Merging individual file: step_2_0_pairs_igs_combined_IGS0OPSFIN_20240070000_01D_30S_CLK.CLK.gz.csv
[06:04:19] [DEBUG] Cleaned up individual file: step_2_0_pairs_igs_combined_IGS0OPSFIN_20240070000_01D_30S_CLK.CLK.gz.csv
[06:04:19] [INFO] Merging individual file: step_2_0_pairs_igs_combined_IGS0OPSFIN_20232930000_01D_30S_CLK.CLK.gz.csv
[06:04:19] [DEBUG] Cleaned up individual file: step_2_0_pairs_igs_combined_IGS0OPSFIN_20232930000_01D_30S_CLK.CLK.gz.csv
[06:04:19] [INFO] Merging individual file: step_2_0_pairs_igs_combined_IGS0OPSFIN_20240660000_01D_30S_CLK.CLK.gz.csv
[06:04:19] [DEBUG] Cleaned up individual file: step_2_0_pairs_igs_combined_IGS0OPSFIN_20240660000_01D_30S_CLK.CLK.gz.csv
[06:04:19] [INFO] Merging individual file: step_2_0_pairs_igs_combined_IGS0OPSFIN_20231950000_01D_30S_CLK.CLK.gz.csv
[06:04:19] [DEBUG] Cleaned up individual file: step_2_0_pairs_igs_combined_IGS0OPSFIN_20231950000_01D_30S_CLK.CLK.gz.csv
[06:04:19] [INFO] Merging individual file: step_2_0_pairs_igs_combined_IGS0OPSFIN_20233350000_01D_30S_CLK.CLK.gz.csv
[06:04:19] [DEBUG] Cleaned up individual file: step_2_0_pairs_igs_combined_IGS0OPSFIN_20233350000_01D_30S_CLK.CLK.gz.csv
[06:04:19] [INFO] Merging individual file: step_2_0_pairs_igs_combined_IGS0OPSFIN_20233130000_01D_30S_CLK.CLK.gz.csv
[06:04:19] [DEBUG] Cleaned up individual file: step_2_0_pairs_igs_combined_IGS0OPSFIN_20233130000_01D_30S_CLK.CLK.gz.csv
[06:04:19] [INFO] Merging individual file: step_2_0_pairs_igs_combined_IGS0OPSFIN_20240520000_01D_30S_CLK.CLK.gz.csv
[06:04:19] [DEBUG] Cleaned up individual file: step_2_0_pairs_igs_combined_IGS0OPSFIN_20240520000_01D_30S_CLK.CLK.gz.csv
[06:04:19] [INFO] Merging individual file: step_2_0_pairs_igs_combined_IGS0OPSFIN_20241350000_01D_30S_CLK.CLK.gz.csv
[06:04:19] [DEBUG] Cleaned up individual file: step_2_0_pairs_igs_combined_IGS0OPSFIN_20241350000_01D_30S_CLK.CLK.gz.csv
[06:04:19] [INFO] Merging individual file: step_2_0_pairs_igs_combined_IGS0OPSFIN_20232110000_01D_30S_CLK.CLK.gz.csv
[06:04:20] [DEBUG] Cleaned up individual file: step_2_0_pairs_igs_combined_IGS0OPSFIN_20232110000_01D_30S_CLK.CLK.gz.csv
[06:04:20] [INFO] Merging individual file: step_2_0_pairs_igs_combined_IGS0OPSFIN_20231050000_01D_30S_CLK.CLK.gz.csv
[06:04:20] [DEBUG] Cleaned up individual file: step_2_0_pairs_igs_combined_IGS0OPSFIN_20231050000_01D_30S_CLK.CLK.gz.csv
[06:04:20] [INFO] Merging individual file: step_2_0_pairs_igs_combined_IGS0OPSFIN_20251240000_01D_30S_CLK.CLK.gz.csv
[06:04:20] [DEBUG] Cleaned up individual file: step_2_0_pairs_igs_combined_IGS0OPSFIN_20251240000_01D_30S_CLK.CLK.gz.csv
[06:04:20] [INFO] Merging individual file: step_2_0_pairs_igs_combined_IGS0OPSFIN_20233510000_01D_30S_CLK.CLK.gz.csv
[06:04:20] [DEBUG] Cleaned up individual file: step_2_0_pairs_igs_combined_IGS0OPSFIN_20233510000_01D_30S_CLK.CLK.gz.csv
[06:04:20] [INFO] Merging individual file: step_2_0_pairs_igs_combined_IGS0OPSFIN_20241690000_01D_30S_CLK.CLK.gz.csv
[06:04:20] [DEBUG] Cleaned up individual file: step_2_0_pairs_igs_combined_IGS0OPSFIN_20241690000_01D_30S_CLK.CLK.gz.csv
[06:04:20] [INFO] Merging individual file: step_2_0_pairs_igs_combined_IGS0OPSFIN_20250620000_01D_30S_CLK.CLK.gz.csv
[06:04:20] [DEBUG] Cleaned up individual file: step_2_0_pairs_igs_combined_IGS0OPSFIN_20250620000_01D_30S_CLK.CLK.gz.csv
[06:04:20] [INFO] Merging individual file: step_2_0_pairs_igs_combined_IGS0OPSFIN_20232570000_01D_30S_CLK.CLK.gz.csv
[06:04:20] [DEBUG] Cleaned up individual file: step_2_0_pairs_igs_combined_IGS0OPSFIN_20232570000_01D_30S_CLK.CLK.gz.csv
[06:04:20] [INFO] Merging individual file: step_2_0_pairs_igs_combined_IGS0OPSFIN_20241710000_01D_30S_CLK.CLK.gz.csv
[06:04:20] [DEBUG] Cleaned up individual file: step_2_0_pairs_igs_combined_IGS0OPSFIN_20241710000_01D_30S_CLK.CLK.gz.csv
[06:04:20] [INFO] Merging individual file: step_2_0_pairs_igs_combined_IGS0OPSFIN_20250990000_01D_30S_CLK.CLK.gz.csv
[06:04:20] [DEBUG] Cleaned up individual file: step_2_0_pairs_igs_combined_IGS0OPSFIN_20250990000_01D_30S_CLK.CLK.gz.csv
[06:04:20] [INFO] Merging individual file: step_2_0_pairs_igs_combined_IGS0OPSFIN_20241160000_01D_30S_CLK.CLK.gz.csv
[06:04:20] [DEBUG] Cleaned up individual file: step_2_0_pairs_igs_combined_IGS0OPSFIN_20241160000_01D_30S_CLK.CLK.gz.csv
[06:04:20] [INFO] Merging individual file: step_2_0_pairs_igs_combined_IGS0OPSFIN_20250360000_01D_30S_CLK.CLK.gz.csv
[06:04:21] [DEBUG] Cleaned up individual file: step_2_0_pairs_igs_combined_IGS0OPSFIN_20250360000_01D_30S_CLK.CLK.gz.csv
[06:04:21] [INFO] Merging individual file: step_2_0_pairs_igs_combined_IGS0OPSFIN_20241640000_01D_30S_CLK.CLK.gz.csv
[06:04:21] [DEBUG] Cleaned up individual file: step_2_0_pairs_igs_combined_IGS0OPSFIN_20241640000_01D_30S_CLK.CLK.gz.csv
[06:04:21] [INFO] Merging individual file: step_2_0_pairs_igs_combined_IGS0OPSFIN_20242920000_01D_30S_CLK.CLK.gz.csv
[06:04:21] [DEBUG] Cleaned up individual file: step_2_0_pairs_igs_combined_IGS0OPSFIN_20242920000_01D_30S_CLK.CLK.gz.csv
[06:04:21] [INFO] Merging individual file: step_2_0_pairs_igs_combined_IGS0OPSFIN_20240540000_01D_30S_CLK.CLK.gz.csv
[06:04:21] [DEBUG] Cleaned up individual file: step_2_0_pairs_igs_combined_IGS0OPSFIN_20240540000_01D_30S_CLK.CLK.gz.csv
[06:04:21] [INFO] Merging individual file: step_2_0_pairs_igs_combined_IGS0OPSFIN_20233090000_01D_30S_CLK.CLK.gz.csv
[06:04:21] [DEBUG] Cleaned up individual file: step_2_0_pairs_igs_combined_IGS0OPSFIN_20233090000_01D_30S_CLK.CLK.gz.csv
[06:04:21] [INFO] Merging individual file: step_2_0_pairs_igs_combined_IGS0OPSFIN_20242670000_01D_30S_CLK.CLK.gz.csv
[06:04:21] [DEBUG] Cleaned up individual file: step_2_0_pairs_igs_combined_IGS0OPSFIN_20242670000_01D_30S_CLK.CLK.gz.csv
[06:04:21] [INFO] Merging individual file: step_2_0_pairs_igs_combined_IGS0OPSFIN_20242810000_01D_30S_CLK.CLK.gz.csv
[06:04:21] [DEBUG] Cleaned up individual file: step_2_0_pairs_igs_combined_IGS0OPSFIN_20242810000_01D_30S_CLK.CLK.gz.csv
[06:04:21] [INFO] Merging individual file: step_2_0_pairs_igs_combined_IGS0OPSFIN_20232360000_01D_30S_CLK.CLK.gz.csv
[06:04:21] [DEBUG] Cleaned up individual file: step_2_0_pairs_igs_combined_IGS0OPSFIN_20232360000_01D_30S_CLK.CLK.gz.csv
[06:04:21] [INFO] Merging individual file: step_2_0_pairs_igs_combined_IGS0OPSFIN_20233440000_01D_30S_CLK.CLK.gz.csv
[06:04:21] [DEBUG] Cleaned up individual file: step_2_0_pairs_igs_combined_IGS0OPSFIN_20233440000_01D_30S_CLK.CLK.gz.csv
[06:04:21] [INFO] Merging individual file: step_2_0_pairs_igs_combined_IGS0OPSFIN_20251370000_01D_30S_CLK.CLK.gz.csv
[06:04:21] [DEBUG] Cleaned up individual file: step_2_0_pairs_igs_combined_IGS0OPSFIN_20251370000_01D_30S_CLK.CLK.gz.csv
[06:04:21] [INFO] Merging individual file: step_2_0_pairs_igs_combined_IGS0OPSFIN_20242640000_01D_30S_CLK.CLK.gz.csv
[06:04:22] [DEBUG] Cleaned up individual file: step_2_0_pairs_igs_combined_IGS0OPSFIN_20242640000_01D_30S_CLK.CLK.gz.csv
[06:04:22] [INFO] Merging individual file: step_2_0_pairs_igs_combined_IGS0OPSFIN_20242250000_01D_30S_CLK.CLK.gz.csv
[06:04:22] [DEBUG] Cleaned up individual file: step_2_0_pairs_igs_combined_IGS0OPSFIN_20242250000_01D_30S_CLK.CLK.gz.csv
[06:04:22] [INFO] Merging individual file: step_2_0_pairs_igs_combined_IGS0OPSFIN_20232680000_01D_30S_CLK.CLK.gz.csv
[06:04:22] [DEBUG] Cleaned up individual file: step_2_0_pairs_igs_combined_IGS0OPSFIN_20232680000_01D_30S_CLK.CLK.gz.csv
[06:04:22] [INFO] Merging individual file: step_2_0_pairs_igs_combined_IGS0OPSFIN_20240600000_01D_30S_CLK.CLK.gz.csv
[06:04:22] [DEBUG] Cleaned up individual file: step_2_0_pairs_igs_combined_IGS0OPSFIN_20240600000_01D_30S_CLK.CLK.gz.csv
[06:04:22] [INFO] Merging individual file: step_2_0_pairs_igs_combined_IGS0OPSFIN_20230550000_01D_30S_CLK.CLK.gz.csv
[06:04:22] [DEBUG] Cleaned up individual file: step_2_0_pairs_igs_combined_IGS0OPSFIN_20230550000_01D_30S_CLK.CLK.gz.csv
[06:04:22] [INFO] Merging individual file: step_2_0_pairs_igs_combined_IGS0OPSFIN_20241620000_01D_30S_CLK.CLK.gz.csv
[06:04:22] [DEBUG] Cleaned up individual file: step_2_0_pairs_igs_combined_IGS0OPSFIN_20241620000_01D_30S_CLK.CLK.gz.csv
[06:04:22] [INFO] Merging individual file: step_2_0_pairs_igs_combined_IGS0OPSFIN_20230130000_01D_30S_CLK.CLK.gz.csv
[06:04:22] [DEBUG] Cleaned up individual file: step_2_0_pairs_igs_combined_IGS0OPSFIN_20230130000_01D_30S_CLK.CLK.gz.csv
[06:04:22] [INFO] Merging individual file: step_2_0_pairs_igs_combined_IGS0OPSFIN_20243340000_01D_30S_CLK.CLK.gz.csv
[06:04:22] [DEBUG] Cleaned up individual file: step_2_0_pairs_igs_combined_IGS0OPSFIN_20243340000_01D_30S_CLK.CLK.gz.csv
[06:04:22] [INFO] Merging individual file: step_2_0_pairs_igs_combined_IGS0OPSFIN_20250550000_01D_30S_CLK.CLK.gz.csv
[06:04:22] [DEBUG] Cleaned up individual file: step_2_0_pairs_igs_combined_IGS0OPSFIN_20250550000_01D_30S_CLK.CLK.gz.csv
[06:04:22] [INFO] Merging individual file: step_2_0_pairs_igs_combined_IGS0OPSFIN_20242400000_01D_30S_CLK.CLK.gz.csv
[06:04:22] [DEBUG] Cleaned up individual file: step_2_0_pairs_igs_combined_IGS0OPSFIN_20242400000_01D_30S_CLK.CLK.gz.csv
[06:04:22] [INFO] Merging individual file: step_2_0_pairs_igs_combined_IGS0OPSFIN_20251640000_01D_30S_CLK.CLK.gz.csv
[06:04:23] [DEBUG] Cleaned up individual file: step_2_0_pairs_igs_combined_IGS0OPSFIN_20251640000_01D_30S_CLK.CLK.gz.csv
[06:04:23] [INFO] Merging individual file: step_2_0_pairs_igs_combined_IGS0OPSFIN_20251810000_01D_30S_CLK.CLK.gz.csv
[06:04:23] [DEBUG] Cleaned up individual file: step_2_0_pairs_igs_combined_IGS0OPSFIN_20251810000_01D_30S_CLK.CLK.gz.csv
[06:04:23] [INFO] Merging individual file: step_2_0_pairs_igs_combined_IGS0OPSFIN_20231840000_01D_30S_CLK.CLK.gz.csv
[06:04:23] [DEBUG] Cleaned up individual file: step_2_0_pairs_igs_combined_IGS0OPSFIN_20231840000_01D_30S_CLK.CLK.gz.csv
[06:04:23] [INFO] Merging individual file: step_2_0_pairs_igs_combined_IGS0OPSFIN_20240940000_01D_30S_CLK.CLK.gz.csv
[06:04:23] [DEBUG] Cleaned up individual file: step_2_0_pairs_igs_combined_IGS0OPSFIN_20240940000_01D_30S_CLK.CLK.gz.csv
[06:04:23] [INFO] Merging individual file: step_2_0_pairs_igs_combined_IGS0OPSFIN_20241480000_01D_30S_CLK.CLK.gz.csv
[06:04:23] [DEBUG] Cleaned up individual file: step_2_0_pairs_igs_combined_IGS0OPSFIN_20241480000_01D_30S_CLK.CLK.gz.csv
[06:04:23] [INFO] Merging individual file: step_2_0_pairs_igs_combined_IGS0OPSFIN_20242600000_01D_30S_CLK.CLK.gz.csv
[06:04:23] [DEBUG] Cleaned up individual file: step_2_0_pairs_igs_combined_IGS0OPSFIN_20242600000_01D_30S_CLK.CLK.gz.csv
[06:04:23] [INFO] Merging individual file: step_2_0_pairs_igs_combined_IGS0OPSFIN_20240320000_01D_30S_CLK.CLK.gz.csv
[06:04:23] [DEBUG] Cleaned up individual file: step_2_0_pairs_igs_combined_IGS0OPSFIN_20240320000_01D_30S_CLK.CLK.gz.csv
[06:04:23] [INFO] Merging individual file: step_2_0_pairs_igs_combined_IGS0OPSFIN_20233340000_01D_30S_CLK.CLK.gz.csv
[06:04:23] [DEBUG] Cleaned up individual file: step_2_0_pairs_igs_combined_IGS0OPSFIN_20233340000_01D_30S_CLK.CLK.gz.csv
[06:04:23] [INFO] Merging individual file: step_2_0_pairs_igs_combined_IGS0OPSFIN_20241910000_01D_30S_CLK.CLK.gz.csv
[06:04:23] [DEBUG] Cleaned up individual file: step_2_0_pairs_igs_combined_IGS0OPSFIN_20241910000_01D_30S_CLK.CLK.gz.csv
[06:04:23] [INFO] Merging individual file: step_2_0_pairs_igs_combined_IGS0OPSFIN_20250470000_01D_30S_CLK.CLK.gz.csv
[06:04:23] [DEBUG] Cleaned up individual file: step_2_0_pairs_igs_combined_IGS0OPSFIN_20250470000_01D_30S_CLK.CLK.gz.csv
[06:04:23] [INFO] Merging individual file: step_2_0_pairs_igs_combined_IGS0OPSFIN_20230480000_01D_30S_CLK.CLK.gz.csv
[06:04:24] [DEBUG] Cleaned up individual file: step_2_0_pairs_igs_combined_IGS0OPSFIN_20230480000_01D_30S_CLK.CLK.gz.csv
[06:04:24] [INFO] Merging individual file: step_2_0_pairs_igs_combined_IGS0OPSFIN_20240950000_01D_30S_CLK.CLK.gz.csv
[06:04:24] [DEBUG] Cleaned up individual file: step_2_0_pairs_igs_combined_IGS0OPSFIN_20240950000_01D_30S_CLK.CLK.gz.csv
[06:04:24] [INFO] Merging individual file: step_2_0_pairs_igs_combined_IGS0OPSFIN_20250900000_01D_30S_CLK.CLK.gz.csv
[06:04:24] [DEBUG] Cleaned up individual file: step_2_0_pairs_igs_combined_IGS0OPSFIN_20250900000_01D_30S_CLK.CLK.gz.csv
[06:04:24] [INFO] Merging individual file: step_2_0_pairs_igs_combined_IGS0OPSFIN_20232460000_01D_30S_CLK.CLK.gz.csv
[06:04:24] [DEBUG] Cleaned up individual file: step_2_0_pairs_igs_combined_IGS0OPSFIN_20232460000_01D_30S_CLK.CLK.gz.csv
[06:04:24] [INFO] Merging individual file: step_2_0_pairs_igs_combined_IGS0OPSFIN_20233480000_01D_30S_CLK.CLK.gz.csv
[06:04:24] [DEBUG] Cleaned up individual file: step_2_0_pairs_igs_combined_IGS0OPSFIN_20233480000_01D_30S_CLK.CLK.gz.csv
[06:04:24] [INFO] Merging individual file: step_2_0_pairs_igs_combined_IGS0OPSFIN_20241820000_01D_30S_CLK.CLK.gz.csv
[06:04:24] [DEBUG] Cleaned up individual file: step_2_0_pairs_igs_combined_IGS0OPSFIN_20241820000_01D_30S_CLK.CLK.gz.csv
[06:04:24] [INFO] Merging individual file: step_2_0_pairs_igs_combined_IGS0OPSFIN_20240800000_01D_30S_CLK.CLK.gz.csv
[06:04:24] [DEBUG] Cleaned up individual file: step_2_0_pairs_igs_combined_IGS0OPSFIN_20240800000_01D_30S_CLK.CLK.gz.csv
[06:04:24] [INFO] Merging individual file: step_2_0_pairs_igs_combined_IGS0OPSFIN_20230780000_01D_30S_CLK.CLK.gz.csv
[06:04:24] [DEBUG] Cleaned up individual file: step_2_0_pairs_igs_combined_IGS0OPSFIN_20230780000_01D_30S_CLK.CLK.gz.csv
[06:04:24] [INFO] Merging individual file: step_2_0_pairs_igs_combined_IGS0OPSFIN_20230880000_01D_30S_CLK.CLK.gz.csv
[06:04:24] [DEBUG] Cleaned up individual file: step_2_0_pairs_igs_combined_IGS0OPSFIN_20230880000_01D_30S_CLK.CLK.gz.csv
[06:04:24] [INFO] Merging individual file: step_2_0_pairs_igs_combined_IGS0OPSFIN_20243490000_01D_30S_CLK.CLK.gz.csv
[06:04:24] [DEBUG] Cleaned up individual file: step_2_0_pairs_igs_combined_IGS0OPSFIN_20243490000_01D_30S_CLK.CLK.gz.csv
[06:04:24] [INFO] Merging individual file: step_2_0_pairs_igs_combined_IGS0OPSFIN_20242490000_01D_30S_CLK.CLK.gz.csv
[06:04:24] [DEBUG] Cleaned up individual file: step_2_0_pairs_igs_combined_IGS0OPSFIN_20242490000_01D_30S_CLK.CLK.gz.csv
[06:04:24] [INFO] Merging individual file: step_2_0_pairs_igs_combined_IGS0OPSFIN_20231700000_01D_30S_CLK.CLK.gz.csv
[06:04:24] [DEBUG] Cleaned up individual file: step_2_0_pairs_igs_combined_IGS0OPSFIN_20231700000_01D_30S_CLK.CLK.gz.csv
[06:04:24] [INFO] Merging individual file: step_2_0_pairs_igs_combined_IGS0OPSFIN_20232450000_01D_30S_CLK.CLK.gz.csv
[06:04:24] [DEBUG] Cleaned up individual file: step_2_0_pairs_igs_combined_IGS0OPSFIN_20232450000_01D_30S_CLK.CLK.gz.csv
[06:04:24] [INFO] Merging individual file: step_2_0_pairs_igs_combined_IGS0OPSFIN_20243170000_01D_30S_CLK.CLK.gz.csv
[06:04:25] [DEBUG] Cleaned up individual file: step_2_0_pairs_igs_combined_IGS0OPSFIN_20243170000_01D_30S_CLK.CLK.gz.csv
[06:04:25] [INFO] Merging individual file: step_2_0_pairs_igs_combined_IGS0OPSFIN_20250820000_01D_30S_CLK.CLK.gz.csv
[06:04:25] [DEBUG] Cleaned up individual file: step_2_0_pairs_igs_combined_IGS0OPSFIN_20250820000_01D_30S_CLK.CLK.gz.csv
[06:04:25] [INFO] Merging individual file: step_2_0_pairs_igs_combined_IGS0OPSFIN_20241590000_01D_30S_CLK.CLK.gz.csv
[06:04:25] [DEBUG] Cleaned up individual file: step_2_0_pairs_igs_combined_IGS0OPSFIN_20241590000_01D_30S_CLK.CLK.gz.csv
[06:04:25] [INFO] Merging individual file: step_2_0_pairs_igs_combined_IGS0OPSFIN_20250710000_01D_30S_CLK.CLK.gz.csv
[06:04:25] [DEBUG] Cleaned up individual file: step_2_0_pairs_igs_combined_IGS0OPSFIN_20250710000_01D_30S_CLK.CLK.gz.csv
[06:04:25] [INFO] Merging individual file: step_2_0_pairs_igs_combined_IGS0OPSFIN_20230560000_01D_30S_CLK.CLK.gz.csv
[06:04:25] [DEBUG] Cleaned up individual file: step_2_0_pairs_igs_combined_IGS0OPSFIN_20230560000_01D_30S_CLK.CLK.gz.csv
[06:04:25] [INFO] Merging individual file: step_2_0_pairs_igs_combined_IGS0OPSFIN_20242980000_01D_30S_CLK.CLK.gz.csv
[06:04:25] [DEBUG] Cleaned up individual file: step_2_0_pairs_igs_combined_IGS0OPSFIN_20242980000_01D_30S_CLK.CLK.gz.csv
[06:04:25] [INFO] Merging individual file: step_2_0_pairs_igs_combined_IGS0OPSFIN_20241550000_01D_30S_CLK.CLK.gz.csv
[06:04:25] [DEBUG] Cleaned up individual file: step_2_0_pairs_igs_combined_IGS0OPSFIN_20241550000_01D_30S_CLK.CLK.gz.csv
[06:04:25] [INFO] Merging individual file: step_2_0_pairs_igs_combined_IGS0OPSFIN_20233600000_01D_30S_CLK.CLK.gz.csv
[06:04:25] [DEBUG] Cleaned up individual file: step_2_0_pairs_igs_combined_IGS0OPSFIN_20233600000_01D_30S_CLK.CLK.gz.csv
[06:04:25] [INFO] Merging individual file: step_2_0_pairs_igs_combined_IGS0OPSFIN_20240200000_01D_30S_CLK.CLK.gz.csv
[06:04:25] [DEBUG] Cleaned up individual file: step_2_0_pairs_igs_combined_IGS0OPSFIN_20240200000_01D_30S_CLK.CLK.gz.csv
[06:04:25] [INFO] Merging individual file: step_2_0_pairs_igs_combined_IGS0OPSFIN_20242870000_01D_30S_CLK.CLK.gz.csv
[06:04:26] [DEBUG] Cleaned up individual file: step_2_0_pairs_igs_combined_IGS0OPSFIN_20242870000_01D_30S_CLK.CLK.gz.csv
[06:04:26] [INFO] Merging individual file: step_2_0_pairs_igs_combined_IGS0OPSFIN_20231980000_01D_30S_CLK.CLK.gz.csv
[06:04:26] [DEBUG] Cleaned up individual file: step_2_0_pairs_igs_combined_IGS0OPSFIN_20231980000_01D_30S_CLK.CLK.gz.csv
[06:04:26] [INFO] Merging individual file: step_2_0_pairs_igs_combined_IGS0OPSFIN_20230540000_01D_30S_CLK.CLK.gz.csv
[06:04:26] [DEBUG] Cleaned up individual file: step_2_0_pairs_igs_combined_IGS0OPSFIN_20230540000_01D_30S_CLK.CLK.gz.csv
[06:04:26] [INFO] Merging individual file: step_2_0_pairs_igs_combined_IGS0OPSFIN_20241090000_01D_30S_CLK.CLK.gz.csv
[06:04:26] [DEBUG] Cleaned up individual file: step_2_0_pairs_igs_combined_IGS0OPSFIN_20241090000_01D_30S_CLK.CLK.gz.csv
[06:04:26] [INFO] Merging individual file: step_2_0_pairs_igs_combined_IGS0OPSFIN_20233220000_01D_30S_CLK.CLK.gz.csv
[06:04:26] [DEBUG] Cleaned up individual file: step_2_0_pairs_igs_combined_IGS0OPSFIN_20233220000_01D_30S_CLK.CLK.gz.csv
[06:04:26] [INFO] Merging individual file: step_2_0_pairs_igs_combined_IGS0OPSFIN_20241660000_01D_30S_CLK.CLK.gz.csv
[06:04:26] [DEBUG] Cleaned up individual file: step_2_0_pairs_igs_combined_IGS0OPSFIN_20241660000_01D_30S_CLK.CLK.gz.csv
[06:04:26] [INFO] Merging individual file: step_2_0_pairs_igs_combined_IGS0OPSFIN_20251390000_01D_30S_CLK.CLK.gz.csv
[06:04:26] [DEBUG] Cleaned up individual file: step_2_0_pairs_igs_combined_IGS0OPSFIN_20251390000_01D_30S_CLK.CLK.gz.csv
[06:04:26] [INFO] Merging individual file: step_2_0_pairs_igs_combined_IGS0OPSFIN_20240470000_01D_30S_CLK.CLK.gz.csv
[06:04:26] [DEBUG] Cleaned up individual file: step_2_0_pairs_igs_combined_IGS0OPSFIN_20240470000_01D_30S_CLK.CLK.gz.csv
[06:04:26] [INFO] Merging individual file: step_2_0_pairs_igs_combined_IGS0OPSFIN_20232220000_01D_30S_CLK.CLK.gz.csv
[06:04:26] [DEBUG] Cleaned up individual file: step_2_0_pairs_igs_combined_IGS0OPSFIN_20232220000_01D_30S_CLK.CLK.gz.csv
[06:04:26] [INFO] Merging individual file: step_2_0_pairs_igs_combined_IGS0OPSFIN_20242380000_01D_30S_CLK.CLK.gz.csv
[06:04:26] [DEBUG] Cleaned up individual file: step_2_0_pairs_igs_combined_IGS0OPSFIN_20242380000_01D_30S_CLK.CLK.gz.csv
[06:04:26] [INFO] Merging individual file: step_2_0_pairs_igs_combined_IGS0OPSFIN_20251780000_01D_30S_CLK.CLK.gz.csv
[06:04:26] [DEBUG] Cleaned up individual file: step_2_0_pairs_igs_combined_IGS0OPSFIN_20251780000_01D_30S_CLK.CLK.gz.csv
[06:04:26] [INFO] Merging individual file: step_2_0_pairs_igs_combined_IGS0OPSFIN_20230600000_01D_30S_CLK.CLK.gz.csv
[06:04:26] [DEBUG] Cleaned up individual file: step_2_0_pairs_igs_combined_IGS0OPSFIN_20230600000_01D_30S_CLK.CLK.gz.csv
[06:04:26] [INFO] Merging individual file: step_2_0_pairs_igs_combined_IGS0OPSFIN_20232210000_01D_30S_CLK.CLK.gz.csv
[06:04:26] [DEBUG] Cleaned up individual file: step_2_0_pairs_igs_combined_IGS0OPSFIN_20232210000_01D_30S_CLK.CLK.gz.csv
[06:04:26] [INFO] Merging individual file: step_2_0_pairs_igs_combined_IGS0OPSFIN_20251510000_01D_30S_CLK.CLK.gz.csv
[06:04:27] [DEBUG] Cleaned up individual file: step_2_0_pairs_igs_combined_IGS0OPSFIN_20251510000_01D_30S_CLK.CLK.gz.csv
[06:04:27] [INFO] Merging individual file: step_2_0_pairs_igs_combined_IGS0OPSFIN_20250080000_01D_30S_CLK.CLK.gz.csv
[06:04:27] [DEBUG] Cleaned up individual file: step_2_0_pairs_igs_combined_IGS0OPSFIN_20250080000_01D_30S_CLK.CLK.gz.csv
[06:04:27] [INFO] Merging individual file: step_2_0_pairs_igs_combined_IGS0OPSFIN_20240180000_01D_30S_CLK.CLK.gz.csv
[06:04:27] [DEBUG] Cleaned up individual file: step_2_0_pairs_igs_combined_IGS0OPSFIN_20240180000_01D_30S_CLK.CLK.gz.csv
[06:04:27] [INFO] Merging individual file: step_2_0_pairs_igs_combined_IGS0OPSFIN_20231720000_01D_30S_CLK.CLK.gz.csv
[06:04:27] [DEBUG] Cleaned up individual file: step_2_0_pairs_igs_combined_IGS0OPSFIN_20231720000_01D_30S_CLK.CLK.gz.csv
[06:04:27] [INFO] Merging individual file: step_2_0_pairs_igs_combined_IGS0OPSFIN_20241060000_01D_30S_CLK.CLK.gz.csv
[06:04:27] [DEBUG] Cleaned up individual file: step_2_0_pairs_igs_combined_IGS0OPSFIN_20241060000_01D_30S_CLK.CLK.gz.csv
[06:04:27] [INFO] Merging individual file: step_2_0_pairs_igs_combined_IGS0OPSFIN_20233170000_01D_30S_CLK.CLK.gz.csv
[06:04:27] [DEBUG] Cleaned up individual file: step_2_0_pairs_igs_combined_IGS0OPSFIN_20233170000_01D_30S_CLK.CLK.gz.csv
[06:04:27] [INFO] Merging individual file: step_2_0_pairs_igs_combined_IGS0OPSFIN_20242970000_01D_30S_CLK.CLK.gz.csv
[06:04:27] [DEBUG] Cleaned up individual file: step_2_0_pairs_igs_combined_IGS0OPSFIN_20242970000_01D_30S_CLK.CLK.gz.csv
[06:04:27] [INFO] Merging individual file: step_2_0_pairs_igs_combined_IGS0OPSFIN_20240730000_01D_30S_CLK.CLK.gz.csv
[06:04:27] [DEBUG] Cleaned up individual file: step_2_0_pairs_igs_combined_IGS0OPSFIN_20240730000_01D_30S_CLK.CLK.gz.csv
[06:04:27] [INFO] Merging individual file: step_2_0_pairs_igs_combined_IGS0OPSFIN_20230850000_01D_30S_CLK.CLK.gz.csv
[06:04:27] [DEBUG] Cleaned up individual file: step_2_0_pairs_igs_combined_IGS0OPSFIN_20230850000_01D_30S_CLK.CLK.gz.csv
[06:04:27] [INFO] Merging individual file: step_2_0_pairs_igs_combined_IGS0OPSFIN_20241180000_01D_30S_CLK.CLK.gz.csv
[06:04:27] [DEBUG] Cleaned up individual file: step_2_0_pairs_igs_combined_IGS0OPSFIN_20241180000_01D_30S_CLK.CLK.gz.csv
[06:04:27] [INFO] Merging individual file: step_2_0_pairs_igs_combined_IGS0OPSFIN_20231430000_01D_30S_CLK.CLK.gz.csv
[06:04:27] [DEBUG] Cleaned up individual file: step_2_0_pairs_igs_combined_IGS0OPSFIN_20231430000_01D_30S_CLK.CLK.gz.csv
[06:04:27] [INFO] Merging individual file: step_2_0_pairs_igs_combined_IGS0OPSFIN_20251730000_01D_30S_CLK.CLK.gz.csv
[06:04:28] [DEBUG] Cleaned up individual file: step_2_0_pairs_igs_combined_IGS0OPSFIN_20251730000_01D_30S_CLK.CLK.gz.csv
[06:04:28] [INFO] Merging individual file: step_2_0_pairs_igs_combined_IGS0OPSFIN_20241360000_01D_30S_CLK.CLK.gz.csv
[06:04:28] [DEBUG] Cleaned up individual file: step_2_0_pairs_igs_combined_IGS0OPSFIN_20241360000_01D_30S_CLK.CLK.gz.csv
[06:04:28] [INFO] Merging individual file: step_2_0_pairs_igs_combined_IGS0OPSFIN_20230580000_01D_30S_CLK.CLK.gz.csv
[06:04:28] [DEBUG] Cleaned up individual file: step_2_0_pairs_igs_combined_IGS0OPSFIN_20230580000_01D_30S_CLK.CLK.gz.csv
[06:04:28] [INFO] Merging individual file: step_2_0_pairs_igs_combined_IGS0OPSFIN_20250570000_01D_30S_CLK.CLK.gz.csv
[06:04:28] [DEBUG] Cleaned up individual file: step_2_0_pairs_igs_combined_IGS0OPSFIN_20250570000_01D_30S_CLK.CLK.gz.csv
[06:04:28] [INFO] Merging individual file: step_2_0_pairs_igs_combined_IGS0OPSFIN_20240560000_01D_30S_CLK.CLK.gz.csv
[06:04:28] [DEBUG] Cleaned up individual file: step_2_0_pairs_igs_combined_IGS0OPSFIN_20240560000_01D_30S_CLK.CLK.gz.csv
[06:04:28] [INFO] Merging individual file: step_2_0_pairs_igs_combined_IGS0OPSFIN_20250840000_01D_30S_CLK.CLK.gz.csv
[06:04:28] [DEBUG] Cleaned up individual file: step_2_0_pairs_igs_combined_IGS0OPSFIN_20250840000_01D_30S_CLK.CLK.gz.csv
[06:04:28] [INFO] Merging individual file: step_2_0_pairs_igs_combined_IGS0OPSFIN_20250230000_01D_30S_CLK.CLK.gz.csv
[06:04:28] [DEBUG] Cleaned up individual file: step_2_0_pairs_igs_combined_IGS0OPSFIN_20250230000_01D_30S_CLK.CLK.gz.csv
[06:04:28] [INFO] Merging individual file: step_2_0_pairs_igs_combined_IGS0OPSFIN_20230410000_01D_30S_CLK.CLK.gz.csv
[06:04:28] [DEBUG] Cleaned up individual file: step_2_0_pairs_igs_combined_IGS0OPSFIN_20230410000_01D_30S_CLK.CLK.gz.csv
[06:04:28] [INFO] Merging individual file: step_2_0_pairs_igs_combined_IGS0OPSFIN_20231870000_01D_30S_CLK.CLK.gz.csv
[06:04:28] [DEBUG] Cleaned up individual file: step_2_0_pairs_igs_combined_IGS0OPSFIN_20231870000_01D_30S_CLK.CLK.gz.csv
[06:04:28] [INFO] Merging individual file: step_2_0_pairs_igs_combined_IGS0OPSFIN_20240090000_01D_30S_CLK.CLK.gz.csv
[06:04:28] [DEBUG] Cleaned up individual file: step_2_0_pairs_igs_combined_IGS0OPSFIN_20240090000_01D_30S_CLK.CLK.gz.csv
[06:04:28] [INFO] Merging individual file: step_2_0_pairs_igs_combined_IGS0OPSFIN_20250610000_01D_30S_CLK.CLK.gz.csv
[06:04:28] [DEBUG] Cleaned up individual file: step_2_0_pairs_igs_combined_IGS0OPSFIN_20250610000_01D_30S_CLK.CLK.gz.csv
[06:04:28] [INFO] Merging individual file: step_2_0_pairs_igs_combined_IGS0OPSFIN_20250730000_01D_30S_CLK.CLK.gz.csv
[06:04:29] [DEBUG] Cleaned up individual file: step_2_0_pairs_igs_combined_IGS0OPSFIN_20250730000_01D_30S_CLK.CLK.gz.csv
[06:04:29] [INFO] Merging individual file: step_2_0_pairs_igs_combined_IGS0OPSFIN_20242210000_01D_30S_CLK.CLK.gz.csv
[06:04:29] [DEBUG] Cleaned up individual file: step_2_0_pairs_igs_combined_IGS0OPSFIN_20242210000_01D_30S_CLK.CLK.gz.csv
[06:04:29] [INFO] Merging individual file: step_2_0_pairs_igs_combined_IGS0OPSFIN_20232770000_01D_30S_CLK.CLK.gz.csv
[06:04:29] [DEBUG] Cleaned up individual file: step_2_0_pairs_igs_combined_IGS0OPSFIN_20232770000_01D_30S_CLK.CLK.gz.csv
[06:04:29] [INFO] Merging individual file: step_2_0_pairs_igs_combined_IGS0OPSFIN_20230230000_01D_30S_CLK.CLK.gz.csv
[06:04:29] [DEBUG] Cleaned up individual file: step_2_0_pairs_igs_combined_IGS0OPSFIN_20230230000_01D_30S_CLK.CLK.gz.csv
[06:04:29] [INFO] Merging individual file: step_2_0_pairs_igs_combined_IGS0OPSFIN_20232100000_01D_30S_CLK.CLK.gz.csv
[06:04:29] [DEBUG] Cleaned up individual file: step_2_0_pairs_igs_combined_IGS0OPSFIN_20232100000_01D_30S_CLK.CLK.gz.csv
[06:04:29] [INFO] Merging individual file: step_2_0_pairs_igs_combined_IGS0OPSFIN_20231040000_01D_30S_CLK.CLK.gz.csv
[06:04:29] [DEBUG] Cleaned up individual file: step_2_0_pairs_igs_combined_IGS0OPSFIN_20231040000_01D_30S_CLK.CLK.gz.csv
[06:04:29] [INFO] Merging individual file: step_2_0_pairs_igs_combined_IGS0OPSFIN_20232880000_01D_30S_CLK.CLK.gz.csv
[06:04:29] [DEBUG] Cleaned up individual file: step_2_0_pairs_igs_combined_IGS0OPSFIN_20232880000_01D_30S_CLK.CLK.gz.csv
[06:04:29] [INFO] Merging individual file: step_2_0_pairs_igs_combined_IGS0OPSFIN_20242080000_01D_30S_CLK.CLK.gz.csv
[06:04:29] [DEBUG] Cleaned up individual file: step_2_0_pairs_igs_combined_IGS0OPSFIN_20242080000_01D_30S_CLK.CLK.gz.csv
[06:04:29] [INFO] Merging individual file: step_2_0_pairs_igs_combined_IGS0OPSFIN_20230940000_01D_30S_CLK.CLK.gz.csv
[06:04:29] [DEBUG] Cleaned up individual file: step_2_0_pairs_igs_combined_IGS0OPSFIN_20230940000_01D_30S_CLK.CLK.gz.csv
[06:04:29] [INFO] Merging individual file: step_2_0_pairs_igs_combined_IGS0OPSFIN_20250560000_01D_30S_CLK.CLK.gz.csv
[06:04:29] [DEBUG] Cleaned up individual file: step_2_0_pairs_igs_combined_IGS0OPSFIN_20250560000_01D_30S_CLK.CLK.gz.csv
[06:04:29] [INFO] Merging individual file: step_2_0_pairs_igs_combined_IGS0OPSFIN_20240760000_01D_30S_CLK.CLK.gz.csv
[06:04:29] [DEBUG] Cleaned up individual file: step_2_0_pairs_igs_combined_IGS0OPSFIN_20240760000_01D_30S_CLK.CLK.gz.csv
[06:04:29] [INFO] Merging individual file: step_2_0_pairs_igs_combined_IGS0OPSFIN_20240080000_01D_30S_CLK.CLK.gz.csv
[06:04:29] [DEBUG] Cleaned up individual file: step_2_0_pairs_igs_combined_IGS0OPSFIN_20240080000_01D_30S_CLK.CLK.gz.csv
[06:04:29] [INFO] Merging individual file: step_2_0_pairs_igs_combined_IGS0OPSFIN_20232520000_01D_30S_CLK.CLK.gz.csv
[06:04:29] [DEBUG] Cleaned up individual file: step_2_0_pairs_igs_combined_IGS0OPSFIN_20232520000_01D_30S_CLK.CLK.gz.csv
[06:04:29] [INFO] Merging individual file: step_2_0_pairs_igs_combined_IGS0OPSFIN_20230320000_01D_30S_CLK.CLK.gz.csv
[06:04:29] [DEBUG] Cleaned up individual file: step_2_0_pairs_igs_combined_IGS0OPSFIN_20230320000_01D_30S_CLK.CLK.gz.csv
[06:04:29] [INFO] Merging individual file: step_2_0_pairs_igs_combined_IGS0OPSFIN_20243560000_01D_30S_CLK.CLK.gz.csv
[06:04:29] [DEBUG] Cleaned up individual file: step_2_0_pairs_igs_combined_IGS0OPSFIN_20243560000_01D_30S_CLK.CLK.gz.csv
[06:04:29] [INFO] Merging individual file: step_2_0_pairs_igs_combined_IGS0OPSFIN_20240450000_01D_30S_CLK.CLK.gz.csv
[06:04:29] [DEBUG] Cleaned up individual file: step_2_0_pairs_igs_combined_IGS0OPSFIN_20240450000_01D_30S_CLK.CLK.gz.csv
[06:04:29] [INFO] Merging individual file: step_2_0_pairs_igs_combined_IGS0OPSFIN_20231900000_01D_30S_CLK.CLK.gz.csv
[06:04:29] [DEBUG] Cleaned up individual file: step_2_0_pairs_igs_combined_IGS0OPSFIN_20231900000_01D_30S_CLK.CLK.gz.csv
[06:04:29] [INFO] Merging individual file: step_2_0_pairs_igs_combined_IGS0OPSFIN_20232310000_01D_30S_CLK.CLK.gz.csv
[06:04:29] [DEBUG] Cleaned up individual file: step_2_0_pairs_igs_combined_IGS0OPSFIN_20232310000_01D_30S_CLK.CLK.gz.csv
[06:04:29] [INFO] Merging individual file: step_2_0_pairs_igs_combined_IGS0OPSFIN_20230450000_01D_30S_CLK.CLK.gz.csv
[06:04:30] [DEBUG] Cleaned up individual file: step_2_0_pairs_igs_combined_IGS0OPSFIN_20230450000_01D_30S_CLK.CLK.gz.csv
[06:04:30] [INFO] Merging individual file: step_2_0_pairs_igs_combined_IGS0OPSFIN_20242610000_01D_30S_CLK.CLK.gz.csv
[06:04:30] [DEBUG] Cleaned up individual file: step_2_0_pairs_igs_combined_IGS0OPSFIN_20242610000_01D_30S_CLK.CLK.gz.csv
[06:04:30] [INFO] Merging individual file: step_2_0_pairs_igs_combined_IGS0OPSFIN_20242500000_01D_30S_CLK.CLK.gz.csv
[06:04:30] [DEBUG] Cleaned up individual file: step_2_0_pairs_igs_combined_IGS0OPSFIN_20242500000_01D_30S_CLK.CLK.gz.csv
[06:04:30] [INFO] Merging individual file: step_2_0_pairs_igs_combined_IGS0OPSFIN_20251310000_01D_30S_CLK.CLK.gz.csv
[06:04:30] [DEBUG] Cleaned up individual file: step_2_0_pairs_igs_combined_IGS0OPSFIN_20251310000_01D_30S_CLK.CLK.gz.csv
[06:04:30] [INFO] Merging individual file: step_2_0_pairs_igs_combined_IGS0OPSFIN_20231790000_01D_30S_CLK.CLK.gz.csv
[06:04:30] [DEBUG] Cleaned up individual file: step_2_0_pairs_igs_combined_IGS0OPSFIN_20231790000_01D_30S_CLK.CLK.gz.csv
[06:04:30] [INFO] Merging individual file: step_2_0_pairs_igs_combined_IGS0OPSFIN_20241870000_01D_30S_CLK.CLK.gz.csv
[06:04:30] [DEBUG] Cleaned up individual file: step_2_0_pairs_igs_combined_IGS0OPSFIN_20241870000_01D_30S_CLK.CLK.gz.csv
[06:04:30] [INFO] Merging individual file: step_2_0_pairs_igs_combined_IGS0OPSFIN_20232240000_01D_30S_CLK.CLK.gz.csv
[06:04:30] [DEBUG] Cleaned up individual file: step_2_0_pairs_igs_combined_IGS0OPSFIN_20232240000_01D_30S_CLK.CLK.gz.csv
[06:04:30] [INFO] Merging individual file: step_2_0_pairs_igs_combined_IGS0OPSFIN_20251290000_01D_30S_CLK.CLK.gz.csv
[06:04:30] [DEBUG] Cleaned up individual file: step_2_0_pairs_igs_combined_IGS0OPSFIN_20251290000_01D_30S_CLK.CLK.gz.csv
[06:04:30] [INFO] Merging individual file: step_2_0_pairs_igs_combined_IGS0OPSFIN_20230770000_01D_30S_CLK.CLK.gz.csv
[06:04:30] [DEBUG] Cleaned up individual file: step_2_0_pairs_igs_combined_IGS0OPSFIN_20230770000_01D_30S_CLK.CLK.gz.csv
[06:04:30] [INFO] Merging individual file: step_2_0_pairs_igs_combined_IGS0OPSFIN_20242750000_01D_30S_CLK.CLK.gz.csv
[06:04:30] [DEBUG] Cleaned up individual file: step_2_0_pairs_igs_combined_IGS0OPSFIN_20242750000_01D_30S_CLK.CLK.gz.csv
[06:04:30] [INFO] Merging individual file: step_2_0_pairs_igs_combined_IGS0OPSFIN_20251660000_01D_30S_CLK.CLK.gz.csv
[06:04:31] [DEBUG] Cleaned up individual file: step_2_0_pairs_igs_combined_IGS0OPSFIN_20251660000_01D_30S_CLK.CLK.gz.csv
[06:04:31] [INFO] Merging individual file: step_2_0_pairs_igs_combined_IGS0OPSFIN_20250650000_01D_30S_CLK.CLK.gz.csv
[06:04:31] [DEBUG] Cleaned up individual file: step_2_0_pairs_igs_combined_IGS0OPSFIN_20250650000_01D_30S_CLK.CLK.gz.csv
[06:04:31] [INFO] Merging individual file: step_2_0_pairs_igs_combined_IGS0OPSFIN_20231810000_01D_30S_CLK.CLK.gz.csv
[06:04:31] [DEBUG] Cleaned up individual file: step_2_0_pairs_igs_combined_IGS0OPSFIN_20231810000_01D_30S_CLK.CLK.gz.csv
[06:04:31] [INFO] Merging individual file: step_2_0_pairs_igs_combined_IGS0OPSFIN_20243430000_01D_30S_CLK.CLK.gz.csv
[06:04:31] [DEBUG] Cleaned up individual file: step_2_0_pairs_igs_combined_IGS0OPSFIN_20243430000_01D_30S_CLK.CLK.gz.csv
[06:04:31] [INFO] Merging individual file: step_2_0_pairs_igs_combined_IGS0OPSFIN_20242450000_01D_30S_CLK.CLK.gz.csv
[06:04:31] [DEBUG] Cleaned up individual file: step_2_0_pairs_igs_combined_IGS0OPSFIN_20242450000_01D_30S_CLK.CLK.gz.csv
[06:04:31] [INFO] Merging individual file: step_2_0_pairs_igs_combined_IGS0OPSFIN_20230700000_01D_30S_CLK.CLK.gz.csv
[06:04:31] [DEBUG] Cleaned up individual file: step_2_0_pairs_igs_combined_IGS0OPSFIN_20230700000_01D_30S_CLK.CLK.gz.csv
[06:04:31] [INFO] Merging individual file: step_2_0_pairs_igs_combined_IGS0OPSFIN_20233160000_01D_30S_CLK.CLK.gz.csv
[06:04:31] [DEBUG] Cleaned up individual file: step_2_0_pairs_igs_combined_IGS0OPSFIN_20233160000_01D_30S_CLK.CLK.gz.csv
[06:04:31] [INFO] Merging individual file: step_2_0_pairs_igs_combined_IGS0OPSFIN_20250790000_01D_30S_CLK.CLK.gz.csv
[06:04:31] [DEBUG] Cleaned up individual file: step_2_0_pairs_igs_combined_IGS0OPSFIN_20250790000_01D_30S_CLK.CLK.gz.csv
[06:04:31] [INFO] Merging individual file: step_2_0_pairs_igs_combined_IGS0OPSFIN_20242900000_01D_30S_CLK.CLK.gz.csv
[06:04:31] [DEBUG] Cleaned up individual file: step_2_0_pairs_igs_combined_IGS0OPSFIN_20242900000_01D_30S_CLK.CLK.gz.csv
[06:04:31] [INFO] Merging individual file: step_2_0_pairs_igs_combined_IGS0OPSFIN_20230090000_01D_30S_CLK.CLK.gz.csv
[06:04:31] [DEBUG] Cleaned up individual file: step_2_0_pairs_igs_combined_IGS0OPSFIN_20230090000_01D_30S_CLK.CLK.gz.csv
[06:04:31] [INFO] Merging individual file: step_2_0_pairs_igs_combined_IGS0OPSFIN_20240400000_01D_30S_CLK.CLK.gz.csv
[06:04:32] [DEBUG] Cleaned up individual file: step_2_0_pairs_igs_combined_IGS0OPSFIN_20240400000_01D_30S_CLK.CLK.gz.csv
[06:04:32] [INFO] Merging individual file: step_2_0_pairs_igs_combined_IGS0OPSFIN_20250020000_01D_30S_CLK.CLK.gz.csv
[06:04:32] [DEBUG] Cleaned up individual file: step_2_0_pairs_igs_combined_IGS0OPSFIN_20250020000_01D_30S_CLK.CLK.gz.csv
[06:04:32] [INFO] Merging individual file: step_2_0_pairs_igs_combined_IGS0OPSFIN_20240970000_01D_30S_CLK.CLK.gz.csv
[06:04:32] [DEBUG] Cleaned up individual file: step_2_0_pairs_igs_combined_IGS0OPSFIN_20240970000_01D_30S_CLK.CLK.gz.csv
[06:04:32] [INFO] Merging individual file: step_2_0_pairs_igs_combined_IGS0OPSFIN_20231580000_01D_30S_CLK.CLK.gz.csv
[06:04:32] [DEBUG] Cleaned up individual file: step_2_0_pairs_igs_combined_IGS0OPSFIN_20231580000_01D_30S_CLK.CLK.gz.csv
[06:04:32] [INFO] Merging individual file: step_2_0_pairs_igs_combined_IGS0OPSFIN_20250480000_01D_30S_CLK.CLK.gz.csv
[06:04:32] [DEBUG] Cleaned up individual file: step_2_0_pairs_igs_combined_IGS0OPSFIN_20250480000_01D_30S_CLK.CLK.gz.csv
[06:04:32] [INFO] Merging individual file: step_2_0_pairs_igs_combined_IGS0OPSFIN_20250190000_01D_30S_CLK.CLK.gz.csv
[06:04:32] [DEBUG] Cleaned up individual file: step_2_0_pairs_igs_combined_IGS0OPSFIN_20250190000_01D_30S_CLK.CLK.gz.csv
[06:04:32] [INFO] Merging individual file: step_2_0_pairs_igs_combined_IGS0OPSFIN_20250460000_01D_30S_CLK.CLK.gz.csv
[06:04:32] [DEBUG] Cleaned up individual file: step_2_0_pairs_igs_combined_IGS0OPSFIN_20250460000_01D_30S_CLK.CLK.gz.csv
[06:04:32] [INFO] Merging individual file: step_2_0_pairs_igs_combined_IGS0OPSFIN_20241810000_01D_30S_CLK.CLK.gz.csv
[06:04:32] [DEBUG] Cleaned up individual file: step_2_0_pairs_igs_combined_IGS0OPSFIN_20241810000_01D_30S_CLK.CLK.gz.csv
[06:04:32] [INFO] Merging individual file: step_2_0_pairs_igs_combined_IGS0OPSFIN_20230800000_01D_30S_CLK.CLK.gz.csv
[06:04:32] [DEBUG] Cleaned up individual file: step_2_0_pairs_igs_combined_IGS0OPSFIN_20230800000_01D_30S_CLK.CLK.gz.csv
[06:04:32] [INFO] Merging individual file: step_2_0_pairs_igs_combined_IGS0OPSFIN_20231990000_01D_30S_CLK.CLK.gz.csv
[06:04:32] [DEBUG] Cleaned up individual file: step_2_0_pairs_igs_combined_IGS0OPSFIN_20231990000_01D_30S_CLK.CLK.gz.csv
[06:04:32] [INFO] Merging individual file: step_2_0_pairs_igs_combined_IGS0OPSFIN_20232180000_01D_30S_CLK.CLK.gz.csv
[06:04:32] [DEBUG] Cleaned up individual file: step_2_0_pairs_igs_combined_IGS0OPSFIN_20232180000_01D_30S_CLK.CLK.gz.csv
[06:04:32] [INFO] Merging individual file: step_2_0_pairs_igs_combined_IGS0OPSFIN_20250130000_01D_30S_CLK.CLK.gz.csv
[06:04:33] [DEBUG] Cleaned up individual file: step_2_0_pairs_igs_combined_IGS0OPSFIN_20250130000_01D_30S_CLK.CLK.gz.csv
[06:04:33] [INFO] Merging individual file: step_2_0_pairs_igs_combined_IGS0OPSFIN_20241040000_01D_30S_CLK.CLK.gz.csv
[06:04:33] [DEBUG] Cleaned up individual file: step_2_0_pairs_igs_combined_IGS0OPSFIN_20241040000_01D_30S_CLK.CLK.gz.csv
[06:04:33] [INFO] Merging individual file: step_2_0_pairs_igs_combined_IGS0OPSFIN_20232750000_01D_30S_CLK.CLK.gz.csv
[06:04:33] [DEBUG] Cleaned up individual file: step_2_0_pairs_igs_combined_IGS0OPSFIN_20232750000_01D_30S_CLK.CLK.gz.csv
[06:04:33] [INFO] Merging individual file: step_2_0_pairs_igs_combined_IGS0OPSFIN_20231070000_01D_30S_CLK.CLK.gz.csv
[06:04:33] [DEBUG] Cleaned up individual file: step_2_0_pairs_igs_combined_IGS0OPSFIN_20231070000_01D_30S_CLK.CLK.gz.csv
[06:04:33] [INFO] Merging individual file: step_2_0_pairs_igs_combined_IGS0OPSFIN_20243450000_01D_30S_CLK.CLK.gz.csv
[06:04:33] [DEBUG] Cleaned up individual file: step_2_0_pairs_igs_combined_IGS0OPSFIN_20243450000_01D_30S_CLK.CLK.gz.csv
[06:04:33] [INFO] Merging individual file: step_2_0_pairs_igs_combined_IGS0OPSFIN_20250060000_01D_30S_CLK.CLK.gz.csv
[06:04:33] [DEBUG] Cleaned up individual file: step_2_0_pairs_igs_combined_IGS0OPSFIN_20250060000_01D_30S_CLK.CLK.gz.csv
[06:04:33] [INFO] Merging individual file: step_2_0_pairs_igs_combined_IGS0OPSFIN_20242170000_01D_30S_CLK.CLK.gz.csv
[06:04:33] [DEBUG] Cleaned up individual file: step_2_0_pairs_igs_combined_IGS0OPSFIN_20242170000_01D_30S_CLK.CLK.gz.csv
[06:04:33] [INFO] Merging individual file: step_2_0_pairs_igs_combined_IGS0OPSFIN_20232860000_01D_30S_CLK.CLK.gz.csv
[06:04:33] [DEBUG] Cleaned up individual file: step_2_0_pairs_igs_combined_IGS0OPSFIN_20232860000_01D_30S_CLK.CLK.gz.csv
[06:04:33] [INFO] Merging individual file: step_2_0_pairs_igs_combined_IGS0OPSFIN_20230500000_01D_30S_CLK.CLK.gz.csv
[06:04:33] [DEBUG] Cleaned up individual file: step_2_0_pairs_igs_combined_IGS0OPSFIN_20230500000_01D_30S_CLK.CLK.gz.csv
[06:04:33] [INFO] Merging individual file: step_2_0_pairs_igs_combined_IGS0OPSFIN_20231670000_01D_30S_CLK.CLK.gz.csv
[06:04:33] [DEBUG] Cleaned up individual file: step_2_0_pairs_igs_combined_IGS0OPSFIN_20231670000_01D_30S_CLK.CLK.gz.csv
[06:04:33] [INFO] Merging individual file: step_2_0_pairs_igs_combined_IGS0OPSFIN_20232120000_01D_30S_CLK.CLK.gz.csv
[06:04:33] [DEBUG] Cleaned up individual file: step_2_0_pairs_igs_combined_IGS0OPSFIN_20232120000_01D_30S_CLK.CLK.gz.csv
[06:04:33] [INFO] Merging individual file: step_2_0_pairs_igs_combined_IGS0OPSFIN_20232140000_01D_30S_CLK.CLK.gz.csv
[06:04:33] [DEBUG] Cleaned up individual file: step_2_0_pairs_igs_combined_IGS0OPSFIN_20232140000_01D_30S_CLK.CLK.gz.csv
[06:04:33] [INFO] Merging individual file: step_2_0_pairs_igs_combined_IGS0OPSFIN_20241680000_01D_30S_CLK.CLK.gz.csv
[06:04:33] [DEBUG] Cleaned up individual file: step_2_0_pairs_igs_combined_IGS0OPSFIN_20241680000_01D_30S_CLK.CLK.gz.csv
[06:04:33] [INFO] Merging individual file: step_2_0_pairs_igs_combined_IGS0OPSFIN_20251750000_01D_30S_CLK.CLK.gz.csv
[06:04:34] [DEBUG] Cleaned up individual file: step_2_0_pairs_igs_combined_IGS0OPSFIN_20251750000_01D_30S_CLK.CLK.gz.csv
[06:04:34] [INFO] Merging individual file: step_2_0_pairs_igs_combined_IGS0OPSFIN_20231210000_01D_30S_CLK.CLK.gz.csv
[06:04:34] [DEBUG] Cleaned up individual file: step_2_0_pairs_igs_combined_IGS0OPSFIN_20231210000_01D_30S_CLK.CLK.gz.csv
[06:04:34] [INFO] Merging individual file: step_2_0_pairs_igs_combined_IGS0OPSFIN_20231150000_01D_30S_CLK.CLK.gz.csv
[06:04:34] [DEBUG] Cleaned up individual file: step_2_0_pairs_igs_combined_IGS0OPSFIN_20231150000_01D_30S_CLK.CLK.gz.csv
[06:04:34] [INFO] Merging individual file: step_2_0_pairs_igs_combined_IGS0OPSFIN_20243520000_01D_30S_CLK.CLK.gz.csv
[06:04:34] [DEBUG] Cleaned up individual file: step_2_0_pairs_igs_combined_IGS0OPSFIN_20243520000_01D_30S_CLK.CLK.gz.csv
[06:04:34] [INFO] Merging individual file: step_2_0_pairs_igs_combined_IGS0OPSFIN_20241200000_01D_30S_CLK.CLK.gz.csv
[06:04:34] [DEBUG] Cleaned up individual file: step_2_0_pairs_igs_combined_IGS0OPSFIN_20241200000_01D_30S_CLK.CLK.gz.csv
[06:04:34] [INFO] Merging individual file: step_2_0_pairs_igs_combined_IGS0OPSFIN_20230490000_01D_30S_CLK.CLK.gz.csv
[06:04:34] [DEBUG] Cleaned up individual file: step_2_0_pairs_igs_combined_IGS0OPSFIN_20230490000_01D_30S_CLK.CLK.gz.csv
[06:04:34] [INFO] Merging individual file: step_2_0_pairs_igs_combined_IGS0OPSFIN_20251070000_01D_30S_CLK.CLK.gz.csv
[06:04:34] [DEBUG] Cleaned up individual file: step_2_0_pairs_igs_combined_IGS0OPSFIN_20251070000_01D_30S_CLK.CLK.gz.csv
[06:04:34] [INFO] Merging individual file: step_2_0_pairs_igs_combined_IGS0OPSFIN_20230260000_01D_30S_CLK.CLK.gz.csv
[06:04:34] [DEBUG] Cleaned up individual file: step_2_0_pairs_igs_combined_IGS0OPSFIN_20230260000_01D_30S_CLK.CLK.gz.csv
[06:04:34] [INFO] Merging individual file: step_2_0_pairs_igs_combined_IGS0OPSFIN_20243540000_01D_30S_CLK.CLK.gz.csv
[06:04:34] [DEBUG] Cleaned up individual file: step_2_0_pairs_igs_combined_IGS0OPSFIN_20243540000_01D_30S_CLK.CLK.gz.csv
[06:04:34] [INFO] Merging individual file: step_2_0_pairs_igs_combined_IGS0OPSFIN_20232380000_01D_30S_CLK.CLK.gz.csv
[06:04:34] [DEBUG] Cleaned up individual file: step_2_0_pairs_igs_combined_IGS0OPSFIN_20232380000_01D_30S_CLK.CLK.gz.csv
[06:04:34] [INFO] Merging individual file: step_2_0_pairs_igs_combined_IGS0OPSFIN_20230350000_01D_30S_CLK.CLK.gz.csv
[06:04:34] [DEBUG] Cleaned up individual file: step_2_0_pairs_igs_combined_IGS0OPSFIN_20230350000_01D_30S_CLK.CLK.gz.csv
[06:04:34] [INFO] Merging individual file: step_2_0_pairs_igs_combined_IGS0OPSFIN_20251000000_01D_30S_CLK.CLK.gz.csv
[06:04:34] [DEBUG] Cleaned up individual file: step_2_0_pairs_igs_combined_IGS0OPSFIN_20251000000_01D_30S_CLK.CLK.gz.csv
[06:04:34] [INFO] Merging individual file: step_2_0_pairs_igs_combined_IGS0OPSFIN_20233040000_01D_30S_CLK.CLK.gz.csv
[06:04:34] [DEBUG] Cleaned up individual file: step_2_0_pairs_igs_combined_IGS0OPSFIN_20233040000_01D_30S_CLK.CLK.gz.csv
[06:04:34] [INFO] Merging individual file: step_2_0_pairs_igs_combined_IGS0OPSFIN_20242770000_01D_30S_CLK.CLK.gz.csv
[06:04:35] [DEBUG] Cleaned up individual file: step_2_0_pairs_igs_combined_IGS0OPSFIN_20242770000_01D_30S_CLK.CLK.gz.csv
[06:04:35] [INFO] Merging individual file: step_2_0_pairs_igs_combined_IGS0OPSFIN_20231060000_01D_30S_CLK.CLK.gz.csv
[06:04:35] [DEBUG] Cleaned up individual file: step_2_0_pairs_igs_combined_IGS0OPSFIN_20231060000_01D_30S_CLK.CLK.gz.csv
[06:04:35] [INFO] Merging individual file: step_2_0_pairs_igs_combined_IGS0OPSFIN_20233070000_01D_30S_CLK.CLK.gz.csv
[06:04:35] [DEBUG] Cleaned up individual file: step_2_0_pairs_igs_combined_IGS0OPSFIN_20233070000_01D_30S_CLK.CLK.gz.csv
[06:04:35] [INFO] Merging individual file: step_2_0_pairs_igs_combined_IGS0OPSFIN_20241760000_01D_30S_CLK.CLK.gz.csv
[06:04:35] [DEBUG] Cleaned up individual file: step_2_0_pairs_igs_combined_IGS0OPSFIN_20241760000_01D_30S_CLK.CLK.gz.csv
[06:04:35] [INFO] Merging individual file: step_2_0_pairs_igs_combined_IGS0OPSFIN_20242730000_01D_30S_CLK.CLK.gz.csv
[06:04:35] [DEBUG] Cleaned up individual file: step_2_0_pairs_igs_combined_IGS0OPSFIN_20242730000_01D_30S_CLK.CLK.gz.csv
[06:04:35] [INFO] Merging individual file: step_2_0_pairs_igs_combined_IGS0OPSFIN_20241980000_01D_30S_CLK.CLK.gz.csv
[06:04:35] [DEBUG] Cleaned up individual file: step_2_0_pairs_igs_combined_IGS0OPSFIN_20241980000_01D_30S_CLK.CLK.gz.csv
[06:04:35] [INFO] Merging individual file: step_2_0_pairs_igs_combined_IGS0OPSFIN_20240170000_01D_30S_CLK.CLK.gz.csv
[06:04:35] [DEBUG] Cleaned up individual file: step_2_0_pairs_igs_combined_IGS0OPSFIN_20240170000_01D_30S_CLK.CLK.gz.csv
[06:04:35] [INFO] Merging individual file: step_2_0_pairs_igs_combined_IGS0OPSFIN_20231820000_01D_30S_CLK.CLK.gz.csv
[06:04:35] [DEBUG] Cleaned up individual file: step_2_0_pairs_igs_combined_IGS0OPSFIN_20231820000_01D_30S_CLK.CLK.gz.csv
[06:04:35] [INFO] Merging individual file: step_2_0_pairs_igs_combined_IGS0OPSFIN_20230150000_01D_30S_CLK.CLK.gz.csv
[06:04:35] [DEBUG] Cleaned up individual file: step_2_0_pairs_igs_combined_IGS0OPSFIN_20230150000_01D_30S_CLK.CLK.gz.csv
[06:04:35] [INFO] Merging individual file: step_2_0_pairs_igs_combined_IGS0OPSFIN_20231930000_01D_30S_CLK.CLK.gz.csv
[06:04:35] [DEBUG] Cleaned up individual file: step_2_0_pairs_igs_combined_IGS0OPSFIN_20231930000_01D_30S_CLK.CLK.gz.csv
[06:04:35] [INFO] Merging individual file: step_2_0_pairs_igs_combined_IGS0OPSFIN_20232700000_01D_30S_CLK.CLK.gz.csv
[06:04:35] [DEBUG] Cleaned up individual file: step_2_0_pairs_igs_combined_IGS0OPSFIN_20232700000_01D_30S_CLK.CLK.gz.csv
[06:04:35] [INFO] Merging individual file: step_2_0_pairs_igs_combined_IGS0OPSFIN_20242350000_01D_30S_CLK.CLK.gz.csv
[06:04:35] [DEBUG] Cleaned up individual file: step_2_0_pairs_igs_combined_IGS0OPSFIN_20242350000_01D_30S_CLK.CLK.gz.csv
[06:04:35] [INFO] Merging individual file: step_2_0_pairs_igs_combined_IGS0OPSFIN_20231350000_01D_30S_CLK.CLK.gz.csv
[06:04:35] [DEBUG] Cleaned up individual file: step_2_0_pairs_igs_combined_IGS0OPSFIN_20231350000_01D_30S_CLK.CLK.gz.csv
[06:04:35] [INFO] Merging individual file: step_2_0_pairs_igs_combined_IGS0OPSFIN_20232590000_01D_30S_CLK.CLK.gz.csv
[06:04:35] [DEBUG] Cleaned up individual file: step_2_0_pairs_igs_combined_IGS0OPSFIN_20232590000_01D_30S_CLK.CLK.gz.csv
[06:04:35] [INFO] Merging individual file: step_2_0_pairs_igs_combined_IGS0OPSFIN_20251540000_01D_30S_CLK.CLK.gz.csv
[06:04:36] [DEBUG] Cleaned up individual file: step_2_0_pairs_igs_combined_IGS0OPSFIN_20251540000_01D_30S_CLK.CLK.gz.csv
[06:04:36] [INFO] Merging individual file: step_2_0_pairs_igs_combined_IGS0OPSFIN_20230290000_01D_30S_CLK.CLK.gz.csv
[06:04:36] [DEBUG] Cleaned up individual file: step_2_0_pairs_igs_combined_IGS0OPSFIN_20230290000_01D_30S_CLK.CLK.gz.csv
[06:04:36] [INFO] Merging individual file: step_2_0_pairs_igs_combined_IGS0OPSFIN_20231120000_01D_30S_CLK.CLK.gz.csv
[06:04:36] [DEBUG] Cleaned up individual file: step_2_0_pairs_igs_combined_IGS0OPSFIN_20231120000_01D_30S_CLK.CLK.gz.csv
[06:04:36] [INFO] Merging individual file: step_2_0_pairs_igs_combined_IGS0OPSFIN_20243420000_01D_30S_CLK.CLK.gz.csv
[06:04:36] [DEBUG] Cleaned up individual file: step_2_0_pairs_igs_combined_IGS0OPSFIN_20243420000_01D_30S_CLK.CLK.gz.csv
[06:04:36] [INFO] Merging individual file: step_2_0_pairs_igs_combined_IGS0OPSFIN_20250780000_01D_30S_CLK.CLK.gz.csv
[06:04:36] [DEBUG] Cleaned up individual file: step_2_0_pairs_igs_combined_IGS0OPSFIN_20250780000_01D_30S_CLK.CLK.gz.csv
[06:04:36] [INFO] Merging individual file: step_2_0_pairs_igs_combined_IGS0OPSFIN_20242560000_01D_30S_CLK.CLK.gz.csv
[06:04:36] [DEBUG] Cleaned up individual file: step_2_0_pairs_igs_combined_IGS0OPSFIN_20242560000_01D_30S_CLK.CLK.gz.csv
[06:04:36] [INFO] Merging individual file: step_2_0_pairs_igs_combined_IGS0OPSFIN_20251150000_01D_30S_CLK.CLK.gz.csv
[06:04:36] [DEBUG] Cleaned up individual file: step_2_0_pairs_igs_combined_IGS0OPSFIN_20251150000_01D_30S_CLK.CLK.gz.csv
[06:04:36] [INFO] Merging individual file: step_2_0_pairs_igs_combined_IGS0OPSFIN_20231760000_01D_30S_CLK.CLK.gz.csv
[06:04:36] [DEBUG] Cleaned up individual file: step_2_0_pairs_igs_combined_IGS0OPSFIN_20231760000_01D_30S_CLK.CLK.gz.csv
[06:04:36] [INFO] Merging individual file: step_2_0_pairs_igs_combined_IGS0OPSFIN_20231250000_01D_30S_CLK.CLK.gz.csv
[06:04:36] [DEBUG] Cleaned up individual file: step_2_0_pairs_igs_combined_IGS0OPSFIN_20231250000_01D_30S_CLK.CLK.gz.csv
[06:04:36] [INFO] Merging individual file: step_2_0_pairs_igs_combined_IGS0OPSFIN_20251380000_01D_30S_CLK.CLK.gz.csv
[06:04:36] [DEBUG] Cleaned up individual file: step_2_0_pairs_igs_combined_IGS0OPSFIN_20251380000_01D_30S_CLK.CLK.gz.csv
[06:04:36] [INFO] Merging individual file: step_2_0_pairs_igs_combined_IGS0OPSFIN_20231370000_01D_30S_CLK.CLK.gz.csv
[06:04:36] [DEBUG] Cleaned up individual file: step_2_0_pairs_igs_combined_IGS0OPSFIN_20231370000_01D_30S_CLK.CLK.gz.csv
[06:04:36] [INFO] Merging individual file: step_2_0_pairs_igs_combined_IGS0OPSFIN_20241930000_01D_30S_CLK.CLK.gz.csv
[06:04:37] [DEBUG] Cleaned up individual file: step_2_0_pairs_igs_combined_IGS0OPSFIN_20241930000_01D_30S_CLK.CLK.gz.csv
[06:04:37] [INFO] Merging individual file: step_2_0_pairs_igs_combined_IGS0OPSFIN_20241290000_01D_30S_CLK.CLK.gz.csv
[06:04:37] [DEBUG] Cleaned up individual file: step_2_0_pairs_igs_combined_IGS0OPSFIN_20241290000_01D_30S_CLK.CLK.gz.csv
[06:04:37] [INFO] Merging individual file: step_2_0_pairs_igs_combined_IGS0OPSFIN_20251160000_01D_30S_CLK.CLK.gz.csv
[06:04:37] [DEBUG] Cleaned up individual file: step_2_0_pairs_igs_combined_IGS0OPSFIN_20251160000_01D_30S_CLK.CLK.gz.csv
[06:04:37] [INFO] Merging individual file: step_2_0_pairs_igs_combined_IGS0OPSFIN_20240860000_01D_30S_CLK.CLK.gz.csv
[06:04:37] [DEBUG] Cleaned up individual file: step_2_0_pairs_igs_combined_IGS0OPSFIN_20240860000_01D_30S_CLK.CLK.gz.csv
[06:04:37] [INFO] Merging individual file: step_2_0_pairs_igs_combined_IGS0OPSFIN_20230020000_01D_30S_CLK.CLK.gz.csv
[06:04:37] [DEBUG] Cleaned up individual file: step_2_0_pairs_igs_combined_IGS0OPSFIN_20230020000_01D_30S_CLK.CLK.gz.csv
[06:04:37] [INFO] Merging individual file: step_2_0_pairs_igs_combined_IGS0OPSFIN_20232530000_01D_30S_CLK.CLK.gz.csv
[06:04:37] [DEBUG] Cleaned up individual file: step_2_0_pairs_igs_combined_IGS0OPSFIN_20232530000_01D_30S_CLK.CLK.gz.csv
[06:04:37] [INFO] Merging individual file: step_2_0_pairs_igs_combined_IGS0OPSFIN_20240280000_01D_30S_CLK.CLK.gz.csv
[06:04:37] [DEBUG] Cleaned up individual file: step_2_0_pairs_igs_combined_IGS0OPSFIN_20240280000_01D_30S_CLK.CLK.gz.csv
[06:04:37] [INFO] Merging individual file: step_2_0_pairs_igs_combined_IGS0OPSFIN_20251060000_01D_30S_CLK.CLK.gz.csv
[06:04:37] [DEBUG] Cleaned up individual file: step_2_0_pairs_igs_combined_IGS0OPSFIN_20251060000_01D_30S_CLK.CLK.gz.csv
[06:04:37] [INFO] Merging individual file: step_2_0_pairs_igs_combined_IGS0OPSFIN_20231330000_01D_30S_CLK.CLK.gz.csv
[06:04:37] [DEBUG] Cleaned up individual file: step_2_0_pairs_igs_combined_IGS0OPSFIN_20231330000_01D_30S_CLK.CLK.gz.csv
[06:04:37] [INFO] Merging individual file: step_2_0_pairs_igs_combined_IGS0OPSFIN_20240420000_01D_30S_CLK.CLK.gz.csv
[06:04:37] [DEBUG] Cleaned up individual file: step_2_0_pairs_igs_combined_IGS0OPSFIN_20240420000_01D_30S_CLK.CLK.gz.csv
[06:04:37] [INFO] Merging individual file: step_2_0_pairs_igs_combined_IGS0OPSFIN_20241920000_01D_30S_CLK.CLK.gz.csv
[06:04:37] [DEBUG] Cleaned up individual file: step_2_0_pairs_igs_combined_IGS0OPSFIN_20241920000_01D_30S_CLK.CLK.gz.csv
[06:04:37] [INFO] Merging individual file: step_2_0_pairs_igs_combined_IGS0OPSFIN_20240380000_01D_30S_CLK.CLK.gz.csv
[06:04:37] [DEBUG] Cleaned up individual file: step_2_0_pairs_igs_combined_IGS0OPSFIN_20240380000_01D_30S_CLK.CLK.gz.csv
[06:04:37] [INFO] Merging individual file: step_2_0_pairs_igs_combined_IGS0OPSFIN_20242220000_01D_30S_CLK.CLK.gz.csv
[06:04:38] [DEBUG] Cleaned up individual file: step_2_0_pairs_igs_combined_IGS0OPSFIN_20242220000_01D_30S_CLK.CLK.gz.csv
[06:04:38] [INFO] Merging individual file: step_2_0_pairs_igs_combined_IGS0OPSFIN_20243100000_01D_30S_CLK.CLK.gz.csv
[06:04:38] [DEBUG] Cleaned up individual file: step_2_0_pairs_igs_combined_IGS0OPSFIN_20243100000_01D_30S_CLK.CLK.gz.csv
[06:04:38] [INFO] Merging individual file: step_2_0_pairs_igs_combined_IGS0OPSFIN_20233300000_01D_30S_CLK.CLK.gz.csv
[06:04:38] [DEBUG] Cleaned up individual file: step_2_0_pairs_igs_combined_IGS0OPSFIN_20233300000_01D_30S_CLK.CLK.gz.csv
[06:04:38] [INFO] Merging individual file: step_2_0_pairs_igs_combined_IGS0OPSFIN_20230430000_01D_30S_CLK.CLK.gz.csv
[06:04:38] [DEBUG] Cleaned up individual file: step_2_0_pairs_igs_combined_IGS0OPSFIN_20230430000_01D_30S_CLK.CLK.gz.csv
[06:04:38] [INFO] Merging individual file: step_2_0_pairs_igs_combined_IGS0OPSFIN_20230440000_01D_30S_CLK.CLK.gz.csv
[06:04:38] [DEBUG] Cleaned up individual file: step_2_0_pairs_igs_combined_IGS0OPSFIN_20230440000_01D_30S_CLK.CLK.gz.csv
[06:04:38] [INFO] Merging individual file: step_2_0_pairs_igs_combined_IGS0OPSFIN_20233030000_01D_30S_CLK.CLK.gz.csv
[06:04:38] [DEBUG] Cleaned up individual file: step_2_0_pairs_igs_combined_IGS0OPSFIN_20233030000_01D_30S_CLK.CLK.gz.csv
[06:04:38] [INFO] Merging individual file: step_2_0_pairs_igs_combined_IGS0OPSFIN_20231360000_01D_30S_CLK.CLK.gz.csv
[06:04:38] [DEBUG] Cleaned up individual file: step_2_0_pairs_igs_combined_IGS0OPSFIN_20231360000_01D_30S_CLK.CLK.gz.csv
[06:04:38] [INFO] Merging individual file: step_2_0_pairs_igs_combined_IGS0OPSFIN_20230630000_01D_30S_CLK.CLK.gz.csv
[06:04:38] [DEBUG] Cleaned up individual file: step_2_0_pairs_igs_combined_IGS0OPSFIN_20230630000_01D_30S_CLK.CLK.gz.csv
[06:04:38] [INFO] Merging individual file: step_2_0_pairs_igs_combined_IGS0OPSFIN_20230380000_01D_30S_CLK.CLK.gz.csv
[06:04:38] [DEBUG] Cleaned up individual file: step_2_0_pairs_igs_combined_IGS0OPSFIN_20230380000_01D_30S_CLK.CLK.gz.csv
[06:04:38] [INFO] Merging individual file: step_2_0_pairs_igs_combined_IGS0OPSFIN_20241430000_01D_30S_CLK.CLK.gz.csv
[06:04:38] [DEBUG] Cleaned up individual file: step_2_0_pairs_igs_combined_IGS0OPSFIN_20241430000_01D_30S_CLK.CLK.gz.csv
[06:04:38] [INFO] Merging individual file: step_2_0_pairs_igs_combined_IGS0OPSFIN_20230970000_01D_30S_CLK.CLK.gz.csv
[06:04:38] [DEBUG] Cleaned up individual file: step_2_0_pairs_igs_combined_IGS0OPSFIN_20230970000_01D_30S_CLK.CLK.gz.csv
[06:04:38] [INFO] Merging individual file: step_2_0_pairs_igs_combined_IGS0OPSFIN_20251410000_01D_30S_CLK.CLK.gz.csv
[06:04:38] [DEBUG] Cleaned up individual file: step_2_0_pairs_igs_combined_IGS0OPSFIN_20251410000_01D_30S_CLK.CLK.gz.csv
[06:04:38] [INFO] Merging individual file: step_2_0_pairs_igs_combined_IGS0OPSFIN_20232950000_01D_30S_CLK.CLK.gz.csv
[06:04:38] [DEBUG] Cleaned up individual file: step_2_0_pairs_igs_combined_IGS0OPSFIN_20232950000_01D_30S_CLK.CLK.gz.csv
[06:04:38] [INFO] Merging individual file: step_2_0_pairs_igs_combined_IGS0OPSFIN_20232830000_01D_30S_CLK.CLK.gz.csv
[06:04:38] [DEBUG] Cleaned up individual file: step_2_0_pairs_igs_combined_IGS0OPSFIN_20232830000_01D_30S_CLK.CLK.gz.csv
[06:04:38] [INFO] Merging individual file: step_2_0_pairs_igs_combined_IGS0OPSFIN_20231170000_01D_30S_CLK.CLK.gz.csv
[06:04:38] [DEBUG] Cleaned up individual file: step_2_0_pairs_igs_combined_IGS0OPSFIN_20231170000_01D_30S_CLK.CLK.gz.csv
[06:04:38] [INFO] Merging individual file: step_2_0_pairs_igs_combined_IGS0OPSFIN_20231540000_01D_30S_CLK.CLK.gz.csv
[06:04:39] [DEBUG] Cleaned up individual file: step_2_0_pairs_igs_combined_IGS0OPSFIN_20231540000_01D_30S_CLK.CLK.gz.csv
[06:04:39] [INFO] Merging individual file: step_2_0_pairs_igs_combined_IGS0OPSFIN_20242940000_01D_30S_CLK.CLK.gz.csv
[06:04:39] [DEBUG] Cleaned up individual file: step_2_0_pairs_igs_combined_IGS0OPSFIN_20242940000_01D_30S_CLK.CLK.gz.csv
[06:04:39] [INFO] Merging individual file: step_2_0_pairs_igs_combined_IGS0OPSFIN_20232780000_01D_30S_CLK.CLK.gz.csv
[06:04:39] [DEBUG] Cleaned up individual file: step_2_0_pairs_igs_combined_IGS0OPSFIN_20232780000_01D_30S_CLK.CLK.gz.csv
[06:04:39] [INFO] Merging individual file: step_2_0_pairs_igs_combined_IGS0OPSFIN_20240920000_01D_30S_CLK.CLK.gz.csv
[06:04:39] [DEBUG] Cleaned up individual file: step_2_0_pairs_igs_combined_IGS0OPSFIN_20240920000_01D_30S_CLK.CLK.gz.csv
[06:04:39] [INFO] Merging individual file: step_2_0_pairs_igs_combined_IGS0OPSFIN_20233260000_01D_30S_CLK.CLK.gz.csv
[06:04:39] [DEBUG] Cleaned up individual file: step_2_0_pairs_igs_combined_IGS0OPSFIN_20233260000_01D_30S_CLK.CLK.gz.csv
[06:04:39] [INFO] Merging individual file: step_2_0_pairs_igs_combined_IGS0OPSFIN_20250390000_01D_30S_CLK.CLK.gz.csv
[06:04:39] [DEBUG] Cleaned up individual file: step_2_0_pairs_igs_combined_IGS0OPSFIN_20250390000_01D_30S_CLK.CLK.gz.csv
[06:04:39] [INFO] Merging individual file: step_2_0_pairs_igs_combined_IGS0OPSFIN_20250310000_01D_30S_CLK.CLK.gz.csv
[06:04:39] [DEBUG] Cleaned up individual file: step_2_0_pairs_igs_combined_IGS0OPSFIN_20250310000_01D_30S_CLK.CLK.gz.csv
[06:04:39] [INFO] Merging individual file: step_2_0_pairs_igs_combined_IGS0OPSFIN_20242130000_01D_30S_CLK.CLK.gz.csv
[06:04:39] [DEBUG] Cleaned up individual file: step_2_0_pairs_igs_combined_IGS0OPSFIN_20242130000_01D_30S_CLK.CLK.gz.csv
[06:04:39] [INFO] Merging individual file: step_2_0_pairs_igs_combined_IGS0OPSFIN_20242820000_01D_30S_CLK.CLK.gz.csv
[06:04:39] [DEBUG] Cleaned up individual file: step_2_0_pairs_igs_combined_IGS0OPSFIN_20242820000_01D_30S_CLK.CLK.gz.csv
[06:04:39] [INFO] Merging individual file: step_2_0_pairs_igs_combined_IGS0OPSFIN_20232090000_01D_30S_CLK.CLK.gz.csv
[06:04:39] [DEBUG] Cleaned up individual file: step_2_0_pairs_igs_combined_IGS0OPSFIN_20232090000_01D_30S_CLK.CLK.gz.csv
[06:04:39] [INFO] Merging individual file: step_2_0_pairs_igs_combined_IGS0OPSFIN_20242150000_01D_30S_CLK.CLK.gz.csv
[06:04:40] [DEBUG] Cleaned up individual file: step_2_0_pairs_igs_combined_IGS0OPSFIN_20242150000_01D_30S_CLK.CLK.gz.csv
[06:04:40] [INFO] Merging individual file: step_2_0_pairs_igs_combined_IGS0OPSFIN_20241950000_01D_30S_CLK.CLK.gz.csv
[06:04:40] [DEBUG] Cleaned up individual file: step_2_0_pairs_igs_combined_IGS0OPSFIN_20241950000_01D_30S_CLK.CLK.gz.csv
[06:04:40] [INFO] Merging individual file: step_2_0_pairs_igs_combined_IGS0OPSFIN_20230670000_01D_30S_CLK.CLK.gz.csv
[06:04:40] [DEBUG] Cleaned up individual file: step_2_0_pairs_igs_combined_IGS0OPSFIN_20230670000_01D_30S_CLK.CLK.gz.csv
[06:04:40] [INFO] Merging individual file: step_2_0_pairs_igs_combined_IGS0OPSFIN_20232790000_01D_30S_CLK.CLK.gz.csv
[06:04:40] [DEBUG] Cleaned up individual file: step_2_0_pairs_igs_combined_IGS0OPSFIN_20232790000_01D_30S_CLK.CLK.gz.csv
[06:04:40] [INFO] Merging individual file: step_2_0_pairs_igs_combined_IGS0OPSFIN_20241320000_01D_30S_CLK.CLK.gz.csv
[06:04:40] [DEBUG] Cleaned up individual file: step_2_0_pairs_igs_combined_IGS0OPSFIN_20241320000_01D_30S_CLK.CLK.gz.csv
[06:04:40] [INFO] Merging individual file: step_2_0_pairs_igs_combined_IGS0OPSFIN_20240460000_01D_30S_CLK.CLK.gz.csv
[06:04:40] [DEBUG] Cleaned up individual file: step_2_0_pairs_igs_combined_IGS0OPSFIN_20240460000_01D_30S_CLK.CLK.gz.csv
[06:04:40] [INFO] Merging individual file: step_2_0_pairs_igs_combined_IGS0OPSFIN_20242270000_01D_30S_CLK.CLK.gz.csv
[06:04:40] [DEBUG] Cleaned up individual file: step_2_0_pairs_igs_combined_IGS0OPSFIN_20242270000_01D_30S_CLK.CLK.gz.csv
[06:04:40] [INFO] Merging individual file: step_2_0_pairs_igs_combined_IGS0OPSFIN_20230470000_01D_30S_CLK.CLK.gz.csv
[06:04:40] [DEBUG] Cleaned up individual file: step_2_0_pairs_igs_combined_IGS0OPSFIN_20230470000_01D_30S_CLK.CLK.gz.csv
[06:04:40] [INFO] Merging individual file: step_2_0_pairs_igs_combined_IGS0OPSFIN_20250700000_01D_30S_CLK.CLK.gz.csv
[06:04:40] [DEBUG] Cleaned up individual file: step_2_0_pairs_igs_combined_IGS0OPSFIN_20250700000_01D_30S_CLK.CLK.gz.csv
[06:04:40] [INFO] Merging individual file: step_2_0_pairs_igs_combined_IGS0OPSFIN_20251090000_01D_30S_CLK.CLK.gz.csv
[06:04:40] [DEBUG] Cleaned up individual file: step_2_0_pairs_igs_combined_IGS0OPSFIN_20251090000_01D_30S_CLK.CLK.gz.csv
[06:04:40] [INFO] Merging individual file: step_2_0_pairs_igs_combined_IGS0OPSFIN_20231290000_01D_30S_CLK.CLK.gz.csv
[06:04:40] [DEBUG] Cleaned up individual file: step_2_0_pairs_igs_combined_IGS0OPSFIN_20231290000_01D_30S_CLK.CLK.gz.csv
[06:04:40] [INFO] Merging individual file: step_2_0_pairs_igs_combined_IGS0OPSFIN_20230160000_01D_30S_CLK.CLK.gz.csv
[06:04:41] [DEBUG] Cleaned up individual file: step_2_0_pairs_igs_combined_IGS0OPSFIN_20230160000_01D_30S_CLK.CLK.gz.csv
[06:04:41] [INFO] Merging individual file: step_2_0_pairs_igs_combined_IGS0OPSFIN_20231200000_01D_30S_CLK.CLK.gz.csv
[06:04:41] [DEBUG] Cleaned up individual file: step_2_0_pairs_igs_combined_IGS0OPSFIN_20231200000_01D_30S_CLK.CLK.gz.csv
[06:04:41] [INFO] Merging individual file: step_2_0_pairs_igs_combined_IGS0OPSFIN_20240630000_01D_30S_CLK.CLK.gz.csv
[06:04:41] [DEBUG] Cleaned up individual file: step_2_0_pairs_igs_combined_IGS0OPSFIN_20240630000_01D_30S_CLK.CLK.gz.csv
[06:04:41] [INFO] Merging individual file: step_2_0_pairs_igs_combined_IGS0OPSFIN_20243120000_01D_30S_CLK.CLK.gz.csv
[06:04:41] [DEBUG] Cleaned up individual file: step_2_0_pairs_igs_combined_IGS0OPSFIN_20243120000_01D_30S_CLK.CLK.gz.csv
[06:04:41] [INFO] Merging individual file: step_2_0_pairs_igs_combined_IGS0OPSFIN_20232340000_01D_30S_CLK.CLK.gz.csv
[06:04:41] [DEBUG] Cleaned up individual file: step_2_0_pairs_igs_combined_IGS0OPSFIN_20232340000_01D_30S_CLK.CLK.gz.csv
[06:04:41] [INFO] Merging individual file: step_2_0_pairs_igs_combined_IGS0OPSFIN_20243480000_01D_30S_CLK.CLK.gz.csv
[06:04:41] [DEBUG] Cleaned up individual file: step_2_0_pairs_igs_combined_IGS0OPSFIN_20243480000_01D_30S_CLK.CLK.gz.csv
[06:04:41] [INFO] Merging individual file: step_2_0_pairs_igs_combined_IGS0OPSFIN_20251680000_01D_30S_CLK.CLK.gz.csv
[06:04:41] [DEBUG] Cleaned up individual file: step_2_0_pairs_igs_combined_IGS0OPSFIN_20251680000_01D_30S_CLK.CLK.gz.csv
[06:04:41] [INFO] Merging individual file: step_2_0_pairs_igs_combined_IGS0OPSFIN_20250280000_01D_30S_CLK.CLK.gz.csv
[06:04:41] [DEBUG] Cleaned up individual file: step_2_0_pairs_igs_combined_IGS0OPSFIN_20250280000_01D_30S_CLK.CLK.gz.csv
[06:04:41] [INFO] Merging individual file: step_2_0_pairs_igs_combined_IGS0OPSFIN_20250290000_01D_30S_CLK.CLK.gz.csv
[06:04:41] [DEBUG] Cleaned up individual file: step_2_0_pairs_igs_combined_IGS0OPSFIN_20250290000_01D_30S_CLK.CLK.gz.csv
[06:04:41] [INFO] Merging individual file: step_2_0_pairs_igs_combined_IGS0OPSFIN_20231650000_01D_30S_CLK.CLK.gz.csv
[06:04:41] [DEBUG] Cleaned up individual file: step_2_0_pairs_igs_combined_IGS0OPSFIN_20231650000_01D_30S_CLK.CLK.gz.csv
[06:04:41] [INFO] Merging individual file: step_2_0_pairs_igs_combined_IGS0OPSFIN_20243230000_01D_30S_CLK.CLK.gz.csv
[06:04:42] [DEBUG] Cleaned up individual file: step_2_0_pairs_igs_combined_IGS0OPSFIN_20243230000_01D_30S_CLK.CLK.gz.csv
[06:04:42] [INFO] Merging individual file: step_2_0_pairs_igs_combined_IGS0OPSFIN_20251130000_01D_30S_CLK.CLK.gz.csv
[06:04:42] [DEBUG] Cleaned up individual file: step_2_0_pairs_igs_combined_IGS0OPSFIN_20251130000_01D_30S_CLK.CLK.gz.csv
[06:04:42] [INFO] Merging individual file: step_2_0_pairs_igs_combined_IGS0OPSFIN_20230910000_01D_30S_CLK.CLK.gz.csv
[06:04:42] [DEBUG] Cleaned up individual file: step_2_0_pairs_igs_combined_IGS0OPSFIN_20230910000_01D_30S_CLK.CLK.gz.csv
[06:04:42] [INFO] Merging individual file: step_2_0_pairs_igs_combined_IGS0OPSFIN_20241570000_01D_30S_CLK.CLK.gz.csv
[06:04:42] [DEBUG] Cleaned up individual file: step_2_0_pairs_igs_combined_IGS0OPSFIN_20241570000_01D_30S_CLK.CLK.gz.csv
[06:04:42] [INFO] Merging individual file: step_2_0_pairs_igs_combined_IGS0OPSFIN_20240350000_01D_30S_CLK.CLK.gz.csv
[06:04:42] [DEBUG] Cleaned up individual file: step_2_0_pairs_igs_combined_IGS0OPSFIN_20240350000_01D_30S_CLK.CLK.gz.csv
[06:04:42] [INFO] Merging individual file: step_2_0_pairs_igs_combined_IGS0OPSFIN_20243470000_01D_30S_CLK.CLK.gz.csv
[06:04:42] [DEBUG] Cleaned up individual file: step_2_0_pairs_igs_combined_IGS0OPSFIN_20243470000_01D_30S_CLK.CLK.gz.csv
[06:04:42] [INFO] Merging individual file: step_2_0_pairs_igs_combined_IGS0OPSFIN_20232270000_01D_30S_CLK.CLK.gz.csv
[06:04:42] [DEBUG] Cleaned up individual file: step_2_0_pairs_igs_combined_IGS0OPSFIN_20232270000_01D_30S_CLK.CLK.gz.csv
[06:04:42] [INFO] Merging individual file: step_2_0_pairs_igs_combined_IGS0OPSFIN_20251690000_01D_30S_CLK.CLK.gz.csv
[06:04:42] [DEBUG] Cleaned up individual file: step_2_0_pairs_igs_combined_IGS0OPSFIN_20251690000_01D_30S_CLK.CLK.gz.csv
[06:04:42] [INFO] Merging individual file: step_2_0_pairs_igs_combined_IGS0OPSFIN_20251440000_01D_30S_CLK.CLK.gz.csv
[06:04:42] [DEBUG] Cleaned up individual file: step_2_0_pairs_igs_combined_IGS0OPSFIN_20251440000_01D_30S_CLK.CLK.gz.csv
[06:04:42] [INFO] Merging individual file: step_2_0_pairs_igs_combined_IGS0OPSFIN_20243240000_01D_30S_CLK.CLK.gz.csv
[06:04:43] [DEBUG] Cleaned up individual file: step_2_0_pairs_igs_combined_IGS0OPSFIN_20243240000_01D_30S_CLK.CLK.gz.csv
[06:04:43] [INFO] Merging individual file: step_2_0_pairs_igs_combined_IGS0OPSFIN_20243180000_01D_30S_CLK.CLK.gz.csv
[06:04:43] [DEBUG] Cleaned up individual file: step_2_0_pairs_igs_combined_IGS0OPSFIN_20243180000_01D_30S_CLK.CLK.gz.csv
[06:04:43] [INFO] Merging individual file: step_2_0_pairs_igs_combined_IGS0OPSFIN_20230190000_01D_30S_CLK.CLK.gz.csv
[06:04:43] [DEBUG] Cleaned up individual file: step_2_0_pairs_igs_combined_IGS0OPSFIN_20230190000_01D_30S_CLK.CLK.gz.csv
[06:04:43] [INFO] Merging individual file: step_2_0_pairs_igs_combined_IGS0OPSFIN_20242830000_01D_30S_CLK.CLK.gz.csv
[06:04:43] [DEBUG] Cleaned up individual file: step_2_0_pairs_igs_combined_IGS0OPSFIN_20242830000_01D_30S_CLK.CLK.gz.csv
[06:04:43] [INFO] Merging individual file: step_2_0_pairs_igs_combined_IGS0OPSFIN_20232200000_01D_30S_CLK.CLK.gz.csv
[06:04:43] [DEBUG] Cleaned up individual file: step_2_0_pairs_igs_combined_IGS0OPSFIN_20232200000_01D_30S_CLK.CLK.gz.csv
[06:04:43] [INFO] Merging individual file: step_2_0_pairs_igs_combined_IGS0OPSFIN_20241000000_01D_30S_CLK.CLK.gz.csv
[06:04:43] [DEBUG] Cleaned up individual file: step_2_0_pairs_igs_combined_IGS0OPSFIN_20241000000_01D_30S_CLK.CLK.gz.csv
[06:04:43] [INFO] Merging individual file: step_2_0_pairs_igs_combined_IGS0OPSFIN_20250110000_01D_30S_CLK.CLK.gz.csv
[06:04:43] [DEBUG] Cleaned up individual file: step_2_0_pairs_igs_combined_IGS0OPSFIN_20250110000_01D_30S_CLK.CLK.gz.csv
[06:04:43] [INFO] Merging individual file: step_2_0_pairs_igs_combined_IGS0OPSFIN_20231020000_01D_30S_CLK.CLK.gz.csv
[06:04:43] [DEBUG] Cleaned up individual file: step_2_0_pairs_igs_combined_IGS0OPSFIN_20231020000_01D_30S_CLK.CLK.gz.csv
[06:04:43] [INFO] Merging individual file: step_2_0_pairs_igs_combined_IGS0OPSFIN_20241940000_01D_30S_CLK.CLK.gz.csv
[06:04:43] [DEBUG] Cleaned up individual file: step_2_0_pairs_igs_combined_IGS0OPSFIN_20241940000_01D_30S_CLK.CLK.gz.csv
[06:04:43] [INFO] Merging individual file: step_2_0_pairs_igs_combined_IGS0OPSFIN_20231260000_01D_30S_CLK.CLK.gz.csv
[06:04:43] [DEBUG] Cleaned up individual file: step_2_0_pairs_igs_combined_IGS0OPSFIN_20231260000_01D_30S_CLK.CLK.gz.csv
[06:04:43] [INFO] Merging individual file: step_2_0_pairs_igs_combined_IGS0OPSFIN_20231960000_01D_30S_CLK.CLK.gz.csv
[06:04:43] [DEBUG] Cleaned up individual file: step_2_0_pairs_igs_combined_IGS0OPSFIN_20231960000_01D_30S_CLK.CLK.gz.csv
[06:04:43] [INFO] Merging individual file: step_2_0_pairs_igs_combined_IGS0OPSFIN_20242860000_01D_30S_CLK.CLK.gz.csv
[06:04:43] [DEBUG] Cleaned up individual file: step_2_0_pairs_igs_combined_IGS0OPSFIN_20242860000_01D_30S_CLK.CLK.gz.csv
[06:04:43] [INFO] Merging individual file: step_2_0_pairs_igs_combined_IGS0OPSFIN_20232870000_01D_30S_CLK.CLK.gz.csv
[06:04:43] [DEBUG] Cleaned up individual file: step_2_0_pairs_igs_combined_IGS0OPSFIN_20232870000_01D_30S_CLK.CLK.gz.csv
[06:04:43] [INFO] Merging individual file: step_2_0_pairs_igs_combined_IGS0OPSFIN_20232970000_01D_30S_CLK.CLK.gz.csv
[06:04:44] [DEBUG] Cleaned up individual file: step_2_0_pairs_igs_combined_IGS0OPSFIN_20232970000_01D_30S_CLK.CLK.gz.csv
[06:04:44] [INFO] Merging individual file: step_2_0_pairs_igs_combined_IGS0OPSFIN_20243060000_01D_30S_CLK.CLK.gz.csv
[06:04:44] [DEBUG] Cleaned up individual file: step_2_0_pairs_igs_combined_IGS0OPSFIN_20243060000_01D_30S_CLK.CLK.gz.csv
[06:04:44] [INFO] Merging individual file: step_2_0_pairs_igs_combined_IGS0OPSFIN_20242240000_01D_30S_CLK.CLK.gz.csv
[06:04:44] [DEBUG] Cleaned up individual file: step_2_0_pairs_igs_combined_IGS0OPSFIN_20242240000_01D_30S_CLK.CLK.gz.csv
[06:04:44] [INFO] Merging individual file: step_2_0_pairs_igs_combined_IGS0OPSFIN_20241770000_01D_30S_CLK.CLK.gz.csv
[06:04:44] [DEBUG] Cleaned up individual file: step_2_0_pairs_igs_combined_IGS0OPSFIN_20241770000_01D_30S_CLK.CLK.gz.csv
[06:04:44] [INFO] Merging individual file: step_2_0_pairs_igs_combined_IGS0OPSFIN_20243070000_01D_30S_CLK.CLK.gz.csv
[06:04:44] [DEBUG] Cleaned up individual file: step_2_0_pairs_igs_combined_IGS0OPSFIN_20243070000_01D_30S_CLK.CLK.gz.csv
[06:04:44] [INFO] Merging individual file: step_2_0_pairs_igs_combined_IGS0OPSFIN_20242230000_01D_30S_CLK.CLK.gz.csv
[06:04:44] [DEBUG] Cleaned up individual file: step_2_0_pairs_igs_combined_IGS0OPSFIN_20242230000_01D_30S_CLK.CLK.gz.csv
[06:04:44] [INFO] Merging individual file: step_2_0_pairs_igs_combined_IGS0OPSFIN_20232400000_01D_30S_CLK.CLK.gz.csv
[06:04:44] [DEBUG] Cleaned up individual file: step_2_0_pairs_igs_combined_IGS0OPSFIN_20232400000_01D_30S_CLK.CLK.gz.csv
[06:04:44] [INFO] Merging individual file: step_2_0_pairs_igs_combined_IGS0OPSFIN_20231620000_01D_30S_CLK.CLK.gz.csv
[06:04:44] [DEBUG] Cleaned up individual file: step_2_0_pairs_igs_combined_IGS0OPSFIN_20231620000_01D_30S_CLK.CLK.gz.csv
[06:04:44] [INFO] Merging individual file: step_2_0_pairs_igs_combined_IGS0OPSFIN_20251040000_01D_30S_CLK.CLK.gz.csv
[06:04:44] [DEBUG] Cleaned up individual file: step_2_0_pairs_igs_combined_IGS0OPSFIN_20251040000_01D_30S_CLK.CLK.gz.csv
[06:04:44] [INFO] Merging individual file: step_2_0_pairs_igs_combined_IGS0OPSFIN_20242290000_01D_30S_CLK.CLK.gz.csv
[06:04:44] [DEBUG] Cleaned up individual file: step_2_0_pairs_igs_combined_IGS0OPSFIN_20242290000_01D_30S_CLK.CLK.gz.csv
[06:04:44] [INFO] Merging individual file: step_2_0_pairs_igs_combined_IGS0OPSFIN_20233570000_01D_30S_CLK.CLK.gz.csv
[06:04:45] [DEBUG] Cleaned up individual file: step_2_0_pairs_igs_combined_IGS0OPSFIN_20233570000_01D_30S_CLK.CLK.gz.csv
[06:04:45] [INFO] Merging individual file: step_2_0_pairs_igs_combined_IGS0OPSFIN_20242030000_01D_30S_CLK.CLK.gz.csv
[06:04:45] [DEBUG] Cleaned up individual file: step_2_0_pairs_igs_combined_IGS0OPSFIN_20242030000_01D_30S_CLK.CLK.gz.csv
[06:04:45] [INFO] Merging individual file: step_2_0_pairs_igs_combined_IGS0OPSFIN_20243330000_01D_30S_CLK.CLK.gz.csv
[06:04:45] [DEBUG] Cleaned up individual file: step_2_0_pairs_igs_combined_IGS0OPSFIN_20243330000_01D_30S_CLK.CLK.gz.csv
[06:04:45] [INFO] Merging individual file: step_2_0_pairs_igs_combined_IGS0OPSFIN_20243150000_01D_30S_CLK.CLK.gz.csv
[06:04:45] [DEBUG] Cleaned up individual file: step_2_0_pairs_igs_combined_IGS0OPSFIN_20243150000_01D_30S_CLK.CLK.gz.csv
[06:04:45] [INFO] Merging individual file: step_2_0_pairs_igs_combined_IGS0OPSFIN_20241790000_01D_30S_CLK.CLK.gz.csv
[06:04:45] [DEBUG] Cleaned up individual file: step_2_0_pairs_igs_combined_IGS0OPSFIN_20241790000_01D_30S_CLK.CLK.gz.csv
[06:04:45] [INFO] Merging individual file: step_2_0_pairs_igs_combined_IGS0OPSFIN_20241900000_01D_30S_CLK.CLK.gz.csv
[06:04:45] [DEBUG] Cleaned up individual file: step_2_0_pairs_igs_combined_IGS0OPSFIN_20241900000_01D_30S_CLK.CLK.gz.csv
[06:04:45] [INFO] Merging individual file: step_2_0_pairs_igs_combined_IGS0OPSFIN_20243500000_01D_30S_CLK.CLK.gz.csv
[06:04:45] [DEBUG] Cleaned up individual file: step_2_0_pairs_igs_combined_IGS0OPSFIN_20243500000_01D_30S_CLK.CLK.gz.csv
[06:04:45] [INFO] Merging individual file: step_2_0_pairs_igs_combined_IGS0OPSFIN_20232640000_01D_30S_CLK.CLK.gz.csv
[06:04:45] [DEBUG] Cleaned up individual file: step_2_0_pairs_igs_combined_IGS0OPSFIN_20232640000_01D_30S_CLK.CLK.gz.csv
[06:04:45] [INFO] Merging individual file: step_2_0_pairs_igs_combined_IGS0OPSFIN_20240390000_01D_30S_CLK.CLK.gz.csv
[06:04:45] [DEBUG] Cleaned up individual file: step_2_0_pairs_igs_combined_IGS0OPSFIN_20240390000_01D_30S_CLK.CLK.gz.csv
[06:04:45] [INFO] Merging individual file: step_2_0_pairs_igs_combined_IGS0OPSFIN_20241850000_01D_30S_CLK.CLK.gz.csv
[06:04:45] [DEBUG] Cleaned up individual file: step_2_0_pairs_igs_combined_IGS0OPSFIN_20241850000_01D_30S_CLK.CLK.gz.csv
[06:04:45] [INFO] Merging individual file: step_2_0_pairs_igs_combined_IGS0OPSFIN_20241030000_01D_30S_CLK.CLK.gz.csv
[06:04:46] [DEBUG] Cleaned up individual file: step_2_0_pairs_igs_combined_IGS0OPSFIN_20241030000_01D_30S_CLK.CLK.gz.csv
[06:04:46] [INFO] Merging individual file: step_2_0_pairs_igs_combined_IGS0OPSFIN_20251530000_01D_30S_CLK.CLK.gz.csv
[06:04:46] [DEBUG] Cleaned up individual file: step_2_0_pairs_igs_combined_IGS0OPSFIN_20251530000_01D_30S_CLK.CLK.gz.csv
[06:04:46] [INFO] Merging individual file: step_2_0_pairs_igs_combined_IGS0OPSFIN_20251520000_01D_30S_CLK.CLK.gz.csv
[06:04:46] [DEBUG] Cleaned up individual file: step_2_0_pairs_igs_combined_IGS0OPSFIN_20251520000_01D_30S_CLK.CLK.gz.csv
[06:04:46] [INFO] Merging individual file: step_2_0_pairs_igs_combined_IGS0OPSFIN_20241070000_01D_30S_CLK.CLK.gz.csv
[06:04:46] [DEBUG] Cleaned up individual file: step_2_0_pairs_igs_combined_IGS0OPSFIN_20241070000_01D_30S_CLK.CLK.gz.csv
[06:04:46] [INFO] Merging individual file: step_2_0_pairs_igs_combined_IGS0OPSFIN_20232260000_01D_30S_CLK.CLK.gz.csv
[06:04:46] [DEBUG] Cleaned up individual file: step_2_0_pairs_igs_combined_IGS0OPSFIN_20232260000_01D_30S_CLK.CLK.gz.csv
[06:04:46] [INFO] Merging individual file: step_2_0_pairs_igs_combined_IGS0OPSFIN_20241010000_01D_30S_CLK.CLK.gz.csv
[06:04:46] [DEBUG] Cleaned up individual file: step_2_0_pairs_igs_combined_IGS0OPSFIN_20241010000_01D_30S_CLK.CLK.gz.csv
[06:04:46] [INFO] Merging individual file: step_2_0_pairs_igs_combined_IGS0OPSFIN_20251330000_01D_30S_CLK.CLK.gz.csv
[06:04:46] [DEBUG] Cleaned up individual file: step_2_0_pairs_igs_combined_IGS0OPSFIN_20251330000_01D_30S_CLK.CLK.gz.csv
[06:04:46] [INFO] Merging individual file: step_2_0_pairs_igs_combined_IGS0OPSFIN_20232960000_01D_30S_CLK.CLK.gz.csv
[06:04:46] [DEBUG] Cleaned up individual file: step_2_0_pairs_igs_combined_IGS0OPSFIN_20232960000_01D_30S_CLK.CLK.gz.csv
[06:04:46] [INFO] Merging individual file: step_2_0_pairs_igs_combined_IGS0OPSFIN_20232290000_01D_30S_CLK.CLK.gz.csv
[06:04:46] [DEBUG] Cleaned up individual file: step_2_0_pairs_igs_combined_IGS0OPSFIN_20232290000_01D_30S_CLK.CLK.gz.csv
[06:04:46] [INFO] Merging individual file: step_2_0_pairs_igs_combined_IGS0OPSFIN_20242700000_01D_30S_CLK.CLK.gz.csv
[06:04:47] [DEBUG] Cleaned up individual file: step_2_0_pairs_igs_combined_IGS0OPSFIN_20242700000_01D_30S_CLK.CLK.gz.csv
[06:04:47] [INFO] Merging individual file: step_2_0_pairs_igs_combined_IGS0OPSFIN_20251350000_01D_30S_CLK.CLK.gz.csv
[06:04:47] [DEBUG] Cleaned up individual file: step_2_0_pairs_igs_combined_IGS0OPSFIN_20251350000_01D_30S_CLK.CLK.gz.csv
[06:04:47] [INFO] Merging individual file: step_2_0_pairs_igs_combined_IGS0OPSFIN_20242470000_01D_30S_CLK.CLK.gz.csv
[06:04:47] [DEBUG] Cleaned up individual file: step_2_0_pairs_igs_combined_IGS0OPSFIN_20242470000_01D_30S_CLK.CLK.gz.csv
[06:04:47] [INFO] Merging individual file: step_2_0_pairs_igs_combined_IGS0OPSFIN_20242310000_01D_30S_CLK.CLK.gz.csv
[06:04:47] [DEBUG] Cleaned up individual file: step_2_0_pairs_igs_combined_IGS0OPSFIN_20242310000_01D_30S_CLK.CLK.gz.csv
[06:04:47] [INFO] Merging individual file: step_2_0_pairs_igs_combined_IGS0OPSFIN_20232900000_01D_30S_CLK.CLK.gz.csv
[06:04:47] [DEBUG] Cleaned up individual file: step_2_0_pairs_igs_combined_IGS0OPSFIN_20232900000_01D_30S_CLK.CLK.gz.csv
[06:04:47] [INFO] Merging individual file: step_2_0_pairs_igs_combined_IGS0OPSFIN_20251400000_01D_30S_CLK.CLK.gz.csv
[06:04:47] [DEBUG] Cleaned up individual file: step_2_0_pairs_igs_combined_IGS0OPSFIN_20251400000_01D_30S_CLK.CLK.gz.csv
[06:04:47] [INFO] Merging individual file: step_2_0_pairs_igs_combined_IGS0OPSFIN_20250150000_01D_30S_CLK.CLK.gz.csv
[06:04:47] [DEBUG] Cleaned up individual file: step_2_0_pairs_igs_combined_IGS0OPSFIN_20250150000_01D_30S_CLK.CLK.gz.csv
[06:04:47] [INFO] Merging individual file: step_2_0_pairs_igs_combined_IGS0OPSFIN_20233630000_01D_30S_CLK.CLK.gz.csv
[06:04:47] [DEBUG] Cleaned up individual file: step_2_0_pairs_igs_combined_IGS0OPSFIN_20233630000_01D_30S_CLK.CLK.gz.csv
[06:04:47] [INFO] Merging individual file: step_2_0_pairs_igs_combined_IGS0OPSFIN_20250940000_01D_30S_CLK.CLK.gz.csv
[06:04:48] [DEBUG] Cleaned up individual file: step_2_0_pairs_igs_combined_IGS0OPSFIN_20250940000_01D_30S_CLK.CLK.gz.csv
[06:04:48] [INFO] Merging individual file: step_2_0_pairs_igs_combined_IGS0OPSFIN_20240300000_01D_30S_CLK.CLK.gz.csv
[06:04:48] [DEBUG] Cleaned up individual file: step_2_0_pairs_igs_combined_IGS0OPSFIN_20240300000_01D_30S_CLK.CLK.gz.csv
[06:04:48] [INFO] Merging individual file: step_2_0_pairs_igs_combined_IGS0OPSFIN_20243570000_01D_30S_CLK.CLK.gz.csv
[06:04:48] [DEBUG] Cleaned up individual file: step_2_0_pairs_igs_combined_IGS0OPSFIN_20243570000_01D_30S_CLK.CLK.gz.csv
[06:04:48] [INFO] Merging individual file: step_2_0_pairs_igs_combined_IGS0OPSFIN_20233100000_01D_30S_CLK.CLK.gz.csv
[06:04:48] [DEBUG] Cleaned up individual file: step_2_0_pairs_igs_combined_IGS0OPSFIN_20233100000_01D_30S_CLK.CLK.gz.csv
[06:04:48] [INFO] Merging individual file: step_2_0_pairs_igs_combined_IGS0OPSFIN_20241250000_01D_30S_CLK.CLK.gz.csv
[06:04:48] [DEBUG] Cleaned up individual file: step_2_0_pairs_igs_combined_IGS0OPSFIN_20241250000_01D_30S_CLK.CLK.gz.csv
[06:04:48] [INFO] Merging individual file: step_2_0_pairs_igs_combined_IGS0OPSFIN_20231660000_01D_30S_CLK.CLK.gz.csv
[06:04:48] [DEBUG] Cleaned up individual file: step_2_0_pairs_igs_combined_IGS0OPSFIN_20231660000_01D_30S_CLK.CLK.gz.csv
[06:04:48] [INFO] Merging individual file: step_2_0_pairs_igs_combined_IGS0OPSFIN_20250720000_01D_30S_CLK.CLK.gz.csv
[06:04:48] [DEBUG] Cleaned up individual file: step_2_0_pairs_igs_combined_IGS0OPSFIN_20250720000_01D_30S_CLK.CLK.gz.csv
[06:04:48] [INFO] Merging individual file: step_2_0_pairs_igs_combined_IGS0OPSFIN_20232720000_01D_30S_CLK.CLK.gz.csv
[06:04:48] [DEBUG] Cleaned up individual file: step_2_0_pairs_igs_combined_IGS0OPSFIN_20232720000_01D_30S_CLK.CLK.gz.csv
[06:04:48] [INFO] Merging individual file: step_2_0_pairs_igs_combined_IGS0OPSFIN_20250090000_01D_30S_CLK.CLK.gz.csv
[06:04:48] [DEBUG] Cleaned up individual file: step_2_0_pairs_igs_combined_IGS0OPSFIN_20250090000_01D_30S_CLK.CLK.gz.csv
[06:04:48] [INFO] Merging individual file: step_2_0_pairs_igs_combined_IGS0OPSFIN_20250690000_01D_30S_CLK.CLK.gz.csv
[06:04:48] [DEBUG] Cleaned up individual file: step_2_0_pairs_igs_combined_IGS0OPSFIN_20250690000_01D_30S_CLK.CLK.gz.csv
[06:04:48] [INFO] Merging individual file: step_2_0_pairs_igs_combined_IGS0OPSFIN_20241460000_01D_30S_CLK.CLK.gz.csv
[06:04:48] [DEBUG] Cleaned up individual file: step_2_0_pairs_igs_combined_IGS0OPSFIN_20241460000_01D_30S_CLK.CLK.gz.csv
[06:04:48] [INFO] Merging individual file: step_2_0_pairs_igs_combined_IGS0OPSFIN_20243270000_01D_30S_CLK.CLK.gz.csv
[06:04:49] [DEBUG] Cleaned up individual file: step_2_0_pairs_igs_combined_IGS0OPSFIN_20243270000_01D_30S_CLK.CLK.gz.csv
[06:04:49] [INFO] Merging individual file: step_2_0_pairs_igs_combined_IGS0OPSFIN_20241540000_01D_30S_CLK.CLK.gz.csv
[06:04:49] [DEBUG] Cleaned up individual file: step_2_0_pairs_igs_combined_IGS0OPSFIN_20241540000_01D_30S_CLK.CLK.gz.csv
[06:04:49] [INFO] Merging individual file: step_2_0_pairs_igs_combined_IGS0OPSFIN_20251500000_01D_30S_CLK.CLK.gz.csv
[06:04:49] [DEBUG] Cleaned up individual file: step_2_0_pairs_igs_combined_IGS0OPSFIN_20251500000_01D_30S_CLK.CLK.gz.csv
[06:04:49] [INFO] Merging individual file: step_2_0_pairs_igs_combined_IGS0OPSFIN_20232490000_01D_30S_CLK.CLK.gz.csv
[06:04:49] [DEBUG] Cleaned up individual file: step_2_0_pairs_igs_combined_IGS0OPSFIN_20232490000_01D_30S_CLK.CLK.gz.csv
[06:04:49] [INFO] Merging individual file: step_2_0_pairs_igs_combined_IGS0OPSFIN_20233450000_01D_30S_CLK.CLK.gz.csv
[06:04:49] [DEBUG] Cleaned up individual file: step_2_0_pairs_igs_combined_IGS0OPSFIN_20233450000_01D_30S_CLK.CLK.gz.csv
[06:04:49] [INFO] Merging individual file: step_2_0_pairs_igs_combined_IGS0OPSFIN_20230610000_01D_30S_CLK.CLK.gz.csv
[06:04:49] [DEBUG] Cleaned up individual file: step_2_0_pairs_igs_combined_IGS0OPSFIN_20230610000_01D_30S_CLK.CLK.gz.csv
[06:04:49] [INFO] Merging individual file: step_2_0_pairs_igs_combined_IGS0OPSFIN_20243010000_01D_30S_CLK.CLK.gz.csv
[06:04:49] [DEBUG] Cleaned up individual file: step_2_0_pairs_igs_combined_IGS0OPSFIN_20243010000_01D_30S_CLK.CLK.gz.csv
[06:04:49] [INFO] Merging individual file: step_2_0_pairs_igs_combined_IGS0OPSFIN_20233380000_01D_30S_CLK.CLK.gz.csv
[06:04:49] [DEBUG] Cleaned up individual file: step_2_0_pairs_igs_combined_IGS0OPSFIN_20233380000_01D_30S_CLK.CLK.gz.csv
[06:04:49] [INFO] Merging individual file: step_2_0_pairs_igs_combined_IGS0OPSFIN_20232620000_01D_30S_CLK.CLK.gz.csv
[06:04:49] [DEBUG] Cleaned up individual file: step_2_0_pairs_igs_combined_IGS0OPSFIN_20232620000_01D_30S_CLK.CLK.gz.csv
[06:04:49] [INFO] Merging individual file: step_2_0_pairs_igs_combined_IGS0OPSFIN_20231420000_01D_30S_CLK.CLK.gz.csv
[06:04:49] [DEBUG] Cleaned up individual file: step_2_0_pairs_igs_combined_IGS0OPSFIN_20231420000_01D_30S_CLK.CLK.gz.csv
[06:04:49] [INFO] Merging individual file: step_2_0_pairs_igs_combined_IGS0OPSFIN_20243370000_01D_30S_CLK.CLK.gz.csv
[06:04:49] [DEBUG] Cleaned up individual file: step_2_0_pairs_igs_combined_IGS0OPSFIN_20243370000_01D_30S_CLK.CLK.gz.csv
[06:04:49] [INFO] Merging individual file: step_2_0_pairs_igs_combined_IGS0OPSFIN_20250370000_01D_30S_CLK.CLK.gz.csv
[06:04:50] [DEBUG] Cleaned up individual file: step_2_0_pairs_igs_combined_IGS0OPSFIN_20250370000_01D_30S_CLK.CLK.gz.csv
[06:04:50] [INFO] Merging individual file: step_2_0_pairs_igs_combined_IGS0OPSFIN_20242120000_01D_30S_CLK.CLK.gz.csv
[06:04:50] [DEBUG] Cleaned up individual file: step_2_0_pairs_igs_combined_IGS0OPSFIN_20242120000_01D_30S_CLK.CLK.gz.csv
[06:04:50] [INFO] Merging individual file: step_2_0_pairs_igs_combined_IGS0OPSFIN_20240820000_01D_30S_CLK.CLK.gz.csv
[06:04:50] [DEBUG] Cleaned up individual file: step_2_0_pairs_igs_combined_IGS0OPSFIN_20240820000_01D_30S_CLK.CLK.gz.csv
[06:04:50] [INFO] Merging individual file: step_2_0_pairs_igs_combined_IGS0OPSFIN_20240480000_01D_30S_CLK.CLK.gz.csv
[06:04:50] [DEBUG] Cleaned up individual file: step_2_0_pairs_igs_combined_IGS0OPSFIN_20240480000_01D_30S_CLK.CLK.gz.csv
[06:04:50] [INFO] Merging individual file: step_2_0_pairs_igs_combined_IGS0OPSFIN_20242360000_01D_30S_CLK.CLK.gz.csv
[06:04:50] [DEBUG] Cleaned up individual file: step_2_0_pairs_igs_combined_IGS0OPSFIN_20242360000_01D_30S_CLK.CLK.gz.csv
[06:04:50] [INFO] Merging individual file: step_2_0_pairs_igs_combined_IGS0OPSFIN_20232980000_01D_30S_CLK.CLK.gz.csv
[06:04:50] [DEBUG] Cleaned up individual file: step_2_0_pairs_igs_combined_IGS0OPSFIN_20232980000_01D_30S_CLK.CLK.gz.csv
[06:04:50] [INFO] Merging individual file: step_2_0_pairs_igs_combined_IGS0OPSFIN_20240150000_01D_30S_CLK.CLK.gz.csv
[06:04:50] [DEBUG] Cleaned up individual file: step_2_0_pairs_igs_combined_IGS0OPSFIN_20240150000_01D_30S_CLK.CLK.gz.csv
[06:04:50] [INFO] Merging individual file: step_2_0_pairs_igs_combined_IGS0OPSFIN_20231520000_01D_30S_CLK.CLK.gz.csv
[06:04:50] [DEBUG] Cleaned up individual file: step_2_0_pairs_igs_combined_IGS0OPSFIN_20231520000_01D_30S_CLK.CLK.gz.csv
[06:04:50] [INFO] Merging individual file: step_2_0_pairs_igs_combined_IGS0OPSFIN_20250930000_01D_30S_CLK.CLK.gz.csv
[06:04:50] [DEBUG] Cleaned up individual file: step_2_0_pairs_igs_combined_IGS0OPSFIN_20250930000_01D_30S_CLK.CLK.gz.csv
[06:04:50] [INFO] Merging individual file: step_2_0_pairs_igs_combined_IGS0OPSFIN_20231910000_01D_30S_CLK.CLK.gz.csv
[06:04:50] [DEBUG] Cleaned up individual file: step_2_0_pairs_igs_combined_IGS0OPSFIN_20231910000_01D_30S_CLK.CLK.gz.csv
[06:04:50] [INFO] Merging individual file: step_2_0_pairs_igs_combined_IGS0OPSFIN_20250070000_01D_30S_CLK.CLK.gz.csv
[06:04:50] [DEBUG] Cleaned up individual file: step_2_0_pairs_igs_combined_IGS0OPSFIN_20250070000_01D_30S_CLK.CLK.gz.csv
[06:04:50] [INFO] Merging individual file: step_2_0_pairs_igs_combined_IGS0OPSFIN_20241240000_01D_30S_CLK.CLK.gz.csv
[06:04:50] [DEBUG] Cleaned up individual file: step_2_0_pairs_igs_combined_IGS0OPSFIN_20241240000_01D_30S_CLK.CLK.gz.csv
[06:04:50] [INFO] Merging individual file: step_2_0_pairs_igs_combined_IGS0OPSFIN_20241220000_01D_30S_CLK.CLK.gz.csv
[06:04:50] [DEBUG] Cleaned up individual file: step_2_0_pairs_igs_combined_IGS0OPSFIN_20241220000_01D_30S_CLK.CLK.gz.csv
[06:04:50] [INFO] Merging individual file: step_2_0_pairs_igs_combined_IGS0OPSFIN_20231920000_01D_30S_CLK.CLK.gz.csv
[06:04:51] [DEBUG] Cleaned up individual file: step_2_0_pairs_igs_combined_IGS0OPSFIN_20231920000_01D_30S_CLK.CLK.gz.csv
[06:04:51] [INFO] Merging individual file: step_2_0_pairs_igs_combined_IGS0OPSFIN_20250810000_01D_30S_CLK.CLK.gz.csv
[06:04:51] [DEBUG] Cleaned up individual file: step_2_0_pairs_igs_combined_IGS0OPSFIN_20250810000_01D_30S_CLK.CLK.gz.csv
[06:04:51] [INFO] Merging individual file: step_2_0_pairs_igs_combined_IGS0OPSFIN_20240220000_01D_30S_CLK.CLK.gz.csv
[06:04:51] [DEBUG] Cleaned up individual file: step_2_0_pairs_igs_combined_IGS0OPSFIN_20240220000_01D_30S_CLK.CLK.gz.csv
[06:04:51] [INFO] Merging individual file: step_2_0_pairs_igs_combined_IGS0OPSFIN_20242010000_01D_30S_CLK.CLK.gz.csv
[06:04:51] [DEBUG] Cleaned up individual file: step_2_0_pairs_igs_combined_IGS0OPSFIN_20242010000_01D_30S_CLK.CLK.gz.csv
[06:04:51] [INFO] Merging individual file: step_2_0_pairs_igs_combined_IGS0OPSFIN_20241130000_01D_30S_CLK.CLK.gz.csv
[06:04:51] [DEBUG] Cleaned up individual file: step_2_0_pairs_igs_combined_IGS0OPSFIN_20241130000_01D_30S_CLK.CLK.gz.csv
[06:04:51] [INFO] Merging individual file: step_2_0_pairs_igs_combined_IGS0OPSFIN_20230830000_01D_30S_CLK.CLK.gz.csv
[06:04:51] [DEBUG] Cleaned up individual file: step_2_0_pairs_igs_combined_IGS0OPSFIN_20230830000_01D_30S_CLK.CLK.gz.csv
[06:04:51] [INFO] Merging individual file: step_2_0_pairs_igs_combined_IGS0OPSFIN_20240020000_01D_30S_CLK.CLK.gz.csv
[06:04:51] [DEBUG] Cleaned up individual file: step_2_0_pairs_igs_combined_IGS0OPSFIN_20240020000_01D_30S_CLK.CLK.gz.csv
[06:04:51] [INFO] Merging individual file: step_2_0_pairs_igs_combined_IGS0OPSFIN_20232630000_01D_30S_CLK.CLK.gz.csv
[06:04:51] [DEBUG] Cleaned up individual file: step_2_0_pairs_igs_combined_IGS0OPSFIN_20232630000_01D_30S_CLK.CLK.gz.csv
[06:04:51] [INFO] Merging individual file: step_2_0_pairs_igs_combined_IGS0OPSFIN_20232920000_01D_30S_CLK.CLK.gz.csv
[06:04:51] [DEBUG] Cleaned up individual file: step_2_0_pairs_igs_combined_IGS0OPSFIN_20232920000_01D_30S_CLK.CLK.gz.csv
[06:04:51] [INFO] Merging individual file: step_2_0_pairs_igs_combined_IGS0OPSFIN_20233150000_01D_30S_CLK.CLK.gz.csv
[06:04:51] [DEBUG] Cleaned up individual file: step_2_0_pairs_igs_combined_IGS0OPSFIN_20233150000_01D_30S_CLK.CLK.gz.csv
[06:04:51] [INFO] Merging individual file: step_2_0_pairs_igs_combined_IGS0OPSFIN_20241370000_01D_30S_CLK.CLK.gz.csv
[06:04:51] [DEBUG] Cleaned up individual file: step_2_0_pairs_igs_combined_IGS0OPSFIN_20241370000_01D_30S_CLK.CLK.gz.csv
[06:04:51] [INFO] Merging individual file: step_2_0_pairs_igs_combined_IGS0OPSFIN_20251110000_01D_30S_CLK.CLK.gz.csv
[06:04:51] [DEBUG] Cleaned up individual file: step_2_0_pairs_igs_combined_IGS0OPSFIN_20251110000_01D_30S_CLK.CLK.gz.csv
[06:04:51] [INFO] Merging individual file: step_2_0_pairs_igs_combined_IGS0OPSFIN_20232150000_01D_30S_CLK.CLK.gz.csv
[06:04:51] [DEBUG] Cleaned up individual file: step_2_0_pairs_igs_combined_IGS0OPSFIN_20232150000_01D_30S_CLK.CLK.gz.csv
[06:04:51] [INFO] Merging individual file: step_2_0_pairs_igs_combined_IGS0OPSFIN_20250200000_01D_30S_CLK.CLK.gz.csv
[06:04:52] [DEBUG] Cleaned up individual file: step_2_0_pairs_igs_combined_IGS0OPSFIN_20250200000_01D_30S_CLK.CLK.gz.csv
[06:04:52] [INFO] Merging individual file: step_2_0_pairs_igs_combined_IGS0OPSFIN_20250740000_01D_30S_CLK.CLK.gz.csv
[06:04:52] [DEBUG] Cleaned up individual file: step_2_0_pairs_igs_combined_IGS0OPSFIN_20250740000_01D_30S_CLK.CLK.gz.csv
[06:04:52] [INFO] Merging individual file: step_2_0_pairs_igs_combined_IGS0OPSFIN_20231530000_01D_30S_CLK.CLK.gz.csv
[06:04:52] [DEBUG] Cleaned up individual file: step_2_0_pairs_igs_combined_IGS0OPSFIN_20231530000_01D_30S_CLK.CLK.gz.csv
[06:04:52] [INFO] Merging individual file: step_2_0_pairs_igs_combined_IGS0OPSFIN_20230620000_01D_30S_CLK.CLK.gz.csv
[06:04:52] [DEBUG] Cleaned up individual file: step_2_0_pairs_igs_combined_IGS0OPSFIN_20230620000_01D_30S_CLK.CLK.gz.csv
[06:04:52] [INFO] Merging individual file: step_2_0_pairs_igs_combined_IGS0OPSFIN_20231310000_01D_30S_CLK.CLK.gz.csv
[06:04:52] [DEBUG] Cleaned up individual file: step_2_0_pairs_igs_combined_IGS0OPSFIN_20231310000_01D_30S_CLK.CLK.gz.csv
[06:04:52] [INFO] Merging individual file: step_2_0_pairs_igs_combined_IGS0OPSFIN_20251010000_01D_30S_CLK.CLK.gz.csv
[06:04:52] [DEBUG] Cleaned up individual file: step_2_0_pairs_igs_combined_IGS0OPSFIN_20251010000_01D_30S_CLK.CLK.gz.csv
[06:04:52] [INFO] Merging individual file: step_2_0_pairs_igs_combined_IGS0OPSFIN_20242510000_01D_30S_CLK.CLK.gz.csv
[06:04:52] [DEBUG] Cleaned up individual file: step_2_0_pairs_igs_combined_IGS0OPSFIN_20242510000_01D_30S_CLK.CLK.gz.csv
[06:04:52] [INFO] Merging individual file: step_2_0_pairs_igs_combined_IGS0OPSFIN_20250030000_01D_30S_CLK.CLK.gz.csv
[06:04:52] [DEBUG] Cleaned up individual file: step_2_0_pairs_igs_combined_IGS0OPSFIN_20250030000_01D_30S_CLK.CLK.gz.csv
[06:04:52] [INFO] Merging individual file: step_2_0_pairs_igs_combined_IGS0OPSFIN_20243590000_01D_30S_CLK.CLK.gz.csv
[06:04:52] [DEBUG] Cleaned up individual file: step_2_0_pairs_igs_combined_IGS0OPSFIN_20243590000_01D_30S_CLK.CLK.gz.csv
[06:04:52] [INFO] Merging individual file: step_2_0_pairs_igs_combined_IGS0OPSFIN_20241730000_01D_30S_CLK.CLK.gz.csv
[06:04:52] [DEBUG] Cleaned up individual file: step_2_0_pairs_igs_combined_IGS0OPSFIN_20241730000_01D_30S_CLK.CLK.gz.csv
[06:04:52] [INFO] Merging individual file: step_2_0_pairs_igs_combined_IGS0OPSFIN_20251420000_01D_30S_CLK.CLK.gz.csv
[06:04:53] [DEBUG] Cleaned up individual file: step_2_0_pairs_igs_combined_IGS0OPSFIN_20251420000_01D_30S_CLK.CLK.gz.csv
[06:04:53] [INFO] Merging individual file: step_2_0_pairs_igs_combined_IGS0OPSFIN_20242440000_01D_30S_CLK.CLK.gz.csv
[06:04:53] [DEBUG] Cleaned up individual file: step_2_0_pairs_igs_combined_IGS0OPSFIN_20242440000_01D_30S_CLK.CLK.gz.csv
[06:04:53] [INFO] Merging individual file: step_2_0_pairs_igs_combined_IGS0OPSFIN_20230530000_01D_30S_CLK.CLK.gz.csv
[06:04:53] [DEBUG] Cleaned up individual file: step_2_0_pairs_igs_combined_IGS0OPSFIN_20230530000_01D_30S_CLK.CLK.gz.csv
[06:04:53] [INFO] Merging individual file: step_2_0_pairs_igs_combined_IGS0OPSFIN_20230660000_01D_30S_CLK.CLK.gz.csv
[06:04:53] [DEBUG] Cleaned up individual file: step_2_0_pairs_igs_combined_IGS0OPSFIN_20230660000_01D_30S_CLK.CLK.gz.csv
[06:04:53] [INFO] Merging individual file: step_2_0_pairs_igs_combined_IGS0OPSFIN_20241340000_01D_30S_CLK.CLK.gz.csv
[06:04:53] [DEBUG] Cleaned up individual file: step_2_0_pairs_igs_combined_IGS0OPSFIN_20241340000_01D_30S_CLK.CLK.gz.csv
[06:04:53] [INFO] Merging individual file: step_2_0_pairs_igs_combined_IGS0OPSFIN_20243310000_01D_30S_CLK.CLK.gz.csv
[06:04:53] [DEBUG] Cleaned up individual file: step_2_0_pairs_igs_combined_IGS0OPSFIN_20243310000_01D_30S_CLK.CLK.gz.csv
[06:04:53] [INFO] Merging individual file: step_2_0_pairs_igs_combined_IGS0OPSFIN_20250920000_01D_30S_CLK.CLK.gz.csv
[06:04:53] [DEBUG] Cleaned up individual file: step_2_0_pairs_igs_combined_IGS0OPSFIN_20250920000_01D_30S_CLK.CLK.gz.csv
[06:04:53] [INFO] Merging individual file: step_2_0_pairs_igs_combined_IGS0OPSFIN_20230810000_01D_30S_CLK.CLK.gz.csv
[06:04:53] [DEBUG] Cleaned up individual file: step_2_0_pairs_igs_combined_IGS0OPSFIN_20230810000_01D_30S_CLK.CLK.gz.csv
[06:04:53] [SUCCESS] Consolidated pair data saved: /mnt/data/results/outputs/step_2_0_pairs_consolidated_igs_combined.csv (12,879,379 pairs)
[06:04:53] [SUCCESS] Merged 0 temp files and 912 individual files into consolidated output
[06:04:53] [INFO] Running bootstrap (5000 iterations) for CI with improved stability
[06:04:53] [INFO] Bootstrap chunk 1/97: 46 successful fits
[06:04:54] [INFO] Bootstrap chunk 2/97: 40 successful fits
[06:04:54] [INFO] Bootstrap chunk 3/97: 42 successful fits
[06:04:54] [INFO] Bootstrap chunk 4/97: 41 successful fits
[06:04:54] [INFO] Bootstrap chunk 5/97: 41 successful fits
[06:04:54] [INFO] Bootstrap chunk 6/97: 35 successful fits
[06:04:55] [INFO] Bootstrap chunk 7/97: 37 successful fits
[06:04:55] [INFO] Bootstrap chunk 8/97: 39 successful fits
[06:04:55] [INFO] Bootstrap chunk 9/97: 37 successful fits
[06:04:55] [INFO] Bootstrap chunk 10/97: 37 successful fits
[06:04:55] [INFO] Bootstrap chunk 11/97: 38 successful fits
[06:04:56] [INFO] Bootstrap chunk 12/97: 39 successful fits
[06:04:56] [INFO] Bootstrap chunk 13/97: 36 successful fits
[06:04:56] [INFO] Bootstrap chunk 14/97: 35 successful fits
[06:04:56] [INFO] Bootstrap chunk 15/97: 43 successful fits
[06:04:56] [INFO] Bootstrap chunk 16/97: 39 successful fits
[06:04:57] [INFO] Bootstrap chunk 17/97: 42 successful fits
[06:04:57] [INFO] Bootstrap chunk 18/97: 41 successful fits
[06:04:57] [INFO] Bootstrap chunk 19/97: 36 successful fits
[06:04:57] [INFO] Bootstrap chunk 20/97: 36 successful fits
[06:04:57] [INFO] Bootstrap chunk 21/97: 45 successful fits
[06:04:58] [INFO] Bootstrap chunk 22/97: 42 successful fits
[06:04:58] [INFO] Bootstrap chunk 23/97: 38 successful fits
[06:04:58] [INFO] Bootstrap chunk 24/97: 29 successful fits
[06:04:58] [INFO] Bootstrap chunk 25/97: 33 successful fits
[06:04:58] [INFO] Bootstrap chunk 26/97: 34 successful fits
[06:04:59] [INFO] Bootstrap chunk 27/97: 36 successful fits
[06:04:59] [INFO] Bootstrap chunk 28/97: 35 successful fits
[06:04:59] [INFO] Bootstrap chunk 29/97: 32 successful fits
[06:04:59] [INFO] Bootstrap chunk 30/97: 33 successful fits
[06:04:59] [INFO] Bootstrap chunk 31/97: 33 successful fits
[06:05:00] [INFO] Bootstrap chunk 32/97: 39 successful fits
[06:05:00] [INFO] Bootstrap chunk 33/97: 41 successful fits
[06:05:00] [INFO] Bootstrap chunk 34/97: 37 successful fits
[06:05:00] [INFO] Bootstrap chunk 35/97: 41 successful fits
[06:05:00] [INFO] Bootstrap chunk 36/97: 37 successful fits
[06:05:01] [INFO] Bootstrap chunk 37/97: 39 successful fits
[06:05:01] [INFO] Bootstrap chunk 38/97: 36 successful fits
[06:05:01] [INFO] Bootstrap chunk 39/97: 37 successful fits
[06:05:01] [INFO] Bootstrap chunk 40/97: 35 successful fits
[06:05:01] [INFO] Bootstrap chunk 41/97: 36 successful fits
[06:05:02] [INFO] Bootstrap chunk 42/97: 38 successful fits
[06:05:02] [INFO] Bootstrap chunk 43/97: 40 successful fits
[06:05:02] [INFO] Bootstrap chunk 44/97: 42 successful fits
[06:05:02] [INFO] Bootstrap chunk 45/97: 40 successful fits
[06:05:03] [INFO] Bootstrap chunk 46/97: 35 successful fits
[06:05:03] [INFO] Bootstrap chunk 47/97: 37 successful fits
[06:05:03] [INFO] Bootstrap chunk 48/97: 35 successful fits
[06:05:03] [INFO] Bootstrap chunk 49/97: 37 successful fits
[06:05:03] [INFO] Bootstrap chunk 50/97: 36 successful fits
[06:05:04] [INFO] Bootstrap chunk 51/97: 36 successful fits
[06:05:04] [INFO] Bootstrap chunk 52/97: 40 successful fits
[06:05:04] [INFO] Bootstrap chunk 53/97: 41 successful fits
[06:05:04] [INFO] Bootstrap chunk 54/97: 30 successful fits
[06:05:04] [INFO] Bootstrap chunk 55/97: 37 successful fits
[06:05:05] [INFO] Bootstrap chunk 56/97: 41 successful fits
[06:05:05] [INFO] Bootstrap chunk 57/97: 38 successful fits
[06:05:05] [INFO] Bootstrap chunk 58/97: 36 successful fits
[06:05:05] [INFO] Bootstrap chunk 59/97: 37 successful fits
[06:05:05] [INFO] Bootstrap chunk 60/97: 38 successful fits
[06:05:06] [INFO] Bootstrap chunk 61/97: 38 successful fits
[06:05:06] [INFO] Bootstrap chunk 62/97: 34 successful fits
[06:05:06] [INFO] Bootstrap chunk 63/97: 34 successful fits
[06:05:06] [INFO] Bootstrap chunk 64/97: 39 successful fits
[06:05:06] [INFO] Bootstrap chunk 65/97: 40 successful fits
[06:05:07] [INFO] Bootstrap chunk 66/97: 37 successful fits
[06:05:07] [INFO] Bootstrap chunk 67/97: 37 successful fits
[06:05:07] [INFO] Bootstrap chunk 68/97: 38 successful fits
[06:05:07] [INFO] Bootstrap chunk 69/97: 34 successful fits
[06:05:07] [INFO] Bootstrap chunk 70/97: 37 successful fits
[06:05:08] [INFO] Bootstrap chunk 71/97: 32 successful fits
[06:05:08] [INFO] Bootstrap chunk 72/97: 36 successful fits
[06:05:08] [INFO] Bootstrap chunk 73/97: 33 successful fits
[06:05:08] [INFO] Bootstrap chunk 74/97: 34 successful fits
[06:05:08] [INFO] Bootstrap chunk 75/97: 42 successful fits
[06:05:09] [INFO] Bootstrap chunk 76/97: 37 successful fits
[06:05:09] [INFO] Bootstrap chunk 77/97: 34 successful fits
[06:05:09] [INFO] Bootstrap chunk 78/97: 37 successful fits
[06:05:09] [INFO] Bootstrap chunk 79/97: 33 successful fits
[06:05:09] [INFO] Bootstrap chunk 80/97: 34 successful fits
[06:05:10] [INFO] Bootstrap chunk 81/97: 40 successful fits
[06:05:10] [INFO] Bootstrap chunk 82/97: 39 successful fits
[06:05:10] [INFO] Bootstrap chunk 83/97: 34 successful fits
[06:05:10] [INFO] Bootstrap chunk 84/97: 42 successful fits
[06:05:10] [INFO] Bootstrap chunk 85/97: 29 successful fits
[06:05:11] [INFO] Bootstrap chunk 86/97: 41 successful fits
[06:05:11] [INFO] Bootstrap chunk 87/97: 40 successful fits
[06:05:11] [INFO] Bootstrap chunk 88/97: 35 successful fits
[06:05:11] [INFO] Bootstrap chunk 89/97: 29 successful fits
[06:05:11] [INFO] Bootstrap chunk 90/97: 36 successful fits
[06:05:12] [INFO] Bootstrap chunk 91/97: 33 successful fits
[06:05:12] [INFO] Bootstrap chunk 92/97: 38 successful fits
[06:05:12] [INFO] Bootstrap chunk 93/97: 34 successful fits
[06:05:12] [INFO] Bootstrap chunk 94/97: 31 successful fits
[06:05:12] [INFO] Bootstrap chunk 95/97: 32 successful fits
[06:05:13] [INFO] Bootstrap chunk 96/97: 33 successful fits
[06:05:13] [INFO] Bootstrap chunk 97/97: 7 successful fits
[06:05:13] [SUCCESS] Bootstrap completed: 3555/5000 successful (71.1%)
[06:05:13] [SUCCESS] Bootstrap CI computed
[06:05:13] [SUCCESS] Results saved: /mnt/data/results/outputs/step_2_0_correlation_igs_combined.json
[06:05:13] [INFO] 
[06:05:13] [INFO] ============================================================
[06:05:13] [INFO] PROCESSING ESA_FINAL - Phase-Coherent Analysis
[06:05:13] [INFO] ============================================================
[06:05:13] [INFO] TEP-GNSS Phase-Coherent Correlation Analysis - ESA_FINAL
[06:05:13] [SUCCESS] Found 912 ESA_FINAL files to process
[06:05:13] [INFO] Data directory: /mnt/data/data/raw/esa_final
[06:05:13] [INFO] File size range: 2.3 - 7.7 MB
[06:05:13] [SUCCESS] Binning configuration: 40 bins from 50 to 13000.0 km
[06:05:13] [INFO] Minimum 50 pairs required per bin for fitting
[06:05:13] [INFO] Distance bin edges: 50.0, 57.5, ..., 11312.8, 13000.0 km
[06:05:13] [SUCCESS] Using 96 parallel workers (96 CPU cores available)
[06:05:13] [INFO] No valid checkpoint found, starting fresh
[06:05:13] [INFO] Using provided distance cache with 587,522 cached distances
[06:05:13] [PROCESS] Initializing persistent worker pool with 96 workers...
[06:05:13] [PROCESS] Processing batch 1: 192 files
[06:05:58] [SUCCESS] ESA0OPSFIN_20230060000_01D_30S_CLK.CLK.gz: 11,026 pairs
[06:05:58] [SUCCESS] ESA0OPSFIN_20230240000_01D_30S_CLK.CLK.gz: 11,026 pairs
[06:05:58] [SUCCESS] ESA0OPSFIN_20230960000_01D_30S_CLK.CLK.gz: 11,175 pairs
[06:05:58] [SUCCESS] ESA0OPSFIN_20230620000_01D_30S_CLK.CLK.gz: 11,175 pairs
[06:05:58] [SUCCESS] ESA0OPSFIN_20230090000_01D_30S_CLK.CLK.gz: 11,026 pairs
[06:05:58] [SUCCESS] ESA0OPSFIN_20230610000_01D_30S_CLK.CLK.gz: 11,175 pairs
[06:05:58] [SUCCESS] ESA0OPSFIN_20230100000_01D_30S_CLK.CLK.gz: 11,175 pairs
[06:05:58] [SUCCESS] ESA0OPSFIN_20230920000_01D_30S_CLK.CLK.gz: 11,175 pairs
[06:05:58] [SUCCESS] ESA0OPSFIN_20230170000_01D_30S_CLK.CLK.gz: 11,175 pairs
[06:05:58] [SUCCESS] ESA0OPSFIN_20230760000_01D_30S_CLK.CLK.gz: 11,175 pairs
[06:05:58] [SUCCESS] ESA0OPSFIN_20230950000_01D_30S_CLK.CLK.gz: 11,175 pairs
[06:05:58] [SUCCESS] ESA0OPSFIN_20230670000_01D_30S_CLK.CLK.gz: 11,175 pairs
[06:05:58] [SUCCESS] ESA0OPSFIN_20230940000_01D_30S_CLK.CLK.gz: 11,175 pairs
[06:05:58] [SUCCESS] ESA0OPSFIN_20230740000_01D_30S_CLK.CLK.gz: 11,175 pairs
[06:05:58] [SUCCESS] ESA0OPSFIN_20230660000_01D_30S_CLK.CLK.gz: 11,175 pairs
[06:05:58] [SUCCESS] ESA0OPSFIN_20230600000_01D_30S_CLK.CLK.gz: 11,175 pairs
[06:05:58] [SUCCESS] ESA0OPSFIN_20230070000_01D_30S_CLK.CLK.gz: 11,175 pairs
[06:05:58] [SUCCESS] ESA0OPSFIN_20230850000_01D_30S_CLK.CLK.gz: 11,175 pairs
[06:05:58] [SUCCESS] ESA0OPSFIN_20230810000_01D_30S_CLK.CLK.gz: 11,175 pairs
[06:05:58] [SUCCESS] ESA0OPSFIN_20230120000_01D_30S_CLK.CLK.gz: 11,175 pairs
[06:05:58] [SUCCESS] ESA0OPSFIN_20230630000_01D_30S_CLK.CLK.gz: 11,175 pairs
[06:05:59] [SUCCESS] ESA0OPSFIN_20230820000_01D_30S_CLK.CLK.gz: 11,175 pairs
[06:05:59] [SUCCESS] ESA0OPSFIN_20230700000_01D_30S_CLK.CLK.gz: 11,175 pairs
[06:05:59] [SUCCESS] ESA0OPSFIN_20230860000_01D_30S_CLK.CLK.gz: 11,175 pairs
[06:05:59] [SUCCESS] ESA0OPSFIN_20230590000_01D_30S_CLK.CLK.gz: 11,175 pairs
[06:05:59] [SUCCESS] ESA0OPSFIN_20230010000_01D_30S_CLK.CLK.gz: 11,175 pairs
[06:05:59] [SUCCESS] ESA0OPSFIN_20230220000_01D_30S_CLK.CLK.gz: 11,175 pairs
[06:05:59] [SUCCESS] ESA0OPSFIN_20230780000_01D_30S_CLK.CLK.gz: 11,175 pairs
[06:05:59] [SUCCESS] ESA0OPSFIN_20230050000_01D_30S_CLK.CLK.gz: 11,175 pairs
[06:05:59] [SUCCESS] ESA0OPSFIN_20230320000_01D_30S_CLK.CLK.gz: 11,175 pairs
[06:05:59] [SUCCESS] ESA0OPSFIN_20230840000_01D_30S_CLK.CLK.gz: 11,175 pairs
[06:05:59] [SUCCESS] ESA0OPSFIN_20230880000_01D_30S_CLK.CLK.gz: 11,175 pairs
[06:05:59] [SUCCESS] ESA0OPSFIN_20230560000_01D_30S_CLK.CLK.gz: 11,175 pairs
[06:05:59] [SUCCESS] ESA0OPSFIN_20230640000_01D_30S_CLK.CLK.gz: 11,175 pairs
[06:05:59] [SUCCESS] ESA0OPSFIN_20230890000_01D_30S_CLK.CLK.gz: 11,175 pairs
[06:05:59] [SUCCESS] ESA0OPSFIN_20230930000_01D_30S_CLK.CLK.gz: 11,175 pairs
[06:05:59] [SUCCESS] ESA0OPSFIN_20230080000_01D_30S_CLK.CLK.gz: 11,175 pairs
[06:05:59] [SUCCESS] ESA0OPSFIN_20230520000_01D_30S_CLK.CLK.gz: 11,175 pairs
[06:05:59] [SUCCESS] ESA0OPSFIN_20230570000_01D_30S_CLK.CLK.gz: 11,175 pairs
[06:05:59] [SUCCESS] ESA0OPSFIN_20230790000_01D_30S_CLK.CLK.gz: 11,175 pairs
[06:05:59] [SUCCESS] ESA0OPSFIN_20230190000_01D_30S_CLK.CLK.gz: 11,175 pairs
[06:05:59] [SUCCESS] ESA0OPSFIN_20230830000_01D_30S_CLK.CLK.gz: 11,175 pairs
[06:05:59] [SUCCESS] ESA0OPSFIN_20230350000_01D_30S_CLK.CLK.gz: 11,175 pairs
[06:05:59] [SUCCESS] ESA0OPSFIN_20230300000_01D_30S_CLK.CLK.gz: 11,175 pairs
[06:05:59] [SUCCESS] ESA0OPSFIN_20230650000_01D_30S_CLK.CLK.gz: 11,175 pairs
[06:05:59] [SUCCESS] ESA0OPSFIN_20230530000_01D_30S_CLK.CLK.gz: 11,175 pairs
[06:05:59] [SUCCESS] ESA0OPSFIN_20230710000_01D_30S_CLK.CLK.gz: 11,175 pairs
[06:05:59] [SUCCESS] ESA0OPSFIN_20230510000_01D_30S_CLK.CLK.gz: 11,175 pairs
[06:06:02] [SUCCESS] ESA0OPSFIN_20230040000_01D_30S_CLK.CLK.gz: 11,175 pairs
[06:06:02] [SUCCESS] ESA0OPSFIN_20230770000_01D_30S_CLK.CLK.gz: 11,175 pairs
[06:06:02] [SUCCESS] ESA0OPSFIN_20230020000_01D_30S_CLK.CLK.gz: 11,026 pairs
[06:06:02] [SUCCESS] ESA0OPSFIN_20230410000_01D_30S_CLK.CLK.gz: 11,026 pairs
[06:06:02] [SUCCESS] ESA0OPSFIN_20230250000_01D_30S_CLK.CLK.gz: 11,026 pairs
[06:06:02] [SUCCESS] ESA0OPSFIN_20230480000_01D_30S_CLK.CLK.gz: 11,175 pairs
[06:06:02] [SUCCESS] ESA0OPSFIN_20230030000_01D_30S_CLK.CLK.gz: 11,026 pairs
[06:06:02] [SUCCESS] ESA0OPSFIN_20230260000_01D_30S_CLK.CLK.gz: 11,026 pairs
[06:06:02] [SUCCESS] ESA0OPSFIN_20230910000_01D_30S_CLK.CLK.gz: 11,175 pairs
[06:06:02] [SUCCESS] ESA0OPSFIN_20230400000_01D_30S_CLK.CLK.gz: 11,175 pairs
[06:06:02] [SUCCESS] ESA0OPSFIN_20230730000_01D_30S_CLK.CLK.gz: 11,175 pairs
[06:06:02] [SUCCESS] ESA0OPSFIN_20230210000_01D_30S_CLK.CLK.gz: 11,175 pairs
[06:06:02] [SUCCESS] ESA0OPSFIN_20230720000_01D_30S_CLK.CLK.gz: 11,175 pairs
[06:06:02] [SUCCESS] ESA0OPSFIN_20230430000_01D_30S_CLK.CLK.gz: 11,175 pairs
[06:06:02] [SUCCESS] ESA0OPSFIN_20230290000_01D_30S_CLK.CLK.gz: 11,175 pairs
[06:06:02] [SUCCESS] ESA0OPSFIN_20230270000_01D_30S_CLK.CLK.gz: 11,175 pairs
[06:06:02] [SUCCESS] ESA0OPSFIN_20230450000_01D_30S_CLK.CLK.gz: 11,175 pairs
[06:06:02] [SUCCESS] ESA0OPSFIN_20230340000_01D_30S_CLK.CLK.gz: 11,175 pairs
[06:06:02] [SUCCESS] ESA0OPSFIN_20230500000_01D_30S_CLK.CLK.gz: 11,175 pairs
[06:06:02] [SUCCESS] ESA0OPSFIN_20230550000_01D_30S_CLK.CLK.gz: 11,175 pairs
[06:06:02] [SUCCESS] ESA0OPSFIN_20230440000_01D_30S_CLK.CLK.gz: 11,175 pairs
[06:06:02] [SUCCESS] ESA0OPSFIN_20230800000_01D_30S_CLK.CLK.gz: 11,175 pairs
[06:06:02] [SUCCESS] ESA0OPSFIN_20230420000_01D_30S_CLK.CLK.gz: 11,026 pairs
[06:06:02] [SUCCESS] ESA0OPSFIN_20230280000_01D_30S_CLK.CLK.gz: 11,175 pairs
[06:06:02] [SUCCESS] ESA0OPSFIN_20230580000_01D_30S_CLK.CLK.gz: 11,175 pairs
[06:06:02] [SUCCESS] ESA0OPSFIN_20230180000_01D_30S_CLK.CLK.gz: 11,175 pairs
[06:06:02] [SUCCESS] ESA0OPSFIN_20230680000_01D_30S_CLK.CLK.gz: 11,175 pairs
[06:06:02] [SUCCESS] ESA0OPSFIN_20230230000_01D_30S_CLK.CLK.gz: 11,175 pairs
[06:06:02] [SUCCESS] ESA0OPSFIN_20230130000_01D_30S_CLK.CLK.gz: 11,175 pairs
[06:06:02] [SUCCESS] ESA0OPSFIN_20230150000_01D_30S_CLK.CLK.gz: 11,175 pairs
[06:06:02] [SUCCESS] ESA0OPSFIN_20230330000_01D_30S_CLK.CLK.gz: 11,175 pairs
[06:06:02] [SUCCESS] ESA0OPSFIN_20230870000_01D_30S_CLK.CLK.gz: 11,175 pairs
[06:06:02] [SUCCESS] ESA0OPSFIN_20230380000_01D_30S_CLK.CLK.gz: 11,175 pairs
[06:06:02] [SUCCESS] ESA0OPSFIN_20230540000_01D_30S_CLK.CLK.gz: 11,175 pairs
[06:06:02] [SUCCESS] ESA0OPSFIN_20230390000_01D_30S_CLK.CLK.gz: 11,175 pairs
[06:06:02] [SUCCESS] ESA0OPSFIN_20230490000_01D_30S_CLK.CLK.gz: 11,175 pairs
[06:06:02] [SUCCESS] ESA0OPSFIN_20230750000_01D_30S_CLK.CLK.gz: 11,175 pairs
[06:06:03] [SUCCESS] ESA0OPSFIN_20230160000_01D_30S_CLK.CLK.gz: 11,175 pairs
[06:06:03] [SUCCESS] ESA0OPSFIN_20230200000_01D_30S_CLK.CLK.gz: 11,175 pairs
[06:06:03] [SUCCESS] ESA0OPSFIN_20230900000_01D_30S_CLK.CLK.gz: 11,175 pairs
[06:06:03] [SUCCESS] ESA0OPSFIN_20230460000_01D_30S_CLK.CLK.gz: 11,175 pairs
[06:06:03] [SUCCESS] ESA0OPSFIN_20230310000_01D_30S_CLK.CLK.gz: 11,175 pairs
[06:06:03] [SUCCESS] ESA0OPSFIN_20230140000_01D_30S_CLK.CLK.gz: 11,175 pairs
[06:06:03] [SUCCESS] ESA0OPSFIN_20230110000_01D_30S_CLK.CLK.gz: 11,175 pairs
[06:06:03] [SUCCESS] ESA0OPSFIN_20230360000_01D_30S_CLK.CLK.gz: 11,175 pairs
[06:06:03] [SUCCESS] ESA0OPSFIN_20230690000_01D_30S_CLK.CLK.gz: 11,175 pairs
[06:06:03] [SUCCESS] ESA0OPSFIN_20230470000_01D_30S_CLK.CLK.gz: 11,175 pairs
[06:06:03] [SUCCESS] ESA0OPSFIN_20230370000_01D_30S_CLK.CLK.gz: 11,175 pairs
[06:06:42] [SUCCESS] ESA0OPSFIN_20230990000_01D_30S_CLK.CLK.gz: 11,175 pairs
[06:06:42] [SUCCESS] ESA0OPSFIN_20231020000_01D_30S_CLK.CLK.gz: 11,175 pairs
[06:06:42] [SUCCESS] ESA0OPSFIN_20230970000_01D_30S_CLK.CLK.gz: 11,175 pairs
[06:06:43] [SUCCESS] ESA0OPSFIN_20231000000_01D_30S_CLK.CLK.gz: 11,175 pairs
[06:06:43] [SUCCESS] ESA0OPSFIN_20230980000_01D_30S_CLK.CLK.gz: 11,175 pairs
[06:06:43] [SUCCESS] ESA0OPSFIN_20231030000_01D_30S_CLK.CLK.gz: 11,175 pairs
[06:06:43] [SUCCESS] ESA0OPSFIN_20231090000_01D_30S_CLK.CLK.gz: 11,175 pairs
[06:06:43] [SUCCESS] ESA0OPSFIN_20231210000_01D_30S_CLK.CLK.gz: 11,175 pairs
[06:06:43] [SUCCESS] ESA0OPSFIN_20231010000_01D_30S_CLK.CLK.gz: 11,175 pairs
[06:06:43] [SUCCESS] ESA0OPSFIN_20231190000_01D_30S_CLK.CLK.gz: 11,175 pairs
[06:06:43] [SUCCESS] ESA0OPSFIN_20231180000_01D_30S_CLK.CLK.gz: 11,175 pairs
[06:06:43] [SUCCESS] ESA0OPSFIN_20231280000_01D_30S_CLK.CLK.gz: 11,175 pairs
[06:06:43] [SUCCESS] ESA0OPSFIN_20231040000_01D_30S_CLK.CLK.gz: 11,175 pairs
[06:06:43] [SUCCESS] ESA0OPSFIN_20231080000_01D_30S_CLK.CLK.gz: 11,175 pairs
[06:06:43] [SUCCESS] ESA0OPSFIN_20231050000_01D_30S_CLK.CLK.gz: 11,175 pairs
[06:06:43] [SUCCESS] ESA0OPSFIN_20231100000_01D_30S_CLK.CLK.gz: 11,175 pairs
[06:06:43] [SUCCESS] ESA0OPSFIN_20231060000_01D_30S_CLK.CLK.gz: 11,175 pairs
[06:06:43] [SUCCESS] ESA0OPSFIN_20231150000_01D_30S_CLK.CLK.gz: 11,175 pairs
[06:06:43] [SUCCESS] ESA0OPSFIN_20231070000_01D_30S_CLK.CLK.gz: 11,175 pairs
[06:06:43] [SUCCESS] ESA0OPSFIN_20231270000_01D_30S_CLK.CLK.gz: 11,175 pairs
[06:06:43] [SUCCESS] ESA0OPSFIN_20231250000_01D_30S_CLK.CLK.gz: 11,175 pairs
[06:06:43] [SUCCESS] ESA0OPSFIN_20231120000_01D_30S_CLK.CLK.gz: 11,175 pairs
[06:06:43] [SUCCESS] ESA0OPSFIN_20231260000_01D_30S_CLK.CLK.gz: 11,175 pairs
[06:06:43] [SUCCESS] ESA0OPSFIN_20231110000_01D_30S_CLK.CLK.gz: 11,175 pairs
[06:06:43] [SUCCESS] ESA0OPSFIN_20231160000_01D_30S_CLK.CLK.gz: 11,175 pairs
[06:06:43] [SUCCESS] ESA0OPSFIN_20231130000_01D_30S_CLK.CLK.gz: 11,175 pairs
[06:06:43] [SUCCESS] ESA0OPSFIN_20231240000_01D_30S_CLK.CLK.gz: 11,175 pairs
[06:06:43] [SUCCESS] ESA0OPSFIN_20231170000_01D_30S_CLK.CLK.gz: 11,175 pairs
[06:06:43] [SUCCESS] ESA0OPSFIN_20231370000_01D_30S_CLK.CLK.gz: 11,175 pairs
[06:06:43] [SUCCESS] ESA0OPSFIN_20231140000_01D_30S_CLK.CLK.gz: 11,175 pairs
[06:06:43] [SUCCESS] ESA0OPSFIN_20231200000_01D_30S_CLK.CLK.gz: 11,175 pairs
[06:06:43] [SUCCESS] ESA0OPSFIN_20231220000_01D_30S_CLK.CLK.gz: 11,175 pairs
[06:06:43] [SUCCESS] ESA0OPSFIN_20231230000_01D_30S_CLK.CLK.gz: 11,175 pairs
[06:06:43] [SUCCESS] ESA0OPSFIN_20231290000_01D_30S_CLK.CLK.gz: 11,175 pairs
[06:06:43] [SUCCESS] ESA0OPSFIN_20231340000_01D_30S_CLK.CLK.gz: 11,175 pairs
[06:06:43] [SUCCESS] ESA0OPSFIN_20231390000_01D_30S_CLK.CLK.gz: 11,175 pairs
[06:06:43] [SUCCESS] ESA0OPSFIN_20231310000_01D_30S_CLK.CLK.gz: 11,175 pairs
[06:06:43] [SUCCESS] ESA0OPSFIN_20231320000_01D_30S_CLK.CLK.gz: 11,175 pairs
[06:06:43] [SUCCESS] ESA0OPSFIN_20231360000_01D_30S_CLK.CLK.gz: 11,175 pairs
[06:06:43] [SUCCESS] ESA0OPSFIN_20231410000_01D_30S_CLK.CLK.gz: 11,175 pairs
[06:06:43] [SUCCESS] ESA0OPSFIN_20231350000_01D_30S_CLK.CLK.gz: 11,175 pairs
[06:06:44] [SUCCESS] ESA0OPSFIN_20231380000_01D_30S_CLK.CLK.gz: 11,175 pairs
[06:06:44] [SUCCESS] ESA0OPSFIN_20231330000_01D_30S_CLK.CLK.gz: 11,175 pairs
[06:06:44] [SUCCESS] ESA0OPSFIN_20231300000_01D_30S_CLK.CLK.gz: 11,175 pairs
[06:06:44] [SUCCESS] ESA0OPSFIN_20231400000_01D_30S_CLK.CLK.gz: 11,175 pairs
[06:06:44] [SUCCESS] ESA0OPSFIN_20231420000_01D_30S_CLK.CLK.gz: 11,175 pairs
[06:06:44] [SUCCESS] ESA0OPSFIN_20231430000_01D_30S_CLK.CLK.gz: 11,175 pairs
[06:06:44] [SUCCESS] ESA0OPSFIN_20231440000_01D_30S_CLK.CLK.gz: 11,175 pairs
[06:06:48] [SUCCESS] ESA0OPSFIN_20231490000_01D_30S_CLK.CLK.gz: 11,175 pairs
[06:06:48] [SUCCESS] ESA0OPSFIN_20231630000_01D_30S_CLK.CLK.gz: 11,175 pairs
[06:06:48] [SUCCESS] ESA0OPSFIN_20231540000_01D_30S_CLK.CLK.gz: 11,175 pairs
[06:06:48] [SUCCESS] ESA0OPSFIN_20231530000_01D_30S_CLK.CLK.gz: 11,175 pairs
[06:06:48] [SUCCESS] ESA0OPSFIN_20231710000_01D_30S_CLK.CLK.gz: 11,175 pairs
[06:06:48] [SUCCESS] ESA0OPSFIN_20231900000_01D_30S_CLK.CLK.gz: 11,175 pairs
[06:06:48] [SUCCESS] ESA0OPSFIN_20231590000_01D_30S_CLK.CLK.gz: 11,175 pairs
[06:06:48] [SUCCESS] ESA0OPSFIN_20231480000_01D_30S_CLK.CLK.gz: 11,175 pairs
[06:06:48] [SUCCESS] ESA0OPSFIN_20231810000_01D_30S_CLK.CLK.gz: 11,175 pairs
[06:06:48] [SUCCESS] ESA0OPSFIN_20231510000_01D_30S_CLK.CLK.gz: 11,175 pairs
[06:06:48] [SUCCESS] ESA0OPSFIN_20231680000_01D_30S_CLK.CLK.gz: 11,175 pairs
[06:06:49] [SUCCESS] ESA0OPSFIN_20231910000_01D_30S_CLK.CLK.gz: 11,175 pairs
[06:06:49] [SUCCESS] ESA0OPSFIN_20231890000_01D_30S_CLK.CLK.gz: 11,175 pairs
[06:06:49] [SUCCESS] ESA0OPSFIN_20231640000_01D_30S_CLK.CLK.gz: 11,175 pairs
[06:06:49] [SUCCESS] ESA0OPSFIN_20231790000_01D_30S_CLK.CLK.gz: 11,175 pairs
[06:06:49] [SUCCESS] ESA0OPSFIN_20231730000_01D_30S_CLK.CLK.gz: 11,175 pairs
[06:06:49] [SUCCESS] ESA0OPSFIN_20231560000_01D_30S_CLK.CLK.gz: 11,175 pairs
[06:06:49] [SUCCESS] ESA0OPSFIN_20231660000_01D_30S_CLK.CLK.gz: 11,175 pairs
[06:06:49] [SUCCESS] ESA0OPSFIN_20231550000_01D_30S_CLK.CLK.gz: 11,175 pairs
[06:06:49] [SUCCESS] ESA0OPSFIN_20231500000_01D_30S_CLK.CLK.gz: 11,175 pairs
[06:06:50] [SUCCESS] ESA0OPSFIN_20231470000_01D_30S_CLK.CLK.gz: 11,175 pairs
[06:06:50] [SUCCESS] ESA0OPSFIN_20231580000_01D_30S_CLK.CLK.gz: 11,175 pairs
[06:06:50] [SUCCESS] ESA0OPSFIN_20231610000_01D_30S_CLK.CLK.gz: 11,175 pairs
[06:06:50] [SUCCESS] ESA0OPSFIN_20231650000_01D_30S_CLK.CLK.gz: 11,175 pairs
[06:06:50] [SUCCESS] ESA0OPSFIN_20231620000_01D_30S_CLK.CLK.gz: 11,175 pairs
[06:06:50] [SUCCESS] ESA0OPSFIN_20231600000_01D_30S_CLK.CLK.gz: 11,175 pairs
[06:06:50] [SUCCESS] ESA0OPSFIN_20231690000_01D_30S_CLK.CLK.gz: 11,175 pairs
[06:06:50] [SUCCESS] ESA0OPSFIN_20231460000_01D_30S_CLK.CLK.gz: 11,175 pairs
[06:06:50] [SUCCESS] ESA0OPSFIN_20231570000_01D_30S_CLK.CLK.gz: 11,175 pairs
[06:06:50] [SUCCESS] ESA0OPSFIN_20231450000_01D_30S_CLK.CLK.gz: 11,175 pairs
[06:06:50] [SUCCESS] ESA0OPSFIN_20231880000_01D_30S_CLK.CLK.gz: 11,175 pairs
[06:06:50] [SUCCESS] ESA0OPSFIN_20231860000_01D_30S_CLK.CLK.gz: 11,175 pairs
[06:06:50] [SUCCESS] ESA0OPSFIN_20231760000_01D_30S_CLK.CLK.gz: 11,175 pairs
[06:06:50] [SUCCESS] ESA0OPSFIN_20231520000_01D_30S_CLK.CLK.gz: 11,175 pairs
[06:06:50] [SUCCESS] ESA0OPSFIN_20231750000_01D_30S_CLK.CLK.gz: 11,175 pairs
[06:06:50] [SUCCESS] ESA0OPSFIN_20231840000_01D_30S_CLK.CLK.gz: 11,175 pairs
[06:06:50] [SUCCESS] ESA0OPSFIN_20231700000_01D_30S_CLK.CLK.gz: 11,175 pairs
[06:06:50] [SUCCESS] ESA0OPSFIN_20231720000_01D_30S_CLK.CLK.gz: 11,175 pairs
[06:06:50] [SUCCESS] ESA0OPSFIN_20231800000_01D_30S_CLK.CLK.gz: 11,175 pairs
[06:06:50] [SUCCESS] ESA0OPSFIN_20231740000_01D_30S_CLK.CLK.gz: 11,175 pairs
[06:06:50] [SUCCESS] ESA0OPSFIN_20231770000_01D_30S_CLK.CLK.gz: 11,175 pairs
[06:06:50] [SUCCESS] ESA0OPSFIN_20231870000_01D_30S_CLK.CLK.gz: 11,175 pairs
[06:06:50] [SUCCESS] ESA0OPSFIN_20231670000_01D_30S_CLK.CLK.gz: 11,175 pairs
[06:06:50] [SUCCESS] ESA0OPSFIN_20231850000_01D_30S_CLK.CLK.gz: 11,175 pairs
[06:06:50] [SUCCESS] ESA0OPSFIN_20231780000_01D_30S_CLK.CLK.gz: 11,175 pairs
[06:06:50] [SUCCESS] ESA0OPSFIN_20231820000_01D_30S_CLK.CLK.gz: 11,175 pairs
[06:06:51] [SUCCESS] ESA0OPSFIN_20231830000_01D_30S_CLK.CLK.gz: 11,175 pairs
[06:06:51] [SUCCESS] ESA0OPSFIN_20231920000_01D_30S_CLK.CLK.gz: 11,175 pairs
[06:06:51] [INFO] Checkpoint saved: 192/912 files processed
[06:06:51] [PROCESS] Processing batch 2: 192 files
[06:07:34] [SUCCESS] ESA0OPSFIN_20232120000_01D_30S_CLK.CLK.gz: 11,026 pairs
[06:07:35] [SUCCESS] ESA0OPSFIN_20232080000_01D_30S_CLK.CLK.gz: 11,026 pairs
[06:07:35] [SUCCESS] ESA0OPSFIN_20232090000_01D_30S_CLK.CLK.gz: 11,175 pairs
[06:07:35] [SUCCESS] ESA0OPSFIN_20232260000_01D_30S_CLK.CLK.gz: 11,175 pairs
[06:07:35] [SUCCESS] ESA0OPSFIN_20232190000_01D_30S_CLK.CLK.gz: 11,175 pairs
[06:07:35] [SUCCESS] ESA0OPSFIN_20232050000_01D_30S_CLK.CLK.gz: 11,026 pairs
[06:07:35] [SUCCESS] ESA0OPSFIN_20232340000_01D_30S_CLK.CLK.gz: 11,175 pairs
[06:07:35] [SUCCESS] ESA0OPSFIN_20232550000_01D_30S_CLK.CLK.gz: 11,026 pairs
[06:07:35] [SUCCESS] ESA0OPSFIN_20232880000_01D_30S_CLK.CLK.gz: 11,026 pairs
[06:07:35] [SUCCESS] ESA0OPSFIN_20231970000_01D_30S_CLK.CLK.gz: 11,175 pairs
[06:07:35] [SUCCESS] ESA0OPSFIN_20232230000_01D_30S_CLK.CLK.gz: 11,175 pairs
[06:07:35] [SUCCESS] ESA0OPSFIN_20231950000_01D_30S_CLK.CLK.gz: 11,175 pairs
[06:07:35] [SUCCESS] ESA0OPSFIN_20232250000_01D_30S_CLK.CLK.gz: 11,175 pairs
[06:07:35] [SUCCESS] ESA0OPSFIN_20232210000_01D_30S_CLK.CLK.gz: 11,175 pairs
[06:07:35] [SUCCESS] ESA0OPSFIN_20232200000_01D_30S_CLK.CLK.gz: 11,175 pairs
[06:07:35] [SUCCESS] ESA0OPSFIN_20232060000_01D_30S_CLK.CLK.gz: 11,175 pairs
[06:07:35] [SUCCESS] ESA0OPSFIN_20232160000_01D_30S_CLK.CLK.gz: 11,175 pairs
[06:07:35] [SUCCESS] ESA0OPSFIN_20232270000_01D_30S_CLK.CLK.gz: 11,175 pairs
[06:07:35] [SUCCESS] ESA0OPSFIN_20232290000_01D_30S_CLK.CLK.gz: 11,175 pairs
[06:07:35] [SUCCESS] ESA0OPSFIN_20232390000_01D_30S_CLK.CLK.gz: 11,175 pairs
[06:07:35] [SUCCESS] ESA0OPSFIN_20232180000_01D_30S_CLK.CLK.gz: 11,175 pairs
[06:07:36] [SUCCESS] ESA0OPSFIN_20232130000_01D_30S_CLK.CLK.gz: 11,175 pairs
[06:07:36] [SUCCESS] ESA0OPSFIN_20232000000_01D_30S_CLK.CLK.gz: 11,175 pairs
[06:07:36] [SUCCESS] ESA0OPSFIN_20232030000_01D_30S_CLK.CLK.gz: 11,175 pairs
[06:07:36] [SUCCESS] ESA0OPSFIN_20232100000_01D_30S_CLK.CLK.gz: 11,175 pairs
[06:07:36] [SUCCESS] ESA0OPSFIN_20232280000_01D_30S_CLK.CLK.gz: 11,175 pairs
[06:07:36] [SUCCESS] ESA0OPSFIN_20232010000_01D_30S_CLK.CLK.gz: 11,175 pairs
[06:07:36] [SUCCESS] ESA0OPSFIN_20232020000_01D_30S_CLK.CLK.gz: 11,175 pairs
[06:07:36] [SUCCESS] ESA0OPSFIN_20231960000_01D_30S_CLK.CLK.gz: 11,175 pairs
[06:07:36] [SUCCESS] ESA0OPSFIN_20231990000_01D_30S_CLK.CLK.gz: 11,175 pairs
[06:07:36] [SUCCESS] ESA0OPSFIN_20232400000_01D_30S_CLK.CLK.gz: 11,175 pairs
[06:07:36] [SUCCESS] ESA0OPSFIN_20231980000_01D_30S_CLK.CLK.gz: 11,175 pairs
[06:07:36] [SUCCESS] ESA0OPSFIN_20231940000_01D_30S_CLK.CLK.gz: 11,175 pairs
[06:07:36] [SUCCESS] ESA0OPSFIN_20232310000_01D_30S_CLK.CLK.gz: 11,175 pairs
[06:07:36] [SUCCESS] ESA0OPSFIN_20232150000_01D_30S_CLK.CLK.gz: 11,175 pairs
[06:07:36] [SUCCESS] ESA0OPSFIN_20232490000_01D_30S_CLK.CLK.gz: 11,175 pairs
[06:07:36] [SUCCESS] ESA0OPSFIN_20232440000_01D_30S_CLK.CLK.gz: 11,175 pairs
[06:07:36] [SUCCESS] ESA0OPSFIN_20232470000_01D_30S_CLK.CLK.gz: 11,175 pairs
[06:07:36] [SUCCESS] ESA0OPSFIN_20232320000_01D_30S_CLK.CLK.gz: 11,175 pairs
[06:07:36] [SUCCESS] ESA0OPSFIN_20232140000_01D_30S_CLK.CLK.gz: 11,175 pairs
[06:07:36] [SUCCESS] ESA0OPSFIN_20232460000_01D_30S_CLK.CLK.gz: 11,175 pairs
[06:07:36] [SUCCESS] ESA0OPSFIN_20232420000_01D_30S_CLK.CLK.gz: 11,175 pairs
[06:07:36] [SUCCESS] ESA0OPSFIN_20232380000_01D_30S_CLK.CLK.gz: 11,175 pairs
[06:07:36] [SUCCESS] ESA0OPSFIN_20232360000_01D_30S_CLK.CLK.gz: 11,175 pairs
[06:07:36] [SUCCESS] ESA0OPSFIN_20232520000_01D_30S_CLK.CLK.gz: 11,175 pairs
[06:07:36] [SUCCESS] ESA0OPSFIN_20232330000_01D_30S_CLK.CLK.gz: 11,175 pairs
[06:07:36] [SUCCESS] ESA0OPSFIN_20232350000_01D_30S_CLK.CLK.gz: 11,175 pairs
[06:07:37] [SUCCESS] ESA0OPSFIN_20232300000_01D_30S_CLK.CLK.gz: 11,175 pairs
[06:07:38] [SUCCESS] ESA0OPSFIN_20232840000_01D_30S_CLK.CLK.gz: 10,731 pairs
[06:07:39] [SUCCESS] ESA0OPSFIN_20232370000_01D_30S_CLK.CLK.gz: 11,175 pairs
[06:07:39] [SUCCESS] ESA0OPSFIN_20232850000_01D_30S_CLK.CLK.gz: 11,026 pairs
[06:07:39] [SUCCESS] ESA0OPSFIN_20232830000_01D_30S_CLK.CLK.gz: 10,878 pairs
[06:07:39] [SUCCESS] ESA0OPSFIN_20232560000_01D_30S_CLK.CLK.gz: 11,026 pairs
[06:07:39] [SUCCESS] ESA0OPSFIN_20232070000_01D_30S_CLK.CLK.gz: 11,026 pairs
[06:07:39] [SUCCESS] ESA0OPSFIN_20232690000_01D_30S_CLK.CLK.gz: 11,175 pairs
[06:07:39] [SUCCESS] ESA0OPSFIN_20232790000_01D_30S_CLK.CLK.gz: 11,175 pairs
[06:07:39] [SUCCESS] ESA0OPSFIN_20232240000_01D_30S_CLK.CLK.gz: 11,175 pairs
[06:07:39] [SUCCESS] ESA0OPSFIN_20232730000_01D_30S_CLK.CLK.gz: 11,175 pairs
[06:07:39] [SUCCESS] ESA0OPSFIN_20232480000_01D_30S_CLK.CLK.gz: 11,175 pairs
[06:07:39] [SUCCESS] ESA0OPSFIN_20232680000_01D_30S_CLK.CLK.gz: 11,175 pairs
[06:07:39] [SUCCESS] ESA0OPSFIN_20232750000_01D_30S_CLK.CLK.gz: 10,878 pairs
[06:07:39] [SUCCESS] ESA0OPSFIN_20232590000_01D_30S_CLK.CLK.gz: 11,175 pairs
[06:07:39] [SUCCESS] ESA0OPSFIN_20232870000_01D_30S_CLK.CLK.gz: 11,175 pairs
[06:07:39] [SUCCESS] ESA0OPSFIN_20232610000_01D_30S_CLK.CLK.gz: 11,175 pairs
[06:07:39] [SUCCESS] ESA0OPSFIN_20232650000_01D_30S_CLK.CLK.gz: 11,026 pairs
[06:07:39] [SUCCESS] ESA0OPSFIN_20232770000_01D_30S_CLK.CLK.gz: 10,878 pairs
[06:07:39] [SUCCESS] ESA0OPSFIN_20232040000_01D_30S_CLK.CLK.gz: 11,175 pairs
[06:07:39] [SUCCESS] ESA0OPSFIN_20232740000_01D_30S_CLK.CLK.gz: 11,175 pairs
[06:07:39] [SUCCESS] ESA0OPSFIN_20232760000_01D_30S_CLK.CLK.gz: 11,175 pairs
[06:07:39] [SUCCESS] ESA0OPSFIN_20232820000_01D_30S_CLK.CLK.gz: 11,026 pairs
[06:07:39] [SUCCESS] ESA0OPSFIN_20231930000_01D_30S_CLK.CLK.gz: 11,175 pairs
[06:07:39] [SUCCESS] ESA0OPSFIN_20232540000_01D_30S_CLK.CLK.gz: 11,175 pairs
[06:07:39] [SUCCESS] ESA0OPSFIN_20232670000_01D_30S_CLK.CLK.gz: 11,175 pairs
[06:07:40] [SUCCESS] ESA0OPSFIN_20232220000_01D_30S_CLK.CLK.gz: 11,175 pairs
[06:07:40] [SUCCESS] ESA0OPSFIN_20232570000_01D_30S_CLK.CLK.gz: 11,175 pairs
[06:07:40] [SUCCESS] ESA0OPSFIN_20232800000_01D_30S_CLK.CLK.gz: 11,175 pairs
[06:07:40] [SUCCESS] ESA0OPSFIN_20232860000_01D_30S_CLK.CLK.gz: 11,026 pairs
[06:07:40] [SUCCESS] ESA0OPSFIN_20232450000_01D_30S_CLK.CLK.gz: 11,175 pairs
[06:07:40] [SUCCESS] ESA0OPSFIN_20232580000_01D_30S_CLK.CLK.gz: 11,175 pairs
[06:07:40] [SUCCESS] ESA0OPSFIN_20232720000_01D_30S_CLK.CLK.gz: 11,026 pairs
[06:07:40] [SUCCESS] ESA0OPSFIN_20232810000_01D_30S_CLK.CLK.gz: 11,175 pairs
[06:07:40] [SUCCESS] ESA0OPSFIN_20232780000_01D_30S_CLK.CLK.gz: 11,175 pairs
[06:07:40] [SUCCESS] ESA0OPSFIN_20232410000_01D_30S_CLK.CLK.gz: 11,175 pairs
[06:07:40] [SUCCESS] ESA0OPSFIN_20232600000_01D_30S_CLK.CLK.gz: 11,175 pairs
[06:07:40] [SUCCESS] ESA0OPSFIN_20232430000_01D_30S_CLK.CLK.gz: 11,175 pairs
[06:07:40] [SUCCESS] ESA0OPSFIN_20232710000_01D_30S_CLK.CLK.gz: 11,026 pairs
[06:07:40] [SUCCESS] ESA0OPSFIN_20232170000_01D_30S_CLK.CLK.gz: 11,175 pairs
[06:07:40] [SUCCESS] ESA0OPSFIN_20232660000_01D_30S_CLK.CLK.gz: 11,175 pairs
[06:07:40] [SUCCESS] ESA0OPSFIN_20232620000_01D_30S_CLK.CLK.gz: 11,175 pairs
[06:07:40] [SUCCESS] ESA0OPSFIN_20232630000_01D_30S_CLK.CLK.gz: 11,175 pairs
[06:07:40] [SUCCESS] ESA0OPSFIN_20232530000_01D_30S_CLK.CLK.gz: 11,175 pairs
[06:07:40] [SUCCESS] ESA0OPSFIN_20232110000_01D_30S_CLK.CLK.gz: 11,175 pairs
[06:07:40] [SUCCESS] ESA0OPSFIN_20232640000_01D_30S_CLK.CLK.gz: 11,175 pairs
[06:07:40] [SUCCESS] ESA0OPSFIN_20232500000_01D_30S_CLK.CLK.gz: 11,175 pairs
[06:07:40] [SUCCESS] ESA0OPSFIN_20232510000_01D_30S_CLK.CLK.gz: 11,175 pairs
[06:07:40] [SUCCESS] ESA0OPSFIN_20232700000_01D_30S_CLK.CLK.gz: 11,175 pairs
[06:08:19] [SUCCESS] ESA0OPSFIN_20232890000_01D_30S_CLK.CLK.gz: 11,026 pairs
[06:08:19] [SUCCESS] ESA0OPSFIN_20232920000_01D_30S_CLK.CLK.gz: 11,175 pairs
[06:08:19] [SUCCESS] ESA0OPSFIN_20232900000_01D_30S_CLK.CLK.gz: 11,026 pairs
[06:08:19] [SUCCESS] ESA0OPSFIN_20232950000_01D_30S_CLK.CLK.gz: 11,175 pairs
[06:08:19] [SUCCESS] ESA0OPSFIN_20232910000_01D_30S_CLK.CLK.gz: 11,026 pairs
[06:08:19] [SUCCESS] ESA0OPSFIN_20233030000_01D_30S_CLK.CLK.gz: 11,026 pairs
[06:08:19] [SUCCESS] ESA0OPSFIN_20232930000_01D_30S_CLK.CLK.gz: 11,175 pairs
[06:08:20] [SUCCESS] ESA0OPSFIN_20233120000_01D_30S_CLK.CLK.gz: 10,878 pairs
[06:08:20] [SUCCESS] ESA0OPSFIN_20233040000_01D_30S_CLK.CLK.gz: 11,175 pairs
[06:08:20] [SUCCESS] ESA0OPSFIN_20232940000_01D_30S_CLK.CLK.gz: 11,175 pairs
[06:08:20] [SUCCESS] ESA0OPSFIN_20233050000_01D_30S_CLK.CLK.gz: 11,026 pairs
[06:08:20] [SUCCESS] ESA0OPSFIN_20233110000_01D_30S_CLK.CLK.gz: 11,026 pairs
[06:08:20] [SUCCESS] ESA0OPSFIN_20233130000_01D_30S_CLK.CLK.gz: 10,878 pairs
[06:08:20] [SUCCESS] ESA0OPSFIN_20232960000_01D_30S_CLK.CLK.gz: 11,026 pairs
[06:08:20] [SUCCESS] ESA0OPSFIN_20233020000_01D_30S_CLK.CLK.gz: 11,026 pairs
[06:08:20] [SUCCESS] ESA0OPSFIN_20233090000_01D_30S_CLK.CLK.gz: 11,026 pairs
[06:08:20] [SUCCESS] ESA0OPSFIN_20233070000_01D_30S_CLK.CLK.gz: 11,026 pairs
[06:08:20] [SUCCESS] ESA0OPSFIN_20233190000_01D_30S_CLK.CLK.gz: 11,026 pairs
[06:08:20] [SUCCESS] ESA0OPSFIN_20233240000_01D_30S_CLK.CLK.gz: 11,026 pairs
[06:08:20] [SUCCESS] ESA0OPSFIN_20233080000_01D_30S_CLK.CLK.gz: 11,175 pairs
[06:08:21] [SUCCESS] ESA0OPSFIN_20233100000_01D_30S_CLK.CLK.gz: 11,026 pairs
[06:08:21] [SUCCESS] ESA0OPSFIN_20232990000_01D_30S_CLK.CLK.gz: 11,175 pairs
[06:08:21] [SUCCESS] ESA0OPSFIN_20233320000_01D_30S_CLK.CLK.gz: 11,026 pairs
[06:08:21] [SUCCESS] ESA0OPSFIN_20233010000_01D_30S_CLK.CLK.gz: 11,175 pairs
[06:08:21] [SUCCESS] ESA0OPSFIN_20233210000_01D_30S_CLK.CLK.gz: 11,175 pairs
[06:08:21] [SUCCESS] ESA0OPSFIN_20233230000_01D_30S_CLK.CLK.gz: 11,026 pairs
[06:08:21] [SUCCESS] ESA0OPSFIN_20232970000_01D_30S_CLK.CLK.gz: 11,175 pairs
[06:08:21] [SUCCESS] ESA0OPSFIN_20233060000_01D_30S_CLK.CLK.gz: 11,175 pairs
[06:08:21] [SUCCESS] ESA0OPSFIN_20232980000_01D_30S_CLK.CLK.gz: 11,175 pairs
[06:08:21] [SUCCESS] ESA0OPSFIN_20233310000_01D_30S_CLK.CLK.gz: 11,026 pairs
[06:08:21] [SUCCESS] ESA0OPSFIN_20233150000_01D_30S_CLK.CLK.gz: 10,878 pairs
[06:08:21] [SUCCESS] ESA0OPSFIN_20233140000_01D_30S_CLK.CLK.gz: 11,026 pairs
[06:08:21] [SUCCESS] ESA0OPSFIN_20233160000_01D_30S_CLK.CLK.gz: 11,026 pairs
[06:08:21] [SUCCESS] ESA0OPSFIN_20233290000_01D_30S_CLK.CLK.gz: 11,026 pairs
[06:08:21] [SUCCESS] ESA0OPSFIN_20233000000_01D_30S_CLK.CLK.gz: 11,175 pairs
[06:08:21] [SUCCESS] ESA0OPSFIN_20233350000_01D_30S_CLK.CLK.gz: 11,175 pairs
[06:08:21] [SUCCESS] ESA0OPSFIN_20233300000_01D_30S_CLK.CLK.gz: 11,026 pairs
[06:08:21] [SUCCESS] ESA0OPSFIN_20233340000_01D_30S_CLK.CLK.gz: 11,175 pairs
[06:08:21] [SUCCESS] ESA0OPSFIN_20233220000_01D_30S_CLK.CLK.gz: 11,175 pairs
[06:08:21] [SUCCESS] ESA0OPSFIN_20233260000_01D_30S_CLK.CLK.gz: 11,175 pairs
[06:08:21] [SUCCESS] ESA0OPSFIN_20233330000_01D_30S_CLK.CLK.gz: 11,175 pairs
[06:08:21] [SUCCESS] ESA0OPSFIN_20233180000_01D_30S_CLK.CLK.gz: 11,175 pairs
[06:08:21] [SUCCESS] ESA0OPSFIN_20233200000_01D_30S_CLK.CLK.gz: 11,175 pairs
[06:08:21] [SUCCESS] ESA0OPSFIN_20233280000_01D_30S_CLK.CLK.gz: 11,175 pairs
[06:08:21] [SUCCESS] ESA0OPSFIN_20233170000_01D_30S_CLK.CLK.gz: 11,175 pairs
[06:08:21] [SUCCESS] ESA0OPSFIN_20233270000_01D_30S_CLK.CLK.gz: 11,175 pairs
[06:08:21] [SUCCESS] ESA0OPSFIN_20233250000_01D_30S_CLK.CLK.gz: 11,175 pairs
[06:08:22] [SUCCESS] ESA0OPSFIN_20233380000_01D_30S_CLK.CLK.gz: 11,175 pairs
[06:08:24] [SUCCESS] ESA0OPSFIN_20233390000_01D_30S_CLK.CLK.gz: 11,026 pairs
[06:08:24] [SUCCESS] ESA0OPSFIN_20233450000_01D_30S_CLK.CLK.gz: 11,026 pairs
[06:08:25] [SUCCESS] ESA0OPSFIN_20240130000_01D_30S_CLK.CLK.gz: 10,878 pairs
[06:08:25] [SUCCESS] ESA0OPSFIN_20233600000_01D_30S_CLK.CLK.gz: 10,878 pairs
[06:08:25] [SUCCESS] ESA0OPSFIN_20233420000_01D_30S_CLK.CLK.gz: 11,026 pairs
[06:08:25] [SUCCESS] ESA0OPSFIN_20240080000_01D_30S_CLK.CLK.gz: 10,878 pairs
[06:08:25] [SUCCESS] ESA0OPSFIN_20240040000_01D_30S_CLK.CLK.gz: 11,175 pairs
[06:08:26] [SUCCESS] ESA0OPSFIN_20233530000_01D_30S_CLK.CLK.gz: 11,026 pairs
[06:08:26] [SUCCESS] ESA0OPSFIN_20233590000_01D_30S_CLK.CLK.gz: 10,878 pairs
[06:08:26] [SUCCESS] ESA0OPSFIN_20233360000_01D_30S_CLK.CLK.gz: 11,026 pairs
[06:08:26] [SUCCESS] ESA0OPSFIN_20240020000_01D_30S_CLK.CLK.gz: 11,026 pairs
[06:08:26] [SUCCESS] ESA0OPSFIN_20233640000_01D_30S_CLK.CLK.gz: 11,026 pairs
[06:08:26] [SUCCESS] ESA0OPSFIN_20240070000_01D_30S_CLK.CLK.gz: 11,175 pairs
[06:08:26] [SUCCESS] ESA0OPSFIN_20233630000_01D_30S_CLK.CLK.gz: 11,175 pairs
[06:08:26] [SUCCESS] ESA0OPSFIN_20233550000_01D_30S_CLK.CLK.gz: 11,026 pairs
[06:08:26] [SUCCESS] ESA0OPSFIN_20233570000_01D_30S_CLK.CLK.gz: 11,175 pairs
[06:08:26] [SUCCESS] ESA0OPSFIN_20240190000_01D_30S_CLK.CLK.gz: 10,878 pairs
[06:08:26] [SUCCESS] ESA0OPSFIN_20233580000_01D_30S_CLK.CLK.gz: 11,026 pairs
[06:08:26] [SUCCESS] ESA0OPSFIN_20233430000_01D_30S_CLK.CLK.gz: 10,878 pairs
[06:08:26] [SUCCESS] ESA0OPSFIN_20233440000_01D_30S_CLK.CLK.gz: 11,026 pairs
[06:08:27] [SUCCESS] ESA0OPSFIN_20233400000_01D_30S_CLK.CLK.gz: 11,026 pairs
[06:08:27] [SUCCESS] ESA0OPSFIN_20233410000_01D_30S_CLK.CLK.gz: 11,026 pairs
[06:08:27] [SUCCESS] ESA0OPSFIN_20233370000_01D_30S_CLK.CLK.gz: 11,026 pairs
[06:08:27] [SUCCESS] ESA0OPSFIN_20233480000_01D_30S_CLK.CLK.gz: 11,175 pairs
[06:08:27] [SUCCESS] ESA0OPSFIN_20240030000_01D_30S_CLK.CLK.gz: 11,026 pairs
[06:08:27] [SUCCESS] ESA0OPSFIN_20233460000_01D_30S_CLK.CLK.gz: 11,026 pairs
[06:08:27] [SUCCESS] ESA0OPSFIN_20233510000_01D_30S_CLK.CLK.gz: 11,026 pairs
[06:08:27] [SUCCESS] ESA0OPSFIN_20233650000_01D_30S_CLK.CLK.gz: 11,175 pairs
[06:08:27] [SUCCESS] ESA0OPSFIN_20233500000_01D_30S_CLK.CLK.gz: 11,026 pairs
[06:08:27] [SUCCESS] ESA0OPSFIN_20240050000_01D_30S_CLK.CLK.gz: 11,026 pairs
[06:08:27] [SUCCESS] ESA0OPSFIN_20240160000_01D_30S_CLK.CLK.gz: 11,026 pairs
[06:08:27] [SUCCESS] ESA0OPSFIN_20233470000_01D_30S_CLK.CLK.gz: 11,175 pairs
[06:08:27] [SUCCESS] ESA0OPSFIN_20240100000_01D_30S_CLK.CLK.gz: 11,026 pairs
[06:08:27] [SUCCESS] ESA0OPSFIN_20233520000_01D_30S_CLK.CLK.gz: 11,175 pairs
[06:08:27] [SUCCESS] ESA0OPSFIN_20240140000_01D_30S_CLK.CLK.gz: 10,878 pairs
[06:08:27] [SUCCESS] ESA0OPSFIN_20233560000_01D_30S_CLK.CLK.gz: 11,026 pairs
[06:08:27] [SUCCESS] ESA0OPSFIN_20240090000_01D_30S_CLK.CLK.gz: 11,026 pairs
[06:08:27] [SUCCESS] ESA0OPSFIN_20240010000_01D_30S_CLK.CLK.gz: 11,175 pairs
[06:08:27] [SUCCESS] ESA0OPSFIN_20233490000_01D_30S_CLK.CLK.gz: 11,026 pairs
[06:08:28] [SUCCESS] ESA0OPSFIN_20240060000_01D_30S_CLK.CLK.gz: 11,026 pairs
[06:08:28] [SUCCESS] ESA0OPSFIN_20233610000_01D_30S_CLK.CLK.gz: 11,175 pairs
[06:08:28] [SUCCESS] ESA0OPSFIN_20240110000_01D_30S_CLK.CLK.gz: 11,026 pairs
[06:08:28] [SUCCESS] ESA0OPSFIN_20240170000_01D_30S_CLK.CLK.gz: 11,175 pairs
[06:08:28] [SUCCESS] ESA0OPSFIN_20233540000_01D_30S_CLK.CLK.gz: 11,026 pairs
[06:08:28] [SUCCESS] ESA0OPSFIN_20233620000_01D_30S_CLK.CLK.gz: 11,175 pairs
[06:08:28] [SUCCESS] ESA0OPSFIN_20240150000_01D_30S_CLK.CLK.gz: 11,026 pairs
[06:08:28] [SUCCESS] ESA0OPSFIN_20240120000_01D_30S_CLK.CLK.gz: 11,026 pairs
[06:08:28] [SUCCESS] ESA0OPSFIN_20240180000_01D_30S_CLK.CLK.gz: 11,175 pairs
[06:08:28] [INFO] Checkpoint saved: 384/912 files processed
[06:08:28] [PROCESS] Processing batch 3: 192 files
[06:09:12] [SUCCESS] ESA0OPSFIN_20240630000_01D_30S_CLK.CLK.gz: 10,878 pairs
[06:09:13] [SUCCESS] ESA0OPSFIN_20240210000_01D_30S_CLK.CLK.gz: 11,026 pairs
[06:09:13] [SUCCESS] ESA0OPSFIN_20240250000_01D_30S_CLK.CLK.gz: 11,026 pairs
[06:09:13] [SUCCESS] ESA0OPSFIN_20240220000_01D_30S_CLK.CLK.gz: 11,026 pairs
[06:09:13] [SUCCESS] ESA0OPSFIN_20240230000_01D_30S_CLK.CLK.gz: 10,878 pairs
[06:09:13] [SUCCESS] ESA0OPSFIN_20240650000_01D_30S_CLK.CLK.gz: 11,026 pairs
[06:09:13] [SUCCESS] ESA0OPSFIN_20240410000_01D_30S_CLK.CLK.gz: 11,026 pairs
[06:09:13] [SUCCESS] ESA0OPSFIN_20240400000_01D_30S_CLK.CLK.gz: 11,026 pairs
[06:09:13] [SUCCESS] ESA0OPSFIN_20240560000_01D_30S_CLK.CLK.gz: 11,026 pairs
[06:09:13] [SUCCESS] ESA0OPSFIN_20240510000_01D_30S_CLK.CLK.gz: 11,175 pairs
[06:09:13] [SUCCESS] ESA0OPSFIN_20240600000_01D_30S_CLK.CLK.gz: 11,026 pairs
[06:09:13] [SUCCESS] ESA0OPSFIN_20240320000_01D_30S_CLK.CLK.gz: 11,026 pairs
[06:09:13] [SUCCESS] ESA0OPSFIN_20240260000_01D_30S_CLK.CLK.gz: 11,026 pairs
[06:09:13] [SUCCESS] ESA0OPSFIN_20240280000_01D_30S_CLK.CLK.gz: 11,175 pairs
[06:09:13] [SUCCESS] ESA0OPSFIN_20240270000_01D_30S_CLK.CLK.gz: 11,026 pairs
[06:09:13] [SUCCESS] ESA0OPSFIN_20240290000_01D_30S_CLK.CLK.gz: 11,026 pairs
[06:09:13] [SUCCESS] ESA0OPSFIN_20240620000_01D_30S_CLK.CLK.gz: 11,026 pairs
[06:09:13] [SUCCESS] ESA0OPSFIN_20240370000_01D_30S_CLK.CLK.gz: 11,026 pairs
[06:09:13] [SUCCESS] ESA0OPSFIN_20240470000_01D_30S_CLK.CLK.gz: 11,175 pairs
[06:09:13] [SUCCESS] ESA0OPSFIN_20240540000_01D_30S_CLK.CLK.gz: 11,175 pairs
[06:09:13] [SUCCESS] ESA0OPSFIN_20240550000_01D_30S_CLK.CLK.gz: 11,026 pairs
[06:09:13] [SUCCESS] ESA0OPSFIN_20240330000_01D_30S_CLK.CLK.gz: 11,026 pairs
[06:09:13] [SUCCESS] ESA0OPSFIN_20240310000_01D_30S_CLK.CLK.gz: 11,175 pairs
[06:09:13] [SUCCESS] ESA0OPSFIN_20240590000_01D_30S_CLK.CLK.gz: 11,175 pairs
[06:09:13] [SUCCESS] ESA0OPSFIN_20240610000_01D_30S_CLK.CLK.gz: 11,175 pairs
[06:09:13] [SUCCESS] ESA0OPSFIN_20240240000_01D_30S_CLK.CLK.gz: 11,175 pairs
[06:09:14] [SUCCESS] ESA0OPSFIN_20240350000_01D_30S_CLK.CLK.gz: 11,175 pairs
[06:09:14] [SUCCESS] ESA0OPSFIN_20240380000_01D_30S_CLK.CLK.gz: 11,026 pairs
[06:09:14] [SUCCESS] ESA0OPSFIN_20240300000_01D_30S_CLK.CLK.gz: 11,175 pairs
[06:09:14] [SUCCESS] ESA0OPSFIN_20240450000_01D_30S_CLK.CLK.gz: 11,175 pairs
[06:09:14] [SUCCESS] ESA0OPSFIN_20240570000_01D_30S_CLK.CLK.gz: 11,175 pairs
[06:09:14] [SUCCESS] ESA0OPSFIN_20240440000_01D_30S_CLK.CLK.gz: 11,175 pairs
[06:09:14] [SUCCESS] ESA0OPSFIN_20240420000_01D_30S_CLK.CLK.gz: 11,175 pairs
[06:09:14] [SUCCESS] ESA0OPSFIN_20240580000_01D_30S_CLK.CLK.gz: 11,175 pairs
[06:09:14] [SUCCESS] ESA0OPSFIN_20240360000_01D_30S_CLK.CLK.gz: 11,175 pairs
[06:09:14] [SUCCESS] ESA0OPSFIN_20240520000_01D_30S_CLK.CLK.gz: 11,175 pairs
[06:09:14] [SUCCESS] ESA0OPSFIN_20240500000_01D_30S_CLK.CLK.gz: 11,026 pairs
[06:09:14] [SUCCESS] ESA0OPSFIN_20240340000_01D_30S_CLK.CLK.gz: 11,175 pairs
[06:09:14] [SUCCESS] ESA0OPSFIN_20240390000_01D_30S_CLK.CLK.gz: 11,175 pairs
[06:09:14] [SUCCESS] ESA0OPSFIN_20240460000_01D_30S_CLK.CLK.gz: 11,175 pairs
[06:09:14] [SUCCESS] ESA0OPSFIN_20240480000_01D_30S_CLK.CLK.gz: 11,175 pairs
[06:09:14] [SUCCESS] ESA0OPSFIN_20240670000_01D_30S_CLK.CLK.gz: 11,175 pairs
[06:09:14] [SUCCESS] ESA0OPSFIN_20240530000_01D_30S_CLK.CLK.gz: 11,175 pairs
[06:09:14] [SUCCESS] ESA0OPSFIN_20240490000_01D_30S_CLK.CLK.gz: 11,175 pairs
[06:09:14] [SUCCESS] ESA0OPSFIN_20240740000_01D_30S_CLK.CLK.gz: 11,175 pairs
[06:09:14] [SUCCESS] ESA0OPSFIN_20240640000_01D_30S_CLK.CLK.gz: 11,175 pairs
[06:09:15] [SUCCESS] ESA0OPSFIN_20240660000_01D_30S_CLK.CLK.gz: 10,878 pairs
[06:09:16] [SUCCESS] ESA0OPSFIN_20240430000_01D_30S_CLK.CLK.gz: 11,175 pairs
[06:09:16] [SUCCESS] ESA0OPSFIN_20240200000_01D_30S_CLK.CLK.gz: 11,175 pairs
[06:09:16] [SUCCESS] ESA0OPSFIN_20241150000_01D_30S_CLK.CLK.gz: 10,878 pairs
[06:09:16] [SUCCESS] ESA0OPSFIN_20240850000_01D_30S_CLK.CLK.gz: 10,878 pairs
[06:09:16] [SUCCESS] ESA0OPSFIN_20241110000_01D_30S_CLK.CLK.gz: 10,878 pairs
[06:09:17] [SUCCESS] ESA0OPSFIN_20240970000_01D_30S_CLK.CLK.gz: 11,175 pairs
[06:09:17] [SUCCESS] ESA0OPSFIN_20241000000_01D_30S_CLK.CLK.gz: 10,878 pairs
[06:09:17] [SUCCESS] ESA0OPSFIN_20241030000_01D_30S_CLK.CLK.gz: 10,878 pairs
[06:09:17] [SUCCESS] ESA0OPSFIN_20241100000_01D_30S_CLK.CLK.gz: 11,026 pairs
[06:09:17] [SUCCESS] ESA0OPSFIN_20240860000_01D_30S_CLK.CLK.gz: 10,878 pairs
[06:09:17] [SUCCESS] ESA0OPSFIN_20240690000_01D_30S_CLK.CLK.gz: 11,175 pairs
[06:09:17] [SUCCESS] ESA0OPSFIN_20241040000_01D_30S_CLK.CLK.gz: 10,878 pairs
[06:09:17] [SUCCESS] ESA0OPSFIN_20241130000_01D_30S_CLK.CLK.gz: 11,026 pairs
[06:09:17] [SUCCESS] ESA0OPSFIN_20241050000_01D_30S_CLK.CLK.gz: 11,175 pairs
[06:09:17] [SUCCESS] ESA0OPSFIN_20240800000_01D_30S_CLK.CLK.gz: 11,175 pairs
[06:09:17] [SUCCESS] ESA0OPSFIN_20240770000_01D_30S_CLK.CLK.gz: 11,175 pairs
[06:09:17] [SUCCESS] ESA0OPSFIN_20240880000_01D_30S_CLK.CLK.gz: 11,175 pairs
[06:09:17] [SUCCESS] ESA0OPSFIN_20240710000_01D_30S_CLK.CLK.gz: 11,175 pairs
[06:09:18] [SUCCESS] ESA0OPSFIN_20241140000_01D_30S_CLK.CLK.gz: 11,175 pairs
[06:09:18] [SUCCESS] ESA0OPSFIN_20240960000_01D_30S_CLK.CLK.gz: 11,175 pairs
[06:09:18] [SUCCESS] ESA0OPSFIN_20240890000_01D_30S_CLK.CLK.gz: 11,175 pairs
[06:09:18] [SUCCESS] ESA0OPSFIN_20240810000_01D_30S_CLK.CLK.gz: 11,175 pairs
[06:09:18] [SUCCESS] ESA0OPSFIN_20240990000_01D_30S_CLK.CLK.gz: 11,175 pairs
[06:09:18] [SUCCESS] ESA0OPSFIN_20240980000_01D_30S_CLK.CLK.gz: 11,175 pairs
[06:09:18] [SUCCESS] ESA0OPSFIN_20240700000_01D_30S_CLK.CLK.gz: 11,175 pairs
[06:09:18] [SUCCESS] ESA0OPSFIN_20240730000_01D_30S_CLK.CLK.gz: 11,175 pairs
[06:09:18] [SUCCESS] ESA0OPSFIN_20240900000_01D_30S_CLK.CLK.gz: 11,175 pairs
[06:09:18] [SUCCESS] ESA0OPSFIN_20240780000_01D_30S_CLK.CLK.gz: 11,175 pairs
[06:09:18] [SUCCESS] ESA0OPSFIN_20240720000_01D_30S_CLK.CLK.gz: 11,026 pairs
[06:09:18] [SUCCESS] ESA0OPSFIN_20241020000_01D_30S_CLK.CLK.gz: 11,175 pairs
[06:09:18] [SUCCESS] ESA0OPSFIN_20241010000_01D_30S_CLK.CLK.gz: 11,175 pairs
[06:09:18] [SUCCESS] ESA0OPSFIN_20240950000_01D_30S_CLK.CLK.gz: 11,026 pairs
[06:09:18] [SUCCESS] ESA0OPSFIN_20240940000_01D_30S_CLK.CLK.gz: 11,175 pairs
[06:09:18] [SUCCESS] ESA0OPSFIN_20240840000_01D_30S_CLK.CLK.gz: 11,175 pairs
[06:09:18] [SUCCESS] ESA0OPSFIN_20240680000_01D_30S_CLK.CLK.gz: 11,175 pairs
[06:09:18] [SUCCESS] ESA0OPSFIN_20240920000_01D_30S_CLK.CLK.gz: 11,175 pairs
[06:09:18] [SUCCESS] ESA0OPSFIN_20241070000_01D_30S_CLK.CLK.gz: 11,175 pairs
[06:09:18] [SUCCESS] ESA0OPSFIN_20241080000_01D_30S_CLK.CLK.gz: 11,175 pairs
[06:09:18] [SUCCESS] ESA0OPSFIN_20240830000_01D_30S_CLK.CLK.gz: 11,175 pairs
[06:09:18] [SUCCESS] ESA0OPSFIN_20240820000_01D_30S_CLK.CLK.gz: 11,175 pairs
[06:09:18] [SUCCESS] ESA0OPSFIN_20240870000_01D_30S_CLK.CLK.gz: 11,175 pairs
[06:09:18] [SUCCESS] ESA0OPSFIN_20240750000_01D_30S_CLK.CLK.gz: 11,175 pairs
[06:09:18] [SUCCESS] ESA0OPSFIN_20241090000_01D_30S_CLK.CLK.gz: 11,175 pairs
[06:09:18] [SUCCESS] ESA0OPSFIN_20240790000_01D_30S_CLK.CLK.gz: 11,175 pairs
[06:09:18] [SUCCESS] ESA0OPSFIN_20240760000_01D_30S_CLK.CLK.gz: 11,175 pairs
[06:09:18] [SUCCESS] ESA0OPSFIN_20241060000_01D_30S_CLK.CLK.gz: 11,175 pairs
[06:09:18] [SUCCESS] ESA0OPSFIN_20240930000_01D_30S_CLK.CLK.gz: 11,175 pairs
[06:09:19] [SUCCESS] ESA0OPSFIN_20240910000_01D_30S_CLK.CLK.gz: 11,175 pairs
[06:09:19] [SUCCESS] ESA0OPSFIN_20241120000_01D_30S_CLK.CLK.gz: 11,175 pairs
[06:09:56] [SUCCESS] ESA0OPSFIN_20241180000_01D_30S_CLK.CLK.gz: 10,878 pairs
[06:09:57] [SUCCESS] ESA0OPSFIN_20241250000_01D_30S_CLK.CLK.gz: 10,878 pairs
[06:09:57] [SUCCESS] ESA0OPSFIN_20241160000_01D_30S_CLK.CLK.gz: 11,175 pairs
[06:09:57] [SUCCESS] ESA0OPSFIN_20241240000_01D_30S_CLK.CLK.gz: 10,878 pairs
[06:09:57] [SUCCESS] ESA0OPSFIN_20241500000_01D_30S_CLK.CLK.gz: 11,026 pairs
[06:09:57] [SUCCESS] ESA0OPSFIN_20241220000_01D_30S_CLK.CLK.gz: 11,175 pairs
[06:09:57] [SUCCESS] ESA0OPSFIN_20241420000_01D_30S_CLK.CLK.gz: 11,175 pairs
[06:09:57] [SUCCESS] ESA0OPSFIN_20241170000_01D_30S_CLK.CLK.gz: 11,175 pairs
[06:09:58] [SUCCESS] ESA0OPSFIN_20241190000_01D_30S_CLK.CLK.gz: 11,175 pairs
[06:09:58] [SUCCESS] ESA0OPSFIN_20241210000_01D_30S_CLK.CLK.gz: 11,175 pairs
[06:09:58] [SUCCESS] ESA0OPSFIN_20241340000_01D_30S_CLK.CLK.gz: 10,878 pairs
[06:09:58] [SUCCESS] ESA0OPSFIN_20241260000_01D_30S_CLK.CLK.gz: 11,175 pairs
[06:09:58] [SUCCESS] ESA0OPSFIN_20241490000_01D_30S_CLK.CLK.gz: 11,175 pairs
[06:09:58] [SUCCESS] ESA0OPSFIN_20241450000_01D_30S_CLK.CLK.gz: 11,175 pairs
[06:09:58] [SUCCESS] ESA0OPSFIN_20241230000_01D_30S_CLK.CLK.gz: 11,175 pairs
[06:09:58] [SUCCESS] ESA0OPSFIN_20241290000_01D_30S_CLK.CLK.gz: 11,175 pairs
[06:09:58] [SUCCESS] ESA0OPSFIN_20241350000_01D_30S_CLK.CLK.gz: 11,175 pairs
[06:09:58] [SUCCESS] ESA0OPSFIN_20241400000_01D_30S_CLK.CLK.gz: 11,175 pairs
[06:09:58] [SUCCESS] ESA0OPSFIN_20241280000_01D_30S_CLK.CLK.gz: 11,175 pairs
[06:09:58] [SUCCESS] ESA0OPSFIN_20241370000_01D_30S_CLK.CLK.gz: 11,175 pairs
[06:09:58] [SUCCESS] ESA0OPSFIN_20241460000_01D_30S_CLK.CLK.gz: 11,175 pairs
[06:09:58] [SUCCESS] ESA0OPSFIN_20241270000_01D_30S_CLK.CLK.gz: 11,175 pairs
[06:09:58] [SUCCESS] ESA0OPSFIN_20241300000_01D_30S_CLK.CLK.gz: 11,175 pairs
[06:09:58] [SUCCESS] ESA0OPSFIN_20241530000_01D_30S_CLK.CLK.gz: 11,026 pairs
[06:09:58] [SUCCESS] ESA0OPSFIN_20241410000_01D_30S_CLK.CLK.gz: 11,175 pairs
[06:09:58] [SUCCESS] ESA0OPSFIN_20241390000_01D_30S_CLK.CLK.gz: 11,175 pairs
[06:09:58] [SUCCESS] ESA0OPSFIN_20241610000_01D_30S_CLK.CLK.gz: 11,026 pairs
[06:09:58] [SUCCESS] ESA0OPSFIN_20241440000_01D_30S_CLK.CLK.gz: 11,175 pairs
[06:09:58] [SUCCESS] ESA0OPSFIN_20241470000_01D_30S_CLK.CLK.gz: 11,175 pairs
[06:09:58] [SUCCESS] ESA0OPSFIN_20241380000_01D_30S_CLK.CLK.gz: 11,175 pairs
[06:09:58] [SUCCESS] ESA0OPSFIN_20241310000_01D_30S_CLK.CLK.gz: 11,175 pairs
[06:09:58] [SUCCESS] ESA0OPSFIN_20241320000_01D_30S_CLK.CLK.gz: 11,175 pairs
[06:09:58] [SUCCESS] ESA0OPSFIN_20241330000_01D_30S_CLK.CLK.gz: 11,175 pairs
[06:09:58] [SUCCESS] ESA0OPSFIN_20241480000_01D_30S_CLK.CLK.gz: 11,175 pairs
[06:09:59] [SUCCESS] ESA0OPSFIN_20241590000_01D_30S_CLK.CLK.gz: 11,175 pairs
[06:09:59] [SUCCESS] ESA0OPSFIN_20241510000_01D_30S_CLK.CLK.gz: 11,175 pairs
[06:09:59] [SUCCESS] ESA0OPSFIN_20241430000_01D_30S_CLK.CLK.gz: 11,175 pairs
[06:09:59] [SUCCESS] ESA0OPSFIN_20241550000_01D_30S_CLK.CLK.gz: 11,175 pairs
[06:09:59] [SUCCESS] ESA0OPSFIN_20241540000_01D_30S_CLK.CLK.gz: 11,175 pairs
[06:09:59] [SUCCESS] ESA0OPSFIN_20241570000_01D_30S_CLK.CLK.gz: 11,175 pairs
[06:09:59] [SUCCESS] ESA0OPSFIN_20241360000_01D_30S_CLK.CLK.gz: 11,175 pairs
[06:09:59] [SUCCESS] ESA0OPSFIN_20241560000_01D_30S_CLK.CLK.gz: 11,175 pairs
[06:09:59] [SUCCESS] ESA0OPSFIN_20241520000_01D_30S_CLK.CLK.gz: 11,175 pairs
[06:09:59] [SUCCESS] ESA0OPSFIN_20241580000_01D_30S_CLK.CLK.gz: 11,175 pairs
[06:09:59] [SUCCESS] ESA0OPSFIN_20241600000_01D_30S_CLK.CLK.gz: 11,175 pairs
[06:09:59] [SUCCESS] ESA0OPSFIN_20241640000_01D_30S_CLK.CLK.gz: 11,175 pairs
[06:10:00] [SUCCESS] ESA0OPSFIN_20241200000_01D_30S_CLK.CLK.gz: 11,175 pairs
[06:10:01] [SUCCESS] ESA0OPSFIN_20241620000_01D_30S_CLK.CLK.gz: 11,175 pairs
[06:10:01] [SUCCESS] ESA0OPSFIN_20242040000_01D_30S_CLK.CLK.gz: 11,026 pairs
[06:10:02] [SUCCESS] ESA0OPSFIN_20241840000_01D_30S_CLK.CLK.gz: 11,026 pairs
[06:10:02] [SUCCESS] ESA0OPSFIN_20241650000_01D_30S_CLK.CLK.gz: 11,175 pairs
[06:10:02] [SUCCESS] ESA0OPSFIN_20241800000_01D_30S_CLK.CLK.gz: 11,026 pairs
[06:10:03] [SUCCESS] ESA0OPSFIN_20241770000_01D_30S_CLK.CLK.gz: 11,175 pairs
[06:10:03] [SUCCESS] ESA0OPSFIN_20241910000_01D_30S_CLK.CLK.gz: 11,026 pairs
[06:10:03] [SUCCESS] ESA0OPSFIN_20241680000_01D_30S_CLK.CLK.gz: 11,175 pairs
[06:10:03] [SUCCESS] ESA0OPSFIN_20241870000_01D_30S_CLK.CLK.gz: 11,175 pairs
[06:10:03] [SUCCESS] ESA0OPSFIN_20242000000_01D_30S_CLK.CLK.gz: 11,026 pairs
[06:10:03] [SUCCESS] ESA0OPSFIN_20241660000_01D_30S_CLK.CLK.gz: 11,026 pairs
[06:10:03] [SUCCESS] ESA0OPSFIN_20242060000_01D_30S_CLK.CLK.gz: 10,878 pairs
[06:10:03] [SUCCESS] ESA0OPSFIN_20241630000_01D_30S_CLK.CLK.gz: 11,175 pairs
[06:10:04] [SUCCESS] ESA0OPSFIN_20242050000_01D_30S_CLK.CLK.gz: 11,026 pairs
[06:10:04] [SUCCESS] ESA0OPSFIN_20241900000_01D_30S_CLK.CLK.gz: 11,175 pairs
[06:10:04] [SUCCESS] ESA0OPSFIN_20241670000_01D_30S_CLK.CLK.gz: 11,175 pairs
[06:10:04] [SUCCESS] ESA0OPSFIN_20241970000_01D_30S_CLK.CLK.gz: 11,175 pairs
[06:10:04] [SUCCESS] ESA0OPSFIN_20241980000_01D_30S_CLK.CLK.gz: 11,175 pairs
[06:10:04] [SUCCESS] ESA0OPSFIN_20241960000_01D_30S_CLK.CLK.gz: 11,175 pairs
[06:10:04] [SUCCESS] ESA0OPSFIN_20241860000_01D_30S_CLK.CLK.gz: 11,175 pairs
[06:10:04] [SUCCESS] ESA0OPSFIN_20241930000_01D_30S_CLK.CLK.gz: 11,175 pairs
[06:10:04] [SUCCESS] ESA0OPSFIN_20241740000_01D_30S_CLK.CLK.gz: 11,026 pairs
[06:10:04] [SUCCESS] ESA0OPSFIN_20242030000_01D_30S_CLK.CLK.gz: 10,731 pairs
[06:10:04] [SUCCESS] ESA0OPSFIN_20241750000_01D_30S_CLK.CLK.gz: 11,026 pairs
[06:10:05] [SUCCESS] ESA0OPSFIN_20241790000_01D_30S_CLK.CLK.gz: 11,026 pairs
[06:10:05] [SUCCESS] ESA0OPSFIN_20242090000_01D_30S_CLK.CLK.gz: 11,026 pairs
[06:10:05] [SUCCESS] ESA0OPSFIN_20241760000_01D_30S_CLK.CLK.gz: 11,175 pairs
[06:10:05] [SUCCESS] ESA0OPSFIN_20241690000_01D_30S_CLK.CLK.gz: 11,175 pairs
[06:10:05] [SUCCESS] ESA0OPSFIN_20241730000_01D_30S_CLK.CLK.gz: 11,026 pairs
[06:10:05] [SUCCESS] ESA0OPSFIN_20241890000_01D_30S_CLK.CLK.gz: 11,026 pairs
[06:10:05] [SUCCESS] ESA0OPSFIN_20241710000_01D_30S_CLK.CLK.gz: 11,175 pairs
[06:10:05] [SUCCESS] ESA0OPSFIN_20241720000_01D_30S_CLK.CLK.gz: 11,175 pairs
[06:10:05] [SUCCESS] ESA0OPSFIN_20242020000_01D_30S_CLK.CLK.gz: 11,026 pairs
[06:10:05] [SUCCESS] ESA0OPSFIN_20241780000_01D_30S_CLK.CLK.gz: 11,175 pairs
[06:10:05] [SUCCESS] ESA0OPSFIN_20241850000_01D_30S_CLK.CLK.gz: 11,175 pairs
[06:10:05] [SUCCESS] ESA0OPSFIN_20241700000_01D_30S_CLK.CLK.gz: 11,175 pairs
[06:10:05] [SUCCESS] ESA0OPSFIN_20241830000_01D_30S_CLK.CLK.gz: 11,175 pairs
[06:10:05] [SUCCESS] ESA0OPSFIN_20241950000_01D_30S_CLK.CLK.gz: 11,026 pairs
[06:10:05] [SUCCESS] ESA0OPSFIN_20241940000_01D_30S_CLK.CLK.gz: 11,175 pairs
[06:10:05] [SUCCESS] ESA0OPSFIN_20242080000_01D_30S_CLK.CLK.gz: 11,026 pairs
[06:10:05] [SUCCESS] ESA0OPSFIN_20241880000_01D_30S_CLK.CLK.gz: 11,175 pairs
[06:10:05] [SUCCESS] ESA0OPSFIN_20242010000_01D_30S_CLK.CLK.gz: 10,878 pairs
[06:10:05] [SUCCESS] ESA0OPSFIN_20241820000_01D_30S_CLK.CLK.gz: 11,175 pairs
[06:10:05] [SUCCESS] ESA0OPSFIN_20241810000_01D_30S_CLK.CLK.gz: 11,175 pairs
[06:10:05] [SUCCESS] ESA0OPSFIN_20241920000_01D_30S_CLK.CLK.gz: 11,175 pairs
[06:10:05] [SUCCESS] ESA0OPSFIN_20242070000_01D_30S_CLK.CLK.gz: 11,026 pairs
[06:10:06] [SUCCESS] ESA0OPSFIN_20241990000_01D_30S_CLK.CLK.gz: 11,175 pairs
[06:10:06] [SUCCESS] ESA0OPSFIN_20242100000_01D_30S_CLK.CLK.gz: 11,026 pairs
[06:10:06] [SUCCESS] ESA0OPSFIN_20242110000_01D_30S_CLK.CLK.gz: 11,026 pairs
[06:10:06] [INFO] Checkpoint saved: 576/912 files processed
[06:10:06] [PROCESS] Processing batch 4: 192 files
[06:10:50] [SUCCESS] ESA0OPSFIN_20242390000_01D_30S_CLK.CLK.gz: 10,878 pairs
[06:10:50] [SUCCESS] ESA0OPSFIN_20242140000_01D_30S_CLK.CLK.gz: 10,878 pairs
[06:10:50] [SUCCESS] ESA0OPSFIN_20242380000_01D_30S_CLK.CLK.gz: 11,026 pairs
[06:10:50] [SUCCESS] ESA0OPSFIN_20242160000_01D_30S_CLK.CLK.gz: 10,878 pairs
[06:10:50] [SUCCESS] ESA0OPSFIN_20242300000_01D_30S_CLK.CLK.gz: 11,026 pairs
[06:10:50] [SUCCESS] ESA0OPSFIN_20242180000_01D_30S_CLK.CLK.gz: 11,026 pairs
[06:10:50] [SUCCESS] ESA0OPSFIN_20242200000_01D_30S_CLK.CLK.gz: 11,026 pairs
[06:10:50] [SUCCESS] ESA0OPSFIN_20242420000_01D_30S_CLK.CLK.gz: 11,026 pairs
[06:10:50] [SUCCESS] ESA0OPSFIN_20242240000_01D_30S_CLK.CLK.gz: 10,878 pairs
[06:10:51] [SUCCESS] ESA0OPSFIN_20242250000_01D_30S_CLK.CLK.gz: 11,026 pairs
[06:10:51] [SUCCESS] ESA0OPSFIN_20242330000_01D_30S_CLK.CLK.gz: 10,878 pairs
[06:10:51] [SUCCESS] ESA0OPSFIN_20242270000_01D_30S_CLK.CLK.gz: 11,026 pairs
[06:10:51] [SUCCESS] ESA0OPSFIN_20242400000_01D_30S_CLK.CLK.gz: 11,026 pairs
[06:10:51] [SUCCESS] ESA0OPSFIN_20242210000_01D_30S_CLK.CLK.gz: 10,878 pairs
[06:10:51] [SUCCESS] ESA0OPSFIN_20242230000_01D_30S_CLK.CLK.gz: 10,878 pairs
[06:10:51] [SUCCESS] ESA0OPSFIN_20242130000_01D_30S_CLK.CLK.gz: 11,026 pairs
[06:10:51] [SUCCESS] ESA0OPSFIN_20242520000_01D_30S_CLK.CLK.gz: 11,026 pairs
[06:10:51] [SUCCESS] ESA0OPSFIN_20242570000_01D_30S_CLK.CLK.gz: 11,026 pairs
[06:10:51] [SUCCESS] ESA0OPSFIN_20242430000_01D_30S_CLK.CLK.gz: 11,026 pairs
[06:10:51] [SUCCESS] ESA0OPSFIN_20242480000_01D_30S_CLK.CLK.gz: 10,878 pairs
[06:10:51] [SUCCESS] ESA0OPSFIN_20242290000_01D_30S_CLK.CLK.gz: 11,026 pairs
[06:10:51] [SUCCESS] ESA0OPSFIN_20242350000_01D_30S_CLK.CLK.gz: 11,026 pairs
[06:10:51] [SUCCESS] ESA0OPSFIN_20242170000_01D_30S_CLK.CLK.gz: 11,026 pairs
[06:10:51] [SUCCESS] ESA0OPSFIN_20242150000_01D_30S_CLK.CLK.gz: 11,026 pairs
[06:10:51] [SUCCESS] ESA0OPSFIN_20242360000_01D_30S_CLK.CLK.gz: 11,026 pairs
[06:10:51] [SUCCESS] ESA0OPSFIN_20242460000_01D_30S_CLK.CLK.gz: 11,026 pairs
[06:10:51] [SUCCESS] ESA0OPSFIN_20242450000_01D_30S_CLK.CLK.gz: 11,026 pairs
[06:10:51] [SUCCESS] ESA0OPSFIN_20242340000_01D_30S_CLK.CLK.gz: 11,026 pairs
[06:10:51] [SUCCESS] ESA0OPSFIN_20242500000_01D_30S_CLK.CLK.gz: 11,026 pairs
[06:10:51] [SUCCESS] ESA0OPSFIN_20242490000_01D_30S_CLK.CLK.gz: 11,026 pairs
[06:10:51] [SUCCESS] ESA0OPSFIN_20242970000_01D_30S_CLK.CLK.gz: 11,026 pairs
[06:10:51] [SUCCESS] ESA0OPSFIN_20242370000_01D_30S_CLK.CLK.gz: 11,026 pairs
[06:10:51] [SUCCESS] ESA0OPSFIN_20242410000_01D_30S_CLK.CLK.gz: 11,026 pairs
[06:10:51] [SUCCESS] ESA0OPSFIN_20242310000_01D_30S_CLK.CLK.gz: 11,026 pairs
[06:10:51] [SUCCESS] ESA0OPSFIN_20242190000_01D_30S_CLK.CLK.gz: 11,175 pairs
[06:10:51] [SUCCESS] ESA0OPSFIN_20242550000_01D_30S_CLK.CLK.gz: 11,026 pairs
[06:10:51] [SUCCESS] ESA0OPSFIN_20242600000_01D_30S_CLK.CLK.gz: 11,026 pairs
[06:10:51] [SUCCESS] ESA0OPSFIN_20242260000_01D_30S_CLK.CLK.gz: 11,026 pairs
[06:10:51] [SUCCESS] ESA0OPSFIN_20242990000_01D_30S_CLK.CLK.gz: 11,175 pairs
[06:10:51] [SUCCESS] ESA0OPSFIN_20242320000_01D_30S_CLK.CLK.gz: 11,026 pairs
[06:10:51] [SUCCESS] ESA0OPSFIN_20242540000_01D_30S_CLK.CLK.gz: 11,026 pairs
[06:10:51] [SUCCESS] ESA0OPSFIN_20242510000_01D_30S_CLK.CLK.gz: 11,026 pairs
[06:10:51] [SUCCESS] ESA0OPSFIN_20242470000_01D_30S_CLK.CLK.gz: 11,026 pairs
[06:10:51] [SUCCESS] ESA0OPSFIN_20242440000_01D_30S_CLK.CLK.gz: 11,026 pairs
[06:10:52] [SUCCESS] ESA0OPSFIN_20242560000_01D_30S_CLK.CLK.gz: 11,026 pairs
[06:10:52] [SUCCESS] ESA0OPSFIN_20242680000_01D_30S_CLK.CLK.gz: 11,026 pairs
[06:10:52] [SUCCESS] ESA0OPSFIN_20242220000_01D_30S_CLK.CLK.gz: 11,026 pairs
[06:10:53] [SUCCESS] ESA0OPSFIN_20242530000_01D_30S_CLK.CLK.gz: 11,026 pairs
[06:10:53] [SUCCESS] ESA0OPSFIN_20242870000_01D_30S_CLK.CLK.gz: 11,026 pairs
[06:10:54] [SUCCESS] ESA0OPSFIN_20242630000_01D_30S_CLK.CLK.gz: 10,731 pairs
[06:10:54] [SUCCESS] ESA0OPSFIN_20242720000_01D_30S_CLK.CLK.gz: 10,878 pairs
[06:10:54] [SUCCESS] ESA0OPSFIN_20242800000_01D_30S_CLK.CLK.gz: 10,878 pairs
[06:10:54] [SUCCESS] ESA0OPSFIN_20242730000_01D_30S_CLK.CLK.gz: 10,878 pairs
[06:10:54] [SUCCESS] ESA0OPSFIN_20242580000_01D_30S_CLK.CLK.gz: 10,878 pairs
[06:10:54] [SUCCESS] ESA0OPSFIN_20242770000_01D_30S_CLK.CLK.gz: 10,878 pairs
[06:10:54] [SUCCESS] ESA0OPSFIN_20243000000_01D_30S_CLK.CLK.gz: 11,026 pairs
[06:10:54] [SUCCESS] ESA0OPSFIN_20242810000_01D_30S_CLK.CLK.gz: 10,878 pairs
[06:10:54] [SUCCESS] ESA0OPSFIN_20242760000_01D_30S_CLK.CLK.gz: 10,731 pairs
[06:10:54] [SUCCESS] ESA0OPSFIN_20243070000_01D_30S_CLK.CLK.gz: 11,026 pairs
[06:10:54] [SUCCESS] ESA0OPSFIN_20242850000_01D_30S_CLK.CLK.gz: 10,878 pairs
[06:10:54] [SUCCESS] ESA0OPSFIN_20242650000_01D_30S_CLK.CLK.gz: 11,026 pairs
[06:10:54] [SUCCESS] ESA0OPSFIN_20242880000_01D_30S_CLK.CLK.gz: 10,878 pairs
[06:10:54] [SUCCESS] ESA0OPSFIN_20242790000_01D_30S_CLK.CLK.gz: 11,026 pairs
[06:10:54] [SUCCESS] ESA0OPSFIN_20242690000_01D_30S_CLK.CLK.gz: 11,026 pairs
[06:10:54] [SUCCESS] ESA0OPSFIN_20242710000_01D_30S_CLK.CLK.gz: 11,026 pairs
[06:10:55] [SUCCESS] ESA0OPSFIN_20242920000_01D_30S_CLK.CLK.gz: 11,175 pairs
[06:10:55] [SUCCESS] ESA0OPSFIN_20242640000_01D_30S_CLK.CLK.gz: 11,026 pairs
[06:10:55] [SUCCESS] ESA0OPSFIN_20242740000_01D_30S_CLK.CLK.gz: 11,026 pairs
[06:10:55] [SUCCESS] ESA0OPSFIN_20242780000_01D_30S_CLK.CLK.gz: 11,026 pairs
[06:10:55] [SUCCESS] ESA0OPSFIN_20242670000_01D_30S_CLK.CLK.gz: 11,026 pairs
[06:10:55] [SUCCESS] ESA0OPSFIN_20242750000_01D_30S_CLK.CLK.gz: 11,026 pairs
[06:10:55] [SUCCESS] ESA0OPSFIN_20242860000_01D_30S_CLK.CLK.gz: 11,026 pairs
[06:10:55] [SUCCESS] ESA0OPSFIN_20243020000_01D_30S_CLK.CLK.gz: 11,175 pairs
[06:10:55] [SUCCESS] ESA0OPSFIN_20242820000_01D_30S_CLK.CLK.gz: 11,026 pairs
[06:10:55] [SUCCESS] ESA0OPSFIN_20242280000_01D_30S_CLK.CLK.gz: 11,026 pairs
[06:10:55] [SUCCESS] ESA0OPSFIN_20242660000_01D_30S_CLK.CLK.gz: 11,026 pairs
[06:10:55] [SUCCESS] ESA0OPSFIN_20242590000_01D_30S_CLK.CLK.gz: 11,026 pairs
[06:10:55] [SUCCESS] ESA0OPSFIN_20242700000_01D_30S_CLK.CLK.gz: 11,026 pairs
[06:10:55] [SUCCESS] ESA0OPSFIN_20242960000_01D_30S_CLK.CLK.gz: 11,175 pairs
[06:10:55] [SUCCESS] ESA0OPSFIN_20242610000_01D_30S_CLK.CLK.gz: 10,878 pairs
[06:10:55] [SUCCESS] ESA0OPSFIN_20242940000_01D_30S_CLK.CLK.gz: 11,175 pairs
[06:10:55] [SUCCESS] ESA0OPSFIN_20242840000_01D_30S_CLK.CLK.gz: 11,026 pairs
[06:10:55] [SUCCESS] ESA0OPSFIN_20242890000_01D_30S_CLK.CLK.gz: 11,175 pairs
[06:10:55] [SUCCESS] ESA0OPSFIN_20242910000_01D_30S_CLK.CLK.gz: 11,026 pairs
[06:10:55] [SUCCESS] ESA0OPSFIN_20242830000_01D_30S_CLK.CLK.gz: 11,026 pairs
[06:10:55] [SUCCESS] ESA0OPSFIN_20243010000_01D_30S_CLK.CLK.gz: 11,175 pairs
[06:10:55] [SUCCESS] ESA0OPSFIN_20242930000_01D_30S_CLK.CLK.gz: 11,175 pairs
[06:10:55] [SUCCESS] ESA0OPSFIN_20242620000_01D_30S_CLK.CLK.gz: 11,026 pairs
[06:10:55] [SUCCESS] ESA0OPSFIN_20243040000_01D_30S_CLK.CLK.gz: 11,175 pairs
[06:10:55] [SUCCESS] ESA0OPSFIN_20243050000_01D_30S_CLK.CLK.gz: 11,175 pairs
[06:10:55] [SUCCESS] ESA0OPSFIN_20243030000_01D_30S_CLK.CLK.gz: 11,175 pairs
[06:10:56] [SUCCESS] ESA0OPSFIN_20242900000_01D_30S_CLK.CLK.gz: 11,175 pairs
[06:10:56] [SUCCESS] ESA0OPSFIN_20242950000_01D_30S_CLK.CLK.gz: 11,175 pairs
[06:10:56] [SUCCESS] ESA0OPSFIN_20243060000_01D_30S_CLK.CLK.gz: 11,175 pairs
[06:10:56] [SUCCESS] ESA0OPSFIN_20242980000_01D_30S_CLK.CLK.gz: 11,175 pairs
[06:10:56] [SUCCESS] ESA0OPSFIN_20242120000_01D_30S_CLK.CLK.gz: 11,026 pairs
[06:11:34] [SUCCESS] ESA0OPSFIN_20243100000_01D_30S_CLK.CLK.gz: 11,175 pairs
[06:11:34] [SUCCESS] ESA0OPSFIN_20243260000_01D_30S_CLK.CLK.gz: 10,731 pairs
[06:11:34] [SUCCESS] ESA0OPSFIN_20243170000_01D_30S_CLK.CLK.gz: 10,878 pairs
[06:11:34] [SUCCESS] ESA0OPSFIN_20243250000_01D_30S_CLK.CLK.gz: 10,878 pairs
[06:11:34] [SUCCESS] ESA0OPSFIN_20243140000_01D_30S_CLK.CLK.gz: 10,878 pairs
[06:11:34] [SUCCESS] ESA0OPSFIN_20243080000_01D_30S_CLK.CLK.gz: 11,175 pairs
[06:11:34] [SUCCESS] ESA0OPSFIN_20243240000_01D_30S_CLK.CLK.gz: 11,026 pairs
[06:11:34] [SUCCESS] ESA0OPSFIN_20243190000_01D_30S_CLK.CLK.gz: 11,026 pairs
[06:11:35] [SUCCESS] ESA0OPSFIN_20243150000_01D_30S_CLK.CLK.gz: 11,175 pairs
[06:11:35] [SUCCESS] ESA0OPSFIN_20243090000_01D_30S_CLK.CLK.gz: 11,175 pairs
[06:11:35] [SUCCESS] ESA0OPSFIN_20243120000_01D_30S_CLK.CLK.gz: 11,175 pairs
[06:11:35] [SUCCESS] ESA0OPSFIN_20243220000_01D_30S_CLK.CLK.gz: 11,026 pairs
[06:11:35] [SUCCESS] ESA0OPSFIN_20243210000_01D_30S_CLK.CLK.gz: 10,878 pairs
[06:11:35] [SUCCESS] ESA0OPSFIN_20243280000_01D_30S_CLK.CLK.gz: 10,878 pairs
[06:11:35] [SUCCESS] ESA0OPSFIN_20243420000_01D_30S_CLK.CLK.gz: 11,026 pairs
[06:11:35] [SUCCESS] ESA0OPSFIN_20243200000_01D_30S_CLK.CLK.gz: 11,026 pairs
[06:11:35] [SUCCESS] ESA0OPSFIN_20243130000_01D_30S_CLK.CLK.gz: 11,026 pairs
[06:11:35] [SUCCESS] ESA0OPSFIN_20243320000_01D_30S_CLK.CLK.gz: 11,026 pairs
[06:11:35] [SUCCESS] ESA0OPSFIN_20243350000_01D_30S_CLK.CLK.gz: 11,026 pairs
[06:11:35] [SUCCESS] ESA0OPSFIN_20243290000_01D_30S_CLK.CLK.gz: 11,026 pairs
[06:11:35] [SUCCESS] ESA0OPSFIN_20243400000_01D_30S_CLK.CLK.gz: 11,026 pairs
[06:11:35] [SUCCESS] ESA0OPSFIN_20243180000_01D_30S_CLK.CLK.gz: 11,026 pairs
[06:11:35] [SUCCESS] ESA0OPSFIN_20243300000_01D_30S_CLK.CLK.gz: 11,026 pairs
[06:11:35] [SUCCESS] ESA0OPSFIN_20243110000_01D_30S_CLK.CLK.gz: 11,175 pairs
[06:11:35] [SUCCESS] ESA0OPSFIN_20243360000_01D_30S_CLK.CLK.gz: 11,026 pairs
[06:11:35] [SUCCESS] ESA0OPSFIN_20243270000_01D_30S_CLK.CLK.gz: 11,026 pairs
[06:11:35] [SUCCESS] ESA0OPSFIN_20243230000_01D_30S_CLK.CLK.gz: 11,026 pairs
[06:11:35] [SUCCESS] ESA0OPSFIN_20243160000_01D_30S_CLK.CLK.gz: 11,175 pairs
[06:11:35] [SUCCESS] ESA0OPSFIN_20243460000_01D_30S_CLK.CLK.gz: 11,175 pairs
[06:11:35] [SUCCESS] ESA0OPSFIN_20243470000_01D_30S_CLK.CLK.gz: 10,878 pairs
[06:11:35] [SUCCESS] ESA0OPSFIN_20243310000_01D_30S_CLK.CLK.gz: 11,026 pairs
[06:11:35] [SUCCESS] ESA0OPSFIN_20243370000_01D_30S_CLK.CLK.gz: 11,026 pairs
[06:11:35] [SUCCESS] ESA0OPSFIN_20243500000_01D_30S_CLK.CLK.gz: 10,878 pairs
[06:11:35] [SUCCESS] ESA0OPSFIN_20243450000_01D_30S_CLK.CLK.gz: 11,026 pairs
[06:11:35] [SUCCESS] ESA0OPSFIN_20243330000_01D_30S_CLK.CLK.gz: 11,026 pairs
[06:11:35] [SUCCESS] ESA0OPSFIN_20243340000_01D_30S_CLK.CLK.gz: 11,026 pairs
[06:11:35] [SUCCESS] ESA0OPSFIN_20243390000_01D_30S_CLK.CLK.gz: 11,026 pairs
[06:11:35] [SUCCESS] ESA0OPSFIN_20243410000_01D_30S_CLK.CLK.gz: 11,026 pairs
[06:11:35] [SUCCESS] ESA0OPSFIN_20243440000_01D_30S_CLK.CLK.gz: 11,026 pairs
[06:11:36] [SUCCESS] ESA0OPSFIN_20243480000_01D_30S_CLK.CLK.gz: 11,026 pairs
[06:11:36] [SUCCESS] ESA0OPSFIN_20243380000_01D_30S_CLK.CLK.gz: 11,026 pairs
[06:11:36] [SUCCESS] ESA0OPSFIN_20243430000_01D_30S_CLK.CLK.gz: 11,026 pairs
[06:11:36] [SUCCESS] ESA0OPSFIN_20243490000_01D_30S_CLK.CLK.gz: 11,026 pairs
[06:11:36] [SUCCESS] ESA0OPSFIN_20243540000_01D_30S_CLK.CLK.gz: 11,026 pairs
[06:11:36] [SUCCESS] ESA0OPSFIN_20243520000_01D_30S_CLK.CLK.gz: 11,026 pairs
[06:11:36] [SUCCESS] ESA0OPSFIN_20243510000_01D_30S_CLK.CLK.gz: 11,026 pairs
[06:11:36] [SUCCESS] ESA0OPSFIN_20243550000_01D_30S_CLK.CLK.gz: 11,026 pairs
[06:11:38] [SUCCESS] ESA0OPSFIN_20250110000_01D_30S_CLK.CLK.gz: 11,026 pairs
[06:11:39] [SUCCESS] ESA0OPSFIN_20243530000_01D_30S_CLK.CLK.gz: 11,026 pairs
[06:11:40] [SUCCESS] ESA0OPSFIN_20250130000_01D_30S_CLK.CLK.gz: 11,026 pairs
[06:11:40] [SUCCESS] ESA0OPSFIN_20243600000_01D_30S_CLK.CLK.gz: 11,026 pairs
[06:11:40] [SUCCESS] ESA0OPSFIN_20250190000_01D_30S_CLK.CLK.gz: 10,731 pairs
[06:11:40] [SUCCESS] ESA0OPSFIN_20250210000_01D_30S_CLK.CLK.gz: 10,731 pairs
[06:11:41] [SUCCESS] ESA0OPSFIN_20243580000_01D_30S_CLK.CLK.gz: 11,026 pairs
[06:11:41] [SUCCESS] ESA0OPSFIN_20250180000_01D_30S_CLK.CLK.gz: 10,731 pairs
[06:11:41] [SUCCESS] ESA0OPSFIN_20250170000_01D_30S_CLK.CLK.gz: 10,731 pairs
[06:11:41] [SUCCESS] ESA0OPSFIN_20250140000_01D_30S_CLK.CLK.gz: 10,731 pairs
[06:11:41] [SUCCESS] ESA0OPSFIN_20243630000_01D_30S_CLK.CLK.gz: 11,026 pairs
[06:11:41] [SUCCESS] ESA0OPSFIN_20243620000_01D_30S_CLK.CLK.gz: 11,026 pairs
[06:11:41] [SUCCESS] ESA0OPSFIN_20250020000_01D_30S_CLK.CLK.gz: 11,026 pairs
[06:11:42] [SUCCESS] ESA0OPSFIN_20250070000_01D_30S_CLK.CLK.gz: 11,026 pairs
[06:11:42] [SUCCESS] ESA0OPSFIN_20250090000_01D_30S_CLK.CLK.gz: 11,026 pairs
[06:11:42] [SUCCESS] ESA0OPSFIN_20243560000_01D_30S_CLK.CLK.gz: 11,026 pairs
[06:11:42] [SUCCESS] ESA0OPSFIN_20250050000_01D_30S_CLK.CLK.gz: 11,026 pairs
[06:11:42] [SUCCESS] ESA0OPSFIN_20250120000_01D_30S_CLK.CLK.gz: 10,731 pairs
[06:11:42] [SUCCESS] ESA0OPSFIN_20243590000_01D_30S_CLK.CLK.gz: 11,026 pairs
[06:11:42] [SUCCESS] ESA0OPSFIN_20243610000_01D_30S_CLK.CLK.gz: 11,026 pairs
[06:11:42] [SUCCESS] ESA0OPSFIN_20243640000_01D_30S_CLK.CLK.gz: 11,026 pairs
[06:11:42] [SUCCESS] ESA0OPSFIN_20243570000_01D_30S_CLK.CLK.gz: 11,026 pairs
[06:11:42] [SUCCESS] ESA0OPSFIN_20250150000_01D_30S_CLK.CLK.gz: 10,878 pairs
[06:11:42] [SUCCESS] ESA0OPSFIN_20250060000_01D_30S_CLK.CLK.gz: 11,026 pairs
[06:11:42] [SUCCESS] ESA0OPSFIN_20243660000_01D_30S_CLK.CLK.gz: 11,026 pairs
[06:11:42] [SUCCESS] ESA0OPSFIN_20250160000_01D_30S_CLK.CLK.gz: 10,731 pairs
[06:11:42] [SUCCESS] ESA0OPSFIN_20250200000_01D_30S_CLK.CLK.gz: 10,731 pairs
[06:11:42] [SUCCESS] ESA0OPSFIN_20250230000_01D_30S_CLK.CLK.gz: 10,731 pairs
[06:11:42] [SUCCESS] ESA0OPSFIN_20250220000_01D_30S_CLK.CLK.gz: 10,731 pairs
[06:11:43] [SUCCESS] ESA0OPSFIN_20250010000_01D_30S_CLK.CLK.gz: 11,026 pairs
[06:11:43] [SUCCESS] ESA0OPSFIN_20250040000_01D_30S_CLK.CLK.gz: 11,026 pairs
[06:11:43] [SUCCESS] ESA0OPSFIN_20250240000_01D_30S_CLK.CLK.gz: 10,731 pairs
[06:11:43] [SUCCESS] ESA0OPSFIN_20250100000_01D_30S_CLK.CLK.gz: 11,026 pairs
[06:11:43] [SUCCESS] ESA0OPSFIN_20250080000_01D_30S_CLK.CLK.gz: 11,026 pairs
[06:11:43] [SUCCESS] ESA0OPSFIN_20250250000_01D_30S_CLK.CLK.gz: 10,731 pairs
[06:11:43] [SUCCESS] ESA0OPSFIN_20243650000_01D_30S_CLK.CLK.gz: 11,026 pairs
[06:11:43] [SUCCESS] ESA0OPSFIN_20250030000_01D_30S_CLK.CLK.gz: 11,026 pairs
[06:12:11] [SUCCESS] ESA0OPSFIN_20250310000_01D_30S_CLK.CLK.gz: 15,400 pairs
[06:12:11] [SUCCESS] ESA0OPSFIN_20250290000_01D_30S_CLK.CLK.gz: 15,400 pairs
[06:12:12] [SUCCESS] ESA0OPSFIN_20250300000_01D_30S_CLK.CLK.gz: 15,225 pairs
[06:12:12] [SUCCESS] ESA0OPSFIN_20250330000_01D_30S_CLK.CLK.gz: 15,400 pairs
[06:12:12] [SUCCESS] ESA0OPSFIN_20250370000_01D_30S_CLK.CLK.gz: 15,576 pairs
[06:12:12] [SUCCESS] ESA0OPSFIN_20250280000_01D_30S_CLK.CLK.gz: 15,753 pairs
[06:12:12] [SUCCESS] ESA0OPSFIN_20250340000_01D_30S_CLK.CLK.gz: 15,400 pairs
[06:12:12] [SUCCESS] ESA0OPSFIN_20250260000_01D_30S_CLK.CLK.gz: 15,225 pairs
[06:12:12] [SUCCESS] ESA0OPSFIN_20250270000_01D_30S_CLK.CLK.gz: 15,400 pairs
[06:12:13] [SUCCESS] ESA0OPSFIN_20250320000_01D_30S_CLK.CLK.gz: 15,400 pairs
[06:12:13] [SUCCESS] ESA0OPSFIN_20250360000_01D_30S_CLK.CLK.gz: 15,400 pairs
[06:12:13] [SUCCESS] ESA0OPSFIN_20250350000_01D_30S_CLK.CLK.gz: 15,400 pairs
[06:12:13] [INFO] Checkpoint saved: 768/912 files processed
[06:12:13] [PROCESS] Processing batch 5: 144 files
[06:13:48] [SUCCESS] ESA0OPSFIN_20250480000_01D_30S_CLK.CLK.gz: 15,051 pairs
[06:13:49] [SUCCESS] ESA0OPSFIN_20251330000_01D_30S_CLK.CLK.gz: 15,225 pairs
[06:13:49] [SUCCESS] ESA0OPSFIN_20251280000_01D_30S_CLK.CLK.gz: 15,225 pairs
[06:13:49] [SUCCESS] ESA0OPSFIN_20250470000_01D_30S_CLK.CLK.gz: 15,225 pairs
[06:13:50] [SUCCESS] ESA0OPSFIN_20250460000_01D_30S_CLK.CLK.gz: 15,225 pairs
[06:13:50] [SUCCESS] ESA0OPSFIN_20250380000_01D_30S_CLK.CLK.gz: 15,400 pairs
[06:13:51] [SUCCESS] ESA0OPSFIN_20251230000_01D_30S_CLK.CLK.gz: 15,400 pairs
[06:13:51] [SUCCESS] ESA0OPSFIN_20251270000_01D_30S_CLK.CLK.gz: 15,400 pairs
[06:13:51] [SUCCESS] ESA0OPSFIN_20250450000_01D_30S_CLK.CLK.gz: 15,225 pairs
[06:13:51] [SUCCESS] ESA0OPSFIN_20251260000_01D_30S_CLK.CLK.gz: 15,400 pairs
[06:13:51] [SUCCESS] ESA0OPSFIN_20250520000_01D_30S_CLK.CLK.gz: 15,400 pairs
[06:13:51] [SUCCESS] ESA0OPSFIN_20250770000_01D_30S_CLK.CLK.gz: 15,576 pairs
[06:13:51] [SUCCESS] ESA0OPSFIN_20250390000_01D_30S_CLK.CLK.gz: 15,753 pairs
[06:13:51] [SUCCESS] ESA0OPSFIN_20250640000_01D_30S_CLK.CLK.gz: 15,753 pairs
[06:13:51] [SUCCESS] ESA0OPSFIN_20250800000_01D_30S_CLK.CLK.gz: 15,753 pairs
[06:13:51] [SUCCESS] ESA0OPSFIN_20250590000_01D_30S_CLK.CLK.gz: 15,753 pairs
[06:13:51] [SUCCESS] ESA0OPSFIN_20250970000_01D_30S_CLK.CLK.gz: 15,400 pairs
[06:13:52] [SUCCESS] ESA0OPSFIN_20250620000_01D_30S_CLK.CLK.gz: 15,753 pairs
[06:13:52] [SUCCESS] ESA0OPSFIN_20250760000_01D_30S_CLK.CLK.gz: 15,576 pairs
[06:13:52] [SUCCESS] ESA0OPSFIN_20250840000_01D_30S_CLK.CLK.gz: 15,753 pairs
[06:13:52] [SUCCESS] ESA0OPSFIN_20250810000_01D_30S_CLK.CLK.gz: 15,753 pairs
[06:13:52] [SUCCESS] ESA0OPSFIN_20250820000_01D_30S_CLK.CLK.gz: 15,576 pairs
[06:13:52] [SUCCESS] ESA0OPSFIN_20250610000_01D_30S_CLK.CLK.gz: 15,753 pairs
[06:13:52] [SUCCESS] ESA0OPSFIN_20250710000_01D_30S_CLK.CLK.gz: 15,400 pairs
[06:13:52] [SUCCESS] ESA0OPSFIN_20250670000_01D_30S_CLK.CLK.gz: 15,931 pairs
[06:13:52] [SUCCESS] ESA0OPSFIN_20250490000_01D_30S_CLK.CLK.gz: 15,753 pairs
[06:13:52] [SUCCESS] ESA0OPSFIN_20250400000_01D_30S_CLK.CLK.gz: 15,931 pairs
[06:13:52] [SUCCESS] ESA0OPSFIN_20250790000_01D_30S_CLK.CLK.gz: 15,576 pairs
[06:13:52] [SUCCESS] ESA0OPSFIN_20250600000_01D_30S_CLK.CLK.gz: 16,110 pairs
[06:13:53] [SUCCESS] ESA0OPSFIN_20250630000_01D_30S_CLK.CLK.gz: 15,576 pairs
[06:13:53] [SUCCESS] ESA0OPSFIN_20250690000_01D_30S_CLK.CLK.gz: 15,931 pairs
[06:13:53] [SUCCESS] ESA0OPSFIN_20250500000_01D_30S_CLK.CLK.gz: 15,931 pairs
[06:13:53] [SUCCESS] ESA0OPSFIN_20250530000_01D_30S_CLK.CLK.gz: 16,110 pairs
[06:13:53] [SUCCESS] ESA0OPSFIN_20250420000_01D_30S_CLK.CLK.gz: 15,753 pairs
[06:13:53] [SUCCESS] ESA0OPSFIN_20250660000_01D_30S_CLK.CLK.gz: 16,110 pairs
[06:13:53] [SUCCESS] ESA0OPSFIN_20250540000_01D_30S_CLK.CLK.gz: 16,110 pairs
[06:13:54] [SUCCESS] ESA0OPSFIN_20250680000_01D_30S_CLK.CLK.gz: 16,110 pairs
[06:13:54] [SUCCESS] ESA0OPSFIN_20250730000_01D_30S_CLK.CLK.gz: 16,110 pairs
[06:13:54] [SUCCESS] ESA0OPSFIN_20250750000_01D_30S_CLK.CLK.gz: 16,110 pairs
[06:13:54] [SUCCESS] ESA0OPSFIN_20250880000_01D_30S_CLK.CLK.gz: 16,110 pairs
[06:13:54] [SUCCESS] ESA0OPSFIN_20250720000_01D_30S_CLK.CLK.gz: 16,110 pairs
[06:13:54] [SUCCESS] ESA0OPSFIN_20250580000_01D_30S_CLK.CLK.gz: 16,290 pairs
[06:13:55] [SUCCESS] ESA0OPSFIN_20250570000_01D_30S_CLK.CLK.gz: 16,290 pairs
[06:13:55] [SUCCESS] ESA0OPSFIN_20251140000_01D_30S_CLK.CLK.gz: 15,225 pairs
[06:13:55] [SUCCESS] ESA0OPSFIN_20250440000_01D_30S_CLK.CLK.gz: 16,290 pairs
[06:13:56] [SUCCESS] ESA0OPSFIN_20250830000_01D_30S_CLK.CLK.gz: 16,110 pairs
[06:13:56] [SUCCESS] ESA0OPSFIN_20250980000_01D_30S_CLK.CLK.gz: 15,400 pairs
[06:13:57] [SUCCESS] ESA0OPSFIN_20250650000_01D_30S_CLK.CLK.gz: 15,576 pairs
[06:13:57] [SUCCESS] ESA0OPSFIN_20251240000_01D_30S_CLK.CLK.gz: 15,225 pairs
[06:13:57] [SUCCESS] ESA0OPSFIN_20250890000_01D_30S_CLK.CLK.gz: 15,753 pairs
[06:13:58] [SUCCESS] ESA0OPSFIN_20250510000_01D_30S_CLK.CLK.gz: 15,931 pairs
[06:13:58] [SUCCESS] ESA0OPSFIN_20251250000_01D_30S_CLK.CLK.gz: 15,225 pairs
[06:13:58] [SUCCESS] ESA0OPSFIN_20251000000_01D_30S_CLK.CLK.gz: 15,225 pairs
[06:13:58] [SUCCESS] ESA0OPSFIN_20251300000_01D_30S_CLK.CLK.gz: 15,400 pairs
[06:13:58] [SUCCESS] ESA0OPSFIN_20251290000_01D_30S_CLK.CLK.gz: 15,400 pairs
[06:13:58] [SUCCESS] ESA0OPSFIN_20251170000_01D_30S_CLK.CLK.gz: 15,400 pairs
[06:13:58] [SUCCESS] ESA0OPSFIN_20251010000_01D_30S_CLK.CLK.gz: 15,225 pairs
[06:13:58] [SUCCESS] ESA0OPSFIN_20251020000_01D_30S_CLK.CLK.gz: 15,400 pairs
[06:13:58] [SUCCESS] ESA0OPSFIN_20251030000_01D_30S_CLK.CLK.gz: 15,400 pairs
[06:13:58] [SUCCESS] ESA0OPSFIN_20251310000_01D_30S_CLK.CLK.gz: 15,225 pairs
[06:13:59] [SUCCESS] ESA0OPSFIN_20251100000_01D_30S_CLK.CLK.gz: 15,400 pairs
[06:13:59] [SUCCESS] ESA0OPSFIN_20251150000_01D_30S_CLK.CLK.gz: 15,400 pairs
[06:13:59] [SUCCESS] ESA0OPSFIN_20250860000_01D_30S_CLK.CLK.gz: 15,400 pairs
[06:13:59] [SUCCESS] ESA0OPSFIN_20251180000_01D_30S_CLK.CLK.gz: 15,225 pairs
[06:13:59] [SUCCESS] ESA0OPSFIN_20250990000_01D_30S_CLK.CLK.gz: 15,400 pairs
[06:13:59] [SUCCESS] ESA0OPSFIN_20251070000_01D_30S_CLK.CLK.gz: 15,400 pairs
[06:13:59] [SUCCESS] ESA0OPSFIN_20250940000_01D_30S_CLK.CLK.gz: 15,400 pairs
[06:13:59] [SUCCESS] ESA0OPSFIN_20251110000_01D_30S_CLK.CLK.gz: 15,400 pairs
[06:13:59] [SUCCESS] ESA0OPSFIN_20250870000_01D_30S_CLK.CLK.gz: 15,576 pairs
[06:13:59] [SUCCESS] ESA0OPSFIN_20251050000_01D_30S_CLK.CLK.gz: 15,225 pairs
[06:13:59] [SUCCESS] ESA0OPSFIN_20250960000_01D_30S_CLK.CLK.gz: 15,400 pairs
[06:13:59] [SUCCESS] ESA0OPSFIN_20251320000_01D_30S_CLK.CLK.gz: 15,400 pairs
[06:13:59] [SUCCESS] ESA0OPSFIN_20251200000_01D_30S_CLK.CLK.gz: 15,225 pairs
[06:13:59] [SUCCESS] ESA0OPSFIN_20251130000_01D_30S_CLK.CLK.gz: 15,225 pairs
[06:13:59] [SUCCESS] ESA0OPSFIN_20251210000_01D_30S_CLK.CLK.gz: 15,400 pairs
[06:14:00] [SUCCESS] ESA0OPSFIN_20250430000_01D_30S_CLK.CLK.gz: 15,400 pairs
[06:14:00] [SUCCESS] ESA0OPSFIN_20251090000_01D_30S_CLK.CLK.gz: 15,400 pairs
[06:14:00] [SUCCESS] ESA0OPSFIN_20251120000_01D_30S_CLK.CLK.gz: 15,225 pairs
[06:14:00] [SUCCESS] ESA0OPSFIN_20251220000_01D_30S_CLK.CLK.gz: 15,576 pairs
[06:14:00] [SUCCESS] ESA0OPSFIN_20251060000_01D_30S_CLK.CLK.gz: 15,225 pairs
[06:14:00] [SUCCESS] ESA0OPSFIN_20250950000_01D_30S_CLK.CLK.gz: 15,400 pairs
[06:14:00] [SUCCESS] ESA0OPSFIN_20251040000_01D_30S_CLK.CLK.gz: 15,400 pairs
[06:14:00] [SUCCESS] ESA0OPSFIN_20250850000_01D_30S_CLK.CLK.gz: 16,110 pairs
[06:14:00] [SUCCESS] ESA0OPSFIN_20250920000_01D_30S_CLK.CLK.gz: 15,753 pairs
[06:14:00] [SUCCESS] ESA0OPSFIN_20251160000_01D_30S_CLK.CLK.gz: 15,576 pairs
[06:14:00] [SUCCESS] ESA0OPSFIN_20251080000_01D_30S_CLK.CLK.gz: 15,576 pairs
[06:14:00] [SUCCESS] ESA0OPSFIN_20251190000_01D_30S_CLK.CLK.gz: 15,400 pairs
[06:14:00] [SUCCESS] ESA0OPSFIN_20250410000_01D_30S_CLK.CLK.gz: 15,753 pairs
[06:14:00] [SUCCESS] ESA0OPSFIN_20250900000_01D_30S_CLK.CLK.gz: 15,753 pairs
[06:14:00] [SUCCESS] ESA0OPSFIN_20250700000_01D_30S_CLK.CLK.gz: 15,753 pairs
[06:14:01] [SUCCESS] ESA0OPSFIN_20250930000_01D_30S_CLK.CLK.gz: 15,931 pairs
[06:14:01] [SUCCESS] ESA0OPSFIN_20250560000_01D_30S_CLK.CLK.gz: 15,931 pairs
[06:14:01] [SUCCESS] ESA0OPSFIN_20250910000_01D_30S_CLK.CLK.gz: 16,110 pairs
[06:14:02] [SUCCESS] ESA0OPSFIN_20250740000_01D_30S_CLK.CLK.gz: 16,110 pairs
[06:14:02] [SUCCESS] ESA0OPSFIN_20250550000_01D_30S_CLK.CLK.gz: 15,931 pairs
[06:14:04] [SUCCESS] ESA0OPSFIN_20250780000_01D_30S_CLK.CLK.gz: 16,110 pairs
[06:14:53] [SUCCESS] ESA0OPSFIN_20251510000_01D_30S_CLK.CLK.gz: 15,051 pairs
[06:14:54] [SUCCESS] ESA0OPSFIN_20251460000_01D_30S_CLK.CLK.gz: 15,225 pairs
[06:14:54] [SUCCESS] ESA0OPSFIN_20251370000_01D_30S_CLK.CLK.gz: 15,400 pairs
[06:14:54] [SUCCESS] ESA0OPSFIN_20251530000_01D_30S_CLK.CLK.gz: 15,225 pairs
[06:14:54] [SUCCESS] ESA0OPSFIN_20251430000_01D_30S_CLK.CLK.gz: 15,225 pairs
[06:14:54] [SUCCESS] ESA0OPSFIN_20251390000_01D_30S_CLK.CLK.gz: 15,225 pairs
[06:14:54] [SUCCESS] ESA0OPSFIN_20251380000_01D_30S_CLK.CLK.gz: 15,051 pairs
[06:14:55] [SUCCESS] ESA0OPSFIN_20251520000_01D_30S_CLK.CLK.gz: 15,051 pairs
[06:14:55] [SUCCESS] ESA0OPSFIN_20251410000_01D_30S_CLK.CLK.gz: 15,400 pairs
[06:14:55] [SUCCESS] ESA0OPSFIN_20251470000_01D_30S_CLK.CLK.gz: 15,225 pairs
[06:14:55] [SUCCESS] ESA0OPSFIN_20251570000_01D_30S_CLK.CLK.gz: 15,225 pairs
[06:14:55] [SUCCESS] ESA0OPSFIN_20251540000_01D_30S_CLK.CLK.gz: 15,225 pairs
[06:14:55] [SUCCESS] ESA0OPSFIN_20251670000_01D_30S_CLK.CLK.gz: 15,400 pairs
[06:14:55] [SUCCESS] ESA0OPSFIN_20251440000_01D_30S_CLK.CLK.gz: 15,225 pairs
[06:14:55] [SUCCESS] ESA0OPSFIN_20251620000_01D_30S_CLK.CLK.gz: 15,225 pairs
[06:14:56] [SUCCESS] ESA0OPSFIN_20251420000_01D_30S_CLK.CLK.gz: 15,225 pairs
[06:14:56] [SUCCESS] ESA0OPSFIN_20251740000_01D_30S_CLK.CLK.gz: 15,225 pairs
[06:14:56] [SUCCESS] ESA0OPSFIN_20251490000_01D_30S_CLK.CLK.gz: 15,225 pairs
[06:14:56] [SUCCESS] ESA0OPSFIN_20251360000_01D_30S_CLK.CLK.gz: 15,225 pairs
[06:14:56] [SUCCESS] ESA0OPSFIN_20251350000_01D_30S_CLK.CLK.gz: 15,753 pairs
[06:14:56] [SUCCESS] ESA0OPSFIN_20251600000_01D_30S_CLK.CLK.gz: 15,225 pairs
[06:14:56] [SUCCESS] ESA0OPSFIN_20251480000_01D_30S_CLK.CLK.gz: 15,225 pairs
[06:14:56] [SUCCESS] ESA0OPSFIN_20251450000_01D_30S_CLK.CLK.gz: 15,225 pairs
[06:14:57] [SUCCESS] ESA0OPSFIN_20251660000_01D_30S_CLK.CLK.gz: 15,225 pairs
[06:14:57] [SUCCESS] ESA0OPSFIN_20251590000_01D_30S_CLK.CLK.gz: 15,225 pairs
[06:14:57] [SUCCESS] ESA0OPSFIN_20251340000_01D_30S_CLK.CLK.gz: 15,225 pairs
[06:14:57] [SUCCESS] ESA0OPSFIN_20251800000_01D_30S_CLK.CLK.gz: 15,225 pairs
[06:14:57] [SUCCESS] ESA0OPSFIN_20251580000_01D_30S_CLK.CLK.gz: 15,225 pairs
[06:14:57] [SUCCESS] ESA0OPSFIN_20251610000_01D_30S_CLK.CLK.gz: 15,225 pairs
[06:14:57] [SUCCESS] ESA0OPSFIN_20251560000_01D_30S_CLK.CLK.gz: 15,225 pairs
[06:14:57] [SUCCESS] ESA0OPSFIN_20251810000_01D_30S_CLK.CLK.gz: 15,225 pairs
[06:14:58] [SUCCESS] ESA0OPSFIN_20251690000_01D_30S_CLK.CLK.gz: 15,400 pairs
[06:14:58] [SUCCESS] ESA0OPSFIN_20251500000_01D_30S_CLK.CLK.gz: 15,225 pairs
[06:14:58] [SUCCESS] ESA0OPSFIN_20251400000_01D_30S_CLK.CLK.gz: 15,400 pairs
[06:14:58] [SUCCESS] ESA0OPSFIN_20251710000_01D_30S_CLK.CLK.gz: 15,225 pairs
[06:14:58] [SUCCESS] ESA0OPSFIN_20251630000_01D_30S_CLK.CLK.gz: 15,753 pairs
[06:14:59] [SUCCESS] ESA0OPSFIN_20251780000_01D_30S_CLK.CLK.gz: 15,225 pairs
[06:14:59] [SUCCESS] ESA0OPSFIN_20251550000_01D_30S_CLK.CLK.gz: 15,225 pairs
[06:14:59] [SUCCESS] ESA0OPSFIN_20251720000_01D_30S_CLK.CLK.gz: 15,225 pairs
[06:14:59] [SUCCESS] ESA0OPSFIN_20251770000_01D_30S_CLK.CLK.gz: 15,400 pairs
[06:14:59] [SUCCESS] ESA0OPSFIN_20251760000_01D_30S_CLK.CLK.gz: 15,400 pairs
[06:14:59] [SUCCESS] ESA0OPSFIN_20251790000_01D_30S_CLK.CLK.gz: 15,225 pairs
[06:14:59] [SUCCESS] ESA0OPSFIN_20251700000_01D_30S_CLK.CLK.gz: 15,225 pairs
[06:14:59] [SUCCESS] ESA0OPSFIN_20251750000_01D_30S_CLK.CLK.gz: 15,576 pairs
[06:15:00] [SUCCESS] ESA0OPSFIN_20251680000_01D_30S_CLK.CLK.gz: 15,400 pairs
[06:15:00] [SUCCESS] ESA0OPSFIN_20251640000_01D_30S_CLK.CLK.gz: 15,931 pairs
[06:15:00] [SUCCESS] ESA0OPSFIN_20251730000_01D_30S_CLK.CLK.gz: 15,400 pairs
[06:15:02] [SUCCESS] ESA0OPSFIN_20251650000_01D_30S_CLK.CLK.gz: 15,931 pairs
[06:15:02] [INFO] Checkpoint saved: 912/912 files processed
[06:15:02] [SUCCESS] Total kept pairs: 10,809,084 from 912 files
[06:15:02] [INFO] Cleaned up checkpoint file
[06:15:02] [INFO] Phase coherence vs distance:
[06:15:02] [INFO] Distance (km) | Mean Coherence | Count
[06:15:02] [INFO] ----------------------------------------
[06:15:02] [INFO]     73.5 |     0.076897 |    734
[06:15:02] [INFO]     97.0 |     0.040523 |    883
[06:15:02] [INFO]    109.1 |     0.120331 |   1479
[06:15:02] [INFO]    222.5 |     0.284756 |   2462
[06:15:02] [INFO]    298.4 |    -0.050752 |   1276
[06:15:02] [INFO]    322.4 |     0.174281 |   3717
[06:15:02] [INFO]    410.8 |     0.263491 |  10372
[06:15:02] [INFO]    556.5 |     0.175658 |  16693
[06:15:02] [INFO]    656.6 |     0.152893 |  10555
[06:15:02] [INFO]    756.1 |     0.154806 |  17090
[06:15:02] [INFO]    936.1 |     0.177117 |  54832
[06:15:02] [INFO]   1140.9 |     0.142359 |  47662
[06:15:02] [INFO]   1305.7 |     0.129237 |  49403
[06:15:02] [INFO]   1514.0 |     0.156978 |  57408
[06:15:02] [INFO]   1860.9 |     0.131079 | 204280
[06:15:02] [INFO]   2302.7 |     0.095767 | 132776
[06:15:02] [INFO]   2644.0 |     0.081551 | 150005
[06:15:02] [INFO]   3265.0 |     0.068466 | 385414
[06:15:02] [INFO]   3990.7 |     0.047405 | 262552
[06:15:02] [INFO]   4974.0 |     0.026317 | 752039
[06:15:02] [INFO]   6093.6 |     0.009000 | 516714
[06:15:02] [INFO]   6974.5 |     0.011693 | 681926
[06:15:02] [INFO]   8028.6 |     0.003342 | 982307
[06:15:02] [INFO]   9881.9 |    -0.010336 | 2349430
[06:15:02] [INFO]  12134.0 |    -0.023196 | 1243830
[06:15:02] [DEBUG] DEBUG: Number of bins for fitting (len(distances)): 25
[06:15:02] [DEBUG] DEBUG: Minimum required bins (min_bin_count): 50
[06:15:02] [INFO] Model Comparison Results:
[06:15:02] [INFO] Model           | AIC      | BIC      | R²     | ΔAIC
[06:15:02] [INFO] ----------------|----------|----------|--------|--------
[06:15:02] [INFO] Exponential     |    78.40 |    82.06 |  0.970 |   0.00
[06:15:02] [INFO] Matérn (ν=1.5)  |    82.77 |    86.43 |  0.964 |   4.37
[06:15:02] [INFO] Power Law w/ Cutoff |    83.08 |    87.96 |  0.967 |   4.68
[06:15:02] [INFO] Matérn (ν=2.5)  |    86.24 |    89.90 |  0.959 |   7.84
[06:15:02] [INFO] Power Law       |    92.69 |    96.35 |  0.947 |  14.29
[06:15:02] [INFO] Gaussian        |    95.03 |    98.68 |  0.942 |  16.62
[06:15:02] [INFO] Squared Exponential |    95.03 |    98.68 |  0.942 |  16.62
[06:15:02] [INFO] Jackknife analysis: λ = 3296.0 ± 116.7 km (20 samples)
[06:15:02] [INFO] Core correlation analysis complete. Run Step 4 for geospatial aggregation, then Step 5 for advanced statistical validation.
[06:15:02] [SUCCESS] BEST MODEL FIT RESULTS:
[06:15:02] [INFO]   Best Model: Exponential (AIC winner)
[06:15:02] [INFO]   Amplitude (A): 0.249702 ± 0.012211
[06:15:02] [INFO]   Correlation Length (λ): 3329.8 ± 309.1 km
[06:15:02] [INFO]   Offset (C₀): -0.024730 ± 0.004399
[06:15:02] [INFO]   R-squared: 0.9701
[06:15:02] [SUCCESS] TEP-consistent signal detected
[06:15:02] [INFO]   Exponential model: λ = 3330 km is in TEP range
[06:15:02] [INFO]   R² = 0.970 indicates strong correlation structure
[06:15:02] [INFO]   Phase-coherent analysis supports TEP predictions
[06:15:02] [SUCCESS] Binned data saved: /mnt/data/results/outputs/step_2_0_correlation_data_esa_final.csv
[06:15:02] [INFO] Merging individual file: step_2_0_pairs_esa_final_ESA0OPSFIN_20230410000_01D_30S_CLK.CLK.gz.csv
[06:15:02] [DEBUG] Cleaned up individual file: step_2_0_pairs_esa_final_ESA0OPSFIN_20230410000_01D_30S_CLK.CLK.gz.csv
[06:15:02] [INFO] Merging individual file: step_2_0_pairs_esa_final_ESA0OPSFIN_20243040000_01D_30S_CLK.CLK.gz.csv
[06:15:02] [DEBUG] Cleaned up individual file: step_2_0_pairs_esa_final_ESA0OPSFIN_20243040000_01D_30S_CLK.CLK.gz.csv
[06:15:02] [INFO] Merging individual file: step_2_0_pairs_esa_final_ESA0OPSFIN_20230330000_01D_30S_CLK.CLK.gz.csv
[06:15:02] [DEBUG] Cleaned up individual file: step_2_0_pairs_esa_final_ESA0OPSFIN_20230330000_01D_30S_CLK.CLK.gz.csv
[06:15:02] [INFO] Merging individual file: step_2_0_pairs_esa_final_ESA0OPSFIN_20230570000_01D_30S_CLK.CLK.gz.csv
[06:15:02] [DEBUG] Cleaned up individual file: step_2_0_pairs_esa_final_ESA0OPSFIN_20230570000_01D_30S_CLK.CLK.gz.csv
[06:15:02] [INFO] Merging individual file: step_2_0_pairs_esa_final_ESA0OPSFIN_20230870000_01D_30S_CLK.CLK.gz.csv
[06:15:02] [DEBUG] Cleaned up individual file: step_2_0_pairs_esa_final_ESA0OPSFIN_20230870000_01D_30S_CLK.CLK.gz.csv
[06:15:02] [INFO] Merging individual file: step_2_0_pairs_esa_final_ESA0OPSFIN_20242160000_01D_30S_CLK.CLK.gz.csv
[06:15:02] [DEBUG] Cleaned up individual file: step_2_0_pairs_esa_final_ESA0OPSFIN_20242160000_01D_30S_CLK.CLK.gz.csv
[06:15:02] [INFO] Merging individual file: step_2_0_pairs_esa_final_ESA0OPSFIN_20243550000_01D_30S_CLK.CLK.gz.csv
[06:15:03] [DEBUG] Cleaned up individual file: step_2_0_pairs_esa_final_ESA0OPSFIN_20243550000_01D_30S_CLK.CLK.gz.csv
[06:15:03] [INFO] Merging individual file: step_2_0_pairs_esa_final_ESA0OPSFIN_20231380000_01D_30S_CLK.CLK.gz.csv
[06:15:03] [DEBUG] Cleaned up individual file: step_2_0_pairs_esa_final_ESA0OPSFIN_20231380000_01D_30S_CLK.CLK.gz.csv
[06:15:03] [INFO] Merging individual file: step_2_0_pairs_esa_final_ESA0OPSFIN_20242990000_01D_30S_CLK.CLK.gz.csv
[06:15:03] [DEBUG] Cleaned up individual file: step_2_0_pairs_esa_final_ESA0OPSFIN_20242990000_01D_30S_CLK.CLK.gz.csv
[06:15:03] [INFO] Merging individual file: step_2_0_pairs_esa_final_ESA0OPSFIN_20241750000_01D_30S_CLK.CLK.gz.csv
[06:15:03] [DEBUG] Cleaned up individual file: step_2_0_pairs_esa_final_ESA0OPSFIN_20241750000_01D_30S_CLK.CLK.gz.csv
[06:15:03] [INFO] Merging individual file: step_2_0_pairs_esa_final_ESA0OPSFIN_20241760000_01D_30S_CLK.CLK.gz.csv
[06:15:03] [DEBUG] Cleaned up individual file: step_2_0_pairs_esa_final_ESA0OPSFIN_20241760000_01D_30S_CLK.CLK.gz.csv
[06:15:03] [INFO] Merging individual file: step_2_0_pairs_esa_final_ESA0OPSFIN_20232620000_01D_30S_CLK.CLK.gz.csv
[06:15:03] [DEBUG] Cleaned up individual file: step_2_0_pairs_esa_final_ESA0OPSFIN_20232620000_01D_30S_CLK.CLK.gz.csv
[06:15:03] [INFO] Merging individual file: step_2_0_pairs_esa_final_ESA0OPSFIN_20240280000_01D_30S_CLK.CLK.gz.csv
[06:15:03] [DEBUG] Cleaned up individual file: step_2_0_pairs_esa_final_ESA0OPSFIN_20240280000_01D_30S_CLK.CLK.gz.csv
[06:15:03] [INFO] Merging individual file: step_2_0_pairs_esa_final_ESA0OPSFIN_20231240000_01D_30S_CLK.CLK.gz.csv
[06:15:03] [DEBUG] Cleaned up individual file: step_2_0_pairs_esa_final_ESA0OPSFIN_20231240000_01D_30S_CLK.CLK.gz.csv
[06:15:03] [INFO] Merging individual file: step_2_0_pairs_esa_final_ESA0OPSFIN_20240220000_01D_30S_CLK.CLK.gz.csv
[06:15:03] [DEBUG] Cleaned up individual file: step_2_0_pairs_esa_final_ESA0OPSFIN_20240220000_01D_30S_CLK.CLK.gz.csv
[06:15:03] [INFO] Merging individual file: step_2_0_pairs_esa_final_ESA0OPSFIN_20240990000_01D_30S_CLK.CLK.gz.csv
[06:15:03] [DEBUG] Cleaned up individual file: step_2_0_pairs_esa_final_ESA0OPSFIN_20240990000_01D_30S_CLK.CLK.gz.csv
[06:15:03] [INFO] Merging individual file: step_2_0_pairs_esa_final_ESA0OPSFIN_20230290000_01D_30S_CLK.CLK.gz.csv
[06:15:03] [DEBUG] Cleaned up individual file: step_2_0_pairs_esa_final_ESA0OPSFIN_20230290000_01D_30S_CLK.CLK.gz.csv
[06:15:03] [INFO] Merging individual file: step_2_0_pairs_esa_final_ESA0OPSFIN_20251000000_01D_30S_CLK.CLK.gz.csv
[06:15:03] [DEBUG] Cleaned up individual file: step_2_0_pairs_esa_final_ESA0OPSFIN_20251000000_01D_30S_CLK.CLK.gz.csv
[06:15:03] [INFO] Merging individual file: step_2_0_pairs_esa_final_ESA0OPSFIN_20231570000_01D_30S_CLK.CLK.gz.csv
[06:15:03] [DEBUG] Cleaned up individual file: step_2_0_pairs_esa_final_ESA0OPSFIN_20231570000_01D_30S_CLK.CLK.gz.csv
[06:15:03] [INFO] Merging individual file: step_2_0_pairs_esa_final_ESA0OPSFIN_20241250000_01D_30S_CLK.CLK.gz.csv
[06:15:03] [DEBUG] Cleaned up individual file: step_2_0_pairs_esa_final_ESA0OPSFIN_20241250000_01D_30S_CLK.CLK.gz.csv
[06:15:03] [INFO] Merging individual file: step_2_0_pairs_esa_final_ESA0OPSFIN_20233030000_01D_30S_CLK.CLK.gz.csv
[06:15:04] [DEBUG] Cleaned up individual file: step_2_0_pairs_esa_final_ESA0OPSFIN_20233030000_01D_30S_CLK.CLK.gz.csv
[06:15:04] [INFO] Merging individual file: step_2_0_pairs_esa_final_ESA0OPSFIN_20231720000_01D_30S_CLK.CLK.gz.csv
[06:15:04] [DEBUG] Cleaned up individual file: step_2_0_pairs_esa_final_ESA0OPSFIN_20231720000_01D_30S_CLK.CLK.gz.csv
[06:15:04] [INFO] Merging individual file: step_2_0_pairs_esa_final_ESA0OPSFIN_20251380000_01D_30S_CLK.CLK.gz.csv
[06:15:04] [DEBUG] Cleaned up individual file: step_2_0_pairs_esa_final_ESA0OPSFIN_20251380000_01D_30S_CLK.CLK.gz.csv
[06:15:04] [INFO] Merging individual file: step_2_0_pairs_esa_final_ESA0OPSFIN_20231900000_01D_30S_CLK.CLK.gz.csv
[06:15:04] [DEBUG] Cleaned up individual file: step_2_0_pairs_esa_final_ESA0OPSFIN_20231900000_01D_30S_CLK.CLK.gz.csv
[06:15:04] [INFO] Merging individual file: step_2_0_pairs_esa_final_ESA0OPSFIN_20233350000_01D_30S_CLK.CLK.gz.csv
[06:15:04] [DEBUG] Cleaned up individual file: step_2_0_pairs_esa_final_ESA0OPSFIN_20233350000_01D_30S_CLK.CLK.gz.csv
[06:15:04] [INFO] Merging individual file: step_2_0_pairs_esa_final_ESA0OPSFIN_20243290000_01D_30S_CLK.CLK.gz.csv
[06:15:04] [DEBUG] Cleaned up individual file: step_2_0_pairs_esa_final_ESA0OPSFIN_20243290000_01D_30S_CLK.CLK.gz.csv
[06:15:04] [INFO] Merging individual file: step_2_0_pairs_esa_final_ESA0OPSFIN_20251480000_01D_30S_CLK.CLK.gz.csv
[06:15:04] [DEBUG] Cleaned up individual file: step_2_0_pairs_esa_final_ESA0OPSFIN_20251480000_01D_30S_CLK.CLK.gz.csv
[06:15:04] [INFO] Merging individual file: step_2_0_pairs_esa_final_ESA0OPSFIN_20231980000_01D_30S_CLK.CLK.gz.csv
[06:15:04] [DEBUG] Cleaned up individual file: step_2_0_pairs_esa_final_ESA0OPSFIN_20231980000_01D_30S_CLK.CLK.gz.csv
[06:15:04] [INFO] Merging individual file: step_2_0_pairs_esa_final_ESA0OPSFIN_20240610000_01D_30S_CLK.CLK.gz.csv
[06:15:04] [DEBUG] Cleaned up individual file: step_2_0_pairs_esa_final_ESA0OPSFIN_20240610000_01D_30S_CLK.CLK.gz.csv
[06:15:04] [INFO] Merging individual file: step_2_0_pairs_esa_final_ESA0OPSFIN_20250560000_01D_30S_CLK.CLK.gz.csv
[06:15:04] [DEBUG] Cleaned up individual file: step_2_0_pairs_esa_final_ESA0OPSFIN_20250560000_01D_30S_CLK.CLK.gz.csv
[06:15:04] [INFO] Merging individual file: step_2_0_pairs_esa_final_ESA0OPSFIN_20242710000_01D_30S_CLK.CLK.gz.csv
[06:15:04] [DEBUG] Cleaned up individual file: step_2_0_pairs_esa_final_ESA0OPSFIN_20242710000_01D_30S_CLK.CLK.gz.csv
[06:15:04] [INFO] Merging individual file: step_2_0_pairs_esa_final_ESA0OPSFIN_20240150000_01D_30S_CLK.CLK.gz.csv
[06:15:04] [DEBUG] Cleaned up individual file: step_2_0_pairs_esa_final_ESA0OPSFIN_20240150000_01D_30S_CLK.CLK.gz.csv
[06:15:04] [INFO] Merging individual file: step_2_0_pairs_esa_final_ESA0OPSFIN_20242500000_01D_30S_CLK.CLK.gz.csv
[06:15:04] [DEBUG] Cleaned up individual file: step_2_0_pairs_esa_final_ESA0OPSFIN_20242500000_01D_30S_CLK.CLK.gz.csv
[06:15:04] [INFO] Merging individual file: step_2_0_pairs_esa_final_ESA0OPSFIN_20231910000_01D_30S_CLK.CLK.gz.csv
[06:15:05] [DEBUG] Cleaned up individual file: step_2_0_pairs_esa_final_ESA0OPSFIN_20231910000_01D_30S_CLK.CLK.gz.csv
[06:15:05] [INFO] Merging individual file: step_2_0_pairs_esa_final_ESA0OPSFIN_20242270000_01D_30S_CLK.CLK.gz.csv
[06:15:05] [DEBUG] Cleaned up individual file: step_2_0_pairs_esa_final_ESA0OPSFIN_20242270000_01D_30S_CLK.CLK.gz.csv
[06:15:05] [INFO] Merging individual file: step_2_0_pairs_esa_final_ESA0OPSFIN_20240470000_01D_30S_CLK.CLK.gz.csv
[06:15:05] [DEBUG] Cleaned up individual file: step_2_0_pairs_esa_final_ESA0OPSFIN_20240470000_01D_30S_CLK.CLK.gz.csv
[06:15:05] [INFO] Merging individual file: step_2_0_pairs_esa_final_ESA0OPSFIN_20250160000_01D_30S_CLK.CLK.gz.csv
[06:15:05] [DEBUG] Cleaned up individual file: step_2_0_pairs_esa_final_ESA0OPSFIN_20250160000_01D_30S_CLK.CLK.gz.csv
[06:15:05] [INFO] Merging individual file: step_2_0_pairs_esa_final_ESA0OPSFIN_20251530000_01D_30S_CLK.CLK.gz.csv
[06:15:05] [DEBUG] Cleaned up individual file: step_2_0_pairs_esa_final_ESA0OPSFIN_20251530000_01D_30S_CLK.CLK.gz.csv
[06:15:05] [INFO] Merging individual file: step_2_0_pairs_esa_final_ESA0OPSFIN_20250890000_01D_30S_CLK.CLK.gz.csv
[06:15:05] [DEBUG] Cleaned up individual file: step_2_0_pairs_esa_final_ESA0OPSFIN_20250890000_01D_30S_CLK.CLK.gz.csv
[06:15:05] [INFO] Merging individual file: step_2_0_pairs_esa_final_ESA0OPSFIN_20231260000_01D_30S_CLK.CLK.gz.csv
[06:15:05] [DEBUG] Cleaned up individual file: step_2_0_pairs_esa_final_ESA0OPSFIN_20231260000_01D_30S_CLK.CLK.gz.csv
[06:15:05] [INFO] Merging individual file: step_2_0_pairs_esa_final_ESA0OPSFIN_20243110000_01D_30S_CLK.CLK.gz.csv
[06:15:05] [DEBUG] Cleaned up individual file: step_2_0_pairs_esa_final_ESA0OPSFIN_20243110000_01D_30S_CLK.CLK.gz.csv
[06:15:05] [INFO] Merging individual file: step_2_0_pairs_esa_final_ESA0OPSFIN_20232750000_01D_30S_CLK.CLK.gz.csv
[06:15:05] [DEBUG] Cleaned up individual file: step_2_0_pairs_esa_final_ESA0OPSFIN_20232750000_01D_30S_CLK.CLK.gz.csv
[06:15:05] [INFO] Merging individual file: step_2_0_pairs_esa_final_ESA0OPSFIN_20230860000_01D_30S_CLK.CLK.gz.csv
[06:15:05] [DEBUG] Cleaned up individual file: step_2_0_pairs_esa_final_ESA0OPSFIN_20230860000_01D_30S_CLK.CLK.gz.csv
[06:15:05] [INFO] Merging individual file: step_2_0_pairs_esa_final_ESA0OPSFIN_20250470000_01D_30S_CLK.CLK.gz.csv
[06:15:05] [DEBUG] Cleaned up individual file: step_2_0_pairs_esa_final_ESA0OPSFIN_20250470000_01D_30S_CLK.CLK.gz.csv
[06:15:05] [INFO] Merging individual file: step_2_0_pairs_esa_final_ESA0OPSFIN_20230830000_01D_30S_CLK.CLK.gz.csv
[06:15:05] [DEBUG] Cleaned up individual file: step_2_0_pairs_esa_final_ESA0OPSFIN_20230830000_01D_30S_CLK.CLK.gz.csv
[06:15:05] [INFO] Merging individual file: step_2_0_pairs_esa_final_ESA0OPSFIN_20242110000_01D_30S_CLK.CLK.gz.csv
[06:15:05] [DEBUG] Cleaned up individual file: step_2_0_pairs_esa_final_ESA0OPSFIN_20242110000_01D_30S_CLK.CLK.gz.csv
[06:15:05] [INFO] Merging individual file: step_2_0_pairs_esa_final_ESA0OPSFIN_20242900000_01D_30S_CLK.CLK.gz.csv
[06:15:06] [DEBUG] Cleaned up individual file: step_2_0_pairs_esa_final_ESA0OPSFIN_20242900000_01D_30S_CLK.CLK.gz.csv
[06:15:06] [INFO] Merging individual file: step_2_0_pairs_esa_final_ESA0OPSFIN_20242590000_01D_30S_CLK.CLK.gz.csv
[06:15:06] [DEBUG] Cleaned up individual file: step_2_0_pairs_esa_final_ESA0OPSFIN_20242590000_01D_30S_CLK.CLK.gz.csv
[06:15:06] [INFO] Merging individual file: step_2_0_pairs_esa_final_ESA0OPSFIN_20231740000_01D_30S_CLK.CLK.gz.csv
[06:15:06] [DEBUG] Cleaned up individual file: step_2_0_pairs_esa_final_ESA0OPSFIN_20231740000_01D_30S_CLK.CLK.gz.csv
[06:15:06] [INFO] Merging individual file: step_2_0_pairs_esa_final_ESA0OPSFIN_20241070000_01D_30S_CLK.CLK.gz.csv
[06:15:06] [DEBUG] Cleaned up individual file: step_2_0_pairs_esa_final_ESA0OPSFIN_20241070000_01D_30S_CLK.CLK.gz.csv
[06:15:06] [INFO] Merging individual file: step_2_0_pairs_esa_final_ESA0OPSFIN_20232510000_01D_30S_CLK.CLK.gz.csv
[06:15:06] [DEBUG] Cleaned up individual file: step_2_0_pairs_esa_final_ESA0OPSFIN_20232510000_01D_30S_CLK.CLK.gz.csv
[06:15:06] [INFO] Merging individual file: step_2_0_pairs_esa_final_ESA0OPSFIN_20232060000_01D_30S_CLK.CLK.gz.csv
[06:15:06] [DEBUG] Cleaned up individual file: step_2_0_pairs_esa_final_ESA0OPSFIN_20232060000_01D_30S_CLK.CLK.gz.csv
[06:15:06] [INFO] Merging individual file: step_2_0_pairs_esa_final_ESA0OPSFIN_20233250000_01D_30S_CLK.CLK.gz.csv
[06:15:06] [DEBUG] Cleaned up individual file: step_2_0_pairs_esa_final_ESA0OPSFIN_20233250000_01D_30S_CLK.CLK.gz.csv
[06:15:06] [INFO] Merging individual file: step_2_0_pairs_esa_final_ESA0OPSFIN_20241080000_01D_30S_CLK.CLK.gz.csv
[06:15:06] [DEBUG] Cleaned up individual file: step_2_0_pairs_esa_final_ESA0OPSFIN_20241080000_01D_30S_CLK.CLK.gz.csv
[06:15:06] [INFO] Merging individual file: step_2_0_pairs_esa_final_ESA0OPSFIN_20231110000_01D_30S_CLK.CLK.gz.csv
[06:15:06] [DEBUG] Cleaned up individual file: step_2_0_pairs_esa_final_ESA0OPSFIN_20231110000_01D_30S_CLK.CLK.gz.csv
[06:15:06] [INFO] Merging individual file: step_2_0_pairs_esa_final_ESA0OPSFIN_20231950000_01D_30S_CLK.CLK.gz.csv
[06:15:06] [DEBUG] Cleaned up individual file: step_2_0_pairs_esa_final_ESA0OPSFIN_20231950000_01D_30S_CLK.CLK.gz.csv
[06:15:06] [INFO] Merging individual file: step_2_0_pairs_esa_final_ESA0OPSFIN_20231990000_01D_30S_CLK.CLK.gz.csv
[06:15:06] [DEBUG] Cleaned up individual file: step_2_0_pairs_esa_final_ESA0OPSFIN_20231990000_01D_30S_CLK.CLK.gz.csv
[06:15:06] [INFO] Merging individual file: step_2_0_pairs_esa_final_ESA0OPSFIN_20232770000_01D_30S_CLK.CLK.gz.csv
[06:15:06] [DEBUG] Cleaned up individual file: step_2_0_pairs_esa_final_ESA0OPSFIN_20232770000_01D_30S_CLK.CLK.gz.csv
[06:15:06] [INFO] Merging individual file: step_2_0_pairs_esa_final_ESA0OPSFIN_20250530000_01D_30S_CLK.CLK.gz.csv
[06:15:06] [DEBUG] Cleaned up individual file: step_2_0_pairs_esa_final_ESA0OPSFIN_20250530000_01D_30S_CLK.CLK.gz.csv
[06:15:06] [INFO] Merging individual file: step_2_0_pairs_esa_final_ESA0OPSFIN_20233080000_01D_30S_CLK.CLK.gz.csv
[06:15:06] [DEBUG] Cleaned up individual file: step_2_0_pairs_esa_final_ESA0OPSFIN_20233080000_01D_30S_CLK.CLK.gz.csv
[06:15:06] [INFO] Merging individual file: step_2_0_pairs_esa_final_ESA0OPSFIN_20242670000_01D_30S_CLK.CLK.gz.csv
[06:15:06] [DEBUG] Cleaned up individual file: step_2_0_pairs_esa_final_ESA0OPSFIN_20242670000_01D_30S_CLK.CLK.gz.csv
[06:15:06] [INFO] Merging individual file: step_2_0_pairs_esa_final_ESA0OPSFIN_20230190000_01D_30S_CLK.CLK.gz.csv
[06:15:07] [DEBUG] Cleaned up individual file: step_2_0_pairs_esa_final_ESA0OPSFIN_20230190000_01D_30S_CLK.CLK.gz.csv
[06:15:07] [INFO] Merging individual file: step_2_0_pairs_esa_final_ESA0OPSFIN_20230020000_01D_30S_CLK.CLK.gz.csv
[06:15:07] [DEBUG] Cleaned up individual file: step_2_0_pairs_esa_final_ESA0OPSFIN_20230020000_01D_30S_CLK.CLK.gz.csv
[06:15:07] [INFO] Merging individual file: step_2_0_pairs_esa_final_ESA0OPSFIN_20242750000_01D_30S_CLK.CLK.gz.csv
[06:15:07] [DEBUG] Cleaned up individual file: step_2_0_pairs_esa_final_ESA0OPSFIN_20242750000_01D_30S_CLK.CLK.gz.csv
[06:15:07] [INFO] Merging individual file: step_2_0_pairs_esa_final_ESA0OPSFIN_20233050000_01D_30S_CLK.CLK.gz.csv
[06:15:07] [DEBUG] Cleaned up individual file: step_2_0_pairs_esa_final_ESA0OPSFIN_20233050000_01D_30S_CLK.CLK.gz.csv
[06:15:07] [INFO] Merging individual file: step_2_0_pairs_esa_final_ESA0OPSFIN_20230440000_01D_30S_CLK.CLK.gz.csv
[06:15:07] [DEBUG] Cleaned up individual file: step_2_0_pairs_esa_final_ESA0OPSFIN_20230440000_01D_30S_CLK.CLK.gz.csv
[06:15:07] [INFO] Merging individual file: step_2_0_pairs_esa_final_ESA0OPSFIN_20231350000_01D_30S_CLK.CLK.gz.csv
[06:15:07] [DEBUG] Cleaned up individual file: step_2_0_pairs_esa_final_ESA0OPSFIN_20231350000_01D_30S_CLK.CLK.gz.csv
[06:15:07] [INFO] Merging individual file: step_2_0_pairs_esa_final_ESA0OPSFIN_20250480000_01D_30S_CLK.CLK.gz.csv
[06:15:07] [DEBUG] Cleaned up individual file: step_2_0_pairs_esa_final_ESA0OPSFIN_20250480000_01D_30S_CLK.CLK.gz.csv
[06:15:07] [INFO] Merging individual file: step_2_0_pairs_esa_final_ESA0OPSFIN_20243210000_01D_30S_CLK.CLK.gz.csv
[06:15:07] [DEBUG] Cleaned up individual file: step_2_0_pairs_esa_final_ESA0OPSFIN_20243210000_01D_30S_CLK.CLK.gz.csv
[06:15:07] [INFO] Merging individual file: step_2_0_pairs_esa_final_ESA0OPSFIN_20240380000_01D_30S_CLK.CLK.gz.csv
[06:15:07] [DEBUG] Cleaned up individual file: step_2_0_pairs_esa_final_ESA0OPSFIN_20240380000_01D_30S_CLK.CLK.gz.csv
[06:15:07] [INFO] Merging individual file: step_2_0_pairs_esa_final_ESA0OPSFIN_20242650000_01D_30S_CLK.CLK.gz.csv
[06:15:07] [DEBUG] Cleaned up individual file: step_2_0_pairs_esa_final_ESA0OPSFIN_20242650000_01D_30S_CLK.CLK.gz.csv
[06:15:07] [INFO] Merging individual file: step_2_0_pairs_esa_final_ESA0OPSFIN_20231890000_01D_30S_CLK.CLK.gz.csv
[06:15:07] [DEBUG] Cleaned up individual file: step_2_0_pairs_esa_final_ESA0OPSFIN_20231890000_01D_30S_CLK.CLK.gz.csv
[06:15:07] [INFO] Merging individual file: step_2_0_pairs_esa_final_ESA0OPSFIN_20250600000_01D_30S_CLK.CLK.gz.csv
[06:15:07] [DEBUG] Cleaned up individual file: step_2_0_pairs_esa_final_ESA0OPSFIN_20250600000_01D_30S_CLK.CLK.gz.csv
[06:15:07] [INFO] Merging individual file: step_2_0_pairs_esa_final_ESA0OPSFIN_20241200000_01D_30S_CLK.CLK.gz.csv
[06:15:07] [DEBUG] Cleaned up individual file: step_2_0_pairs_esa_final_ESA0OPSFIN_20241200000_01D_30S_CLK.CLK.gz.csv
[06:15:07] [INFO] Merging individual file: step_2_0_pairs_esa_final_ESA0OPSFIN_20242200000_01D_30S_CLK.CLK.gz.csv
[06:15:08] [DEBUG] Cleaned up individual file: step_2_0_pairs_esa_final_ESA0OPSFIN_20242200000_01D_30S_CLK.CLK.gz.csv
[06:15:08] [INFO] Merging individual file: step_2_0_pairs_esa_final_ESA0OPSFIN_20231020000_01D_30S_CLK.CLK.gz.csv
[06:15:08] [DEBUG] Cleaned up individual file: step_2_0_pairs_esa_final_ESA0OPSFIN_20231020000_01D_30S_CLK.CLK.gz.csv
[06:15:08] [INFO] Merging individual file: step_2_0_pairs_esa_final_ESA0OPSFIN_20250800000_01D_30S_CLK.CLK.gz.csv
[06:15:08] [DEBUG] Cleaned up individual file: step_2_0_pairs_esa_final_ESA0OPSFIN_20250800000_01D_30S_CLK.CLK.gz.csv
[06:15:08] [INFO] Merging individual file: step_2_0_pairs_esa_final_ESA0OPSFIN_20233320000_01D_30S_CLK.CLK.gz.csv
[06:15:08] [DEBUG] Cleaned up individual file: step_2_0_pairs_esa_final_ESA0OPSFIN_20233320000_01D_30S_CLK.CLK.gz.csv
[06:15:08] [INFO] Merging individual file: step_2_0_pairs_esa_final_ESA0OPSFIN_20230030000_01D_30S_CLK.CLK.gz.csv
[06:15:08] [DEBUG] Cleaned up individual file: step_2_0_pairs_esa_final_ESA0OPSFIN_20230030000_01D_30S_CLK.CLK.gz.csv
[06:15:08] [INFO] Merging individual file: step_2_0_pairs_esa_final_ESA0OPSFIN_20232690000_01D_30S_CLK.CLK.gz.csv
[06:15:08] [DEBUG] Cleaned up individual file: step_2_0_pairs_esa_final_ESA0OPSFIN_20232690000_01D_30S_CLK.CLK.gz.csv
[06:15:08] [INFO] Merging individual file: step_2_0_pairs_esa_final_ESA0OPSFIN_20240260000_01D_30S_CLK.CLK.gz.csv
[06:15:08] [DEBUG] Cleaned up individual file: step_2_0_pairs_esa_final_ESA0OPSFIN_20240260000_01D_30S_CLK.CLK.gz.csv
[06:15:08] [INFO] Merging individual file: step_2_0_pairs_esa_final_ESA0OPSFIN_20240170000_01D_30S_CLK.CLK.gz.csv
[06:15:08] [DEBUG] Cleaned up individual file: step_2_0_pairs_esa_final_ESA0OPSFIN_20240170000_01D_30S_CLK.CLK.gz.csv
[06:15:08] [INFO] Merging individual file: step_2_0_pairs_esa_final_ESA0OPSFIN_20242980000_01D_30S_CLK.CLK.gz.csv
[06:15:08] [DEBUG] Cleaned up individual file: step_2_0_pairs_esa_final_ESA0OPSFIN_20242980000_01D_30S_CLK.CLK.gz.csv
[06:15:08] [INFO] Merging individual file: step_2_0_pairs_esa_final_ESA0OPSFIN_20251740000_01D_30S_CLK.CLK.gz.csv
[06:15:08] [DEBUG] Cleaned up individual file: step_2_0_pairs_esa_final_ESA0OPSFIN_20251740000_01D_30S_CLK.CLK.gz.csv
[06:15:08] [INFO] Merging individual file: step_2_0_pairs_esa_final_ESA0OPSFIN_20232160000_01D_30S_CLK.CLK.gz.csv
[06:15:08] [DEBUG] Cleaned up individual file: step_2_0_pairs_esa_final_ESA0OPSFIN_20232160000_01D_30S_CLK.CLK.gz.csv
[06:15:08] [INFO] Merging individual file: step_2_0_pairs_esa_final_ESA0OPSFIN_20251670000_01D_30S_CLK.CLK.gz.csv
[06:15:08] [DEBUG] Cleaned up individual file: step_2_0_pairs_esa_final_ESA0OPSFIN_20251670000_01D_30S_CLK.CLK.gz.csv
[06:15:08] [INFO] Merging individual file: step_2_0_pairs_esa_final_ESA0OPSFIN_20241980000_01D_30S_CLK.CLK.gz.csv
[06:15:08] [DEBUG] Cleaned up individual file: step_2_0_pairs_esa_final_ESA0OPSFIN_20241980000_01D_30S_CLK.CLK.gz.csv
[06:15:08] [INFO] Merging individual file: step_2_0_pairs_esa_final_ESA0OPSFIN_20250210000_01D_30S_CLK.CLK.gz.csv
[06:15:08] [DEBUG] Cleaned up individual file: step_2_0_pairs_esa_final_ESA0OPSFIN_20250210000_01D_30S_CLK.CLK.gz.csv
[06:15:08] [INFO] Merging individual file: step_2_0_pairs_esa_final_ESA0OPSFIN_20240740000_01D_30S_CLK.CLK.gz.csv
[06:15:09] [DEBUG] Cleaned up individual file: step_2_0_pairs_esa_final_ESA0OPSFIN_20240740000_01D_30S_CLK.CLK.gz.csv
[06:15:09] [INFO] Merging individual file: step_2_0_pairs_esa_final_ESA0OPSFIN_20250740000_01D_30S_CLK.CLK.gz.csv
[06:15:09] [DEBUG] Cleaned up individual file: step_2_0_pairs_esa_final_ESA0OPSFIN_20250740000_01D_30S_CLK.CLK.gz.csv
[06:15:09] [INFO] Merging individual file: step_2_0_pairs_esa_final_ESA0OPSFIN_20242130000_01D_30S_CLK.CLK.gz.csv
[06:15:09] [DEBUG] Cleaned up individual file: step_2_0_pairs_esa_final_ESA0OPSFIN_20242130000_01D_30S_CLK.CLK.gz.csv
[06:15:09] [INFO] Merging individual file: step_2_0_pairs_esa_final_ESA0OPSFIN_20232340000_01D_30S_CLK.CLK.gz.csv
[06:15:09] [DEBUG] Cleaned up individual file: step_2_0_pairs_esa_final_ESA0OPSFIN_20232340000_01D_30S_CLK.CLK.gz.csv
[06:15:09] [INFO] Merging individual file: step_2_0_pairs_esa_final_ESA0OPSFIN_20251690000_01D_30S_CLK.CLK.gz.csv
[06:15:09] [DEBUG] Cleaned up individual file: step_2_0_pairs_esa_final_ESA0OPSFIN_20251690000_01D_30S_CLK.CLK.gz.csv
[06:15:09] [INFO] Merging individual file: step_2_0_pairs_esa_final_ESA0OPSFIN_20243080000_01D_30S_CLK.CLK.gz.csv
[06:15:09] [DEBUG] Cleaned up individual file: step_2_0_pairs_esa_final_ESA0OPSFIN_20243080000_01D_30S_CLK.CLK.gz.csv
[06:15:09] [INFO] Merging individual file: step_2_0_pairs_esa_final_ESA0OPSFIN_20231730000_01D_30S_CLK.CLK.gz.csv
[06:15:09] [DEBUG] Cleaned up individual file: step_2_0_pairs_esa_final_ESA0OPSFIN_20231730000_01D_30S_CLK.CLK.gz.csv
[06:15:09] [INFO] Merging individual file: step_2_0_pairs_esa_final_ESA0OPSFIN_20240580000_01D_30S_CLK.CLK.gz.csv
[06:15:09] [DEBUG] Cleaned up individual file: step_2_0_pairs_esa_final_ESA0OPSFIN_20240580000_01D_30S_CLK.CLK.gz.csv
[06:15:09] [INFO] Merging individual file: step_2_0_pairs_esa_final_ESA0OPSFIN_20233390000_01D_30S_CLK.CLK.gz.csv
[06:15:09] [DEBUG] Cleaned up individual file: step_2_0_pairs_esa_final_ESA0OPSFIN_20233390000_01D_30S_CLK.CLK.gz.csv
[06:15:09] [INFO] Merging individual file: step_2_0_pairs_esa_final_ESA0OPSFIN_20250350000_01D_30S_CLK.CLK.gz.csv
[06:15:09] [DEBUG] Cleaned up individual file: step_2_0_pairs_esa_final_ESA0OPSFIN_20250350000_01D_30S_CLK.CLK.gz.csv
[06:15:09] [INFO] Merging individual file: step_2_0_pairs_esa_final_ESA0OPSFIN_20241120000_01D_30S_CLK.CLK.gz.csv
[06:15:09] [DEBUG] Cleaned up individual file: step_2_0_pairs_esa_final_ESA0OPSFIN_20241120000_01D_30S_CLK.CLK.gz.csv
[06:15:09] [INFO] Merging individual file: step_2_0_pairs_esa_final_ESA0OPSFIN_20232730000_01D_30S_CLK.CLK.gz.csv
[06:15:09] [DEBUG] Cleaned up individual file: step_2_0_pairs_esa_final_ESA0OPSFIN_20232730000_01D_30S_CLK.CLK.gz.csv
[06:15:09] [INFO] Merging individual file: step_2_0_pairs_esa_final_ESA0OPSFIN_20241030000_01D_30S_CLK.CLK.gz.csv
[06:15:09] [DEBUG] Cleaned up individual file: step_2_0_pairs_esa_final_ESA0OPSFIN_20241030000_01D_30S_CLK.CLK.gz.csv
[06:15:09] [INFO] Merging individual file: step_2_0_pairs_esa_final_ESA0OPSFIN_20241510000_01D_30S_CLK.CLK.gz.csv
[06:15:10] [DEBUG] Cleaned up individual file: step_2_0_pairs_esa_final_ESA0OPSFIN_20241510000_01D_30S_CLK.CLK.gz.csv
[06:15:10] [INFO] Merging individual file: step_2_0_pairs_esa_final_ESA0OPSFIN_20230840000_01D_30S_CLK.CLK.gz.csv
[06:15:10] [DEBUG] Cleaned up individual file: step_2_0_pairs_esa_final_ESA0OPSFIN_20230840000_01D_30S_CLK.CLK.gz.csv
[06:15:10] [INFO] Merging individual file: step_2_0_pairs_esa_final_ESA0OPSFIN_20241270000_01D_30S_CLK.CLK.gz.csv
[06:15:10] [DEBUG] Cleaned up individual file: step_2_0_pairs_esa_final_ESA0OPSFIN_20241270000_01D_30S_CLK.CLK.gz.csv
[06:15:10] [INFO] Merging individual file: step_2_0_pairs_esa_final_ESA0OPSFIN_20241150000_01D_30S_CLK.CLK.gz.csv
[06:15:10] [DEBUG] Cleaned up individual file: step_2_0_pairs_esa_final_ESA0OPSFIN_20241150000_01D_30S_CLK.CLK.gz.csv
[06:15:10] [INFO] Merging individual file: step_2_0_pairs_esa_final_ESA0OPSFIN_20241160000_01D_30S_CLK.CLK.gz.csv
[06:15:10] [DEBUG] Cleaned up individual file: step_2_0_pairs_esa_final_ESA0OPSFIN_20241160000_01D_30S_CLK.CLK.gz.csv
[06:15:10] [INFO] Merging individual file: step_2_0_pairs_esa_final_ESA0OPSFIN_20233130000_01D_30S_CLK.CLK.gz.csv
[06:15:10] [DEBUG] Cleaned up individual file: step_2_0_pairs_esa_final_ESA0OPSFIN_20233130000_01D_30S_CLK.CLK.gz.csv
[06:15:10] [INFO] Merging individual file: step_2_0_pairs_esa_final_ESA0OPSFIN_20241240000_01D_30S_CLK.CLK.gz.csv
[06:15:10] [DEBUG] Cleaned up individual file: step_2_0_pairs_esa_final_ESA0OPSFIN_20241240000_01D_30S_CLK.CLK.gz.csv
[06:15:10] [INFO] Merging individual file: step_2_0_pairs_esa_final_ESA0OPSFIN_20233530000_01D_30S_CLK.CLK.gz.csv
[06:15:10] [DEBUG] Cleaned up individual file: step_2_0_pairs_esa_final_ESA0OPSFIN_20233530000_01D_30S_CLK.CLK.gz.csv
[06:15:10] [INFO] Merging individual file: step_2_0_pairs_esa_final_ESA0OPSFIN_20242120000_01D_30S_CLK.CLK.gz.csv
[06:15:10] [DEBUG] Cleaned up individual file: step_2_0_pairs_esa_final_ESA0OPSFIN_20242120000_01D_30S_CLK.CLK.gz.csv
[06:15:10] [INFO] Merging individual file: step_2_0_pairs_esa_final_ESA0OPSFIN_20231560000_01D_30S_CLK.CLK.gz.csv
[06:15:10] [DEBUG] Cleaned up individual file: step_2_0_pairs_esa_final_ESA0OPSFIN_20231560000_01D_30S_CLK.CLK.gz.csv
[06:15:10] [INFO] Merging individual file: step_2_0_pairs_esa_final_ESA0OPSFIN_20241960000_01D_30S_CLK.CLK.gz.csv
[06:15:10] [DEBUG] Cleaned up individual file: step_2_0_pairs_esa_final_ESA0OPSFIN_20241960000_01D_30S_CLK.CLK.gz.csv
[06:15:10] [INFO] Merging individual file: step_2_0_pairs_esa_final_ESA0OPSFIN_20243200000_01D_30S_CLK.CLK.gz.csv
[06:15:10] [DEBUG] Cleaned up individual file: step_2_0_pairs_esa_final_ESA0OPSFIN_20243200000_01D_30S_CLK.CLK.gz.csv
[06:15:10] [INFO] Merging individual file: step_2_0_pairs_esa_final_ESA0OPSFIN_20250140000_01D_30S_CLK.CLK.gz.csv
[06:15:10] [DEBUG] Cleaned up individual file: step_2_0_pairs_esa_final_ESA0OPSFIN_20250140000_01D_30S_CLK.CLK.gz.csv
[06:15:10] [INFO] Merging individual file: step_2_0_pairs_esa_final_ESA0OPSFIN_20233550000_01D_30S_CLK.CLK.gz.csv
[06:15:10] [DEBUG] Cleaned up individual file: step_2_0_pairs_esa_final_ESA0OPSFIN_20233550000_01D_30S_CLK.CLK.gz.csv
[06:15:10] [INFO] Merging individual file: step_2_0_pairs_esa_final_ESA0OPSFIN_20240510000_01D_30S_CLK.CLK.gz.csv
[06:15:11] [DEBUG] Cleaned up individual file: step_2_0_pairs_esa_final_ESA0OPSFIN_20240510000_01D_30S_CLK.CLK.gz.csv
[06:15:11] [INFO] Merging individual file: step_2_0_pairs_esa_final_ESA0OPSFIN_20232790000_01D_30S_CLK.CLK.gz.csv
[06:15:11] [DEBUG] Cleaned up individual file: step_2_0_pairs_esa_final_ESA0OPSFIN_20232790000_01D_30S_CLK.CLK.gz.csv
[06:15:11] [INFO] Merging individual file: step_2_0_pairs_esa_final_ESA0OPSFIN_20242450000_01D_30S_CLK.CLK.gz.csv
[06:15:11] [DEBUG] Cleaned up individual file: step_2_0_pairs_esa_final_ESA0OPSFIN_20242450000_01D_30S_CLK.CLK.gz.csv
[06:15:11] [INFO] Merging individual file: step_2_0_pairs_esa_final_ESA0OPSFIN_20250130000_01D_30S_CLK.CLK.gz.csv
[06:15:11] [DEBUG] Cleaned up individual file: step_2_0_pairs_esa_final_ESA0OPSFIN_20250130000_01D_30S_CLK.CLK.gz.csv
[06:15:11] [INFO] Merging individual file: step_2_0_pairs_esa_final_ESA0OPSFIN_20250830000_01D_30S_CLK.CLK.gz.csv
[06:15:11] [DEBUG] Cleaned up individual file: step_2_0_pairs_esa_final_ESA0OPSFIN_20250830000_01D_30S_CLK.CLK.gz.csv
[06:15:11] [INFO] Merging individual file: step_2_0_pairs_esa_final_ESA0OPSFIN_20250340000_01D_30S_CLK.CLK.gz.csv
[06:15:11] [DEBUG] Cleaned up individual file: step_2_0_pairs_esa_final_ESA0OPSFIN_20250340000_01D_30S_CLK.CLK.gz.csv
[06:15:11] [INFO] Merging individual file: step_2_0_pairs_esa_final_ESA0OPSFIN_20233190000_01D_30S_CLK.CLK.gz.csv
[06:15:11] [DEBUG] Cleaned up individual file: step_2_0_pairs_esa_final_ESA0OPSFIN_20233190000_01D_30S_CLK.CLK.gz.csv
[06:15:11] [INFO] Merging individual file: step_2_0_pairs_esa_final_ESA0OPSFIN_20251090000_01D_30S_CLK.CLK.gz.csv
[06:15:11] [DEBUG] Cleaned up individual file: step_2_0_pairs_esa_final_ESA0OPSFIN_20251090000_01D_30S_CLK.CLK.gz.csv
[06:15:11] [INFO] Merging individual file: step_2_0_pairs_esa_final_ESA0OPSFIN_20240450000_01D_30S_CLK.CLK.gz.csv
[06:15:11] [DEBUG] Cleaned up individual file: step_2_0_pairs_esa_final_ESA0OPSFIN_20240450000_01D_30S_CLK.CLK.gz.csv
[06:15:11] [INFO] Merging individual file: step_2_0_pairs_esa_final_ESA0OPSFIN_20251310000_01D_30S_CLK.CLK.gz.csv
[06:15:11] [DEBUG] Cleaned up individual file: step_2_0_pairs_esa_final_ESA0OPSFIN_20251310000_01D_30S_CLK.CLK.gz.csv
[06:15:11] [INFO] Merging individual file: step_2_0_pairs_esa_final_ESA0OPSFIN_20242000000_01D_30S_CLK.CLK.gz.csv
[06:15:11] [DEBUG] Cleaned up individual file: step_2_0_pairs_esa_final_ESA0OPSFIN_20242000000_01D_30S_CLK.CLK.gz.csv
[06:15:11] [INFO] Merging individual file: step_2_0_pairs_esa_final_ESA0OPSFIN_20243490000_01D_30S_CLK.CLK.gz.csv
[06:15:11] [DEBUG] Cleaned up individual file: step_2_0_pairs_esa_final_ESA0OPSFIN_20243490000_01D_30S_CLK.CLK.gz.csv
[06:15:11] [INFO] Merging individual file: step_2_0_pairs_esa_final_ESA0OPSFIN_20251300000_01D_30S_CLK.CLK.gz.csv
[06:15:11] [DEBUG] Cleaned up individual file: step_2_0_pairs_esa_final_ESA0OPSFIN_20251300000_01D_30S_CLK.CLK.gz.csv
[06:15:11] [INFO] Merging individual file: step_2_0_pairs_esa_final_ESA0OPSFIN_20231280000_01D_30S_CLK.CLK.gz.csv
[06:15:12] [DEBUG] Cleaned up individual file: step_2_0_pairs_esa_final_ESA0OPSFIN_20231280000_01D_30S_CLK.CLK.gz.csv
[06:15:12] [INFO] Merging individual file: step_2_0_pairs_esa_final_ESA0OPSFIN_20232480000_01D_30S_CLK.CLK.gz.csv
[06:15:12] [DEBUG] Cleaned up individual file: step_2_0_pairs_esa_final_ESA0OPSFIN_20232480000_01D_30S_CLK.CLK.gz.csv
[06:15:12] [INFO] Merging individual file: step_2_0_pairs_esa_final_ESA0OPSFIN_20242030000_01D_30S_CLK.CLK.gz.csv
[06:15:12] [DEBUG] Cleaned up individual file: step_2_0_pairs_esa_final_ESA0OPSFIN_20242030000_01D_30S_CLK.CLK.gz.csv
[06:15:12] [INFO] Merging individual file: step_2_0_pairs_esa_final_ESA0OPSFIN_20242830000_01D_30S_CLK.CLK.gz.csv
[06:15:12] [DEBUG] Cleaned up individual file: step_2_0_pairs_esa_final_ESA0OPSFIN_20242830000_01D_30S_CLK.CLK.gz.csv
[06:15:12] [INFO] Merging individual file: step_2_0_pairs_esa_final_ESA0OPSFIN_20241280000_01D_30S_CLK.CLK.gz.csv
[06:15:12] [DEBUG] Cleaned up individual file: step_2_0_pairs_esa_final_ESA0OPSFIN_20241280000_01D_30S_CLK.CLK.gz.csv
[06:15:12] [INFO] Merging individual file: step_2_0_pairs_esa_final_ESA0OPSFIN_20241380000_01D_30S_CLK.CLK.gz.csv
[06:15:12] [DEBUG] Cleaned up individual file: step_2_0_pairs_esa_final_ESA0OPSFIN_20241380000_01D_30S_CLK.CLK.gz.csv
[06:15:12] [INFO] Merging individual file: step_2_0_pairs_esa_final_ESA0OPSFIN_20230960000_01D_30S_CLK.CLK.gz.csv
[06:15:12] [DEBUG] Cleaned up individual file: step_2_0_pairs_esa_final_ESA0OPSFIN_20230960000_01D_30S_CLK.CLK.gz.csv
[06:15:12] [INFO] Merging individual file: step_2_0_pairs_esa_final_ESA0OPSFIN_20242790000_01D_30S_CLK.CLK.gz.csv
[06:15:12] [DEBUG] Cleaned up individual file: step_2_0_pairs_esa_final_ESA0OPSFIN_20242790000_01D_30S_CLK.CLK.gz.csv
[06:15:12] [INFO] Merging individual file: step_2_0_pairs_esa_final_ESA0OPSFIN_20240350000_01D_30S_CLK.CLK.gz.csv
[06:15:12] [DEBUG] Cleaned up individual file: step_2_0_pairs_esa_final_ESA0OPSFIN_20240350000_01D_30S_CLK.CLK.gz.csv
[06:15:12] [INFO] Merging individual file: step_2_0_pairs_esa_final_ESA0OPSFIN_20240400000_01D_30S_CLK.CLK.gz.csv
[06:15:12] [DEBUG] Cleaned up individual file: step_2_0_pairs_esa_final_ESA0OPSFIN_20240400000_01D_30S_CLK.CLK.gz.csv
[06:15:12] [INFO] Merging individual file: step_2_0_pairs_esa_final_ESA0OPSFIN_20232720000_01D_30S_CLK.CLK.gz.csv
[06:15:12] [DEBUG] Cleaned up individual file: step_2_0_pairs_esa_final_ESA0OPSFIN_20232720000_01D_30S_CLK.CLK.gz.csv
[06:15:12] [INFO] Merging individual file: step_2_0_pairs_esa_final_ESA0OPSFIN_20241450000_01D_30S_CLK.CLK.gz.csv
[06:15:12] [DEBUG] Cleaned up individual file: step_2_0_pairs_esa_final_ESA0OPSFIN_20241450000_01D_30S_CLK.CLK.gz.csv
[06:15:12] [INFO] Merging individual file: step_2_0_pairs_esa_final_ESA0OPSFIN_20251120000_01D_30S_CLK.CLK.gz.csv
[06:15:12] [DEBUG] Cleaned up individual file: step_2_0_pairs_esa_final_ESA0OPSFIN_20251120000_01D_30S_CLK.CLK.gz.csv
[06:15:12] [INFO] Merging individual file: step_2_0_pairs_esa_final_ESA0OPSFIN_20233590000_01D_30S_CLK.CLK.gz.csv
[06:15:12] [DEBUG] Cleaned up individual file: step_2_0_pairs_esa_final_ESA0OPSFIN_20233590000_01D_30S_CLK.CLK.gz.csv
[06:15:12] [INFO] Merging individual file: step_2_0_pairs_esa_final_ESA0OPSFIN_20232200000_01D_30S_CLK.CLK.gz.csv
[06:15:13] [DEBUG] Cleaned up individual file: step_2_0_pairs_esa_final_ESA0OPSFIN_20232200000_01D_30S_CLK.CLK.gz.csv
[06:15:13] [INFO] Merging individual file: step_2_0_pairs_esa_final_ESA0OPSFIN_20232850000_01D_30S_CLK.CLK.gz.csv
[06:15:13] [DEBUG] Cleaned up individual file: step_2_0_pairs_esa_final_ESA0OPSFIN_20232850000_01D_30S_CLK.CLK.gz.csv
[06:15:13] [INFO] Merging individual file: step_2_0_pairs_esa_final_ESA0OPSFIN_20230550000_01D_30S_CLK.CLK.gz.csv
[06:15:13] [DEBUG] Cleaned up individual file: step_2_0_pairs_esa_final_ESA0OPSFIN_20230550000_01D_30S_CLK.CLK.gz.csv
[06:15:13] [INFO] Merging individual file: step_2_0_pairs_esa_final_ESA0OPSFIN_20231360000_01D_30S_CLK.CLK.gz.csv
[06:15:13] [DEBUG] Cleaned up individual file: step_2_0_pairs_esa_final_ESA0OPSFIN_20231360000_01D_30S_CLK.CLK.gz.csv
[06:15:13] [INFO] Merging individual file: step_2_0_pairs_esa_final_ESA0OPSFIN_20232950000_01D_30S_CLK.CLK.gz.csv
[06:15:13] [DEBUG] Cleaned up individual file: step_2_0_pairs_esa_final_ESA0OPSFIN_20232950000_01D_30S_CLK.CLK.gz.csv
[06:15:13] [INFO] Merging individual file: step_2_0_pairs_esa_final_ESA0OPSFIN_20231090000_01D_30S_CLK.CLK.gz.csv
[06:15:13] [DEBUG] Cleaned up individual file: step_2_0_pairs_esa_final_ESA0OPSFIN_20231090000_01D_30S_CLK.CLK.gz.csv
[06:15:13] [INFO] Merging individual file: step_2_0_pairs_esa_final_ESA0OPSFIN_20233480000_01D_30S_CLK.CLK.gz.csv
[06:15:13] [DEBUG] Cleaned up individual file: step_2_0_pairs_esa_final_ESA0OPSFIN_20233480000_01D_30S_CLK.CLK.gz.csv
[06:15:13] [INFO] Merging individual file: step_2_0_pairs_esa_final_ESA0OPSFIN_20250490000_01D_30S_CLK.CLK.gz.csv
[06:15:13] [DEBUG] Cleaned up individual file: step_2_0_pairs_esa_final_ESA0OPSFIN_20250490000_01D_30S_CLK.CLK.gz.csv
[06:15:13] [INFO] Merging individual file: step_2_0_pairs_esa_final_ESA0OPSFIN_20232900000_01D_30S_CLK.CLK.gz.csv
[06:15:13] [DEBUG] Cleaned up individual file: step_2_0_pairs_esa_final_ESA0OPSFIN_20232900000_01D_30S_CLK.CLK.gz.csv
[06:15:13] [INFO] Merging individual file: step_2_0_pairs_esa_final_ESA0OPSFIN_20240310000_01D_30S_CLK.CLK.gz.csv
[06:15:13] [DEBUG] Cleaned up individual file: step_2_0_pairs_esa_final_ESA0OPSFIN_20240310000_01D_30S_CLK.CLK.gz.csv
[06:15:13] [INFO] Merging individual file: step_2_0_pairs_esa_final_ESA0OPSFIN_20240430000_01D_30S_CLK.CLK.gz.csv
[06:15:13] [DEBUG] Cleaned up individual file: step_2_0_pairs_esa_final_ESA0OPSFIN_20240430000_01D_30S_CLK.CLK.gz.csv
[06:15:13] [INFO] Merging individual file: step_2_0_pairs_esa_final_ESA0OPSFIN_20231190000_01D_30S_CLK.CLK.gz.csv
[06:15:13] [DEBUG] Cleaned up individual file: step_2_0_pairs_esa_final_ESA0OPSFIN_20231190000_01D_30S_CLK.CLK.gz.csv
[06:15:13] [INFO] Merging individual file: step_2_0_pairs_esa_final_ESA0OPSFIN_20241390000_01D_30S_CLK.CLK.gz.csv
[06:15:13] [DEBUG] Cleaned up individual file: step_2_0_pairs_esa_final_ESA0OPSFIN_20241390000_01D_30S_CLK.CLK.gz.csv
[06:15:13] [INFO] Merging individual file: step_2_0_pairs_esa_final_ESA0OPSFIN_20231960000_01D_30S_CLK.CLK.gz.csv
[06:15:14] [DEBUG] Cleaned up individual file: step_2_0_pairs_esa_final_ESA0OPSFIN_20231960000_01D_30S_CLK.CLK.gz.csv
[06:15:14] [INFO] Merging individual file: step_2_0_pairs_esa_final_ESA0OPSFIN_20242080000_01D_30S_CLK.CLK.gz.csv
[06:15:14] [DEBUG] Cleaned up individual file: step_2_0_pairs_esa_final_ESA0OPSFIN_20242080000_01D_30S_CLK.CLK.gz.csv
[06:15:14] [INFO] Merging individual file: step_2_0_pairs_esa_final_ESA0OPSFIN_20251630000_01D_30S_CLK.CLK.gz.csv
[06:15:14] [DEBUG] Cleaned up individual file: step_2_0_pairs_esa_final_ESA0OPSFIN_20251630000_01D_30S_CLK.CLK.gz.csv
[06:15:14] [INFO] Merging individual file: step_2_0_pairs_esa_final_ESA0OPSFIN_20230790000_01D_30S_CLK.CLK.gz.csv
[06:15:14] [DEBUG] Cleaned up individual file: step_2_0_pairs_esa_final_ESA0OPSFIN_20230790000_01D_30S_CLK.CLK.gz.csv
[06:15:14] [INFO] Merging individual file: step_2_0_pairs_esa_final_ESA0OPSFIN_20250540000_01D_30S_CLK.CLK.gz.csv
[06:15:14] [DEBUG] Cleaned up individual file: step_2_0_pairs_esa_final_ESA0OPSFIN_20250540000_01D_30S_CLK.CLK.gz.csv
[06:15:14] [INFO] Merging individual file: step_2_0_pairs_esa_final_ESA0OPSFIN_20241360000_01D_30S_CLK.CLK.gz.csv
[06:15:14] [DEBUG] Cleaned up individual file: step_2_0_pairs_esa_final_ESA0OPSFIN_20241360000_01D_30S_CLK.CLK.gz.csv
[06:15:14] [INFO] Merging individual file: step_2_0_pairs_esa_final_ESA0OPSFIN_20241940000_01D_30S_CLK.CLK.gz.csv
[06:15:14] [DEBUG] Cleaned up individual file: step_2_0_pairs_esa_final_ESA0OPSFIN_20241940000_01D_30S_CLK.CLK.gz.csv
[06:15:14] [INFO] Merging individual file: step_2_0_pairs_esa_final_ESA0OPSFIN_20242430000_01D_30S_CLK.CLK.gz.csv
[06:15:14] [DEBUG] Cleaned up individual file: step_2_0_pairs_esa_final_ESA0OPSFIN_20242430000_01D_30S_CLK.CLK.gz.csv
[06:15:14] [INFO] Merging individual file: step_2_0_pairs_esa_final_ESA0OPSFIN_20232100000_01D_30S_CLK.CLK.gz.csv
[06:15:14] [DEBUG] Cleaned up individual file: step_2_0_pairs_esa_final_ESA0OPSFIN_20232100000_01D_30S_CLK.CLK.gz.csv
[06:15:14] [INFO] Merging individual file: step_2_0_pairs_esa_final_ESA0OPSFIN_20230420000_01D_30S_CLK.CLK.gz.csv
[06:15:14] [DEBUG] Cleaned up individual file: step_2_0_pairs_esa_final_ESA0OPSFIN_20230420000_01D_30S_CLK.CLK.gz.csv
[06:15:14] [INFO] Merging individual file: step_2_0_pairs_esa_final_ESA0OPSFIN_20251040000_01D_30S_CLK.CLK.gz.csv
[06:15:14] [DEBUG] Cleaned up individual file: step_2_0_pairs_esa_final_ESA0OPSFIN_20251040000_01D_30S_CLK.CLK.gz.csv
[06:15:14] [INFO] Merging individual file: step_2_0_pairs_esa_final_ESA0OPSFIN_20243580000_01D_30S_CLK.CLK.gz.csv
[06:15:14] [DEBUG] Cleaned up individual file: step_2_0_pairs_esa_final_ESA0OPSFIN_20243580000_01D_30S_CLK.CLK.gz.csv
[06:15:14] [INFO] Merging individual file: step_2_0_pairs_esa_final_ESA0OPSFIN_20230230000_01D_30S_CLK.CLK.gz.csv
[06:15:14] [DEBUG] Cleaned up individual file: step_2_0_pairs_esa_final_ESA0OPSFIN_20230230000_01D_30S_CLK.CLK.gz.csv
[06:15:14] [INFO] Merging individual file: step_2_0_pairs_esa_final_ESA0OPSFIN_20230080000_01D_30S_CLK.CLK.gz.csv
[06:15:14] [DEBUG] Cleaned up individual file: step_2_0_pairs_esa_final_ESA0OPSFIN_20230080000_01D_30S_CLK.CLK.gz.csv
[06:15:14] [INFO] Merging individual file: step_2_0_pairs_esa_final_ESA0OPSFIN_20230300000_01D_30S_CLK.CLK.gz.csv
[06:15:15] [DEBUG] Cleaned up individual file: step_2_0_pairs_esa_final_ESA0OPSFIN_20230300000_01D_30S_CLK.CLK.gz.csv
[06:15:15] [INFO] Merging individual file: step_2_0_pairs_esa_final_ESA0OPSFIN_20251770000_01D_30S_CLK.CLK.gz.csv
[06:15:15] [DEBUG] Cleaned up individual file: step_2_0_pairs_esa_final_ESA0OPSFIN_20251770000_01D_30S_CLK.CLK.gz.csv
[06:15:15] [INFO] Merging individual file: step_2_0_pairs_esa_final_ESA0OPSFIN_20232400000_01D_30S_CLK.CLK.gz.csv
[06:15:15] [DEBUG] Cleaned up individual file: step_2_0_pairs_esa_final_ESA0OPSFIN_20232400000_01D_30S_CLK.CLK.gz.csv
[06:15:15] [INFO] Merging individual file: step_2_0_pairs_esa_final_ESA0OPSFIN_20241530000_01D_30S_CLK.CLK.gz.csv
[06:15:15] [DEBUG] Cleaned up individual file: step_2_0_pairs_esa_final_ESA0OPSFIN_20241530000_01D_30S_CLK.CLK.gz.csv
[06:15:15] [INFO] Merging individual file: step_2_0_pairs_esa_final_ESA0OPSFIN_20232810000_01D_30S_CLK.CLK.gz.csv
[06:15:15] [DEBUG] Cleaned up individual file: step_2_0_pairs_esa_final_ESA0OPSFIN_20232810000_01D_30S_CLK.CLK.gz.csv
[06:15:15] [INFO] Merging individual file: step_2_0_pairs_esa_final_ESA0OPSFIN_20231220000_01D_30S_CLK.CLK.gz.csv
[06:15:15] [DEBUG] Cleaned up individual file: step_2_0_pairs_esa_final_ESA0OPSFIN_20231220000_01D_30S_CLK.CLK.gz.csv
[06:15:15] [INFO] Merging individual file: step_2_0_pairs_esa_final_ESA0OPSFIN_20230760000_01D_30S_CLK.CLK.gz.csv
[06:15:15] [DEBUG] Cleaned up individual file: step_2_0_pairs_esa_final_ESA0OPSFIN_20230760000_01D_30S_CLK.CLK.gz.csv
[06:15:15] [INFO] Merging individual file: step_2_0_pairs_esa_final_ESA0OPSFIN_20233180000_01D_30S_CLK.CLK.gz.csv
[06:15:15] [DEBUG] Cleaned up individual file: step_2_0_pairs_esa_final_ESA0OPSFIN_20233180000_01D_30S_CLK.CLK.gz.csv
[06:15:15] [INFO] Merging individual file: step_2_0_pairs_esa_final_ESA0OPSFIN_20240570000_01D_30S_CLK.CLK.gz.csv
[06:15:15] [DEBUG] Cleaned up individual file: step_2_0_pairs_esa_final_ESA0OPSFIN_20240570000_01D_30S_CLK.CLK.gz.csv
[06:15:15] [INFO] Merging individual file: step_2_0_pairs_esa_final_ESA0OPSFIN_20233230000_01D_30S_CLK.CLK.gz.csv
[06:15:15] [DEBUG] Cleaned up individual file: step_2_0_pairs_esa_final_ESA0OPSFIN_20233230000_01D_30S_CLK.CLK.gz.csv
[06:15:15] [INFO] Merging individual file: step_2_0_pairs_esa_final_ESA0OPSFIN_20230160000_01D_30S_CLK.CLK.gz.csv
[06:15:15] [DEBUG] Cleaned up individual file: step_2_0_pairs_esa_final_ESA0OPSFIN_20230160000_01D_30S_CLK.CLK.gz.csv
[06:15:15] [INFO] Merging individual file: step_2_0_pairs_esa_final_ESA0OPSFIN_20240390000_01D_30S_CLK.CLK.gz.csv
[06:15:15] [DEBUG] Cleaned up individual file: step_2_0_pairs_esa_final_ESA0OPSFIN_20240390000_01D_30S_CLK.CLK.gz.csv
[06:15:15] [INFO] Merging individual file: step_2_0_pairs_esa_final_ESA0OPSFIN_20250310000_01D_30S_CLK.CLK.gz.csv
[06:15:15] [DEBUG] Cleaned up individual file: step_2_0_pairs_esa_final_ESA0OPSFIN_20250310000_01D_30S_CLK.CLK.gz.csv
[06:15:15] [INFO] Merging individual file: step_2_0_pairs_esa_final_ESA0OPSFIN_20240480000_01D_30S_CLK.CLK.gz.csv
[06:15:16] [DEBUG] Cleaned up individual file: step_2_0_pairs_esa_final_ESA0OPSFIN_20240480000_01D_30S_CLK.CLK.gz.csv
[06:15:16] [INFO] Merging individual file: step_2_0_pairs_esa_final_ESA0OPSFIN_20251140000_01D_30S_CLK.CLK.gz.csv
[06:15:16] [DEBUG] Cleaned up individual file: step_2_0_pairs_esa_final_ESA0OPSFIN_20251140000_01D_30S_CLK.CLK.gz.csv
[06:15:16] [INFO] Merging individual file: step_2_0_pairs_esa_final_ESA0OPSFIN_20241920000_01D_30S_CLK.CLK.gz.csv
[06:15:16] [DEBUG] Cleaned up individual file: step_2_0_pairs_esa_final_ESA0OPSFIN_20241920000_01D_30S_CLK.CLK.gz.csv
[06:15:16] [INFO] Merging individual file: step_2_0_pairs_esa_final_ESA0OPSFIN_20251710000_01D_30S_CLK.CLK.gz.csv
[06:15:16] [DEBUG] Cleaned up individual file: step_2_0_pairs_esa_final_ESA0OPSFIN_20251710000_01D_30S_CLK.CLK.gz.csv
[06:15:16] [INFO] Merging individual file: step_2_0_pairs_esa_final_ESA0OPSFIN_20243400000_01D_30S_CLK.CLK.gz.csv
[06:15:16] [DEBUG] Cleaned up individual file: step_2_0_pairs_esa_final_ESA0OPSFIN_20243400000_01D_30S_CLK.CLK.gz.csv
[06:15:16] [INFO] Merging individual file: step_2_0_pairs_esa_final_ESA0OPSFIN_20232990000_01D_30S_CLK.CLK.gz.csv
[06:15:16] [DEBUG] Cleaned up individual file: step_2_0_pairs_esa_final_ESA0OPSFIN_20232990000_01D_30S_CLK.CLK.gz.csv
[06:15:16] [INFO] Merging individual file: step_2_0_pairs_esa_final_ESA0OPSFIN_20230930000_01D_30S_CLK.CLK.gz.csv
[06:15:16] [DEBUG] Cleaned up individual file: step_2_0_pairs_esa_final_ESA0OPSFIN_20230930000_01D_30S_CLK.CLK.gz.csv
[06:15:16] [INFO] Merging individual file: step_2_0_pairs_esa_final_ESA0OPSFIN_20233100000_01D_30S_CLK.CLK.gz.csv
[06:15:16] [DEBUG] Cleaned up individual file: step_2_0_pairs_esa_final_ESA0OPSFIN_20233100000_01D_30S_CLK.CLK.gz.csv
[06:15:16] [INFO] Merging individual file: step_2_0_pairs_esa_final_ESA0OPSFIN_20231180000_01D_30S_CLK.CLK.gz.csv
[06:15:16] [DEBUG] Cleaned up individual file: step_2_0_pairs_esa_final_ESA0OPSFIN_20231180000_01D_30S_CLK.CLK.gz.csv
[06:15:16] [INFO] Merging individual file: step_2_0_pairs_esa_final_ESA0OPSFIN_20242540000_01D_30S_CLK.CLK.gz.csv
[06:15:16] [DEBUG] Cleaned up individual file: step_2_0_pairs_esa_final_ESA0OPSFIN_20242540000_01D_30S_CLK.CLK.gz.csv
[06:15:16] [INFO] Merging individual file: step_2_0_pairs_esa_final_ESA0OPSFIN_20240300000_01D_30S_CLK.CLK.gz.csv
[06:15:16] [DEBUG] Cleaned up individual file: step_2_0_pairs_esa_final_ESA0OPSFIN_20240300000_01D_30S_CLK.CLK.gz.csv
[06:15:16] [INFO] Merging individual file: step_2_0_pairs_esa_final_ESA0OPSFIN_20250510000_01D_30S_CLK.CLK.gz.csv
[06:15:16] [DEBUG] Cleaned up individual file: step_2_0_pairs_esa_final_ESA0OPSFIN_20250510000_01D_30S_CLK.CLK.gz.csv
[06:15:16] [INFO] Merging individual file: step_2_0_pairs_esa_final_ESA0OPSFIN_20242760000_01D_30S_CLK.CLK.gz.csv
[06:15:16] [DEBUG] Cleaned up individual file: step_2_0_pairs_esa_final_ESA0OPSFIN_20242760000_01D_30S_CLK.CLK.gz.csv
[06:15:16] [INFO] Merging individual file: step_2_0_pairs_esa_final_ESA0OPSFIN_20250460000_01D_30S_CLK.CLK.gz.csv
[06:15:17] [DEBUG] Cleaned up individual file: step_2_0_pairs_esa_final_ESA0OPSFIN_20250460000_01D_30S_CLK.CLK.gz.csv
[06:15:17] [INFO] Merging individual file: step_2_0_pairs_esa_final_ESA0OPSFIN_20240070000_01D_30S_CLK.CLK.gz.csv
[06:15:17] [DEBUG] Cleaned up individual file: step_2_0_pairs_esa_final_ESA0OPSFIN_20240070000_01D_30S_CLK.CLK.gz.csv
[06:15:17] [INFO] Merging individual file: step_2_0_pairs_esa_final_ESA0OPSFIN_20230120000_01D_30S_CLK.CLK.gz.csv
[06:15:17] [DEBUG] Cleaned up individual file: step_2_0_pairs_esa_final_ESA0OPSFIN_20230120000_01D_30S_CLK.CLK.gz.csv
[06:15:17] [INFO] Merging individual file: step_2_0_pairs_esa_final_ESA0OPSFIN_20230240000_01D_30S_CLK.CLK.gz.csv
[06:15:17] [DEBUG] Cleaned up individual file: step_2_0_pairs_esa_final_ESA0OPSFIN_20230240000_01D_30S_CLK.CLK.gz.csv
[06:15:17] [INFO] Merging individual file: step_2_0_pairs_esa_final_ESA0OPSFIN_20242770000_01D_30S_CLK.CLK.gz.csv
[06:15:17] [DEBUG] Cleaned up individual file: step_2_0_pairs_esa_final_ESA0OPSFIN_20242770000_01D_30S_CLK.CLK.gz.csv
[06:15:17] [INFO] Merging individual file: step_2_0_pairs_esa_final_ESA0OPSFIN_20231250000_01D_30S_CLK.CLK.gz.csv
[06:15:17] [DEBUG] Cleaned up individual file: step_2_0_pairs_esa_final_ESA0OPSFIN_20231250000_01D_30S_CLK.CLK.gz.csv
[06:15:17] [INFO] Merging individual file: step_2_0_pairs_esa_final_ESA0OPSFIN_20242920000_01D_30S_CLK.CLK.gz.csv
[06:15:17] [DEBUG] Cleaned up individual file: step_2_0_pairs_esa_final_ESA0OPSFIN_20242920000_01D_30S_CLK.CLK.gz.csv
[06:15:17] [INFO] Merging individual file: step_2_0_pairs_esa_final_ESA0OPSFIN_20241170000_01D_30S_CLK.CLK.gz.csv
[06:15:17] [DEBUG] Cleaned up individual file: step_2_0_pairs_esa_final_ESA0OPSFIN_20241170000_01D_30S_CLK.CLK.gz.csv
[06:15:17] [INFO] Merging individual file: step_2_0_pairs_esa_final_ESA0OPSFIN_20232870000_01D_30S_CLK.CLK.gz.csv
[06:15:17] [DEBUG] Cleaned up individual file: step_2_0_pairs_esa_final_ESA0OPSFIN_20232870000_01D_30S_CLK.CLK.gz.csv
[06:15:17] [INFO] Merging individual file: step_2_0_pairs_esa_final_ESA0OPSFIN_20232020000_01D_30S_CLK.CLK.gz.csv
[06:15:17] [DEBUG] Cleaned up individual file: step_2_0_pairs_esa_final_ESA0OPSFIN_20232020000_01D_30S_CLK.CLK.gz.csv
[06:15:17] [INFO] Merging individual file: step_2_0_pairs_esa_final_ESA0OPSFIN_20231840000_01D_30S_CLK.CLK.gz.csv
[06:15:17] [DEBUG] Cleaned up individual file: step_2_0_pairs_esa_final_ESA0OPSFIN_20231840000_01D_30S_CLK.CLK.gz.csv
[06:15:17] [INFO] Merging individual file: step_2_0_pairs_esa_final_ESA0OPSFIN_20233500000_01D_30S_CLK.CLK.gz.csv
[06:15:17] [DEBUG] Cleaned up individual file: step_2_0_pairs_esa_final_ESA0OPSFIN_20233500000_01D_30S_CLK.CLK.gz.csv
[06:15:17] [INFO] Merging individual file: step_2_0_pairs_esa_final_ESA0OPSFIN_20242880000_01D_30S_CLK.CLK.gz.csv
[06:15:17] [DEBUG] Cleaned up individual file: step_2_0_pairs_esa_final_ESA0OPSFIN_20242880000_01D_30S_CLK.CLK.gz.csv
[06:15:17] [INFO] Merging individual file: step_2_0_pairs_esa_final_ESA0OPSFIN_20242620000_01D_30S_CLK.CLK.gz.csv
[06:15:17] [DEBUG] Cleaned up individual file: step_2_0_pairs_esa_final_ESA0OPSFIN_20242620000_01D_30S_CLK.CLK.gz.csv
[06:15:17] [INFO] Merging individual file: step_2_0_pairs_esa_final_ESA0OPSFIN_20250610000_01D_30S_CLK.CLK.gz.csv
[06:15:18] [DEBUG] Cleaned up individual file: step_2_0_pairs_esa_final_ESA0OPSFIN_20250610000_01D_30S_CLK.CLK.gz.csv
[06:15:18] [INFO] Merging individual file: step_2_0_pairs_esa_final_ESA0OPSFIN_20231660000_01D_30S_CLK.CLK.gz.csv
[06:15:18] [DEBUG] Cleaned up individual file: step_2_0_pairs_esa_final_ESA0OPSFIN_20231660000_01D_30S_CLK.CLK.gz.csv
[06:15:18] [INFO] Merging individual file: step_2_0_pairs_esa_final_ESA0OPSFIN_20251470000_01D_30S_CLK.CLK.gz.csv
[06:15:18] [DEBUG] Cleaned up individual file: step_2_0_pairs_esa_final_ESA0OPSFIN_20251470000_01D_30S_CLK.CLK.gz.csv
[06:15:18] [INFO] Merging individual file: step_2_0_pairs_esa_final_ESA0OPSFIN_20242400000_01D_30S_CLK.CLK.gz.csv
[06:15:18] [DEBUG] Cleaned up individual file: step_2_0_pairs_esa_final_ESA0OPSFIN_20242400000_01D_30S_CLK.CLK.gz.csv
[06:15:18] [INFO] Merging individual file: step_2_0_pairs_esa_final_ESA0OPSFIN_20232830000_01D_30S_CLK.CLK.gz.csv
[06:15:18] [DEBUG] Cleaned up individual file: step_2_0_pairs_esa_final_ESA0OPSFIN_20232830000_01D_30S_CLK.CLK.gz.csv
[06:15:18] [INFO] Merging individual file: step_2_0_pairs_esa_final_ESA0OPSFIN_20250240000_01D_30S_CLK.CLK.gz.csv
[06:15:18] [DEBUG] Cleaned up individual file: step_2_0_pairs_esa_final_ESA0OPSFIN_20250240000_01D_30S_CLK.CLK.gz.csv
[06:15:18] [INFO] Merging individual file: step_2_0_pairs_esa_final_ESA0OPSFIN_20230170000_01D_30S_CLK.CLK.gz.csv
[06:15:18] [DEBUG] Cleaned up individual file: step_2_0_pairs_esa_final_ESA0OPSFIN_20230170000_01D_30S_CLK.CLK.gz.csv
[06:15:18] [INFO] Merging individual file: step_2_0_pairs_esa_final_ESA0OPSFIN_20230200000_01D_30S_CLK.CLK.gz.csv
[06:15:18] [DEBUG] Cleaned up individual file: step_2_0_pairs_esa_final_ESA0OPSFIN_20230200000_01D_30S_CLK.CLK.gz.csv
[06:15:18] [INFO] Merging individual file: step_2_0_pairs_esa_final_ESA0OPSFIN_20251390000_01D_30S_CLK.CLK.gz.csv
[06:15:18] [DEBUG] Cleaned up individual file: step_2_0_pairs_esa_final_ESA0OPSFIN_20251390000_01D_30S_CLK.CLK.gz.csv
[06:15:18] [INFO] Merging individual file: step_2_0_pairs_esa_final_ESA0OPSFIN_20240810000_01D_30S_CLK.CLK.gz.csv
[06:15:18] [DEBUG] Cleaned up individual file: step_2_0_pairs_esa_final_ESA0OPSFIN_20240810000_01D_30S_CLK.CLK.gz.csv
[06:15:18] [INFO] Merging individual file: step_2_0_pairs_esa_final_ESA0OPSFIN_20232370000_01D_30S_CLK.CLK.gz.csv
[06:15:18] [DEBUG] Cleaned up individual file: step_2_0_pairs_esa_final_ESA0OPSFIN_20232370000_01D_30S_CLK.CLK.gz.csv
[06:15:18] [INFO] Merging individual file: step_2_0_pairs_esa_final_ESA0OPSFIN_20230740000_01D_30S_CLK.CLK.gz.csv
[06:15:18] [DEBUG] Cleaned up individual file: step_2_0_pairs_esa_final_ESA0OPSFIN_20230740000_01D_30S_CLK.CLK.gz.csv
[06:15:18] [INFO] Merging individual file: step_2_0_pairs_esa_final_ESA0OPSFIN_20250940000_01D_30S_CLK.CLK.gz.csv
[06:15:18] [DEBUG] Cleaned up individual file: step_2_0_pairs_esa_final_ESA0OPSFIN_20250940000_01D_30S_CLK.CLK.gz.csv
[06:15:18] [INFO] Merging individual file: step_2_0_pairs_esa_final_ESA0OPSFIN_20251400000_01D_30S_CLK.CLK.gz.csv
[06:15:19] [DEBUG] Cleaned up individual file: step_2_0_pairs_esa_final_ESA0OPSFIN_20251400000_01D_30S_CLK.CLK.gz.csv
[06:15:19] [INFO] Merging individual file: step_2_0_pairs_esa_final_ESA0OPSFIN_20240270000_01D_30S_CLK.CLK.gz.csv
[06:15:19] [DEBUG] Cleaned up individual file: step_2_0_pairs_esa_final_ESA0OPSFIN_20240270000_01D_30S_CLK.CLK.gz.csv
[06:15:19] [INFO] Merging individual file: step_2_0_pairs_esa_final_ESA0OPSFIN_20240410000_01D_30S_CLK.CLK.gz.csv
[06:15:19] [DEBUG] Cleaned up individual file: step_2_0_pairs_esa_final_ESA0OPSFIN_20240410000_01D_30S_CLK.CLK.gz.csv
[06:15:19] [INFO] Merging individual file: step_2_0_pairs_esa_final_ESA0OPSFIN_20243030000_01D_30S_CLK.CLK.gz.csv
[06:15:19] [DEBUG] Cleaned up individual file: step_2_0_pairs_esa_final_ESA0OPSFIN_20243030000_01D_30S_CLK.CLK.gz.csv
[06:15:19] [INFO] Merging individual file: step_2_0_pairs_esa_final_ESA0OPSFIN_20233560000_01D_30S_CLK.CLK.gz.csv
[06:15:19] [DEBUG] Cleaned up individual file: step_2_0_pairs_esa_final_ESA0OPSFIN_20233560000_01D_30S_CLK.CLK.gz.csv
[06:15:19] [INFO] Merging individual file: step_2_0_pairs_esa_final_ESA0OPSFIN_20250650000_01D_30S_CLK.CLK.gz.csv
[06:15:19] [DEBUG] Cleaned up individual file: step_2_0_pairs_esa_final_ESA0OPSFIN_20250650000_01D_30S_CLK.CLK.gz.csv
[06:15:19] [INFO] Merging individual file: step_2_0_pairs_esa_final_ESA0OPSFIN_20231760000_01D_30S_CLK.CLK.gz.csv
[06:15:19] [DEBUG] Cleaned up individual file: step_2_0_pairs_esa_final_ESA0OPSFIN_20231760000_01D_30S_CLK.CLK.gz.csv
[06:15:19] [INFO] Merging individual file: step_2_0_pairs_esa_final_ESA0OPSFIN_20242730000_01D_30S_CLK.CLK.gz.csv
[06:15:19] [DEBUG] Cleaned up individual file: step_2_0_pairs_esa_final_ESA0OPSFIN_20242730000_01D_30S_CLK.CLK.gz.csv
[06:15:19] [INFO] Merging individual file: step_2_0_pairs_esa_final_ESA0OPSFIN_20242480000_01D_30S_CLK.CLK.gz.csv
[06:15:19] [DEBUG] Cleaned up individual file: step_2_0_pairs_esa_final_ESA0OPSFIN_20242480000_01D_30S_CLK.CLK.gz.csv
[06:15:19] [INFO] Merging individual file: step_2_0_pairs_esa_final_ESA0OPSFIN_20241880000_01D_30S_CLK.CLK.gz.csv
[06:15:19] [DEBUG] Cleaned up individual file: step_2_0_pairs_esa_final_ESA0OPSFIN_20241880000_01D_30S_CLK.CLK.gz.csv
[06:15:19] [INFO] Merging individual file: step_2_0_pairs_esa_final_ESA0OPSFIN_20230310000_01D_30S_CLK.CLK.gz.csv
[06:15:19] [DEBUG] Cleaned up individual file: step_2_0_pairs_esa_final_ESA0OPSFIN_20230310000_01D_30S_CLK.CLK.gz.csv
[06:15:19] [INFO] Merging individual file: step_2_0_pairs_esa_final_ESA0OPSFIN_20230680000_01D_30S_CLK.CLK.gz.csv
[06:15:19] [DEBUG] Cleaned up individual file: step_2_0_pairs_esa_final_ESA0OPSFIN_20230680000_01D_30S_CLK.CLK.gz.csv
[06:15:19] [INFO] Merging individual file: step_2_0_pairs_esa_final_ESA0OPSFIN_20231330000_01D_30S_CLK.CLK.gz.csv
[06:15:19] [DEBUG] Cleaned up individual file: step_2_0_pairs_esa_final_ESA0OPSFIN_20231330000_01D_30S_CLK.CLK.gz.csv
[06:15:19] [INFO] Merging individual file: step_2_0_pairs_esa_final_ESA0OPSFIN_20230490000_01D_30S_CLK.CLK.gz.csv
[06:15:19] [DEBUG] Cleaned up individual file: step_2_0_pairs_esa_final_ESA0OPSFIN_20230490000_01D_30S_CLK.CLK.gz.csv
[06:15:19] [INFO] Merging individual file: step_2_0_pairs_esa_final_ESA0OPSFIN_20241060000_01D_30S_CLK.CLK.gz.csv
[06:15:20] [DEBUG] Cleaned up individual file: step_2_0_pairs_esa_final_ESA0OPSFIN_20241060000_01D_30S_CLK.CLK.gz.csv
[06:15:20] [INFO] Merging individual file: step_2_0_pairs_esa_final_ESA0OPSFIN_20251560000_01D_30S_CLK.CLK.gz.csv
[06:15:20] [DEBUG] Cleaned up individual file: step_2_0_pairs_esa_final_ESA0OPSFIN_20251560000_01D_30S_CLK.CLK.gz.csv
[06:15:20] [INFO] Merging individual file: step_2_0_pairs_esa_final_ESA0OPSFIN_20242810000_01D_30S_CLK.CLK.gz.csv
[06:15:20] [DEBUG] Cleaned up individual file: step_2_0_pairs_esa_final_ESA0OPSFIN_20242810000_01D_30S_CLK.CLK.gz.csv
[06:15:20] [INFO] Merging individual file: step_2_0_pairs_esa_final_ESA0OPSFIN_20242700000_01D_30S_CLK.CLK.gz.csv
[06:15:20] [DEBUG] Cleaned up individual file: step_2_0_pairs_esa_final_ESA0OPSFIN_20242700000_01D_30S_CLK.CLK.gz.csv
[06:15:20] [INFO] Merging individual file: step_2_0_pairs_esa_final_ESA0OPSFIN_20230900000_01D_30S_CLK.CLK.gz.csv
[06:15:20] [DEBUG] Cleaned up individual file: step_2_0_pairs_esa_final_ESA0OPSFIN_20230900000_01D_30S_CLK.CLK.gz.csv
[06:15:20] [INFO] Merging individual file: step_2_0_pairs_esa_final_ESA0OPSFIN_20250810000_01D_30S_CLK.CLK.gz.csv
[06:15:20] [DEBUG] Cleaned up individual file: step_2_0_pairs_esa_final_ESA0OPSFIN_20250810000_01D_30S_CLK.CLK.gz.csv
[06:15:20] [INFO] Merging individual file: step_2_0_pairs_esa_final_ESA0OPSFIN_20251250000_01D_30S_CLK.CLK.gz.csv
[06:15:20] [DEBUG] Cleaned up individual file: step_2_0_pairs_esa_final_ESA0OPSFIN_20251250000_01D_30S_CLK.CLK.gz.csv
[06:15:20] [INFO] Merging individual file: step_2_0_pairs_esa_final_ESA0OPSFIN_20231000000_01D_30S_CLK.CLK.gz.csv
[06:15:20] [DEBUG] Cleaned up individual file: step_2_0_pairs_esa_final_ESA0OPSFIN_20231000000_01D_30S_CLK.CLK.gz.csv
[06:15:20] [INFO] Merging individual file: step_2_0_pairs_esa_final_ESA0OPSFIN_20251330000_01D_30S_CLK.CLK.gz.csv
[06:15:20] [DEBUG] Cleaned up individual file: step_2_0_pairs_esa_final_ESA0OPSFIN_20251330000_01D_30S_CLK.CLK.gz.csv
[06:15:20] [INFO] Merging individual file: step_2_0_pairs_esa_final_ESA0OPSFIN_20231120000_01D_30S_CLK.CLK.gz.csv
[06:15:20] [DEBUG] Cleaned up individual file: step_2_0_pairs_esa_final_ESA0OPSFIN_20231120000_01D_30S_CLK.CLK.gz.csv
[06:15:20] [INFO] Merging individual file: step_2_0_pairs_esa_final_ESA0OPSFIN_20231820000_01D_30S_CLK.CLK.gz.csv
[06:15:20] [DEBUG] Cleaned up individual file: step_2_0_pairs_esa_final_ESA0OPSFIN_20231820000_01D_30S_CLK.CLK.gz.csv
[06:15:20] [INFO] Merging individual file: step_2_0_pairs_esa_final_ESA0OPSFIN_20230730000_01D_30S_CLK.CLK.gz.csv
[06:15:20] [DEBUG] Cleaned up individual file: step_2_0_pairs_esa_final_ESA0OPSFIN_20230730000_01D_30S_CLK.CLK.gz.csv
[06:15:20] [INFO] Merging individual file: step_2_0_pairs_esa_final_ESA0OPSFIN_20241020000_01D_30S_CLK.CLK.gz.csv
[06:15:20] [DEBUG] Cleaned up individual file: step_2_0_pairs_esa_final_ESA0OPSFIN_20241020000_01D_30S_CLK.CLK.gz.csv
[06:15:20] [INFO] Merging individual file: step_2_0_pairs_esa_final_ESA0OPSFIN_20231920000_01D_30S_CLK.CLK.gz.csv
[06:15:21] [DEBUG] Cleaned up individual file: step_2_0_pairs_esa_final_ESA0OPSFIN_20231920000_01D_30S_CLK.CLK.gz.csv
[06:15:21] [INFO] Merging individual file: step_2_0_pairs_esa_final_ESA0OPSFIN_20230480000_01D_30S_CLK.CLK.gz.csv
[06:15:21] [DEBUG] Cleaned up individual file: step_2_0_pairs_esa_final_ESA0OPSFIN_20230480000_01D_30S_CLK.CLK.gz.csv
[06:15:21] [INFO] Merging individual file: step_2_0_pairs_esa_final_ESA0OPSFIN_20241730000_01D_30S_CLK.CLK.gz.csv
[06:15:21] [DEBUG] Cleaned up individual file: step_2_0_pairs_esa_final_ESA0OPSFIN_20241730000_01D_30S_CLK.CLK.gz.csv
[06:15:21] [INFO] Merging individual file: step_2_0_pairs_esa_final_ESA0OPSFIN_20251210000_01D_30S_CLK.CLK.gz.csv
[06:15:21] [DEBUG] Cleaned up individual file: step_2_0_pairs_esa_final_ESA0OPSFIN_20251210000_01D_30S_CLK.CLK.gz.csv
[06:15:21] [INFO] Merging individual file: step_2_0_pairs_esa_final_ESA0OPSFIN_20231670000_01D_30S_CLK.CLK.gz.csv
[06:15:21] [DEBUG] Cleaned up individual file: step_2_0_pairs_esa_final_ESA0OPSFIN_20231670000_01D_30S_CLK.CLK.gz.csv
[06:15:21] [INFO] Merging individual file: step_2_0_pairs_esa_final_ESA0OPSFIN_20241780000_01D_30S_CLK.CLK.gz.csv
[06:15:21] [DEBUG] Cleaned up individual file: step_2_0_pairs_esa_final_ESA0OPSFIN_20241780000_01D_30S_CLK.CLK.gz.csv
[06:15:21] [INFO] Merging individual file: step_2_0_pairs_esa_final_ESA0OPSFIN_20241190000_01D_30S_CLK.CLK.gz.csv
[06:15:21] [DEBUG] Cleaned up individual file: step_2_0_pairs_esa_final_ESA0OPSFIN_20241190000_01D_30S_CLK.CLK.gz.csv
[06:15:21] [INFO] Merging individual file: step_2_0_pairs_esa_final_ESA0OPSFIN_20231200000_01D_30S_CLK.CLK.gz.csv
[06:15:21] [DEBUG] Cleaned up individual file: step_2_0_pairs_esa_final_ESA0OPSFIN_20231200000_01D_30S_CLK.CLK.gz.csv
[06:15:21] [INFO] Merging individual file: step_2_0_pairs_esa_final_ESA0OPSFIN_20250700000_01D_30S_CLK.CLK.gz.csv
[06:15:21] [DEBUG] Cleaned up individual file: step_2_0_pairs_esa_final_ESA0OPSFIN_20250700000_01D_30S_CLK.CLK.gz.csv
[06:15:21] [INFO] Merging individual file: step_2_0_pairs_esa_final_ESA0OPSFIN_20251280000_01D_30S_CLK.CLK.gz.csv
[06:15:21] [DEBUG] Cleaned up individual file: step_2_0_pairs_esa_final_ESA0OPSFIN_20251280000_01D_30S_CLK.CLK.gz.csv
[06:15:21] [INFO] Merging individual file: step_2_0_pairs_esa_final_ESA0OPSFIN_20243540000_01D_30S_CLK.CLK.gz.csv
[06:15:21] [DEBUG] Cleaned up individual file: step_2_0_pairs_esa_final_ESA0OPSFIN_20243540000_01D_30S_CLK.CLK.gz.csv
[06:15:21] [INFO] Merging individual file: step_2_0_pairs_esa_final_ESA0OPSFIN_20230530000_01D_30S_CLK.CLK.gz.csv
[06:15:21] [DEBUG] Cleaned up individual file: step_2_0_pairs_esa_final_ESA0OPSFIN_20230530000_01D_30S_CLK.CLK.gz.csv
[06:15:21] [INFO] Merging individual file: step_2_0_pairs_esa_final_ESA0OPSFIN_20231310000_01D_30S_CLK.CLK.gz.csv
[06:15:21] [DEBUG] Cleaned up individual file: step_2_0_pairs_esa_final_ESA0OPSFIN_20231310000_01D_30S_CLK.CLK.gz.csv
[06:15:21] [INFO] Merging individual file: step_2_0_pairs_esa_final_ESA0OPSFIN_20233300000_01D_30S_CLK.CLK.gz.csv
[06:15:22] [DEBUG] Cleaned up individual file: step_2_0_pairs_esa_final_ESA0OPSFIN_20233300000_01D_30S_CLK.CLK.gz.csv
[06:15:22] [INFO] Merging individual file: step_2_0_pairs_esa_final_ESA0OPSFIN_20251020000_01D_30S_CLK.CLK.gz.csv
[06:15:22] [DEBUG] Cleaned up individual file: step_2_0_pairs_esa_final_ESA0OPSFIN_20251020000_01D_30S_CLK.CLK.gz.csv
[06:15:22] [INFO] Merging individual file: step_2_0_pairs_esa_final_ESA0OPSFIN_20232760000_01D_30S_CLK.CLK.gz.csv
[06:15:22] [DEBUG] Cleaned up individual file: step_2_0_pairs_esa_final_ESA0OPSFIN_20232760000_01D_30S_CLK.CLK.gz.csv
[06:15:22] [INFO] Merging individual file: step_2_0_pairs_esa_final_ESA0OPSFIN_20241320000_01D_30S_CLK.CLK.gz.csv
[06:15:22] [DEBUG] Cleaned up individual file: step_2_0_pairs_esa_final_ESA0OPSFIN_20241320000_01D_30S_CLK.CLK.gz.csv
[06:15:22] [INFO] Merging individual file: step_2_0_pairs_esa_final_ESA0OPSFIN_20232490000_01D_30S_CLK.CLK.gz.csv
[06:15:22] [DEBUG] Cleaned up individual file: step_2_0_pairs_esa_final_ESA0OPSFIN_20232490000_01D_30S_CLK.CLK.gz.csv
[06:15:22] [INFO] Merging individual file: step_2_0_pairs_esa_final_ESA0OPSFIN_20240630000_01D_30S_CLK.CLK.gz.csv
[06:15:22] [DEBUG] Cleaned up individual file: step_2_0_pairs_esa_final_ESA0OPSFIN_20240630000_01D_30S_CLK.CLK.gz.csv
[06:15:22] [INFO] Merging individual file: step_2_0_pairs_esa_final_ESA0OPSFIN_20250390000_01D_30S_CLK.CLK.gz.csv
[06:15:22] [DEBUG] Cleaned up individual file: step_2_0_pairs_esa_final_ESA0OPSFIN_20250390000_01D_30S_CLK.CLK.gz.csv
[06:15:22] [INFO] Merging individual file: step_2_0_pairs_esa_final_ESA0OPSFIN_20230390000_01D_30S_CLK.CLK.gz.csv
[06:15:22] [DEBUG] Cleaned up individual file: step_2_0_pairs_esa_final_ESA0OPSFIN_20230390000_01D_30S_CLK.CLK.gz.csv
[06:15:22] [INFO] Merging individual file: step_2_0_pairs_esa_final_ESA0OPSFIN_20251200000_01D_30S_CLK.CLK.gz.csv
[06:15:22] [DEBUG] Cleaned up individual file: step_2_0_pairs_esa_final_ESA0OPSFIN_20251200000_01D_30S_CLK.CLK.gz.csv
[06:15:22] [INFO] Merging individual file: step_2_0_pairs_esa_final_ESA0OPSFIN_20233600000_01D_30S_CLK.CLK.gz.csv
[06:15:22] [DEBUG] Cleaned up individual file: step_2_0_pairs_esa_final_ESA0OPSFIN_20233600000_01D_30S_CLK.CLK.gz.csv
[06:15:22] [INFO] Merging individual file: step_2_0_pairs_esa_final_ESA0OPSFIN_20241560000_01D_30S_CLK.CLK.gz.csv
[06:15:22] [DEBUG] Cleaned up individual file: step_2_0_pairs_esa_final_ESA0OPSFIN_20241560000_01D_30S_CLK.CLK.gz.csv
[06:15:22] [INFO] Merging individual file: step_2_0_pairs_esa_final_ESA0OPSFIN_20250760000_01D_30S_CLK.CLK.gz.csv
[06:15:22] [DEBUG] Cleaned up individual file: step_2_0_pairs_esa_final_ESA0OPSFIN_20250760000_01D_30S_CLK.CLK.gz.csv
[06:15:22] [INFO] Merging individual file: step_2_0_pairs_esa_final_ESA0OPSFIN_20232600000_01D_30S_CLK.CLK.gz.csv
[06:15:22] [DEBUG] Cleaned up individual file: step_2_0_pairs_esa_final_ESA0OPSFIN_20232600000_01D_30S_CLK.CLK.gz.csv
[06:15:22] [INFO] Merging individual file: step_2_0_pairs_esa_final_ESA0OPSFIN_20240850000_01D_30S_CLK.CLK.gz.csv
[06:15:23] [DEBUG] Cleaned up individual file: step_2_0_pairs_esa_final_ESA0OPSFIN_20240850000_01D_30S_CLK.CLK.gz.csv
[06:15:23] [INFO] Merging individual file: step_2_0_pairs_esa_final_ESA0OPSFIN_20251410000_01D_30S_CLK.CLK.gz.csv
[06:15:23] [DEBUG] Cleaned up individual file: step_2_0_pairs_esa_final_ESA0OPSFIN_20251410000_01D_30S_CLK.CLK.gz.csv
[06:15:23] [INFO] Merging individual file: step_2_0_pairs_esa_final_ESA0OPSFIN_20241910000_01D_30S_CLK.CLK.gz.csv
[06:15:23] [DEBUG] Cleaned up individual file: step_2_0_pairs_esa_final_ESA0OPSFIN_20241910000_01D_30S_CLK.CLK.gz.csv
[06:15:23] [INFO] Merging individual file: step_2_0_pairs_esa_final_ESA0OPSFIN_20240330000_01D_30S_CLK.CLK.gz.csv
[06:15:23] [DEBUG] Cleaned up individual file: step_2_0_pairs_esa_final_ESA0OPSFIN_20240330000_01D_30S_CLK.CLK.gz.csv
[06:15:23] [INFO] Merging individual file: step_2_0_pairs_esa_final_ESA0OPSFIN_20250330000_01D_30S_CLK.CLK.gz.csv
[06:15:23] [DEBUG] Cleaned up individual file: step_2_0_pairs_esa_final_ESA0OPSFIN_20250330000_01D_30S_CLK.CLK.gz.csv
[06:15:23] [INFO] Merging individual file: step_2_0_pairs_esa_final_ESA0OPSFIN_20240790000_01D_30S_CLK.CLK.gz.csv
[06:15:23] [DEBUG] Cleaned up individual file: step_2_0_pairs_esa_final_ESA0OPSFIN_20240790000_01D_30S_CLK.CLK.gz.csv
[06:15:23] [INFO] Merging individual file: step_2_0_pairs_esa_final_ESA0OPSFIN_20232940000_01D_30S_CLK.CLK.gz.csv
[06:15:23] [DEBUG] Cleaned up individual file: step_2_0_pairs_esa_final_ESA0OPSFIN_20232940000_01D_30S_CLK.CLK.gz.csv
[06:15:23] [INFO] Merging individual file: step_2_0_pairs_esa_final_ESA0OPSFIN_20232520000_01D_30S_CLK.CLK.gz.csv
[06:15:23] [DEBUG] Cleaned up individual file: step_2_0_pairs_esa_final_ESA0OPSFIN_20232520000_01D_30S_CLK.CLK.gz.csv
[06:15:23] [INFO] Merging individual file: step_2_0_pairs_esa_final_ESA0OPSFIN_20231540000_01D_30S_CLK.CLK.gz.csv
[06:15:23] [DEBUG] Cleaned up individual file: step_2_0_pairs_esa_final_ESA0OPSFIN_20231540000_01D_30S_CLK.CLK.gz.csv
[06:15:23] [INFO] Merging individual file: step_2_0_pairs_esa_final_ESA0OPSFIN_20250410000_01D_30S_CLK.CLK.gz.csv
[06:15:23] [DEBUG] Cleaned up individual file: step_2_0_pairs_esa_final_ESA0OPSFIN_20250410000_01D_30S_CLK.CLK.gz.csv
[06:15:23] [INFO] Merging individual file: step_2_0_pairs_esa_final_ESA0OPSFIN_20241420000_01D_30S_CLK.CLK.gz.csv
[06:15:23] [DEBUG] Cleaned up individual file: step_2_0_pairs_esa_final_ESA0OPSFIN_20241420000_01D_30S_CLK.CLK.gz.csv
[06:15:23] [INFO] Merging individual file: step_2_0_pairs_esa_final_ESA0OPSFIN_20250720000_01D_30S_CLK.CLK.gz.csv
[06:15:23] [DEBUG] Cleaned up individual file: step_2_0_pairs_esa_final_ESA0OPSFIN_20250720000_01D_30S_CLK.CLK.gz.csv
[06:15:23] [INFO] Merging individual file: step_2_0_pairs_esa_final_ESA0OPSFIN_20243510000_01D_30S_CLK.CLK.gz.csv
[06:15:23] [DEBUG] Cleaned up individual file: step_2_0_pairs_esa_final_ESA0OPSFIN_20243510000_01D_30S_CLK.CLK.gz.csv
[06:15:23] [INFO] Merging individual file: step_2_0_pairs_esa_final_ESA0OPSFIN_20241400000_01D_30S_CLK.CLK.gz.csv
[06:15:24] [DEBUG] Cleaned up individual file: step_2_0_pairs_esa_final_ESA0OPSFIN_20241400000_01D_30S_CLK.CLK.gz.csv
[06:15:24] [INFO] Merging individual file: step_2_0_pairs_esa_final_ESA0OPSFIN_20250360000_01D_30S_CLK.CLK.gz.csv
[06:15:24] [DEBUG] Cleaned up individual file: step_2_0_pairs_esa_final_ESA0OPSFIN_20250360000_01D_30S_CLK.CLK.gz.csv
[06:15:24] [INFO] Merging individual file: step_2_0_pairs_esa_final_ESA0OPSFIN_20241640000_01D_30S_CLK.CLK.gz.csv
[06:15:24] [DEBUG] Cleaned up individual file: step_2_0_pairs_esa_final_ESA0OPSFIN_20241640000_01D_30S_CLK.CLK.gz.csv
[06:15:24] [INFO] Merging individual file: step_2_0_pairs_esa_final_ESA0OPSFIN_20240120000_01D_30S_CLK.CLK.gz.csv
[06:15:24] [DEBUG] Cleaned up individual file: step_2_0_pairs_esa_final_ESA0OPSFIN_20240120000_01D_30S_CLK.CLK.gz.csv
[06:15:24] [INFO] Merging individual file: step_2_0_pairs_esa_final_ESA0OPSFIN_20230580000_01D_30S_CLK.CLK.gz.csv
[06:15:24] [DEBUG] Cleaned up individual file: step_2_0_pairs_esa_final_ESA0OPSFIN_20230580000_01D_30S_CLK.CLK.gz.csv
[06:15:24] [INFO] Merging individual file: step_2_0_pairs_esa_final_ESA0OPSFIN_20231030000_01D_30S_CLK.CLK.gz.csv
[06:15:24] [DEBUG] Cleaned up individual file: step_2_0_pairs_esa_final_ESA0OPSFIN_20231030000_01D_30S_CLK.CLK.gz.csv
[06:15:24] [INFO] Merging individual file: step_2_0_pairs_esa_final_ESA0OPSFIN_20230650000_01D_30S_CLK.CLK.gz.csv
[06:15:24] [DEBUG] Cleaned up individual file: step_2_0_pairs_esa_final_ESA0OPSFIN_20230650000_01D_30S_CLK.CLK.gz.csv
[06:15:24] [INFO] Merging individual file: step_2_0_pairs_esa_final_ESA0OPSFIN_20231160000_01D_30S_CLK.CLK.gz.csv
[06:15:24] [DEBUG] Cleaned up individual file: step_2_0_pairs_esa_final_ESA0OPSFIN_20231160000_01D_30S_CLK.CLK.gz.csv
[06:15:24] [INFO] Merging individual file: step_2_0_pairs_esa_final_ESA0OPSFIN_20242560000_01D_30S_CLK.CLK.gz.csv
[06:15:24] [DEBUG] Cleaned up individual file: step_2_0_pairs_esa_final_ESA0OPSFIN_20242560000_01D_30S_CLK.CLK.gz.csv
[06:15:24] [INFO] Merging individual file: step_2_0_pairs_esa_final_ESA0OPSFIN_20240030000_01D_30S_CLK.CLK.gz.csv
[06:15:24] [DEBUG] Cleaned up individual file: step_2_0_pairs_esa_final_ESA0OPSFIN_20240030000_01D_30S_CLK.CLK.gz.csv
[06:15:24] [INFO] Merging individual file: step_2_0_pairs_esa_final_ESA0OPSFIN_20240900000_01D_30S_CLK.CLK.gz.csv
[06:15:24] [DEBUG] Cleaned up individual file: step_2_0_pairs_esa_final_ESA0OPSFIN_20240900000_01D_30S_CLK.CLK.gz.csv
[06:15:24] [INFO] Merging individual file: step_2_0_pairs_esa_final_ESA0OPSFIN_20250400000_01D_30S_CLK.CLK.gz.csv
[06:15:24] [DEBUG] Cleaned up individual file: step_2_0_pairs_esa_final_ESA0OPSFIN_20250400000_01D_30S_CLK.CLK.gz.csv
[06:15:24] [INFO] Merging individual file: step_2_0_pairs_esa_final_ESA0OPSFIN_20241220000_01D_30S_CLK.CLK.gz.csv
[06:15:24] [DEBUG] Cleaned up individual file: step_2_0_pairs_esa_final_ESA0OPSFIN_20241220000_01D_30S_CLK.CLK.gz.csv
[06:15:24] [INFO] Merging individual file: step_2_0_pairs_esa_final_ESA0OPSFIN_20230090000_01D_30S_CLK.CLK.gz.csv
[06:15:25] [DEBUG] Cleaned up individual file: step_2_0_pairs_esa_final_ESA0OPSFIN_20230090000_01D_30S_CLK.CLK.gz.csv
[06:15:25] [INFO] Merging individual file: step_2_0_pairs_esa_final_ESA0OPSFIN_20240700000_01D_30S_CLK.CLK.gz.csv
[06:15:25] [DEBUG] Cleaned up individual file: step_2_0_pairs_esa_final_ESA0OPSFIN_20240700000_01D_30S_CLK.CLK.gz.csv
[06:15:25] [INFO] Merging individual file: step_2_0_pairs_esa_final_ESA0OPSFIN_20230100000_01D_30S_CLK.CLK.gz.csv
[06:15:25] [DEBUG] Cleaned up individual file: step_2_0_pairs_esa_final_ESA0OPSFIN_20230100000_01D_30S_CLK.CLK.gz.csv
[06:15:25] [INFO] Merging individual file: step_2_0_pairs_esa_final_ESA0OPSFIN_20233490000_01D_30S_CLK.CLK.gz.csv
[06:15:25] [DEBUG] Cleaned up individual file: step_2_0_pairs_esa_final_ESA0OPSFIN_20233490000_01D_30S_CLK.CLK.gz.csv
[06:15:25] [INFO] Merging individual file: step_2_0_pairs_esa_final_ESA0OPSFIN_20243070000_01D_30S_CLK.CLK.gz.csv
[06:15:25] [DEBUG] Cleaned up individual file: step_2_0_pairs_esa_final_ESA0OPSFIN_20243070000_01D_30S_CLK.CLK.gz.csv
[06:15:25] [INFO] Merging individual file: step_2_0_pairs_esa_final_ESA0OPSFIN_20240050000_01D_30S_CLK.CLK.gz.csv
[06:15:25] [DEBUG] Cleaned up individual file: step_2_0_pairs_esa_final_ESA0OPSFIN_20240050000_01D_30S_CLK.CLK.gz.csv
[06:15:25] [INFO] Merging individual file: step_2_0_pairs_esa_final_ESA0OPSFIN_20251550000_01D_30S_CLK.CLK.gz.csv
[06:15:25] [DEBUG] Cleaned up individual file: step_2_0_pairs_esa_final_ESA0OPSFIN_20251550000_01D_30S_CLK.CLK.gz.csv
[06:15:25] [INFO] Merging individual file: step_2_0_pairs_esa_final_ESA0OPSFIN_20251760000_01D_30S_CLK.CLK.gz.csv
[06:15:25] [DEBUG] Cleaned up individual file: step_2_0_pairs_esa_final_ESA0OPSFIN_20251760000_01D_30S_CLK.CLK.gz.csv
[06:15:25] [INFO] Merging individual file: step_2_0_pairs_esa_final_ESA0OPSFIN_20232350000_01D_30S_CLK.CLK.gz.csv
[06:15:25] [DEBUG] Cleaned up individual file: step_2_0_pairs_esa_final_ESA0OPSFIN_20232350000_01D_30S_CLK.CLK.gz.csv
[06:15:25] [INFO] Merging individual file: step_2_0_pairs_esa_final_ESA0OPSFIN_20241130000_01D_30S_CLK.CLK.gz.csv
[06:15:25] [DEBUG] Cleaned up individual file: step_2_0_pairs_esa_final_ESA0OPSFIN_20241130000_01D_30S_CLK.CLK.gz.csv
[06:15:25] [INFO] Merging individual file: step_2_0_pairs_esa_final_ESA0OPSFIN_20243250000_01D_30S_CLK.CLK.gz.csv
[06:15:25] [DEBUG] Cleaned up individual file: step_2_0_pairs_esa_final_ESA0OPSFIN_20243250000_01D_30S_CLK.CLK.gz.csv
[06:15:25] [INFO] Merging individual file: step_2_0_pairs_esa_final_ESA0OPSFIN_20232960000_01D_30S_CLK.CLK.gz.csv
[06:15:25] [DEBUG] Cleaned up individual file: step_2_0_pairs_esa_final_ESA0OPSFIN_20232960000_01D_30S_CLK.CLK.gz.csv
[06:15:25] [INFO] Merging individual file: step_2_0_pairs_esa_final_ESA0OPSFIN_20233120000_01D_30S_CLK.CLK.gz.csv
[06:15:25] [DEBUG] Cleaned up individual file: step_2_0_pairs_esa_final_ESA0OPSFIN_20233120000_01D_30S_CLK.CLK.gz.csv
[06:15:25] [INFO] Merging individual file: step_2_0_pairs_esa_final_ESA0OPSFIN_20243320000_01D_30S_CLK.CLK.gz.csv
[06:15:25] [DEBUG] Cleaned up individual file: step_2_0_pairs_esa_final_ESA0OPSFIN_20243320000_01D_30S_CLK.CLK.gz.csv
[06:15:25] [INFO] Merging individual file: step_2_0_pairs_esa_final_ESA0OPSFIN_20232050000_01D_30S_CLK.CLK.gz.csv
[06:15:26] [DEBUG] Cleaned up individual file: step_2_0_pairs_esa_final_ESA0OPSFIN_20232050000_01D_30S_CLK.CLK.gz.csv
[06:15:26] [INFO] Merging individual file: step_2_0_pairs_esa_final_ESA0OPSFIN_20232440000_01D_30S_CLK.CLK.gz.csv
[06:15:26] [DEBUG] Cleaned up individual file: step_2_0_pairs_esa_final_ESA0OPSFIN_20232440000_01D_30S_CLK.CLK.gz.csv
[06:15:26] [INFO] Merging individual file: step_2_0_pairs_esa_final_ESA0OPSFIN_20232800000_01D_30S_CLK.CLK.gz.csv
[06:15:26] [DEBUG] Cleaned up individual file: step_2_0_pairs_esa_final_ESA0OPSFIN_20232800000_01D_30S_CLK.CLK.gz.csv
[06:15:26] [INFO] Merging individual file: step_2_0_pairs_esa_final_ESA0OPSFIN_20243350000_01D_30S_CLK.CLK.gz.csv
[06:15:26] [DEBUG] Cleaned up individual file: step_2_0_pairs_esa_final_ESA0OPSFIN_20243350000_01D_30S_CLK.CLK.gz.csv
[06:15:26] [INFO] Merging individual file: step_2_0_pairs_esa_final_ESA0OPSFIN_20251510000_01D_30S_CLK.CLK.gz.csv
[06:15:26] [DEBUG] Cleaned up individual file: step_2_0_pairs_esa_final_ESA0OPSFIN_20251510000_01D_30S_CLK.CLK.gz.csv
[06:15:26] [INFO] Merging individual file: step_2_0_pairs_esa_final_ESA0OPSFIN_20230110000_01D_30S_CLK.CLK.gz.csv
[06:15:26] [DEBUG] Cleaned up individual file: step_2_0_pairs_esa_final_ESA0OPSFIN_20230110000_01D_30S_CLK.CLK.gz.csv
[06:15:26] [INFO] Merging individual file: step_2_0_pairs_esa_final_ESA0OPSFIN_20240460000_01D_30S_CLK.CLK.gz.csv
[06:15:26] [DEBUG] Cleaned up individual file: step_2_0_pairs_esa_final_ESA0OPSFIN_20240460000_01D_30S_CLK.CLK.gz.csv
[06:15:26] [INFO] Merging individual file: step_2_0_pairs_esa_final_ESA0OPSFIN_20232210000_01D_30S_CLK.CLK.gz.csv
[06:15:26] [DEBUG] Cleaned up individual file: step_2_0_pairs_esa_final_ESA0OPSFIN_20232210000_01D_30S_CLK.CLK.gz.csv
[06:15:26] [INFO] Merging individual file: step_2_0_pairs_esa_final_ESA0OPSFIN_20233430000_01D_30S_CLK.CLK.gz.csv
[06:15:26] [DEBUG] Cleaned up individual file: step_2_0_pairs_esa_final_ESA0OPSFIN_20233430000_01D_30S_CLK.CLK.gz.csv
[06:15:26] [INFO] Merging individual file: step_2_0_pairs_esa_final_ESA0OPSFIN_20241040000_01D_30S_CLK.CLK.gz.csv
[06:15:26] [DEBUG] Cleaned up individual file: step_2_0_pairs_esa_final_ESA0OPSFIN_20241040000_01D_30S_CLK.CLK.gz.csv
[06:15:26] [INFO] Merging individual file: step_2_0_pairs_esa_final_ESA0OPSFIN_20251060000_01D_30S_CLK.CLK.gz.csv
[06:15:26] [DEBUG] Cleaned up individual file: step_2_0_pairs_esa_final_ESA0OPSFIN_20251060000_01D_30S_CLK.CLK.gz.csv
[06:15:26] [INFO] Merging individual file: step_2_0_pairs_esa_final_ESA0OPSFIN_20241140000_01D_30S_CLK.CLK.gz.csv
[06:15:26] [DEBUG] Cleaned up individual file: step_2_0_pairs_esa_final_ESA0OPSFIN_20241140000_01D_30S_CLK.CLK.gz.csv
[06:15:26] [INFO] Merging individual file: step_2_0_pairs_esa_final_ESA0OPSFIN_20250690000_01D_30S_CLK.CLK.gz.csv
[06:15:26] [DEBUG] Cleaned up individual file: step_2_0_pairs_esa_final_ESA0OPSFIN_20250690000_01D_30S_CLK.CLK.gz.csv
[06:15:26] [INFO] Merging individual file: step_2_0_pairs_esa_final_ESA0OPSFIN_20240890000_01D_30S_CLK.CLK.gz.csv
[06:15:27] [DEBUG] Cleaned up individual file: step_2_0_pairs_esa_final_ESA0OPSFIN_20240890000_01D_30S_CLK.CLK.gz.csv
[06:15:27] [INFO] Merging individual file: step_2_0_pairs_esa_final_ESA0OPSFIN_20232040000_01D_30S_CLK.CLK.gz.csv
[06:15:27] [DEBUG] Cleaned up individual file: step_2_0_pairs_esa_final_ESA0OPSFIN_20232040000_01D_30S_CLK.CLK.gz.csv
[06:15:27] [INFO] Merging individual file: step_2_0_pairs_esa_final_ESA0OPSFIN_20251270000_01D_30S_CLK.CLK.gz.csv
[06:15:27] [DEBUG] Cleaned up individual file: step_2_0_pairs_esa_final_ESA0OPSFIN_20251270000_01D_30S_CLK.CLK.gz.csv
[06:15:27] [INFO] Merging individual file: step_2_0_pairs_esa_final_ESA0OPSFIN_20230270000_01D_30S_CLK.CLK.gz.csv
[06:15:27] [DEBUG] Cleaned up individual file: step_2_0_pairs_esa_final_ESA0OPSFIN_20230270000_01D_30S_CLK.CLK.gz.csv
[06:15:27] [INFO] Merging individual file: step_2_0_pairs_esa_final_ESA0OPSFIN_20232710000_01D_30S_CLK.CLK.gz.csv
[06:15:27] [DEBUG] Cleaned up individual file: step_2_0_pairs_esa_final_ESA0OPSFIN_20232710000_01D_30S_CLK.CLK.gz.csv
[06:15:27] [INFO] Merging individual file: step_2_0_pairs_esa_final_ESA0OPSFIN_20230920000_01D_30S_CLK.CLK.gz.csv
[06:15:27] [DEBUG] Cleaned up individual file: step_2_0_pairs_esa_final_ESA0OPSFIN_20230920000_01D_30S_CLK.CLK.gz.csv
[06:15:27] [INFO] Merging individual file: step_2_0_pairs_esa_final_ESA0OPSFIN_20242610000_01D_30S_CLK.CLK.gz.csv
[06:15:27] [DEBUG] Cleaned up individual file: step_2_0_pairs_esa_final_ESA0OPSFIN_20242610000_01D_30S_CLK.CLK.gz.csv
[06:15:27] [INFO] Merging individual file: step_2_0_pairs_esa_final_ESA0OPSFIN_20232230000_01D_30S_CLK.CLK.gz.csv
[06:15:27] [DEBUG] Cleaned up individual file: step_2_0_pairs_esa_final_ESA0OPSFIN_20232230000_01D_30S_CLK.CLK.gz.csv
[06:15:27] [INFO] Merging individual file: step_2_0_pairs_esa_final_ESA0OPSFIN_20250280000_01D_30S_CLK.CLK.gz.csv
[06:15:27] [DEBUG] Cleaned up individual file: step_2_0_pairs_esa_final_ESA0OPSFIN_20250280000_01D_30S_CLK.CLK.gz.csv
[06:15:27] [INFO] Merging individual file: step_2_0_pairs_esa_final_ESA0OPSFIN_20243340000_01D_30S_CLK.CLK.gz.csv
[06:15:27] [DEBUG] Cleaned up individual file: step_2_0_pairs_esa_final_ESA0OPSFIN_20243340000_01D_30S_CLK.CLK.gz.csv
[06:15:27] [INFO] Merging individual file: step_2_0_pairs_esa_final_ESA0OPSFIN_20241650000_01D_30S_CLK.CLK.gz.csv
[06:15:27] [DEBUG] Cleaned up individual file: step_2_0_pairs_esa_final_ESA0OPSFIN_20241650000_01D_30S_CLK.CLK.gz.csv
[06:15:27] [INFO] Merging individual file: step_2_0_pairs_esa_final_ESA0OPSFIN_20243420000_01D_30S_CLK.CLK.gz.csv
[06:15:27] [DEBUG] Cleaned up individual file: step_2_0_pairs_esa_final_ESA0OPSFIN_20243420000_01D_30S_CLK.CLK.gz.csv
[06:15:27] [INFO] Merging individual file: step_2_0_pairs_esa_final_ESA0OPSFIN_20230770000_01D_30S_CLK.CLK.gz.csv
[06:15:27] [DEBUG] Cleaned up individual file: step_2_0_pairs_esa_final_ESA0OPSFIN_20230770000_01D_30S_CLK.CLK.gz.csv
[06:15:27] [INFO] Merging individual file: step_2_0_pairs_esa_final_ESA0OPSFIN_20250980000_01D_30S_CLK.CLK.gz.csv
[06:15:28] [DEBUG] Cleaned up individual file: step_2_0_pairs_esa_final_ESA0OPSFIN_20250980000_01D_30S_CLK.CLK.gz.csv
[06:15:28] [INFO] Merging individual file: step_2_0_pairs_esa_final_ESA0OPSFIN_20231930000_01D_30S_CLK.CLK.gz.csv
[06:15:28] [DEBUG] Cleaned up individual file: step_2_0_pairs_esa_final_ESA0OPSFIN_20231930000_01D_30S_CLK.CLK.gz.csv
[06:15:28] [INFO] Merging individual file: step_2_0_pairs_esa_final_ESA0OPSFIN_20240670000_01D_30S_CLK.CLK.gz.csv
[06:15:28] [DEBUG] Cleaned up individual file: step_2_0_pairs_esa_final_ESA0OPSFIN_20240670000_01D_30S_CLK.CLK.gz.csv
[06:15:28] [INFO] Merging individual file: step_2_0_pairs_esa_final_ESA0OPSFIN_20242780000_01D_30S_CLK.CLK.gz.csv
[06:15:28] [DEBUG] Cleaned up individual file: step_2_0_pairs_esa_final_ESA0OPSFIN_20242780000_01D_30S_CLK.CLK.gz.csv
[06:15:28] [INFO] Merging individual file: step_2_0_pairs_esa_final_ESA0OPSFIN_20231530000_01D_30S_CLK.CLK.gz.csv
[06:15:28] [DEBUG] Cleaned up individual file: step_2_0_pairs_esa_final_ESA0OPSFIN_20231530000_01D_30S_CLK.CLK.gz.csv
[06:15:28] [INFO] Merging individual file: step_2_0_pairs_esa_final_ESA0OPSFIN_20251520000_01D_30S_CLK.CLK.gz.csv
[06:15:28] [DEBUG] Cleaned up individual file: step_2_0_pairs_esa_final_ESA0OPSFIN_20251520000_01D_30S_CLK.CLK.gz.csv
[06:15:28] [INFO] Merging individual file: step_2_0_pairs_esa_final_ESA0OPSFIN_20230970000_01D_30S_CLK.CLK.gz.csv
[06:15:28] [DEBUG] Cleaned up individual file: step_2_0_pairs_esa_final_ESA0OPSFIN_20230970000_01D_30S_CLK.CLK.gz.csv
[06:15:28] [INFO] Merging individual file: step_2_0_pairs_esa_final_ESA0OPSFIN_20233260000_01D_30S_CLK.CLK.gz.csv
[06:15:28] [DEBUG] Cleaned up individual file: step_2_0_pairs_esa_final_ESA0OPSFIN_20233260000_01D_30S_CLK.CLK.gz.csv
[06:15:28] [INFO] Merging individual file: step_2_0_pairs_esa_final_ESA0OPSFIN_20243090000_01D_30S_CLK.CLK.gz.csv
[06:15:28] [DEBUG] Cleaned up individual file: step_2_0_pairs_esa_final_ESA0OPSFIN_20243090000_01D_30S_CLK.CLK.gz.csv
[06:15:28] [INFO] Merging individual file: step_2_0_pairs_esa_final_ESA0OPSFIN_20230400000_01D_30S_CLK.CLK.gz.csv
[06:15:28] [DEBUG] Cleaned up individual file: step_2_0_pairs_esa_final_ESA0OPSFIN_20230400000_01D_30S_CLK.CLK.gz.csv
[06:15:28] [INFO] Merging individual file: step_2_0_pairs_esa_final_ESA0OPSFIN_20241290000_01D_30S_CLK.CLK.gz.csv
[06:15:28] [DEBUG] Cleaned up individual file: step_2_0_pairs_esa_final_ESA0OPSFIN_20241290000_01D_30S_CLK.CLK.gz.csv
[06:15:28] [INFO] Merging individual file: step_2_0_pairs_esa_final_ESA0OPSFIN_20230340000_01D_30S_CLK.CLK.gz.csv
[06:15:28] [DEBUG] Cleaned up individual file: step_2_0_pairs_esa_final_ESA0OPSFIN_20230340000_01D_30S_CLK.CLK.gz.csv
[06:15:28] [INFO] Merging individual file: step_2_0_pairs_esa_final_ESA0OPSFIN_20231440000_01D_30S_CLK.CLK.gz.csv
[06:15:28] [DEBUG] Cleaned up individual file: step_2_0_pairs_esa_final_ESA0OPSFIN_20231440000_01D_30S_CLK.CLK.gz.csv
[06:15:28] [INFO] Merging individual file: step_2_0_pairs_esa_final_ESA0OPSFIN_20250880000_01D_30S_CLK.CLK.gz.csv
[06:15:29] [DEBUG] Cleaned up individual file: step_2_0_pairs_esa_final_ESA0OPSFIN_20250880000_01D_30S_CLK.CLK.gz.csv
[06:15:29] [INFO] Merging individual file: step_2_0_pairs_esa_final_ESA0OPSFIN_20242580000_01D_30S_CLK.CLK.gz.csv
[06:15:29] [DEBUG] Cleaned up individual file: step_2_0_pairs_esa_final_ESA0OPSFIN_20242580000_01D_30S_CLK.CLK.gz.csv
[06:15:29] [INFO] Merging individual file: step_2_0_pairs_esa_final_ESA0OPSFIN_20243480000_01D_30S_CLK.CLK.gz.csv
[06:15:29] [DEBUG] Cleaned up individual file: step_2_0_pairs_esa_final_ESA0OPSFIN_20243480000_01D_30S_CLK.CLK.gz.csv
[06:15:29] [INFO] Merging individual file: step_2_0_pairs_esa_final_ESA0OPSFIN_20240800000_01D_30S_CLK.CLK.gz.csv
[06:15:29] [DEBUG] Cleaned up individual file: step_2_0_pairs_esa_final_ESA0OPSFIN_20240800000_01D_30S_CLK.CLK.gz.csv
[06:15:29] [INFO] Merging individual file: step_2_0_pairs_esa_final_ESA0OPSFIN_20231460000_01D_30S_CLK.CLK.gz.csv
[06:15:29] [DEBUG] Cleaned up individual file: step_2_0_pairs_esa_final_ESA0OPSFIN_20231460000_01D_30S_CLK.CLK.gz.csv
[06:15:29] [INFO] Merging individual file: step_2_0_pairs_esa_final_ESA0OPSFIN_20251240000_01D_30S_CLK.CLK.gz.csv
[06:15:29] [DEBUG] Cleaned up individual file: step_2_0_pairs_esa_final_ESA0OPSFIN_20251240000_01D_30S_CLK.CLK.gz.csv
[06:15:29] [INFO] Merging individual file: step_2_0_pairs_esa_final_ESA0OPSFIN_20250190000_01D_30S_CLK.CLK.gz.csv
[06:15:29] [DEBUG] Cleaned up individual file: step_2_0_pairs_esa_final_ESA0OPSFIN_20250190000_01D_30S_CLK.CLK.gz.csv
[06:15:29] [INFO] Merging individual file: step_2_0_pairs_esa_final_ESA0OPSFIN_20250150000_01D_30S_CLK.CLK.gz.csv
[06:15:29] [DEBUG] Cleaned up individual file: step_2_0_pairs_esa_final_ESA0OPSFIN_20250150000_01D_30S_CLK.CLK.gz.csv
[06:15:29] [INFO] Merging individual file: step_2_0_pairs_esa_final_ESA0OPSFIN_20241860000_01D_30S_CLK.CLK.gz.csv
[06:15:29] [DEBUG] Cleaned up individual file: step_2_0_pairs_esa_final_ESA0OPSFIN_20241860000_01D_30S_CLK.CLK.gz.csv
[06:15:29] [INFO] Merging individual file: step_2_0_pairs_esa_final_ESA0OPSFIN_20240370000_01D_30S_CLK.CLK.gz.csv
[06:15:29] [DEBUG] Cleaned up individual file: step_2_0_pairs_esa_final_ESA0OPSFIN_20240370000_01D_30S_CLK.CLK.gz.csv
[06:15:29] [INFO] Merging individual file: step_2_0_pairs_esa_final_ESA0OPSFIN_20232470000_01D_30S_CLK.CLK.gz.csv
[06:15:29] [DEBUG] Cleaned up individual file: step_2_0_pairs_esa_final_ESA0OPSFIN_20232470000_01D_30S_CLK.CLK.gz.csv
[06:15:29] [INFO] Merging individual file: step_2_0_pairs_esa_final_ESA0OPSFIN_20250420000_01D_30S_CLK.CLK.gz.csv
[06:15:29] [DEBUG] Cleaned up individual file: step_2_0_pairs_esa_final_ESA0OPSFIN_20250420000_01D_30S_CLK.CLK.gz.csv
[06:15:29] [INFO] Merging individual file: step_2_0_pairs_esa_final_ESA0OPSFIN_20232650000_01D_30S_CLK.CLK.gz.csv
[06:15:29] [DEBUG] Cleaned up individual file: step_2_0_pairs_esa_final_ESA0OPSFIN_20232650000_01D_30S_CLK.CLK.gz.csv
[06:15:29] [INFO] Merging individual file: step_2_0_pairs_esa_final_ESA0OPSFIN_20250580000_01D_30S_CLK.CLK.gz.csv
[06:15:29] [DEBUG] Cleaned up individual file: step_2_0_pairs_esa_final_ESA0OPSFIN_20250580000_01D_30S_CLK.CLK.gz.csv
[06:15:29] [INFO] Merging individual file: step_2_0_pairs_esa_final_ESA0OPSFIN_20241810000_01D_30S_CLK.CLK.gz.csv
[06:15:30] [DEBUG] Cleaned up individual file: step_2_0_pairs_esa_final_ESA0OPSFIN_20241810000_01D_30S_CLK.CLK.gz.csv
[06:15:30] [INFO] Merging individual file: step_2_0_pairs_esa_final_ESA0OPSFIN_20233340000_01D_30S_CLK.CLK.gz.csv
[06:15:30] [DEBUG] Cleaned up individual file: step_2_0_pairs_esa_final_ESA0OPSFIN_20233340000_01D_30S_CLK.CLK.gz.csv
[06:15:30] [INFO] Merging individual file: step_2_0_pairs_esa_final_ESA0OPSFIN_20242520000_01D_30S_CLK.CLK.gz.csv
[06:15:30] [DEBUG] Cleaned up individual file: step_2_0_pairs_esa_final_ESA0OPSFIN_20242520000_01D_30S_CLK.CLK.gz.csv
[06:15:30] [INFO] Merging individual file: step_2_0_pairs_esa_final_ESA0OPSFIN_20240760000_01D_30S_CLK.CLK.gz.csv
[06:15:30] [DEBUG] Cleaned up individual file: step_2_0_pairs_esa_final_ESA0OPSFIN_20240760000_01D_30S_CLK.CLK.gz.csv
[06:15:30] [INFO] Merging individual file: step_2_0_pairs_esa_final_ESA0OPSFIN_20233630000_01D_30S_CLK.CLK.gz.csv
[06:15:30] [DEBUG] Cleaned up individual file: step_2_0_pairs_esa_final_ESA0OPSFIN_20233630000_01D_30S_CLK.CLK.gz.csv
[06:15:30] [INFO] Merging individual file: step_2_0_pairs_esa_final_ESA0OPSFIN_20243650000_01D_30S_CLK.CLK.gz.csv
[06:15:30] [DEBUG] Cleaned up individual file: step_2_0_pairs_esa_final_ESA0OPSFIN_20243650000_01D_30S_CLK.CLK.gz.csv
[06:15:30] [INFO] Merging individual file: step_2_0_pairs_esa_final_ESA0OPSFIN_20231510000_01D_30S_CLK.CLK.gz.csv
[06:15:30] [DEBUG] Cleaned up individual file: step_2_0_pairs_esa_final_ESA0OPSFIN_20231510000_01D_30S_CLK.CLK.gz.csv
[06:15:30] [INFO] Merging individual file: step_2_0_pairs_esa_final_ESA0OPSFIN_20242320000_01D_30S_CLK.CLK.gz.csv
[06:15:30] [DEBUG] Cleaned up individual file: step_2_0_pairs_esa_final_ESA0OPSFIN_20242320000_01D_30S_CLK.CLK.gz.csv
[06:15:30] [INFO] Merging individual file: step_2_0_pairs_esa_final_ESA0OPSFIN_20242600000_01D_30S_CLK.CLK.gz.csv
[06:15:30] [DEBUG] Cleaned up individual file: step_2_0_pairs_esa_final_ESA0OPSFIN_20242600000_01D_30S_CLK.CLK.gz.csv
[06:15:30] [INFO] Merging individual file: step_2_0_pairs_esa_final_ESA0OPSFIN_20250990000_01D_30S_CLK.CLK.gz.csv
[06:15:30] [DEBUG] Cleaned up individual file: step_2_0_pairs_esa_final_ESA0OPSFIN_20250990000_01D_30S_CLK.CLK.gz.csv
[06:15:30] [INFO] Merging individual file: step_2_0_pairs_esa_final_ESA0OPSFIN_20232500000_01D_30S_CLK.CLK.gz.csv
[06:15:30] [DEBUG] Cleaned up individual file: step_2_0_pairs_esa_final_ESA0OPSFIN_20232500000_01D_30S_CLK.CLK.gz.csv
[06:15:30] [INFO] Merging individual file: step_2_0_pairs_esa_final_ESA0OPSFIN_20230070000_01D_30S_CLK.CLK.gz.csv
[06:15:30] [DEBUG] Cleaned up individual file: step_2_0_pairs_esa_final_ESA0OPSFIN_20230070000_01D_30S_CLK.CLK.gz.csv
[06:15:30] [INFO] Merging individual file: step_2_0_pairs_esa_final_ESA0OPSFIN_20233060000_01D_30S_CLK.CLK.gz.csv
[06:15:30] [DEBUG] Cleaned up individual file: step_2_0_pairs_esa_final_ESA0OPSFIN_20233060000_01D_30S_CLK.CLK.gz.csv
[06:15:30] [INFO] Merging individual file: step_2_0_pairs_esa_final_ESA0OPSFIN_20233360000_01D_30S_CLK.CLK.gz.csv
[06:15:30] [DEBUG] Cleaned up individual file: step_2_0_pairs_esa_final_ESA0OPSFIN_20233360000_01D_30S_CLK.CLK.gz.csv
[06:15:30] [INFO] Merging individual file: step_2_0_pairs_esa_final_ESA0OPSFIN_20240130000_01D_30S_CLK.CLK.gz.csv
[06:15:31] [DEBUG] Cleaned up individual file: step_2_0_pairs_esa_final_ESA0OPSFIN_20240130000_01D_30S_CLK.CLK.gz.csv
[06:15:31] [INFO] Merging individual file: step_2_0_pairs_esa_final_ESA0OPSFIN_20232840000_01D_30S_CLK.CLK.gz.csv
[06:15:31] [DEBUG] Cleaned up individual file: step_2_0_pairs_esa_final_ESA0OPSFIN_20232840000_01D_30S_CLK.CLK.gz.csv
[06:15:31] [INFO] Merging individual file: step_2_0_pairs_esa_final_ESA0OPSFIN_20251660000_01D_30S_CLK.CLK.gz.csv
[06:15:31] [DEBUG] Cleaned up individual file: step_2_0_pairs_esa_final_ESA0OPSFIN_20251660000_01D_30S_CLK.CLK.gz.csv
[06:15:31] [INFO] Merging individual file: step_2_0_pairs_esa_final_ESA0OPSFIN_20240590000_01D_30S_CLK.CLK.gz.csv
[06:15:31] [DEBUG] Cleaned up individual file: step_2_0_pairs_esa_final_ESA0OPSFIN_20240590000_01D_30S_CLK.CLK.gz.csv
[06:15:31] [INFO] Merging individual file: step_2_0_pairs_esa_final_ESA0OPSFIN_20242090000_01D_30S_CLK.CLK.gz.csv
[06:15:31] [DEBUG] Cleaned up individual file: step_2_0_pairs_esa_final_ESA0OPSFIN_20242090000_01D_30S_CLK.CLK.gz.csv
[06:15:31] [INFO] Merging individual file: step_2_0_pairs_esa_final_ESA0OPSFIN_20230800000_01D_30S_CLK.CLK.gz.csv
[06:15:31] [DEBUG] Cleaned up individual file: step_2_0_pairs_esa_final_ESA0OPSFIN_20230800000_01D_30S_CLK.CLK.gz.csv
[06:15:31] [INFO] Merging individual file: step_2_0_pairs_esa_final_ESA0OPSFIN_20240840000_01D_30S_CLK.CLK.gz.csv
[06:15:31] [DEBUG] Cleaned up individual file: step_2_0_pairs_esa_final_ESA0OPSFIN_20240840000_01D_30S_CLK.CLK.gz.csv
[06:15:31] [INFO] Merging individual file: step_2_0_pairs_esa_final_ESA0OPSFIN_20231850000_01D_30S_CLK.CLK.gz.csv
[06:15:31] [DEBUG] Cleaned up individual file: step_2_0_pairs_esa_final_ESA0OPSFIN_20231850000_01D_30S_CLK.CLK.gz.csv
[06:15:31] [INFO] Merging individual file: step_2_0_pairs_esa_final_ESA0OPSFIN_20251150000_01D_30S_CLK.CLK.gz.csv
[06:15:31] [DEBUG] Cleaned up individual file: step_2_0_pairs_esa_final_ESA0OPSFIN_20251150000_01D_30S_CLK.CLK.gz.csv
[06:15:31] [INFO] Merging individual file: step_2_0_pairs_esa_final_ESA0OPSFIN_20242490000_01D_30S_CLK.CLK.gz.csv
[06:15:31] [DEBUG] Cleaned up individual file: step_2_0_pairs_esa_final_ESA0OPSFIN_20242490000_01D_30S_CLK.CLK.gz.csv
[06:15:31] [INFO] Merging individual file: step_2_0_pairs_esa_final_ESA0OPSFIN_20231940000_01D_30S_CLK.CLK.gz.csv
[06:15:31] [DEBUG] Cleaned up individual file: step_2_0_pairs_esa_final_ESA0OPSFIN_20231940000_01D_30S_CLK.CLK.gz.csv
[06:15:31] [INFO] Merging individual file: step_2_0_pairs_esa_final_ESA0OPSFIN_20250950000_01D_30S_CLK.CLK.gz.csv
[06:15:31] [DEBUG] Cleaned up individual file: step_2_0_pairs_esa_final_ESA0OPSFIN_20250950000_01D_30S_CLK.CLK.gz.csv
[06:15:31] [INFO] Merging individual file: step_2_0_pairs_esa_final_ESA0OPSFIN_20240690000_01D_30S_CLK.CLK.gz.csv
[06:15:31] [DEBUG] Cleaned up individual file: step_2_0_pairs_esa_final_ESA0OPSFIN_20240690000_01D_30S_CLK.CLK.gz.csv
[06:15:31] [INFO] Merging individual file: step_2_0_pairs_esa_final_ESA0OPSFIN_20232590000_01D_30S_CLK.CLK.gz.csv
[06:15:32] [DEBUG] Cleaned up individual file: step_2_0_pairs_esa_final_ESA0OPSFIN_20232590000_01D_30S_CLK.CLK.gz.csv
[06:15:32] [INFO] Merging individual file: step_2_0_pairs_esa_final_ESA0OPSFIN_20242190000_01D_30S_CLK.CLK.gz.csv
[06:15:32] [DEBUG] Cleaned up individual file: step_2_0_pairs_esa_final_ESA0OPSFIN_20242190000_01D_30S_CLK.CLK.gz.csv
[06:15:32] [INFO] Merging individual file: step_2_0_pairs_esa_final_ESA0OPSFIN_20242020000_01D_30S_CLK.CLK.gz.csv
[06:15:32] [DEBUG] Cleaned up individual file: step_2_0_pairs_esa_final_ESA0OPSFIN_20242020000_01D_30S_CLK.CLK.gz.csv
[06:15:32] [INFO] Merging individual file: step_2_0_pairs_esa_final_ESA0OPSFIN_20240640000_01D_30S_CLK.CLK.gz.csv
[06:15:32] [DEBUG] Cleaned up individual file: step_2_0_pairs_esa_final_ESA0OPSFIN_20240640000_01D_30S_CLK.CLK.gz.csv
[06:15:32] [INFO] Merging individual file: step_2_0_pairs_esa_final_ESA0OPSFIN_20250250000_01D_30S_CLK.CLK.gz.csv
[06:15:32] [DEBUG] Cleaned up individual file: step_2_0_pairs_esa_final_ESA0OPSFIN_20250250000_01D_30S_CLK.CLK.gz.csv
[06:15:32] [INFO] Merging individual file: step_2_0_pairs_esa_final_ESA0OPSFIN_20233110000_01D_30S_CLK.CLK.gz.csv
[06:15:32] [DEBUG] Cleaned up individual file: step_2_0_pairs_esa_final_ESA0OPSFIN_20233110000_01D_30S_CLK.CLK.gz.csv
[06:15:32] [INFO] Merging individual file: step_2_0_pairs_esa_final_ESA0OPSFIN_20240290000_01D_30S_CLK.CLK.gz.csv
[06:15:32] [DEBUG] Cleaned up individual file: step_2_0_pairs_esa_final_ESA0OPSFIN_20240290000_01D_30S_CLK.CLK.gz.csv
[06:15:32] [INFO] Merging individual file: step_2_0_pairs_esa_final_ESA0OPSFIN_20243370000_01D_30S_CLK.CLK.gz.csv
[06:15:32] [DEBUG] Cleaned up individual file: step_2_0_pairs_esa_final_ESA0OPSFIN_20243370000_01D_30S_CLK.CLK.gz.csv
[06:15:32] [INFO] Merging individual file: step_2_0_pairs_esa_final_ESA0OPSFIN_20241050000_01D_30S_CLK.CLK.gz.csv
[06:15:32] [DEBUG] Cleaned up individual file: step_2_0_pairs_esa_final_ESA0OPSFIN_20241050000_01D_30S_CLK.CLK.gz.csv
[06:15:32] [INFO] Merging individual file: step_2_0_pairs_esa_final_ESA0OPSFIN_20230050000_01D_30S_CLK.CLK.gz.csv
[06:15:32] [DEBUG] Cleaned up individual file: step_2_0_pairs_esa_final_ESA0OPSFIN_20230050000_01D_30S_CLK.CLK.gz.csv
[06:15:32] [INFO] Merging individual file: step_2_0_pairs_esa_final_ESA0OPSFIN_20232280000_01D_30S_CLK.CLK.gz.csv
[06:15:32] [DEBUG] Cleaned up individual file: step_2_0_pairs_esa_final_ESA0OPSFIN_20232280000_01D_30S_CLK.CLK.gz.csv
[06:15:32] [INFO] Merging individual file: step_2_0_pairs_esa_final_ESA0OPSFIN_20233170000_01D_30S_CLK.CLK.gz.csv
[06:15:32] [DEBUG] Cleaned up individual file: step_2_0_pairs_esa_final_ESA0OPSFIN_20233170000_01D_30S_CLK.CLK.gz.csv
[06:15:32] [INFO] Merging individual file: step_2_0_pairs_esa_final_ESA0OPSFIN_20241350000_01D_30S_CLK.CLK.gz.csv
[06:15:32] [DEBUG] Cleaned up individual file: step_2_0_pairs_esa_final_ESA0OPSFIN_20241350000_01D_30S_CLK.CLK.gz.csv
[06:15:32] [INFO] Merging individual file: step_2_0_pairs_esa_final_ESA0OPSFIN_20251570000_01D_30S_CLK.CLK.gz.csv
[06:15:32] [DEBUG] Cleaned up individual file: step_2_0_pairs_esa_final_ESA0OPSFIN_20251570000_01D_30S_CLK.CLK.gz.csv
[06:15:32] [INFO] Merging individual file: step_2_0_pairs_esa_final_ESA0OPSFIN_20240680000_01D_30S_CLK.CLK.gz.csv
[06:15:33] [DEBUG] Cleaned up individual file: step_2_0_pairs_esa_final_ESA0OPSFIN_20240680000_01D_30S_CLK.CLK.gz.csv
[06:15:33] [INFO] Merging individual file: step_2_0_pairs_esa_final_ESA0OPSFIN_20241670000_01D_30S_CLK.CLK.gz.csv
[06:15:33] [DEBUG] Cleaned up individual file: step_2_0_pairs_esa_final_ESA0OPSFIN_20241670000_01D_30S_CLK.CLK.gz.csv
[06:15:33] [INFO] Merging individual file: step_2_0_pairs_esa_final_ESA0OPSFIN_20233090000_01D_30S_CLK.CLK.gz.csv
[06:15:33] [DEBUG] Cleaned up individual file: step_2_0_pairs_esa_final_ESA0OPSFIN_20233090000_01D_30S_CLK.CLK.gz.csv
[06:15:33] [INFO] Merging individual file: step_2_0_pairs_esa_final_ESA0OPSFIN_20231100000_01D_30S_CLK.CLK.gz.csv
[06:15:33] [DEBUG] Cleaned up individual file: step_2_0_pairs_esa_final_ESA0OPSFIN_20231100000_01D_30S_CLK.CLK.gz.csv
[06:15:33] [INFO] Merging individual file: step_2_0_pairs_esa_final_ESA0OPSFIN_20240730000_01D_30S_CLK.CLK.gz.csv
[06:15:33] [DEBUG] Cleaned up individual file: step_2_0_pairs_esa_final_ESA0OPSFIN_20240730000_01D_30S_CLK.CLK.gz.csv
[06:15:33] [INFO] Merging individual file: step_2_0_pairs_esa_final_ESA0OPSFIN_20240240000_01D_30S_CLK.CLK.gz.csv
[06:15:33] [DEBUG] Cleaned up individual file: step_2_0_pairs_esa_final_ESA0OPSFIN_20240240000_01D_30S_CLK.CLK.gz.csv
[06:15:33] [INFO] Merging individual file: step_2_0_pairs_esa_final_ESA0OPSFIN_20230670000_01D_30S_CLK.CLK.gz.csv
[06:15:33] [DEBUG] Cleaned up individual file: step_2_0_pairs_esa_final_ESA0OPSFIN_20230670000_01D_30S_CLK.CLK.gz.csv
[06:15:33] [INFO] Merging individual file: step_2_0_pairs_esa_final_ESA0OPSFIN_20243380000_01D_30S_CLK.CLK.gz.csv
[06:15:33] [DEBUG] Cleaned up individual file: step_2_0_pairs_esa_final_ESA0OPSFIN_20243380000_01D_30S_CLK.CLK.gz.csv
[06:15:33] [INFO] Merging individual file: step_2_0_pairs_esa_final_ESA0OPSFIN_20240500000_01D_30S_CLK.CLK.gz.csv
[06:15:33] [DEBUG] Cleaned up individual file: step_2_0_pairs_esa_final_ESA0OPSFIN_20240500000_01D_30S_CLK.CLK.gz.csv
[06:15:33] [INFO] Merging individual file: step_2_0_pairs_esa_final_ESA0OPSFIN_20243240000_01D_30S_CLK.CLK.gz.csv
[06:15:33] [DEBUG] Cleaned up individual file: step_2_0_pairs_esa_final_ESA0OPSFIN_20243240000_01D_30S_CLK.CLK.gz.csv
[06:15:33] [INFO] Merging individual file: step_2_0_pairs_esa_final_ESA0OPSFIN_20242950000_01D_30S_CLK.CLK.gz.csv
[06:15:33] [DEBUG] Cleaned up individual file: step_2_0_pairs_esa_final_ESA0OPSFIN_20242950000_01D_30S_CLK.CLK.gz.csv
[06:15:33] [INFO] Merging individual file: step_2_0_pairs_esa_final_ESA0OPSFIN_20241260000_01D_30S_CLK.CLK.gz.csv
[06:15:33] [DEBUG] Cleaned up individual file: step_2_0_pairs_esa_final_ESA0OPSFIN_20241260000_01D_30S_CLK.CLK.gz.csv
[06:15:33] [INFO] Merging individual file: step_2_0_pairs_esa_final_ESA0OPSFIN_20231620000_01D_30S_CLK.CLK.gz.csv
[06:15:33] [DEBUG] Cleaned up individual file: step_2_0_pairs_esa_final_ESA0OPSFIN_20231620000_01D_30S_CLK.CLK.gz.csv
[06:15:33] [INFO] Merging individual file: step_2_0_pairs_esa_final_ESA0OPSFIN_20231800000_01D_30S_CLK.CLK.gz.csv
[06:15:33] [DEBUG] Cleaned up individual file: step_2_0_pairs_esa_final_ESA0OPSFIN_20231800000_01D_30S_CLK.CLK.gz.csv
[06:15:33] [INFO] Merging individual file: step_2_0_pairs_esa_final_ESA0OPSFIN_20232320000_01D_30S_CLK.CLK.gz.csv
[06:15:34] [DEBUG] Cleaned up individual file: step_2_0_pairs_esa_final_ESA0OPSFIN_20232320000_01D_30S_CLK.CLK.gz.csv
[06:15:34] [INFO] Merging individual file: step_2_0_pairs_esa_final_ESA0OPSFIN_20231070000_01D_30S_CLK.CLK.gz.csv
[06:15:34] [DEBUG] Cleaned up individual file: step_2_0_pairs_esa_final_ESA0OPSFIN_20231070000_01D_30S_CLK.CLK.gz.csv
[06:15:34] [INFO] Merging individual file: step_2_0_pairs_esa_final_ESA0OPSFIN_20241870000_01D_30S_CLK.CLK.gz.csv
[06:15:34] [DEBUG] Cleaned up individual file: step_2_0_pairs_esa_final_ESA0OPSFIN_20241870000_01D_30S_CLK.CLK.gz.csv
[06:15:34] [INFO] Merging individual file: step_2_0_pairs_esa_final_ESA0OPSFIN_20241700000_01D_30S_CLK.CLK.gz.csv
[06:15:34] [DEBUG] Cleaned up individual file: step_2_0_pairs_esa_final_ESA0OPSFIN_20241700000_01D_30S_CLK.CLK.gz.csv
[06:15:34] [INFO] Merging individual file: step_2_0_pairs_esa_final_ESA0OPSFIN_20242390000_01D_30S_CLK.CLK.gz.csv
[06:15:34] [DEBUG] Cleaned up individual file: step_2_0_pairs_esa_final_ESA0OPSFIN_20242390000_01D_30S_CLK.CLK.gz.csv
[06:15:34] [INFO] Merging individual file: step_2_0_pairs_esa_final_ESA0OPSFIN_20241660000_01D_30S_CLK.CLK.gz.csv
[06:15:34] [DEBUG] Cleaned up individual file: step_2_0_pairs_esa_final_ESA0OPSFIN_20241660000_01D_30S_CLK.CLK.gz.csv
[06:15:34] [INFO] Merging individual file: step_2_0_pairs_esa_final_ESA0OPSFIN_20232080000_01D_30S_CLK.CLK.gz.csv
[06:15:34] [DEBUG] Cleaned up individual file: step_2_0_pairs_esa_final_ESA0OPSFIN_20232080000_01D_30S_CLK.CLK.gz.csv
[06:15:34] [INFO] Merging individual file: step_2_0_pairs_esa_final_ESA0OPSFIN_20250320000_01D_30S_CLK.CLK.gz.csv
[06:15:34] [DEBUG] Cleaned up individual file: step_2_0_pairs_esa_final_ESA0OPSFIN_20250320000_01D_30S_CLK.CLK.gz.csv
[06:15:34] [INFO] Merging individual file: step_2_0_pairs_esa_final_ESA0OPSFIN_20230600000_01D_30S_CLK.CLK.gz.csv
[06:15:34] [DEBUG] Cleaned up individual file: step_2_0_pairs_esa_final_ESA0OPSFIN_20230600000_01D_30S_CLK.CLK.gz.csv
[06:15:34] [INFO] Merging individual file: step_2_0_pairs_esa_final_ESA0OPSFIN_20251180000_01D_30S_CLK.CLK.gz.csv
[06:15:34] [DEBUG] Cleaned up individual file: step_2_0_pairs_esa_final_ESA0OPSFIN_20251180000_01D_30S_CLK.CLK.gz.csv
[06:15:34] [INFO] Merging individual file: step_2_0_pairs_esa_final_ESA0OPSFIN_20243360000_01D_30S_CLK.CLK.gz.csv
[06:15:34] [DEBUG] Cleaned up individual file: step_2_0_pairs_esa_final_ESA0OPSFIN_20243360000_01D_30S_CLK.CLK.gz.csv
[06:15:34] [INFO] Merging individual file: step_2_0_pairs_esa_final_ESA0OPSFIN_20243100000_01D_30S_CLK.CLK.gz.csv
[06:15:34] [DEBUG] Cleaned up individual file: step_2_0_pairs_esa_final_ESA0OPSFIN_20243100000_01D_30S_CLK.CLK.gz.csv
[06:15:34] [INFO] Merging individual file: step_2_0_pairs_esa_final_ESA0OPSFIN_20241460000_01D_30S_CLK.CLK.gz.csv
[06:15:34] [DEBUG] Cleaned up individual file: step_2_0_pairs_esa_final_ESA0OPSFIN_20241460000_01D_30S_CLK.CLK.gz.csv
[06:15:34] [INFO] Merging individual file: step_2_0_pairs_esa_final_ESA0OPSFIN_20231600000_01D_30S_CLK.CLK.gz.csv
[06:15:34] [DEBUG] Cleaned up individual file: step_2_0_pairs_esa_final_ESA0OPSFIN_20231600000_01D_30S_CLK.CLK.gz.csv
[06:15:34] [INFO] Merging individual file: step_2_0_pairs_esa_final_ESA0OPSFIN_20230910000_01D_30S_CLK.CLK.gz.csv
[06:15:35] [DEBUG] Cleaned up individual file: step_2_0_pairs_esa_final_ESA0OPSFIN_20230910000_01D_30S_CLK.CLK.gz.csv
[06:15:35] [INFO] Merging individual file: step_2_0_pairs_esa_final_ESA0OPSFIN_20232530000_01D_30S_CLK.CLK.gz.csv
[06:15:35] [DEBUG] Cleaned up individual file: step_2_0_pairs_esa_final_ESA0OPSFIN_20232530000_01D_30S_CLK.CLK.gz.csv
[06:15:35] [INFO] Merging individual file: step_2_0_pairs_esa_final_ESA0OPSFIN_20233240000_01D_30S_CLK.CLK.gz.csv
[06:15:35] [DEBUG] Cleaned up individual file: step_2_0_pairs_esa_final_ESA0OPSFIN_20233240000_01D_30S_CLK.CLK.gz.csv
[06:15:35] [INFO] Merging individual file: step_2_0_pairs_esa_final_ESA0OPSFIN_20243410000_01D_30S_CLK.CLK.gz.csv
[06:15:35] [DEBUG] Cleaned up individual file: step_2_0_pairs_esa_final_ESA0OPSFIN_20243410000_01D_30S_CLK.CLK.gz.csv
[06:15:35] [INFO] Merging individual file: step_2_0_pairs_esa_final_ESA0OPSFIN_20243520000_01D_30S_CLK.CLK.gz.csv
[06:15:35] [DEBUG] Cleaned up individual file: step_2_0_pairs_esa_final_ESA0OPSFIN_20243520000_01D_30S_CLK.CLK.gz.csv
[06:15:35] [INFO] Merging individual file: step_2_0_pairs_esa_final_ESA0OPSFIN_20251440000_01D_30S_CLK.CLK.gz.csv
[06:15:35] [DEBUG] Cleaned up individual file: step_2_0_pairs_esa_final_ESA0OPSFIN_20251440000_01D_30S_CLK.CLK.gz.csv
[06:15:35] [INFO] Merging individual file: step_2_0_pairs_esa_final_ESA0OPSFIN_20241890000_01D_30S_CLK.CLK.gz.csv
[06:15:35] [DEBUG] Cleaned up individual file: step_2_0_pairs_esa_final_ESA0OPSFIN_20241890000_01D_30S_CLK.CLK.gz.csv
[06:15:35] [INFO] Merging individual file: step_2_0_pairs_esa_final_ESA0OPSFIN_20241210000_01D_30S_CLK.CLK.gz.csv
[06:15:35] [DEBUG] Cleaned up individual file: step_2_0_pairs_esa_final_ESA0OPSFIN_20241210000_01D_30S_CLK.CLK.gz.csv
[06:15:35] [INFO] Merging individual file: step_2_0_pairs_esa_final_ESA0OPSFIN_20231430000_01D_30S_CLK.CLK.gz.csv
[06:15:35] [DEBUG] Cleaned up individual file: step_2_0_pairs_esa_final_ESA0OPSFIN_20231430000_01D_30S_CLK.CLK.gz.csv
[06:15:35] [INFO] Merging individual file: step_2_0_pairs_esa_final_ESA0OPSFIN_20231880000_01D_30S_CLK.CLK.gz.csv
[06:15:35] [DEBUG] Cleaned up individual file: step_2_0_pairs_esa_final_ESA0OPSFIN_20231880000_01D_30S_CLK.CLK.gz.csv
[06:15:35] [INFO] Merging individual file: step_2_0_pairs_esa_final_ESA0OPSFIN_20243660000_01D_30S_CLK.CLK.gz.csv
[06:15:35] [DEBUG] Cleaned up individual file: step_2_0_pairs_esa_final_ESA0OPSFIN_20243660000_01D_30S_CLK.CLK.gz.csv
[06:15:35] [INFO] Merging individual file: step_2_0_pairs_esa_final_ESA0OPSFIN_20240540000_01D_30S_CLK.CLK.gz.csv
[06:15:35] [DEBUG] Cleaned up individual file: step_2_0_pairs_esa_final_ESA0OPSFIN_20240540000_01D_30S_CLK.CLK.gz.csv
[06:15:35] [INFO] Merging individual file: step_2_0_pairs_esa_final_ESA0OPSFIN_20230140000_01D_30S_CLK.CLK.gz.csv
[06:15:35] [DEBUG] Cleaned up individual file: step_2_0_pairs_esa_final_ESA0OPSFIN_20230140000_01D_30S_CLK.CLK.gz.csv
[06:15:35] [INFO] Merging individual file: step_2_0_pairs_esa_final_ESA0OPSFIN_20243260000_01D_30S_CLK.CLK.gz.csv
[06:15:35] [DEBUG] Cleaned up individual file: step_2_0_pairs_esa_final_ESA0OPSFIN_20243260000_01D_30S_CLK.CLK.gz.csv
[06:15:35] [INFO] Merging individual file: step_2_0_pairs_esa_final_ESA0OPSFIN_20251540000_01D_30S_CLK.CLK.gz.csv
[06:15:36] [DEBUG] Cleaned up individual file: step_2_0_pairs_esa_final_ESA0OPSFIN_20251540000_01D_30S_CLK.CLK.gz.csv
[06:15:36] [INFO] Merging individual file: step_2_0_pairs_esa_final_ESA0OPSFIN_20233200000_01D_30S_CLK.CLK.gz.csv
[06:15:36] [DEBUG] Cleaned up individual file: step_2_0_pairs_esa_final_ESA0OPSFIN_20233200000_01D_30S_CLK.CLK.gz.csv
[06:15:36] [INFO] Merging individual file: step_2_0_pairs_esa_final_ESA0OPSFIN_20250900000_01D_30S_CLK.CLK.gz.csv
[06:15:36] [DEBUG] Cleaned up individual file: step_2_0_pairs_esa_final_ESA0OPSFIN_20250900000_01D_30S_CLK.CLK.gz.csv
[06:15:36] [INFO] Merging individual file: step_2_0_pairs_esa_final_ESA0OPSFIN_20250070000_01D_30S_CLK.CLK.gz.csv
[06:15:36] [DEBUG] Cleaned up individual file: step_2_0_pairs_esa_final_ESA0OPSFIN_20250070000_01D_30S_CLK.CLK.gz.csv
[06:15:36] [INFO] Merging individual file: step_2_0_pairs_esa_final_ESA0OPSFIN_20242100000_01D_30S_CLK.CLK.gz.csv
[06:15:36] [DEBUG] Cleaned up individual file: step_2_0_pairs_esa_final_ESA0OPSFIN_20242100000_01D_30S_CLK.CLK.gz.csv
[06:15:36] [INFO] Merging individual file: step_2_0_pairs_esa_final_ESA0OPSFIN_20231080000_01D_30S_CLK.CLK.gz.csv
[06:15:36] [DEBUG] Cleaned up individual file: step_2_0_pairs_esa_final_ESA0OPSFIN_20231080000_01D_30S_CLK.CLK.gz.csv
[06:15:36] [INFO] Merging individual file: step_2_0_pairs_esa_final_ESA0OPSFIN_20243610000_01D_30S_CLK.CLK.gz.csv
[06:15:36] [DEBUG] Cleaned up individual file: step_2_0_pairs_esa_final_ESA0OPSFIN_20243610000_01D_30S_CLK.CLK.gz.csv
[06:15:36] [INFO] Merging individual file: step_2_0_pairs_esa_final_ESA0OPSFIN_20240650000_01D_30S_CLK.CLK.gz.csv
[06:15:36] [DEBUG] Cleaned up individual file: step_2_0_pairs_esa_final_ESA0OPSFIN_20240650000_01D_30S_CLK.CLK.gz.csv
[06:15:36] [INFO] Merging individual file: step_2_0_pairs_esa_final_ESA0OPSFIN_20251170000_01D_30S_CLK.CLK.gz.csv
[06:15:36] [DEBUG] Cleaned up individual file: step_2_0_pairs_esa_final_ESA0OPSFIN_20251170000_01D_30S_CLK.CLK.gz.csv
[06:15:36] [INFO] Merging individual file: step_2_0_pairs_esa_final_ESA0OPSFIN_20242300000_01D_30S_CLK.CLK.gz.csv
[06:15:36] [DEBUG] Cleaned up individual file: step_2_0_pairs_esa_final_ESA0OPSFIN_20242300000_01D_30S_CLK.CLK.gz.csv
[06:15:36] [INFO] Merging individual file: step_2_0_pairs_esa_final_ESA0OPSFIN_20250050000_01D_30S_CLK.CLK.gz.csv
[06:15:36] [DEBUG] Cleaned up individual file: step_2_0_pairs_esa_final_ESA0OPSFIN_20250050000_01D_30S_CLK.CLK.gz.csv
[06:15:36] [INFO] Merging individual file: step_2_0_pairs_esa_final_ESA0OPSFIN_20251720000_01D_30S_CLK.CLK.gz.csv
[06:15:36] [DEBUG] Cleaned up individual file: step_2_0_pairs_esa_final_ESA0OPSFIN_20251720000_01D_30S_CLK.CLK.gz.csv
[06:15:36] [INFO] Merging individual file: step_2_0_pairs_esa_final_ESA0OPSFIN_20232150000_01D_30S_CLK.CLK.gz.csv
[06:15:36] [DEBUG] Cleaned up individual file: step_2_0_pairs_esa_final_ESA0OPSFIN_20232150000_01D_30S_CLK.CLK.gz.csv
[06:15:36] [INFO] Merging individual file: step_2_0_pairs_esa_final_ESA0OPSFIN_20231790000_01D_30S_CLK.CLK.gz.csv
[06:15:37] [DEBUG] Cleaned up individual file: step_2_0_pairs_esa_final_ESA0OPSFIN_20231790000_01D_30S_CLK.CLK.gz.csv
[06:15:37] [INFO] Merging individual file: step_2_0_pairs_esa_final_ESA0OPSFIN_20231420000_01D_30S_CLK.CLK.gz.csv
[06:15:37] [DEBUG] Cleaned up individual file: step_2_0_pairs_esa_final_ESA0OPSFIN_20231420000_01D_30S_CLK.CLK.gz.csv
[06:15:37] [INFO] Merging individual file: step_2_0_pairs_esa_final_ESA0OPSFIN_20250670000_01D_30S_CLK.CLK.gz.csv
[06:15:37] [DEBUG] Cleaned up individual file: step_2_0_pairs_esa_final_ESA0OPSFIN_20250670000_01D_30S_CLK.CLK.gz.csv
[06:15:37] [INFO] Merging individual file: step_2_0_pairs_esa_final_ESA0OPSFIN_20240180000_01D_30S_CLK.CLK.gz.csv
[06:15:37] [DEBUG] Cleaned up individual file: step_2_0_pairs_esa_final_ESA0OPSFIN_20240180000_01D_30S_CLK.CLK.gz.csv
[06:15:37] [INFO] Merging individual file: step_2_0_pairs_esa_final_ESA0OPSFIN_20231300000_01D_30S_CLK.CLK.gz.csv
[06:15:37] [DEBUG] Cleaned up individual file: step_2_0_pairs_esa_final_ESA0OPSFIN_20231300000_01D_30S_CLK.CLK.gz.csv
[06:15:37] [INFO] Merging individual file: step_2_0_pairs_esa_final_ESA0OPSFIN_20243440000_01D_30S_CLK.CLK.gz.csv
[06:15:37] [DEBUG] Cleaned up individual file: step_2_0_pairs_esa_final_ESA0OPSFIN_20243440000_01D_30S_CLK.CLK.gz.csv
[06:15:37] [INFO] Merging individual file: step_2_0_pairs_esa_final_ESA0OPSFIN_20251340000_01D_30S_CLK.CLK.gz.csv
[06:15:37] [DEBUG] Cleaned up individual file: step_2_0_pairs_esa_final_ESA0OPSFIN_20251340000_01D_30S_CLK.CLK.gz.csv
[06:15:37] [INFO] Merging individual file: step_2_0_pairs_esa_final_ESA0OPSFIN_20243230000_01D_30S_CLK.CLK.gz.csv
[06:15:37] [DEBUG] Cleaned up individual file: step_2_0_pairs_esa_final_ESA0OPSFIN_20243230000_01D_30S_CLK.CLK.gz.csv
[06:15:37] [INFO] Merging individual file: step_2_0_pairs_esa_final_ESA0OPSFIN_20243310000_01D_30S_CLK.CLK.gz.csv
[06:15:37] [DEBUG] Cleaned up individual file: step_2_0_pairs_esa_final_ESA0OPSFIN_20243310000_01D_30S_CLK.CLK.gz.csv
[06:15:37] [INFO] Merging individual file: step_2_0_pairs_esa_final_ESA0OPSFIN_20242170000_01D_30S_CLK.CLK.gz.csv
[06:15:37] [DEBUG] Cleaned up individual file: step_2_0_pairs_esa_final_ESA0OPSFIN_20242170000_01D_30S_CLK.CLK.gz.csv
[06:15:37] [INFO] Merging individual file: step_2_0_pairs_esa_final_ESA0OPSFIN_20232190000_01D_30S_CLK.CLK.gz.csv
[06:15:37] [DEBUG] Cleaned up individual file: step_2_0_pairs_esa_final_ESA0OPSFIN_20232190000_01D_30S_CLK.CLK.gz.csv
[06:15:37] [INFO] Merging individual file: step_2_0_pairs_esa_final_ESA0OPSFIN_20232380000_01D_30S_CLK.CLK.gz.csv
[06:15:37] [DEBUG] Cleaned up individual file: step_2_0_pairs_esa_final_ESA0OPSFIN_20232380000_01D_30S_CLK.CLK.gz.csv
[06:15:37] [INFO] Merging individual file: step_2_0_pairs_esa_final_ESA0OPSFIN_20232680000_01D_30S_CLK.CLK.gz.csv
[06:15:37] [DEBUG] Cleaned up individual file: step_2_0_pairs_esa_final_ESA0OPSFIN_20232680000_01D_30S_CLK.CLK.gz.csv
[06:15:37] [INFO] Merging individual file: step_2_0_pairs_esa_final_ESA0OPSFIN_20241540000_01D_30S_CLK.CLK.gz.csv
[06:15:38] [DEBUG] Cleaned up individual file: step_2_0_pairs_esa_final_ESA0OPSFIN_20241540000_01D_30S_CLK.CLK.gz.csv
[06:15:38] [INFO] Merging individual file: step_2_0_pairs_esa_final_ESA0OPSFIN_20231680000_01D_30S_CLK.CLK.gz.csv
[06:15:38] [DEBUG] Cleaned up individual file: step_2_0_pairs_esa_final_ESA0OPSFIN_20231680000_01D_30S_CLK.CLK.gz.csv
[06:15:38] [INFO] Merging individual file: step_2_0_pairs_esa_final_ESA0OPSFIN_20240930000_01D_30S_CLK.CLK.gz.csv
[06:15:38] [DEBUG] Cleaned up individual file: step_2_0_pairs_esa_final_ESA0OPSFIN_20240930000_01D_30S_CLK.CLK.gz.csv
[06:15:38] [INFO] Merging individual file: step_2_0_pairs_esa_final_ESA0OPSFIN_20242800000_01D_30S_CLK.CLK.gz.csv
[06:15:38] [DEBUG] Cleaned up individual file: step_2_0_pairs_esa_final_ESA0OPSFIN_20242800000_01D_30S_CLK.CLK.gz.csv
[06:15:38] [INFO] Merging individual file: step_2_0_pairs_esa_final_ESA0OPSFIN_20243330000_01D_30S_CLK.CLK.gz.csv
[06:15:38] [DEBUG] Cleaned up individual file: step_2_0_pairs_esa_final_ESA0OPSFIN_20243330000_01D_30S_CLK.CLK.gz.csv
[06:15:38] [INFO] Merging individual file: step_2_0_pairs_esa_final_ESA0OPSFIN_20242550000_01D_30S_CLK.CLK.gz.csv
[06:15:38] [DEBUG] Cleaned up individual file: step_2_0_pairs_esa_final_ESA0OPSFIN_20242550000_01D_30S_CLK.CLK.gz.csv
[06:15:38] [INFO] Merging individual file: step_2_0_pairs_esa_final_ESA0OPSFIN_20240830000_01D_30S_CLK.CLK.gz.csv
[06:15:38] [DEBUG] Cleaned up individual file: step_2_0_pairs_esa_final_ESA0OPSFIN_20240830000_01D_30S_CLK.CLK.gz.csv
[06:15:38] [INFO] Merging individual file: step_2_0_pairs_esa_final_ESA0OPSFIN_20242850000_01D_30S_CLK.CLK.gz.csv
[06:15:38] [DEBUG] Cleaned up individual file: step_2_0_pairs_esa_final_ESA0OPSFIN_20242850000_01D_30S_CLK.CLK.gz.csv
[06:15:38] [INFO] Merging individual file: step_2_0_pairs_esa_final_ESA0OPSFIN_20230750000_01D_30S_CLK.CLK.gz.csv
[06:15:38] [DEBUG] Cleaned up individual file: step_2_0_pairs_esa_final_ESA0OPSFIN_20230750000_01D_30S_CLK.CLK.gz.csv
[06:15:38] [INFO] Merging individual file: step_2_0_pairs_esa_final_ESA0OPSFIN_20230040000_01D_30S_CLK.CLK.gz.csv
[06:15:38] [DEBUG] Cleaned up individual file: step_2_0_pairs_esa_final_ESA0OPSFIN_20230040000_01D_30S_CLK.CLK.gz.csv
[06:15:38] [INFO] Merging individual file: step_2_0_pairs_esa_final_ESA0OPSFIN_20232910000_01D_30S_CLK.CLK.gz.csv
[06:15:38] [DEBUG] Cleaned up individual file: step_2_0_pairs_esa_final_ESA0OPSFIN_20232910000_01D_30S_CLK.CLK.gz.csv
[06:15:38] [INFO] Merging individual file: step_2_0_pairs_esa_final_ESA0OPSFIN_20233650000_01D_30S_CLK.CLK.gz.csv
[06:15:38] [DEBUG] Cleaned up individual file: step_2_0_pairs_esa_final_ESA0OPSFIN_20233650000_01D_30S_CLK.CLK.gz.csv
[06:15:38] [INFO] Merging individual file: step_2_0_pairs_esa_final_ESA0OPSFIN_20232670000_01D_30S_CLK.CLK.gz.csv
[06:15:38] [DEBUG] Cleaned up individual file: step_2_0_pairs_esa_final_ESA0OPSFIN_20232670000_01D_30S_CLK.CLK.gz.csv
[06:15:38] [INFO] Merging individual file: step_2_0_pairs_esa_final_ESA0OPSFIN_20232930000_01D_30S_CLK.CLK.gz.csv
[06:15:38] [DEBUG] Cleaned up individual file: step_2_0_pairs_esa_final_ESA0OPSFIN_20232930000_01D_30S_CLK.CLK.gz.csv
[06:15:38] [INFO] Merging individual file: step_2_0_pairs_esa_final_ESA0OPSFIN_20251790000_01D_30S_CLK.CLK.gz.csv
[06:15:39] [DEBUG] Cleaned up individual file: step_2_0_pairs_esa_final_ESA0OPSFIN_20251790000_01D_30S_CLK.CLK.gz.csv
[06:15:39] [INFO] Merging individual file: step_2_0_pairs_esa_final_ESA0OPSFIN_20251290000_01D_30S_CLK.CLK.gz.csv
[06:15:39] [DEBUG] Cleaned up individual file: step_2_0_pairs_esa_final_ESA0OPSFIN_20251290000_01D_30S_CLK.CLK.gz.csv
[06:15:39] [INFO] Merging individual file: step_2_0_pairs_esa_final_ESA0OPSFIN_20242360000_01D_30S_CLK.CLK.gz.csv
[06:15:39] [DEBUG] Cleaned up individual file: step_2_0_pairs_esa_final_ESA0OPSFIN_20242360000_01D_30S_CLK.CLK.gz.csv
[06:15:39] [INFO] Merging individual file: step_2_0_pairs_esa_final_ESA0OPSFIN_20242350000_01D_30S_CLK.CLK.gz.csv
[06:15:39] [DEBUG] Cleaned up individual file: step_2_0_pairs_esa_final_ESA0OPSFIN_20242350000_01D_30S_CLK.CLK.gz.csv
[06:15:39] [INFO] Merging individual file: step_2_0_pairs_esa_final_ESA0OPSFIN_20241300000_01D_30S_CLK.CLK.gz.csv
[06:15:39] [DEBUG] Cleaned up individual file: step_2_0_pairs_esa_final_ESA0OPSFIN_20241300000_01D_30S_CLK.CLK.gz.csv
[06:15:39] [INFO] Merging individual file: step_2_0_pairs_esa_final_ESA0OPSFIN_20230470000_01D_30S_CLK.CLK.gz.csv
[06:15:39] [DEBUG] Cleaned up individual file: step_2_0_pairs_esa_final_ESA0OPSFIN_20230470000_01D_30S_CLK.CLK.gz.csv
[06:15:39] [INFO] Merging individual file: step_2_0_pairs_esa_final_ESA0OPSFIN_20251110000_01D_30S_CLK.CLK.gz.csv
[06:15:39] [DEBUG] Cleaned up individual file: step_2_0_pairs_esa_final_ESA0OPSFIN_20251110000_01D_30S_CLK.CLK.gz.csv
[06:15:39] [INFO] Merging individual file: step_2_0_pairs_esa_final_ESA0OPSFIN_20240940000_01D_30S_CLK.CLK.gz.csv
[06:15:39] [DEBUG] Cleaned up individual file: step_2_0_pairs_esa_final_ESA0OPSFIN_20240940000_01D_30S_CLK.CLK.gz.csv
[06:15:39] [INFO] Merging individual file: step_2_0_pairs_esa_final_ESA0OPSFIN_20230280000_01D_30S_CLK.CLK.gz.csv
[06:15:39] [DEBUG] Cleaned up individual file: step_2_0_pairs_esa_final_ESA0OPSFIN_20230280000_01D_30S_CLK.CLK.gz.csv
[06:15:39] [INFO] Merging individual file: step_2_0_pairs_esa_final_ESA0OPSFIN_20231040000_01D_30S_CLK.CLK.gz.csv
[06:15:39] [DEBUG] Cleaned up individual file: step_2_0_pairs_esa_final_ESA0OPSFIN_20231040000_01D_30S_CLK.CLK.gz.csv
[06:15:39] [INFO] Merging individual file: step_2_0_pairs_esa_final_ESA0OPSFIN_20241630000_01D_30S_CLK.CLK.gz.csv
[06:15:39] [DEBUG] Cleaned up individual file: step_2_0_pairs_esa_final_ESA0OPSFIN_20241630000_01D_30S_CLK.CLK.gz.csv
[06:15:39] [INFO] Merging individual file: step_2_0_pairs_esa_final_ESA0OPSFIN_20243390000_01D_30S_CLK.CLK.gz.csv
[06:15:39] [DEBUG] Cleaned up individual file: step_2_0_pairs_esa_final_ESA0OPSFIN_20243390000_01D_30S_CLK.CLK.gz.csv
[06:15:39] [INFO] Merging individual file: step_2_0_pairs_esa_final_ESA0OPSFIN_20242150000_01D_30S_CLK.CLK.gz.csv
[06:15:39] [DEBUG] Cleaned up individual file: step_2_0_pairs_esa_final_ESA0OPSFIN_20242150000_01D_30S_CLK.CLK.gz.csv
[06:15:39] [INFO] Merging individual file: step_2_0_pairs_esa_final_ESA0OPSFIN_20233370000_01D_30S_CLK.CLK.gz.csv
[06:15:39] [DEBUG] Cleaned up individual file: step_2_0_pairs_esa_final_ESA0OPSFIN_20233370000_01D_30S_CLK.CLK.gz.csv
[06:15:39] [INFO] Merging individual file: step_2_0_pairs_esa_final_ESA0OPSFIN_20232220000_01D_30S_CLK.CLK.gz.csv
[06:15:40] [DEBUG] Cleaned up individual file: step_2_0_pairs_esa_final_ESA0OPSFIN_20232220000_01D_30S_CLK.CLK.gz.csv
[06:15:40] [INFO] Merging individual file: step_2_0_pairs_esa_final_ESA0OPSFIN_20230850000_01D_30S_CLK.CLK.gz.csv
[06:15:40] [DEBUG] Cleaned up individual file: step_2_0_pairs_esa_final_ESA0OPSFIN_20230850000_01D_30S_CLK.CLK.gz.csv
[06:15:40] [INFO] Merging individual file: step_2_0_pairs_esa_final_ESA0OPSFIN_20240880000_01D_30S_CLK.CLK.gz.csv
[06:15:40] [DEBUG] Cleaned up individual file: step_2_0_pairs_esa_final_ESA0OPSFIN_20240880000_01D_30S_CLK.CLK.gz.csv
[06:15:40] [INFO] Merging individual file: step_2_0_pairs_esa_final_ESA0OPSFIN_20242740000_01D_30S_CLK.CLK.gz.csv
[06:15:40] [DEBUG] Cleaned up individual file: step_2_0_pairs_esa_final_ESA0OPSFIN_20242740000_01D_30S_CLK.CLK.gz.csv
[06:15:40] [INFO] Merging individual file: step_2_0_pairs_esa_final_ESA0OPSFIN_20250640000_01D_30S_CLK.CLK.gz.csv
[06:15:40] [DEBUG] Cleaned up individual file: step_2_0_pairs_esa_final_ESA0OPSFIN_20250640000_01D_30S_CLK.CLK.gz.csv
[06:15:40] [INFO] Merging individual file: step_2_0_pairs_esa_final_ESA0OPSFIN_20230060000_01D_30S_CLK.CLK.gz.csv
[06:15:40] [DEBUG] Cleaned up individual file: step_2_0_pairs_esa_final_ESA0OPSFIN_20230060000_01D_30S_CLK.CLK.gz.csv
[06:15:40] [INFO] Merging individual file: step_2_0_pairs_esa_final_ESA0OPSFIN_20241770000_01D_30S_CLK.CLK.gz.csv
[06:15:40] [DEBUG] Cleaned up individual file: step_2_0_pairs_esa_final_ESA0OPSFIN_20241770000_01D_30S_CLK.CLK.gz.csv
[06:15:40] [INFO] Merging individual file: step_2_0_pairs_esa_final_ESA0OPSFIN_20250930000_01D_30S_CLK.CLK.gz.csv
[06:15:40] [DEBUG] Cleaned up individual file: step_2_0_pairs_esa_final_ESA0OPSFIN_20250930000_01D_30S_CLK.CLK.gz.csv
[06:15:40] [INFO] Merging individual file: step_2_0_pairs_esa_final_ESA0OPSFIN_20242420000_01D_30S_CLK.CLK.gz.csv
[06:15:40] [DEBUG] Cleaned up individual file: step_2_0_pairs_esa_final_ESA0OPSFIN_20242420000_01D_30S_CLK.CLK.gz.csv
[06:15:40] [INFO] Merging individual file: step_2_0_pairs_esa_final_ESA0OPSFIN_20250780000_01D_30S_CLK.CLK.gz.csv
[06:15:40] [DEBUG] Cleaned up individual file: step_2_0_pairs_esa_final_ESA0OPSFIN_20250780000_01D_30S_CLK.CLK.gz.csv
[06:15:40] [INFO] Merging individual file: step_2_0_pairs_esa_final_ESA0OPSFIN_20233280000_01D_30S_CLK.CLK.gz.csv
[06:15:40] [DEBUG] Cleaned up individual file: step_2_0_pairs_esa_final_ESA0OPSFIN_20233280000_01D_30S_CLK.CLK.gz.csv
[06:15:40] [INFO] Merging individual file: step_2_0_pairs_esa_final_ESA0OPSFIN_20250450000_01D_30S_CLK.CLK.gz.csv
[06:15:40] [DEBUG] Cleaned up individual file: step_2_0_pairs_esa_final_ESA0OPSFIN_20250450000_01D_30S_CLK.CLK.gz.csv
[06:15:40] [INFO] Merging individual file: step_2_0_pairs_esa_final_ESA0OPSFIN_20250820000_01D_30S_CLK.CLK.gz.csv
[06:15:40] [DEBUG] Cleaned up individual file: step_2_0_pairs_esa_final_ESA0OPSFIN_20250820000_01D_30S_CLK.CLK.gz.csv
[06:15:40] [INFO] Merging individual file: step_2_0_pairs_esa_final_ESA0OPSFIN_20240010000_01D_30S_CLK.CLK.gz.csv
[06:15:41] [DEBUG] Cleaned up individual file: step_2_0_pairs_esa_final_ESA0OPSFIN_20240010000_01D_30S_CLK.CLK.gz.csv
[06:15:41] [INFO] Merging individual file: step_2_0_pairs_esa_final_ESA0OPSFIN_20240250000_01D_30S_CLK.CLK.gz.csv
[06:15:41] [DEBUG] Cleaned up individual file: step_2_0_pairs_esa_final_ESA0OPSFIN_20240250000_01D_30S_CLK.CLK.gz.csv
[06:15:41] [INFO] Merging individual file: step_2_0_pairs_esa_final_ESA0OPSFIN_20230210000_01D_30S_CLK.CLK.gz.csv
[06:15:41] [DEBUG] Cleaned up individual file: step_2_0_pairs_esa_final_ESA0OPSFIN_20230210000_01D_30S_CLK.CLK.gz.csv
[06:15:41] [INFO] Merging individual file: step_2_0_pairs_esa_final_ESA0OPSFIN_20232000000_01D_30S_CLK.CLK.gz.csv
[06:15:41] [DEBUG] Cleaned up individual file: step_2_0_pairs_esa_final_ESA0OPSFIN_20232000000_01D_30S_CLK.CLK.gz.csv
[06:15:41] [INFO] Merging individual file: step_2_0_pairs_esa_final_ESA0OPSFIN_20230180000_01D_30S_CLK.CLK.gz.csv
[06:15:41] [DEBUG] Cleaned up individual file: step_2_0_pairs_esa_final_ESA0OPSFIN_20230180000_01D_30S_CLK.CLK.gz.csv
[06:15:41] [INFO] Merging individual file: step_2_0_pairs_esa_final_ESA0OPSFIN_20242870000_01D_30S_CLK.CLK.gz.csv
[06:15:41] [DEBUG] Cleaned up individual file: step_2_0_pairs_esa_final_ESA0OPSFIN_20242870000_01D_30S_CLK.CLK.gz.csv
[06:15:41] [INFO] Merging individual file: step_2_0_pairs_esa_final_ESA0OPSFIN_20231520000_01D_30S_CLK.CLK.gz.csv
[06:15:41] [DEBUG] Cleaned up individual file: step_2_0_pairs_esa_final_ESA0OPSFIN_20231520000_01D_30S_CLK.CLK.gz.csv
[06:15:41] [INFO] Merging individual file: step_2_0_pairs_esa_final_ESA0OPSFIN_20243590000_01D_30S_CLK.CLK.gz.csv
[06:15:41] [DEBUG] Cleaned up individual file: step_2_0_pairs_esa_final_ESA0OPSFIN_20243590000_01D_30S_CLK.CLK.gz.csv
[06:15:41] [INFO] Merging individual file: step_2_0_pairs_esa_final_ESA0OPSFIN_20232740000_01D_30S_CLK.CLK.gz.csv
[06:15:41] [DEBUG] Cleaned up individual file: step_2_0_pairs_esa_final_ESA0OPSFIN_20232740000_01D_30S_CLK.CLK.gz.csv
[06:15:41] [INFO] Merging individual file: step_2_0_pairs_esa_final_ESA0OPSFIN_20240520000_01D_30S_CLK.CLK.gz.csv
[06:15:41] [DEBUG] Cleaned up individual file: step_2_0_pairs_esa_final_ESA0OPSFIN_20240520000_01D_30S_CLK.CLK.gz.csv
[06:15:41] [INFO] Merging individual file: step_2_0_pairs_esa_final_ESA0OPSFIN_20230810000_01D_30S_CLK.CLK.gz.csv
[06:15:41] [DEBUG] Cleaned up individual file: step_2_0_pairs_esa_final_ESA0OPSFIN_20230810000_01D_30S_CLK.CLK.gz.csv
[06:15:41] [INFO] Merging individual file: step_2_0_pairs_esa_final_ESA0OPSFIN_20250680000_01D_30S_CLK.CLK.gz.csv
[06:15:41] [DEBUG] Cleaned up individual file: step_2_0_pairs_esa_final_ESA0OPSFIN_20250680000_01D_30S_CLK.CLK.gz.csv
[06:15:41] [INFO] Merging individual file: step_2_0_pairs_esa_final_ESA0OPSFIN_20230690000_01D_30S_CLK.CLK.gz.csv
[06:15:41] [DEBUG] Cleaned up individual file: step_2_0_pairs_esa_final_ESA0OPSFIN_20230690000_01D_30S_CLK.CLK.gz.csv
[06:15:41] [INFO] Merging individual file: step_2_0_pairs_esa_final_ESA0OPSFIN_20242530000_01D_30S_CLK.CLK.gz.csv
[06:15:42] [DEBUG] Cleaned up individual file: step_2_0_pairs_esa_final_ESA0OPSFIN_20242530000_01D_30S_CLK.CLK.gz.csv
[06:15:42] [INFO] Merging individual file: step_2_0_pairs_esa_final_ESA0OPSFIN_20250080000_01D_30S_CLK.CLK.gz.csv
[06:15:42] [DEBUG] Cleaned up individual file: step_2_0_pairs_esa_final_ESA0OPSFIN_20250080000_01D_30S_CLK.CLK.gz.csv
[06:15:42] [INFO] Merging individual file: step_2_0_pairs_esa_final_ESA0OPSFIN_20240950000_01D_30S_CLK.CLK.gz.csv
[06:15:42] [DEBUG] Cleaned up individual file: step_2_0_pairs_esa_final_ESA0OPSFIN_20240950000_01D_30S_CLK.CLK.gz.csv
[06:15:42] [INFO] Merging individual file: step_2_0_pairs_esa_final_ESA0OPSFIN_20243600000_01D_30S_CLK.CLK.gz.csv
[06:15:42] [DEBUG] Cleaned up individual file: step_2_0_pairs_esa_final_ESA0OPSFIN_20243600000_01D_30S_CLK.CLK.gz.csv
[06:15:42] [INFO] Merging individual file: step_2_0_pairs_esa_final_ESA0OPSFIN_20230590000_01D_30S_CLK.CLK.gz.csv
[06:15:42] [DEBUG] Cleaned up individual file: step_2_0_pairs_esa_final_ESA0OPSFIN_20230590000_01D_30S_CLK.CLK.gz.csv
[06:15:42] [INFO] Merging individual file: step_2_0_pairs_esa_final_ESA0OPSFIN_20241110000_01D_30S_CLK.CLK.gz.csv
[06:15:42] [DEBUG] Cleaned up individual file: step_2_0_pairs_esa_final_ESA0OPSFIN_20241110000_01D_30S_CLK.CLK.gz.csv
[06:15:42] [INFO] Merging individual file: step_2_0_pairs_esa_final_ESA0OPSFIN_20230640000_01D_30S_CLK.CLK.gz.csv
[06:15:42] [DEBUG] Cleaned up individual file: step_2_0_pairs_esa_final_ESA0OPSFIN_20230640000_01D_30S_CLK.CLK.gz.csv
[06:15:42] [INFO] Merging individual file: step_2_0_pairs_esa_final_ESA0OPSFIN_20250230000_01D_30S_CLK.CLK.gz.csv
[06:15:42] [DEBUG] Cleaned up individual file: step_2_0_pairs_esa_final_ESA0OPSFIN_20250230000_01D_30S_CLK.CLK.gz.csv
[06:15:42] [INFO] Merging individual file: step_2_0_pairs_esa_final_ESA0OPSFIN_20243190000_01D_30S_CLK.CLK.gz.csv
[06:15:42] [DEBUG] Cleaned up individual file: step_2_0_pairs_esa_final_ESA0OPSFIN_20243190000_01D_30S_CLK.CLK.gz.csv
[06:15:42] [INFO] Merging individual file: step_2_0_pairs_esa_final_ESA0OPSFIN_20250630000_01D_30S_CLK.CLK.gz.csv
[06:15:42] [DEBUG] Cleaned up individual file: step_2_0_pairs_esa_final_ESA0OPSFIN_20250630000_01D_30S_CLK.CLK.gz.csv
[06:15:42] [INFO] Merging individual file: step_2_0_pairs_esa_final_ESA0OPSFIN_20232120000_01D_30S_CLK.CLK.gz.csv
[06:15:42] [DEBUG] Cleaned up individual file: step_2_0_pairs_esa_final_ESA0OPSFIN_20232120000_01D_30S_CLK.CLK.gz.csv
[06:15:42] [INFO] Merging individual file: step_2_0_pairs_esa_final_ESA0OPSFIN_20231470000_01D_30S_CLK.CLK.gz.csv
[06:15:42] [DEBUG] Cleaned up individual file: step_2_0_pairs_esa_final_ESA0OPSFIN_20231470000_01D_30S_CLK.CLK.gz.csv
[06:15:42] [INFO] Merging individual file: step_2_0_pairs_esa_final_ESA0OPSFIN_20250520000_01D_30S_CLK.CLK.gz.csv
[06:15:42] [DEBUG] Cleaned up individual file: step_2_0_pairs_esa_final_ESA0OPSFIN_20250520000_01D_30S_CLK.CLK.gz.csv
[06:15:42] [INFO] Merging individual file: step_2_0_pairs_esa_final_ESA0OPSFIN_20240440000_01D_30S_CLK.CLK.gz.csv
[06:15:42] [DEBUG] Cleaned up individual file: step_2_0_pairs_esa_final_ESA0OPSFIN_20240440000_01D_30S_CLK.CLK.gz.csv
[06:15:42] [INFO] Merging individual file: step_2_0_pairs_esa_final_ESA0OPSFIN_20251680000_01D_30S_CLK.CLK.gz.csv
[06:15:43] [DEBUG] Cleaned up individual file: step_2_0_pairs_esa_final_ESA0OPSFIN_20251680000_01D_30S_CLK.CLK.gz.csv
[06:15:43] [INFO] Merging individual file: step_2_0_pairs_esa_final_ESA0OPSFIN_20232140000_01D_30S_CLK.CLK.gz.csv
[06:15:43] [DEBUG] Cleaned up individual file: step_2_0_pairs_esa_final_ESA0OPSFIN_20232140000_01D_30S_CLK.CLK.gz.csv
[06:15:43] [INFO] Merging individual file: step_2_0_pairs_esa_final_ESA0OPSFIN_20250290000_01D_30S_CLK.CLK.gz.csv
[06:15:43] [DEBUG] Cleaned up individual file: step_2_0_pairs_esa_final_ESA0OPSFIN_20250290000_01D_30S_CLK.CLK.gz.csv
[06:15:43] [INFO] Merging individual file: step_2_0_pairs_esa_final_ESA0OPSFIN_20243140000_01D_30S_CLK.CLK.gz.csv
[06:15:43] [DEBUG] Cleaned up individual file: step_2_0_pairs_esa_final_ESA0OPSFIN_20243140000_01D_30S_CLK.CLK.gz.csv
[06:15:43] [INFO] Merging individual file: step_2_0_pairs_esa_final_ESA0OPSFIN_20250010000_01D_30S_CLK.CLK.gz.csv
[06:15:43] [DEBUG] Cleaned up individual file: step_2_0_pairs_esa_final_ESA0OPSFIN_20250010000_01D_30S_CLK.CLK.gz.csv
[06:15:43] [INFO] Merging individual file: step_2_0_pairs_esa_final_ESA0OPSFIN_20243530000_01D_30S_CLK.CLK.gz.csv
[06:15:43] [DEBUG] Cleaned up individual file: step_2_0_pairs_esa_final_ESA0OPSFIN_20243530000_01D_30S_CLK.CLK.gz.csv
[06:15:43] [INFO] Merging individual file: step_2_0_pairs_esa_final_ESA0OPSFIN_20250110000_01D_30S_CLK.CLK.gz.csv
[06:15:43] [DEBUG] Cleaned up individual file: step_2_0_pairs_esa_final_ESA0OPSFIN_20250110000_01D_30S_CLK.CLK.gz.csv
[06:15:43] [INFO] Merging individual file: step_2_0_pairs_esa_final_ESA0OPSFIN_20250380000_01D_30S_CLK.CLK.gz.csv
[06:15:43] [DEBUG] Cleaned up individual file: step_2_0_pairs_esa_final_ESA0OPSFIN_20250380000_01D_30S_CLK.CLK.gz.csv
[06:15:43] [INFO] Merging individual file: step_2_0_pairs_esa_final_ESA0OPSFIN_20241340000_01D_30S_CLK.CLK.gz.csv
[06:15:43] [DEBUG] Cleaned up individual file: step_2_0_pairs_esa_final_ESA0OPSFIN_20241340000_01D_30S_CLK.CLK.gz.csv
[06:15:43] [INFO] Merging individual file: step_2_0_pairs_esa_final_ESA0OPSFIN_20242930000_01D_30S_CLK.CLK.gz.csv
[06:15:43] [DEBUG] Cleaned up individual file: step_2_0_pairs_esa_final_ESA0OPSFIN_20242930000_01D_30S_CLK.CLK.gz.csv
[06:15:43] [INFO] Merging individual file: step_2_0_pairs_esa_final_ESA0OPSFIN_20230950000_01D_30S_CLK.CLK.gz.csv
[06:15:43] [DEBUG] Cleaned up individual file: step_2_0_pairs_esa_final_ESA0OPSFIN_20230950000_01D_30S_CLK.CLK.gz.csv
[06:15:43] [INFO] Merging individual file: step_2_0_pairs_esa_final_ESA0OPSFIN_20233540000_01D_30S_CLK.CLK.gz.csv
[06:15:43] [DEBUG] Cleaned up individual file: step_2_0_pairs_esa_final_ESA0OPSFIN_20233540000_01D_30S_CLK.CLK.gz.csv
[06:15:43] [INFO] Merging individual file: step_2_0_pairs_esa_final_ESA0OPSFIN_20243150000_01D_30S_CLK.CLK.gz.csv
[06:15:43] [DEBUG] Cleaned up individual file: step_2_0_pairs_esa_final_ESA0OPSFIN_20243150000_01D_30S_CLK.CLK.gz.csv
[06:15:43] [INFO] Merging individual file: step_2_0_pairs_esa_final_ESA0OPSFIN_20241990000_01D_30S_CLK.CLK.gz.csv
[06:15:43] [DEBUG] Cleaned up individual file: step_2_0_pairs_esa_final_ESA0OPSFIN_20241990000_01D_30S_CLK.CLK.gz.csv
[06:15:43] [INFO] Merging individual file: step_2_0_pairs_esa_final_ESA0OPSFIN_20242210000_01D_30S_CLK.CLK.gz.csv
[06:15:44] [DEBUG] Cleaned up individual file: step_2_0_pairs_esa_final_ESA0OPSFIN_20242210000_01D_30S_CLK.CLK.gz.csv
[06:15:44] [INFO] Merging individual file: step_2_0_pairs_esa_final_ESA0OPSFIN_20241740000_01D_30S_CLK.CLK.gz.csv
[06:15:44] [DEBUG] Cleaned up individual file: step_2_0_pairs_esa_final_ESA0OPSFIN_20241740000_01D_30S_CLK.CLK.gz.csv
[06:15:44] [INFO] Merging individual file: step_2_0_pairs_esa_final_ESA0OPSFIN_20232240000_01D_30S_CLK.CLK.gz.csv
[06:15:44] [DEBUG] Cleaned up individual file: step_2_0_pairs_esa_final_ESA0OPSFIN_20232240000_01D_30S_CLK.CLK.gz.csv
[06:15:44] [INFO] Merging individual file: step_2_0_pairs_esa_final_ESA0OPSFIN_20251810000_01D_30S_CLK.CLK.gz.csv
[06:15:44] [DEBUG] Cleaned up individual file: step_2_0_pairs_esa_final_ESA0OPSFIN_20251810000_01D_30S_CLK.CLK.gz.csv
[06:15:44] [INFO] Merging individual file: step_2_0_pairs_esa_final_ESA0OPSFIN_20250660000_01D_30S_CLK.CLK.gz.csv
[06:15:44] [DEBUG] Cleaned up individual file: step_2_0_pairs_esa_final_ESA0OPSFIN_20250660000_01D_30S_CLK.CLK.gz.csv
[06:15:44] [INFO] Merging individual file: step_2_0_pairs_esa_final_ESA0OPSFIN_20233000000_01D_30S_CLK.CLK.gz.csv
[06:15:44] [DEBUG] Cleaned up individual file: step_2_0_pairs_esa_final_ESA0OPSFIN_20233000000_01D_30S_CLK.CLK.gz.csv
[06:15:44] [INFO] Merging individual file: step_2_0_pairs_esa_final_ESA0OPSFIN_20250730000_01D_30S_CLK.CLK.gz.csv
[06:15:44] [DEBUG] Cleaned up individual file: step_2_0_pairs_esa_final_ESA0OPSFIN_20250730000_01D_30S_CLK.CLK.gz.csv
[06:15:44] [INFO] Merging individual file: step_2_0_pairs_esa_final_ESA0OPSFIN_20251220000_01D_30S_CLK.CLK.gz.csv
[06:15:44] [DEBUG] Cleaned up individual file: step_2_0_pairs_esa_final_ESA0OPSFIN_20251220000_01D_30S_CLK.CLK.gz.csv
[06:15:44] [INFO] Merging individual file: step_2_0_pairs_esa_final_ESA0OPSFIN_20231500000_01D_30S_CLK.CLK.gz.csv
[06:15:44] [DEBUG] Cleaned up individual file: step_2_0_pairs_esa_final_ESA0OPSFIN_20231500000_01D_30S_CLK.CLK.gz.csv
[06:15:44] [INFO] Merging individual file: step_2_0_pairs_esa_final_ESA0OPSFIN_20243010000_01D_30S_CLK.CLK.gz.csv
[06:15:44] [DEBUG] Cleaned up individual file: step_2_0_pairs_esa_final_ESA0OPSFIN_20243010000_01D_30S_CLK.CLK.gz.csv
[06:15:44] [INFO] Merging individual file: step_2_0_pairs_esa_final_ESA0OPSFIN_20240200000_01D_30S_CLK.CLK.gz.csv
[06:15:44] [DEBUG] Cleaned up individual file: step_2_0_pairs_esa_final_ESA0OPSFIN_20240200000_01D_30S_CLK.CLK.gz.csv
[06:15:44] [INFO] Merging individual file: step_2_0_pairs_esa_final_ESA0OPSFIN_20242250000_01D_30S_CLK.CLK.gz.csv
[06:15:44] [DEBUG] Cleaned up individual file: step_2_0_pairs_esa_final_ESA0OPSFIN_20242250000_01D_30S_CLK.CLK.gz.csv
[06:15:44] [INFO] Merging individual file: step_2_0_pairs_esa_final_ESA0OPSFIN_20242290000_01D_30S_CLK.CLK.gz.csv
[06:15:45] [DEBUG] Cleaned up individual file: step_2_0_pairs_esa_final_ESA0OPSFIN_20242290000_01D_30S_CLK.CLK.gz.csv
[06:15:45] [INFO] Merging individual file: step_2_0_pairs_esa_final_ESA0OPSFIN_20251780000_01D_30S_CLK.CLK.gz.csv
[06:15:45] [DEBUG] Cleaned up individual file: step_2_0_pairs_esa_final_ESA0OPSFIN_20251780000_01D_30S_CLK.CLK.gz.csv
[06:15:45] [INFO] Merging individual file: step_2_0_pairs_esa_final_ESA0OPSFIN_20242660000_01D_30S_CLK.CLK.gz.csv
[06:15:45] [DEBUG] Cleaned up individual file: step_2_0_pairs_esa_final_ESA0OPSFIN_20242660000_01D_30S_CLK.CLK.gz.csv
[06:15:45] [INFO] Merging individual file: step_2_0_pairs_esa_final_ESA0OPSFIN_20250260000_01D_30S_CLK.CLK.gz.csv
[06:15:45] [DEBUG] Cleaned up individual file: step_2_0_pairs_esa_final_ESA0OPSFIN_20250260000_01D_30S_CLK.CLK.gz.csv
[06:15:45] [INFO] Merging individual file: step_2_0_pairs_esa_final_ESA0OPSFIN_20232860000_01D_30S_CLK.CLK.gz.csv
[06:15:45] [DEBUG] Cleaned up individual file: step_2_0_pairs_esa_final_ESA0OPSFIN_20232860000_01D_30S_CLK.CLK.gz.csv
[06:15:45] [INFO] Merging individual file: step_2_0_pairs_esa_final_ESA0OPSFIN_20232030000_01D_30S_CLK.CLK.gz.csv
[06:15:45] [DEBUG] Cleaned up individual file: step_2_0_pairs_esa_final_ESA0OPSFIN_20232030000_01D_30S_CLK.CLK.gz.csv
[06:15:45] [INFO] Merging individual file: step_2_0_pairs_esa_final_ESA0OPSFIN_20250710000_01D_30S_CLK.CLK.gz.csv
[06:15:45] [DEBUG] Cleaned up individual file: step_2_0_pairs_esa_final_ESA0OPSFIN_20250710000_01D_30S_CLK.CLK.gz.csv
[06:15:45] [INFO] Merging individual file: step_2_0_pairs_esa_final_ESA0OPSFIN_20240770000_01D_30S_CLK.CLK.gz.csv
[06:15:45] [DEBUG] Cleaned up individual file: step_2_0_pairs_esa_final_ESA0OPSFIN_20240770000_01D_30S_CLK.CLK.gz.csv
[06:15:45] [INFO] Merging individual file: step_2_0_pairs_esa_final_ESA0OPSFIN_20241330000_01D_30S_CLK.CLK.gz.csv
[06:15:45] [DEBUG] Cleaned up individual file: step_2_0_pairs_esa_final_ESA0OPSFIN_20241330000_01D_30S_CLK.CLK.gz.csv
[06:15:45] [INFO] Merging individual file: step_2_0_pairs_esa_final_ESA0OPSFIN_20240780000_01D_30S_CLK.CLK.gz.csv
[06:15:45] [DEBUG] Cleaned up individual file: step_2_0_pairs_esa_final_ESA0OPSFIN_20240780000_01D_30S_CLK.CLK.gz.csv
[06:15:45] [INFO] Merging individual file: step_2_0_pairs_esa_final_ESA0OPSFIN_20242230000_01D_30S_CLK.CLK.gz.csv
[06:15:45] [DEBUG] Cleaned up individual file: step_2_0_pairs_esa_final_ESA0OPSFIN_20242230000_01D_30S_CLK.CLK.gz.csv
[06:15:45] [INFO] Merging individual file: step_2_0_pairs_esa_final_ESA0OPSFIN_20240720000_01D_30S_CLK.CLK.gz.csv
[06:15:45] [DEBUG] Cleaned up individual file: step_2_0_pairs_esa_final_ESA0OPSFIN_20240720000_01D_30S_CLK.CLK.gz.csv
[06:15:45] [INFO] Merging individual file: step_2_0_pairs_esa_final_ESA0OPSFIN_20230890000_01D_30S_CLK.CLK.gz.csv
[06:15:45] [DEBUG] Cleaned up individual file: step_2_0_pairs_esa_final_ESA0OPSFIN_20230890000_01D_30S_CLK.CLK.gz.csv
[06:15:45] [INFO] Merging individual file: step_2_0_pairs_esa_final_ESA0OPSFIN_20243500000_01D_30S_CLK.CLK.gz.csv
[06:15:45] [DEBUG] Cleaned up individual file: step_2_0_pairs_esa_final_ESA0OPSFIN_20243500000_01D_30S_CLK.CLK.gz.csv
[06:15:45] [INFO] Merging individual file: step_2_0_pairs_esa_final_ESA0OPSFIN_20231490000_01D_30S_CLK.CLK.gz.csv
[06:15:46] [DEBUG] Cleaned up individual file: step_2_0_pairs_esa_final_ESA0OPSFIN_20231490000_01D_30S_CLK.CLK.gz.csv
[06:15:46] [INFO] Merging individual file: step_2_0_pairs_esa_final_ESA0OPSFIN_20242220000_01D_30S_CLK.CLK.gz.csv
[06:15:46] [DEBUG] Cleaned up individual file: step_2_0_pairs_esa_final_ESA0OPSFIN_20242220000_01D_30S_CLK.CLK.gz.csv
[06:15:46] [INFO] Merging individual file: step_2_0_pairs_esa_final_ESA0OPSFIN_20230560000_01D_30S_CLK.CLK.gz.csv
[06:15:46] [DEBUG] Cleaned up individual file: step_2_0_pairs_esa_final_ESA0OPSFIN_20230560000_01D_30S_CLK.CLK.gz.csv
[06:15:46] [INFO] Merging individual file: step_2_0_pairs_esa_final_ESA0OPSFIN_20250040000_01D_30S_CLK.CLK.gz.csv
[06:15:46] [DEBUG] Cleaned up individual file: step_2_0_pairs_esa_final_ESA0OPSFIN_20250040000_01D_30S_CLK.CLK.gz.csv
[06:15:46] [INFO] Merging individual file: step_2_0_pairs_esa_final_ESA0OPSFIN_20242860000_01D_30S_CLK.CLK.gz.csv
[06:15:46] [DEBUG] Cleaned up individual file: step_2_0_pairs_esa_final_ESA0OPSFIN_20242860000_01D_30S_CLK.CLK.gz.csv
[06:15:46] [INFO] Merging individual file: step_2_0_pairs_esa_final_ESA0OPSFIN_20232010000_01D_30S_CLK.CLK.gz.csv
[06:15:46] [DEBUG] Cleaned up individual file: step_2_0_pairs_esa_final_ESA0OPSFIN_20232010000_01D_30S_CLK.CLK.gz.csv
[06:15:46] [INFO] Merging individual file: step_2_0_pairs_esa_final_ESA0OPSFIN_20240060000_01D_30S_CLK.CLK.gz.csv
[06:15:46] [DEBUG] Cleaned up individual file: step_2_0_pairs_esa_final_ESA0OPSFIN_20240060000_01D_30S_CLK.CLK.gz.csv
[06:15:46] [INFO] Merging individual file: step_2_0_pairs_esa_final_ESA0OPSFIN_20241950000_01D_30S_CLK.CLK.gz.csv
[06:15:46] [DEBUG] Cleaned up individual file: step_2_0_pairs_esa_final_ESA0OPSFIN_20241950000_01D_30S_CLK.CLK.gz.csv
[06:15:46] [INFO] Merging individual file: step_2_0_pairs_esa_final_ESA0OPSFIN_20241820000_01D_30S_CLK.CLK.gz.csv
[06:15:46] [DEBUG] Cleaned up individual file: step_2_0_pairs_esa_final_ESA0OPSFIN_20241820000_01D_30S_CLK.CLK.gz.csv
[06:15:46] [INFO] Merging individual file: step_2_0_pairs_esa_final_ESA0OPSFIN_20250180000_01D_30S_CLK.CLK.gz.csv
[06:15:46] [DEBUG] Cleaned up individual file: step_2_0_pairs_esa_final_ESA0OPSFIN_20250180000_01D_30S_CLK.CLK.gz.csv
[06:15:46] [INFO] Merging individual file: step_2_0_pairs_esa_final_ESA0OPSFIN_20251370000_01D_30S_CLK.CLK.gz.csv
[06:15:46] [DEBUG] Cleaned up individual file: step_2_0_pairs_esa_final_ESA0OPSFIN_20251370000_01D_30S_CLK.CLK.gz.csv
[06:15:46] [INFO] Merging individual file: step_2_0_pairs_esa_final_ESA0OPSFIN_20241520000_01D_30S_CLK.CLK.gz.csv
[06:15:46] [DEBUG] Cleaned up individual file: step_2_0_pairs_esa_final_ESA0OPSFIN_20241520000_01D_30S_CLK.CLK.gz.csv
[06:15:46] [INFO] Merging individual file: step_2_0_pairs_esa_final_ESA0OPSFIN_20240710000_01D_30S_CLK.CLK.gz.csv
[06:15:46] [DEBUG] Cleaned up individual file: step_2_0_pairs_esa_final_ESA0OPSFIN_20240710000_01D_30S_CLK.CLK.gz.csv
[06:15:46] [INFO] Merging individual file: step_2_0_pairs_esa_final_ESA0OPSFIN_20230260000_01D_30S_CLK.CLK.gz.csv
[06:15:46] [DEBUG] Cleaned up individual file: step_2_0_pairs_esa_final_ESA0OPSFIN_20230260000_01D_30S_CLK.CLK.gz.csv
[06:15:46] [INFO] Merging individual file: step_2_0_pairs_esa_final_ESA0OPSFIN_20230700000_01D_30S_CLK.CLK.gz.csv
[06:15:47] [DEBUG] Cleaned up individual file: step_2_0_pairs_esa_final_ESA0OPSFIN_20230700000_01D_30S_CLK.CLK.gz.csv
[06:15:47] [INFO] Merging individual file: step_2_0_pairs_esa_final_ESA0OPSFIN_20231590000_01D_30S_CLK.CLK.gz.csv
[06:15:47] [DEBUG] Cleaned up individual file: step_2_0_pairs_esa_final_ESA0OPSFIN_20231590000_01D_30S_CLK.CLK.gz.csv
[06:15:47] [INFO] Merging individual file: step_2_0_pairs_esa_final_ESA0OPSFIN_20250770000_01D_30S_CLK.CLK.gz.csv
[06:15:47] [DEBUG] Cleaned up individual file: step_2_0_pairs_esa_final_ESA0OPSFIN_20250770000_01D_30S_CLK.CLK.gz.csv
[06:15:47] [INFO] Merging individual file: step_2_0_pairs_esa_final_ESA0OPSFIN_20230010000_01D_30S_CLK.CLK.gz.csv
[06:15:47] [DEBUG] Cleaned up individual file: step_2_0_pairs_esa_final_ESA0OPSFIN_20230010000_01D_30S_CLK.CLK.gz.csv
[06:15:47] [INFO] Merging individual file: step_2_0_pairs_esa_final_ESA0OPSFIN_20242460000_01D_30S_CLK.CLK.gz.csv
[06:15:47] [DEBUG] Cleaned up individual file: step_2_0_pairs_esa_final_ESA0OPSFIN_20242460000_01D_30S_CLK.CLK.gz.csv
[06:15:47] [INFO] Merging individual file: step_2_0_pairs_esa_final_ESA0OPSFIN_20243560000_01D_30S_CLK.CLK.gz.csv
[06:15:47] [DEBUG] Cleaned up individual file: step_2_0_pairs_esa_final_ESA0OPSFIN_20243560000_01D_30S_CLK.CLK.gz.csv
[06:15:47] [INFO] Merging individual file: step_2_0_pairs_esa_final_ESA0OPSFIN_20250790000_01D_30S_CLK.CLK.gz.csv
[06:15:47] [DEBUG] Cleaned up individual file: step_2_0_pairs_esa_final_ESA0OPSFIN_20250790000_01D_30S_CLK.CLK.gz.csv
[06:15:47] [INFO] Merging individual file: step_2_0_pairs_esa_final_ESA0OPSFIN_20243270000_01D_30S_CLK.CLK.gz.csv
[06:15:47] [DEBUG] Cleaned up individual file: step_2_0_pairs_esa_final_ESA0OPSFIN_20243270000_01D_30S_CLK.CLK.gz.csv
[06:15:47] [INFO] Merging individual file: step_2_0_pairs_esa_final_ESA0OPSFIN_20250920000_01D_30S_CLK.CLK.gz.csv
[06:15:47] [DEBUG] Cleaned up individual file: step_2_0_pairs_esa_final_ESA0OPSFIN_20250920000_01D_30S_CLK.CLK.gz.csv
[06:15:47] [INFO] Merging individual file: step_2_0_pairs_esa_final_ESA0OPSFIN_20240490000_01D_30S_CLK.CLK.gz.csv
[06:15:47] [DEBUG] Cleaned up individual file: step_2_0_pairs_esa_final_ESA0OPSFIN_20240490000_01D_30S_CLK.CLK.gz.csv
[06:15:47] [INFO] Merging individual file: step_2_0_pairs_esa_final_ESA0OPSFIN_20231230000_01D_30S_CLK.CLK.gz.csv
[06:15:47] [DEBUG] Cleaned up individual file: step_2_0_pairs_esa_final_ESA0OPSFIN_20231230000_01D_30S_CLK.CLK.gz.csv
[06:15:47] [INFO] Merging individual file: step_2_0_pairs_esa_final_ESA0OPSFIN_20231750000_01D_30S_CLK.CLK.gz.csv
[06:15:47] [DEBUG] Cleaned up individual file: step_2_0_pairs_esa_final_ESA0OPSFIN_20231750000_01D_30S_CLK.CLK.gz.csv
[06:15:47] [INFO] Merging individual file: step_2_0_pairs_esa_final_ESA0OPSFIN_20250430000_01D_30S_CLK.CLK.gz.csv
[06:15:47] [DEBUG] Cleaned up individual file: step_2_0_pairs_esa_final_ESA0OPSFIN_20250430000_01D_30S_CLK.CLK.gz.csv
[06:15:47] [INFO] Merging individual file: step_2_0_pairs_esa_final_ESA0OPSFIN_20231630000_01D_30S_CLK.CLK.gz.csv
[06:15:48] [DEBUG] Cleaned up individual file: step_2_0_pairs_esa_final_ESA0OPSFIN_20231630000_01D_30S_CLK.CLK.gz.csv
[06:15:48] [INFO] Merging individual file: step_2_0_pairs_esa_final_ESA0OPSFIN_20250550000_01D_30S_CLK.CLK.gz.csv
[06:15:48] [DEBUG] Cleaned up individual file: step_2_0_pairs_esa_final_ESA0OPSFIN_20250550000_01D_30S_CLK.CLK.gz.csv
[06:15:48] [INFO] Merging individual file: step_2_0_pairs_esa_final_ESA0OPSFIN_20233420000_01D_30S_CLK.CLK.gz.csv
[06:15:48] [DEBUG] Cleaned up individual file: step_2_0_pairs_esa_final_ESA0OPSFIN_20233420000_01D_30S_CLK.CLK.gz.csv
[06:15:48] [INFO] Merging individual file: step_2_0_pairs_esa_final_ESA0OPSFIN_20232610000_01D_30S_CLK.CLK.gz.csv
[06:15:48] [DEBUG] Cleaned up individual file: step_2_0_pairs_esa_final_ESA0OPSFIN_20232610000_01D_30S_CLK.CLK.gz.csv
[06:15:48] [INFO] Merging individual file: step_2_0_pairs_esa_final_ESA0OPSFIN_20242640000_01D_30S_CLK.CLK.gz.csv
[06:15:48] [DEBUG] Cleaned up individual file: step_2_0_pairs_esa_final_ESA0OPSFIN_20242640000_01D_30S_CLK.CLK.gz.csv
[06:15:48] [INFO] Merging individual file: step_2_0_pairs_esa_final_ESA0OPSFIN_20230360000_01D_30S_CLK.CLK.gz.csv
[06:15:48] [DEBUG] Cleaned up individual file: step_2_0_pairs_esa_final_ESA0OPSFIN_20230360000_01D_30S_CLK.CLK.gz.csv
[06:15:48] [INFO] Merging individual file: step_2_0_pairs_esa_final_ESA0OPSFIN_20232180000_01D_30S_CLK.CLK.gz.csv
[06:15:48] [DEBUG] Cleaned up individual file: step_2_0_pairs_esa_final_ESA0OPSFIN_20232180000_01D_30S_CLK.CLK.gz.csv
[06:15:48] [INFO] Merging individual file: step_2_0_pairs_esa_final_ESA0OPSFIN_20230500000_01D_30S_CLK.CLK.gz.csv
[06:15:48] [DEBUG] Cleaned up individual file: step_2_0_pairs_esa_final_ESA0OPSFIN_20230500000_01D_30S_CLK.CLK.gz.csv
[06:15:48] [INFO] Merging individual file: step_2_0_pairs_esa_final_ESA0OPSFIN_20231130000_01D_30S_CLK.CLK.gz.csv
[06:15:48] [DEBUG] Cleaned up individual file: step_2_0_pairs_esa_final_ESA0OPSFIN_20231130000_01D_30S_CLK.CLK.gz.csv
[06:15:48] [INFO] Merging individual file: step_2_0_pairs_esa_final_ESA0OPSFIN_20240600000_01D_30S_CLK.CLK.gz.csv
[06:15:48] [DEBUG] Cleaned up individual file: step_2_0_pairs_esa_final_ESA0OPSFIN_20240600000_01D_30S_CLK.CLK.gz.csv
[06:15:48] [INFO] Merging individual file: step_2_0_pairs_esa_final_ESA0OPSFIN_20242260000_01D_30S_CLK.CLK.gz.csv
[06:15:48] [DEBUG] Cleaned up individual file: step_2_0_pairs_esa_final_ESA0OPSFIN_20242260000_01D_30S_CLK.CLK.gz.csv
[06:15:48] [INFO] Merging individual file: step_2_0_pairs_esa_final_ESA0OPSFIN_20241800000_01D_30S_CLK.CLK.gz.csv
[06:15:48] [DEBUG] Cleaned up individual file: step_2_0_pairs_esa_final_ESA0OPSFIN_20241800000_01D_30S_CLK.CLK.gz.csv
[06:15:48] [INFO] Merging individual file: step_2_0_pairs_esa_final_ESA0OPSFIN_20233310000_01D_30S_CLK.CLK.gz.csv
[06:15:48] [DEBUG] Cleaned up individual file: step_2_0_pairs_esa_final_ESA0OPSFIN_20233310000_01D_30S_CLK.CLK.gz.csv
[06:15:48] [INFO] Merging individual file: step_2_0_pairs_esa_final_ESA0OPSFIN_20231290000_01D_30S_CLK.CLK.gz.csv
[06:15:48] [DEBUG] Cleaned up individual file: step_2_0_pairs_esa_final_ESA0OPSFIN_20231290000_01D_30S_CLK.CLK.gz.csv
[06:15:48] [INFO] Merging individual file: step_2_0_pairs_esa_final_ESA0OPSFIN_20242890000_01D_30S_CLK.CLK.gz.csv
[06:15:49] [DEBUG] Cleaned up individual file: step_2_0_pairs_esa_final_ESA0OPSFIN_20242890000_01D_30S_CLK.CLK.gz.csv
[06:15:49] [INFO] Merging individual file: step_2_0_pairs_esa_final_ESA0OPSFIN_20231340000_01D_30S_CLK.CLK.gz.csv
[06:15:49] [DEBUG] Cleaned up individual file: step_2_0_pairs_esa_final_ESA0OPSFIN_20231340000_01D_30S_CLK.CLK.gz.csv
[06:15:49] [INFO] Merging individual file: step_2_0_pairs_esa_final_ESA0OPSFIN_20242310000_01D_30S_CLK.CLK.gz.csv
[06:15:49] [DEBUG] Cleaned up individual file: step_2_0_pairs_esa_final_ESA0OPSFIN_20242310000_01D_30S_CLK.CLK.gz.csv
[06:15:49] [INFO] Merging individual file: step_2_0_pairs_esa_final_ESA0OPSFIN_20231650000_01D_30S_CLK.CLK.gz.csv
[06:15:49] [DEBUG] Cleaned up individual file: step_2_0_pairs_esa_final_ESA0OPSFIN_20231650000_01D_30S_CLK.CLK.gz.csv
[06:15:49] [INFO] Merging individual file: step_2_0_pairs_esa_final_ESA0OPSFIN_20233150000_01D_30S_CLK.CLK.gz.csv
[06:15:49] [DEBUG] Cleaned up individual file: step_2_0_pairs_esa_final_ESA0OPSFIN_20233150000_01D_30S_CLK.CLK.gz.csv
[06:15:49] [INFO] Merging individual file: step_2_0_pairs_esa_final_ESA0OPSFIN_20231480000_01D_30S_CLK.CLK.gz.csv
[06:15:49] [DEBUG] Cleaned up individual file: step_2_0_pairs_esa_final_ESA0OPSFIN_20231480000_01D_30S_CLK.CLK.gz.csv
[06:15:49] [INFO] Merging individual file: step_2_0_pairs_esa_final_ESA0OPSFIN_20241680000_01D_30S_CLK.CLK.gz.csv
[06:15:49] [DEBUG] Cleaned up individual file: step_2_0_pairs_esa_final_ESA0OPSFIN_20241680000_01D_30S_CLK.CLK.gz.csv
[06:15:49] [INFO] Merging individual file: step_2_0_pairs_esa_final_ESA0OPSFIN_20251580000_01D_30S_CLK.CLK.gz.csv
[06:15:49] [DEBUG] Cleaned up individual file: step_2_0_pairs_esa_final_ESA0OPSFIN_20251580000_01D_30S_CLK.CLK.gz.csv
[06:15:49] [INFO] Merging individual file: step_2_0_pairs_esa_final_ESA0OPSFIN_20241440000_01D_30S_CLK.CLK.gz.csv
[06:15:49] [DEBUG] Cleaned up individual file: step_2_0_pairs_esa_final_ESA0OPSFIN_20241440000_01D_30S_CLK.CLK.gz.csv
[06:15:49] [INFO] Merging individual file: step_2_0_pairs_esa_final_ESA0OPSFIN_20251730000_01D_30S_CLK.CLK.gz.csv
[06:15:49] [DEBUG] Cleaned up individual file: step_2_0_pairs_esa_final_ESA0OPSFIN_20251730000_01D_30S_CLK.CLK.gz.csv
[06:15:49] [INFO] Merging individual file: step_2_0_pairs_esa_final_ESA0OPSFIN_20241830000_01D_30S_CLK.CLK.gz.csv
[06:15:49] [DEBUG] Cleaned up individual file: step_2_0_pairs_esa_final_ESA0OPSFIN_20241830000_01D_30S_CLK.CLK.gz.csv
[06:15:49] [INFO] Merging individual file: step_2_0_pairs_esa_final_ESA0OPSFIN_20232880000_01D_30S_CLK.CLK.gz.csv
[06:15:49] [DEBUG] Cleaned up individual file: step_2_0_pairs_esa_final_ESA0OPSFIN_20232880000_01D_30S_CLK.CLK.gz.csv
[06:15:49] [INFO] Merging individual file: step_2_0_pairs_esa_final_ESA0OPSFIN_20232920000_01D_30S_CLK.CLK.gz.csv
[06:15:49] [DEBUG] Cleaned up individual file: step_2_0_pairs_esa_final_ESA0OPSFIN_20232920000_01D_30S_CLK.CLK.gz.csv
[06:15:49] [INFO] Merging individual file: step_2_0_pairs_esa_final_ESA0OPSFIN_20251490000_01D_30S_CLK.CLK.gz.csv
[06:15:50] [DEBUG] Cleaned up individual file: step_2_0_pairs_esa_final_ESA0OPSFIN_20251490000_01D_30S_CLK.CLK.gz.csv
[06:15:50] [INFO] Merging individual file: step_2_0_pairs_esa_final_ESA0OPSFIN_20232550000_01D_30S_CLK.CLK.gz.csv
[06:15:50] [DEBUG] Cleaned up individual file: step_2_0_pairs_esa_final_ESA0OPSFIN_20232550000_01D_30S_CLK.CLK.gz.csv
[06:15:50] [INFO] Merging individual file: step_2_0_pairs_esa_final_ESA0OPSFIN_20233290000_01D_30S_CLK.CLK.gz.csv
[06:15:50] [DEBUG] Cleaned up individual file: step_2_0_pairs_esa_final_ESA0OPSFIN_20233290000_01D_30S_CLK.CLK.gz.csv
[06:15:50] [INFO] Merging individual file: step_2_0_pairs_esa_final_ESA0OPSFIN_20231210000_01D_30S_CLK.CLK.gz.csv
[06:15:50] [DEBUG] Cleaned up individual file: step_2_0_pairs_esa_final_ESA0OPSFIN_20231210000_01D_30S_CLK.CLK.gz.csv
[06:15:50] [INFO] Merging individual file: step_2_0_pairs_esa_final_ESA0OPSFIN_20233640000_01D_30S_CLK.CLK.gz.csv
[06:15:50] [DEBUG] Cleaned up individual file: step_2_0_pairs_esa_final_ESA0OPSFIN_20233640000_01D_30S_CLK.CLK.gz.csv
[06:15:50] [INFO] Merging individual file: step_2_0_pairs_esa_final_ESA0OPSFIN_20241490000_01D_30S_CLK.CLK.gz.csv
[06:15:50] [DEBUG] Cleaned up individual file: step_2_0_pairs_esa_final_ESA0OPSFIN_20241490000_01D_30S_CLK.CLK.gz.csv
[06:15:50] [INFO] Merging individual file: step_2_0_pairs_esa_final_ESA0OPSFIN_20242940000_01D_30S_CLK.CLK.gz.csv
[06:15:50] [DEBUG] Cleaned up individual file: step_2_0_pairs_esa_final_ESA0OPSFIN_20242940000_01D_30S_CLK.CLK.gz.csv
[06:15:50] [INFO] Merging individual file: step_2_0_pairs_esa_final_ESA0OPSFIN_20231970000_01D_30S_CLK.CLK.gz.csv
[06:15:50] [DEBUG] Cleaned up individual file: step_2_0_pairs_esa_final_ESA0OPSFIN_20231970000_01D_30S_CLK.CLK.gz.csv
[06:15:50] [INFO] Merging individual file: step_2_0_pairs_esa_final_ESA0OPSFIN_20241900000_01D_30S_CLK.CLK.gz.csv
[06:15:50] [DEBUG] Cleaned up individual file: step_2_0_pairs_esa_final_ESA0OPSFIN_20241900000_01D_30S_CLK.CLK.gz.csv
[06:15:50] [INFO] Merging individual file: step_2_0_pairs_esa_final_ESA0OPSFIN_20240160000_01D_30S_CLK.CLK.gz.csv
[06:15:50] [DEBUG] Cleaned up individual file: step_2_0_pairs_esa_final_ESA0OPSFIN_20240160000_01D_30S_CLK.CLK.gz.csv
[06:15:50] [INFO] Merging individual file: step_2_0_pairs_esa_final_ESA0OPSFIN_20233410000_01D_30S_CLK.CLK.gz.csv
[06:15:50] [DEBUG] Cleaned up individual file: step_2_0_pairs_esa_final_ESA0OPSFIN_20233410000_01D_30S_CLK.CLK.gz.csv
[06:15:50] [INFO] Merging individual file: step_2_0_pairs_esa_final_ESA0OPSFIN_20230130000_01D_30S_CLK.CLK.gz.csv
[06:15:50] [DEBUG] Cleaned up individual file: step_2_0_pairs_esa_final_ESA0OPSFIN_20230130000_01D_30S_CLK.CLK.gz.csv
[06:15:50] [INFO] Merging individual file: step_2_0_pairs_esa_final_ESA0OPSFIN_20250030000_01D_30S_CLK.CLK.gz.csv
[06:15:50] [DEBUG] Cleaned up individual file: step_2_0_pairs_esa_final_ESA0OPSFIN_20250030000_01D_30S_CLK.CLK.gz.csv
[06:15:50] [INFO] Merging individual file: step_2_0_pairs_esa_final_ESA0OPSFIN_20231270000_01D_30S_CLK.CLK.gz.csv
[06:15:50] [DEBUG] Cleaned up individual file: step_2_0_pairs_esa_final_ESA0OPSFIN_20231270000_01D_30S_CLK.CLK.gz.csv
[06:15:50] [INFO] Merging individual file: step_2_0_pairs_esa_final_ESA0OPSFIN_20240190000_01D_30S_CLK.CLK.gz.csv
[06:15:51] [DEBUG] Cleaned up individual file: step_2_0_pairs_esa_final_ESA0OPSFIN_20240190000_01D_30S_CLK.CLK.gz.csv
[06:15:51] [INFO] Merging individual file: step_2_0_pairs_esa_final_ESA0OPSFIN_20232570000_01D_30S_CLK.CLK.gz.csv
[06:15:51] [DEBUG] Cleaned up individual file: step_2_0_pairs_esa_final_ESA0OPSFIN_20232570000_01D_30S_CLK.CLK.gz.csv
[06:15:51] [INFO] Merging individual file: step_2_0_pairs_esa_final_ESA0OPSFIN_20251430000_01D_30S_CLK.CLK.gz.csv
[06:15:51] [DEBUG] Cleaned up individual file: step_2_0_pairs_esa_final_ESA0OPSFIN_20251430000_01D_30S_CLK.CLK.gz.csv
[06:15:51] [INFO] Merging individual file: step_2_0_pairs_esa_final_ESA0OPSFIN_20240100000_01D_30S_CLK.CLK.gz.csv
[06:15:51] [DEBUG] Cleaned up individual file: step_2_0_pairs_esa_final_ESA0OPSFIN_20240100000_01D_30S_CLK.CLK.gz.csv
[06:15:51] [INFO] Merging individual file: step_2_0_pairs_esa_final_ESA0OPSFIN_20243160000_01D_30S_CLK.CLK.gz.csv
[06:15:51] [DEBUG] Cleaned up individual file: step_2_0_pairs_esa_final_ESA0OPSFIN_20243160000_01D_30S_CLK.CLK.gz.csv
[06:15:51] [INFO] Merging individual file: step_2_0_pairs_esa_final_ESA0OPSFIN_20250960000_01D_30S_CLK.CLK.gz.csv
[06:15:51] [DEBUG] Cleaned up individual file: step_2_0_pairs_esa_final_ESA0OPSFIN_20250960000_01D_30S_CLK.CLK.gz.csv
[06:15:51] [INFO] Merging individual file: step_2_0_pairs_esa_final_ESA0OPSFIN_20242910000_01D_30S_CLK.CLK.gz.csv
[06:15:51] [DEBUG] Cleaned up individual file: step_2_0_pairs_esa_final_ESA0OPSFIN_20242910000_01D_30S_CLK.CLK.gz.csv
[06:15:51] [INFO] Merging individual file: step_2_0_pairs_esa_final_ESA0OPSFIN_20232300000_01D_30S_CLK.CLK.gz.csv
[06:15:51] [DEBUG] Cleaned up individual file: step_2_0_pairs_esa_final_ESA0OPSFIN_20232300000_01D_30S_CLK.CLK.gz.csv
[06:15:51] [INFO] Merging individual file: step_2_0_pairs_esa_final_ESA0OPSFIN_20231580000_01D_30S_CLK.CLK.gz.csv
[06:15:51] [DEBUG] Cleaned up individual file: step_2_0_pairs_esa_final_ESA0OPSFIN_20231580000_01D_30S_CLK.CLK.gz.csv
[06:15:51] [INFO] Merging individual file: step_2_0_pairs_esa_final_ESA0OPSFIN_20241430000_01D_30S_CLK.CLK.gz.csv
[06:15:51] [DEBUG] Cleaned up individual file: step_2_0_pairs_esa_final_ESA0OPSFIN_20241430000_01D_30S_CLK.CLK.gz.csv
[06:15:51] [INFO] Merging individual file: step_2_0_pairs_esa_final_ESA0OPSFIN_20231550000_01D_30S_CLK.CLK.gz.csv
[06:15:51] [DEBUG] Cleaned up individual file: step_2_0_pairs_esa_final_ESA0OPSFIN_20231550000_01D_30S_CLK.CLK.gz.csv
[06:15:51] [INFO] Merging individual file: step_2_0_pairs_esa_final_ESA0OPSFIN_20242840000_01D_30S_CLK.CLK.gz.csv
[06:15:51] [DEBUG] Cleaned up individual file: step_2_0_pairs_esa_final_ESA0OPSFIN_20242840000_01D_30S_CLK.CLK.gz.csv
[06:15:51] [INFO] Merging individual file: step_2_0_pairs_esa_final_ESA0OPSFIN_20242410000_01D_30S_CLK.CLK.gz.csv
[06:15:51] [DEBUG] Cleaned up individual file: step_2_0_pairs_esa_final_ESA0OPSFIN_20242410000_01D_30S_CLK.CLK.gz.csv
[06:15:51] [INFO] Merging individual file: step_2_0_pairs_esa_final_ESA0OPSFIN_20241620000_01D_30S_CLK.CLK.gz.csv
[06:15:52] [DEBUG] Cleaned up individual file: step_2_0_pairs_esa_final_ESA0OPSFIN_20241620000_01D_30S_CLK.CLK.gz.csv
[06:15:52] [INFO] Merging individual file: step_2_0_pairs_esa_final_ESA0OPSFIN_20230620000_01D_30S_CLK.CLK.gz.csv
[06:15:52] [DEBUG] Cleaned up individual file: step_2_0_pairs_esa_final_ESA0OPSFIN_20230620000_01D_30S_CLK.CLK.gz.csv
[06:15:52] [INFO] Merging individual file: step_2_0_pairs_esa_final_ESA0OPSFIN_20231610000_01D_30S_CLK.CLK.gz.csv
[06:15:52] [DEBUG] Cleaned up individual file: step_2_0_pairs_esa_final_ESA0OPSFIN_20231610000_01D_30S_CLK.CLK.gz.csv
[06:15:52] [INFO] Merging individual file: step_2_0_pairs_esa_final_ESA0OPSFIN_20241410000_01D_30S_CLK.CLK.gz.csv
[06:15:52] [DEBUG] Cleaned up individual file: step_2_0_pairs_esa_final_ESA0OPSFIN_20241410000_01D_30S_CLK.CLK.gz.csv
[06:15:52] [INFO] Merging individual file: step_2_0_pairs_esa_final_ESA0OPSFIN_20240860000_01D_30S_CLK.CLK.gz.csv
[06:15:52] [DEBUG] Cleaned up individual file: step_2_0_pairs_esa_final_ESA0OPSFIN_20240860000_01D_30S_CLK.CLK.gz.csv
[06:15:52] [INFO] Merging individual file: step_2_0_pairs_esa_final_ESA0OPSFIN_20233380000_01D_30S_CLK.CLK.gz.csv
[06:15:52] [DEBUG] Cleaned up individual file: step_2_0_pairs_esa_final_ESA0OPSFIN_20233380000_01D_30S_CLK.CLK.gz.csv
[06:15:52] [INFO] Merging individual file: step_2_0_pairs_esa_final_ESA0OPSFIN_20230220000_01D_30S_CLK.CLK.gz.csv
[06:15:52] [DEBUG] Cleaned up individual file: step_2_0_pairs_esa_final_ESA0OPSFIN_20230220000_01D_30S_CLK.CLK.gz.csv
[06:15:52] [INFO] Merging individual file: step_2_0_pairs_esa_final_ESA0OPSFIN_20233610000_01D_30S_CLK.CLK.gz.csv
[06:15:52] [DEBUG] Cleaned up individual file: step_2_0_pairs_esa_final_ESA0OPSFIN_20233610000_01D_30S_CLK.CLK.gz.csv
[06:15:52] [INFO] Merging individual file: step_2_0_pairs_esa_final_ESA0OPSFIN_20232330000_01D_30S_CLK.CLK.gz.csv
[06:15:52] [DEBUG] Cleaned up individual file: step_2_0_pairs_esa_final_ESA0OPSFIN_20232330000_01D_30S_CLK.CLK.gz.csv
[06:15:52] [INFO] Merging individual file: step_2_0_pairs_esa_final_ESA0OPSFIN_20233020000_01D_30S_CLK.CLK.gz.csv
[06:15:52] [DEBUG] Cleaned up individual file: step_2_0_pairs_esa_final_ESA0OPSFIN_20233020000_01D_30S_CLK.CLK.gz.csv
[06:15:52] [INFO] Merging individual file: step_2_0_pairs_esa_final_ESA0OPSFIN_20243120000_01D_30S_CLK.CLK.gz.csv
[06:15:52] [DEBUG] Cleaned up individual file: step_2_0_pairs_esa_final_ESA0OPSFIN_20243120000_01D_30S_CLK.CLK.gz.csv
[06:15:52] [INFO] Merging individual file: step_2_0_pairs_esa_final_ESA0OPSFIN_20232580000_01D_30S_CLK.CLK.gz.csv
[06:15:52] [DEBUG] Cleaned up individual file: step_2_0_pairs_esa_final_ESA0OPSFIN_20232580000_01D_30S_CLK.CLK.gz.csv
[06:15:52] [INFO] Merging individual file: step_2_0_pairs_esa_final_ESA0OPSFIN_20240090000_01D_30S_CLK.CLK.gz.csv
[06:15:52] [DEBUG] Cleaned up individual file: step_2_0_pairs_esa_final_ESA0OPSFIN_20240090000_01D_30S_CLK.CLK.gz.csv
[06:15:52] [INFO] Merging individual file: step_2_0_pairs_esa_final_ESA0OPSFIN_20242630000_01D_30S_CLK.CLK.gz.csv
[06:15:52] [DEBUG] Cleaned up individual file: step_2_0_pairs_esa_final_ESA0OPSFIN_20242630000_01D_30S_CLK.CLK.gz.csv
[06:15:52] [INFO] Merging individual file: step_2_0_pairs_esa_final_ESA0OPSFIN_20230430000_01D_30S_CLK.CLK.gz.csv
[06:15:53] [DEBUG] Cleaned up individual file: step_2_0_pairs_esa_final_ESA0OPSFIN_20230430000_01D_30S_CLK.CLK.gz.csv
[06:15:53] [INFO] Merging individual file: step_2_0_pairs_esa_final_ESA0OPSFIN_20241310000_01D_30S_CLK.CLK.gz.csv
[06:15:53] [DEBUG] Cleaned up individual file: step_2_0_pairs_esa_final_ESA0OPSFIN_20241310000_01D_30S_CLK.CLK.gz.csv
[06:15:53] [INFO] Merging individual file: step_2_0_pairs_esa_final_ESA0OPSFIN_20242340000_01D_30S_CLK.CLK.gz.csv
[06:15:53] [DEBUG] Cleaned up individual file: step_2_0_pairs_esa_final_ESA0OPSFIN_20242340000_01D_30S_CLK.CLK.gz.csv
[06:15:53] [INFO] Merging individual file: step_2_0_pairs_esa_final_ESA0OPSFIN_20233620000_01D_30S_CLK.CLK.gz.csv
[06:15:53] [DEBUG] Cleaned up individual file: step_2_0_pairs_esa_final_ESA0OPSFIN_20233620000_01D_30S_CLK.CLK.gz.csv
[06:15:53] [INFO] Merging individual file: step_2_0_pairs_esa_final_ESA0OPSFIN_20230320000_01D_30S_CLK.CLK.gz.csv
[06:15:53] [DEBUG] Cleaned up individual file: step_2_0_pairs_esa_final_ESA0OPSFIN_20230320000_01D_30S_CLK.CLK.gz.csv
[06:15:53] [INFO] Merging individual file: step_2_0_pairs_esa_final_ESA0OPSFIN_20243430000_01D_30S_CLK.CLK.gz.csv
[06:15:53] [DEBUG] Cleaned up individual file: step_2_0_pairs_esa_final_ESA0OPSFIN_20243430000_01D_30S_CLK.CLK.gz.csv
[06:15:53] [INFO] Merging individual file: step_2_0_pairs_esa_final_ESA0OPSFIN_20251750000_01D_30S_CLK.CLK.gz.csv
[06:15:53] [DEBUG] Cleaned up individual file: step_2_0_pairs_esa_final_ESA0OPSFIN_20251750000_01D_30S_CLK.CLK.gz.csv
[06:15:53] [INFO] Merging individual file: step_2_0_pairs_esa_final_ESA0OPSFIN_20230510000_01D_30S_CLK.CLK.gz.csv
[06:15:53] [DEBUG] Cleaned up individual file: step_2_0_pairs_esa_final_ESA0OPSFIN_20230510000_01D_30S_CLK.CLK.gz.csv
[06:15:53] [INFO] Merging individual file: step_2_0_pairs_esa_final_ESA0OPSFIN_20242570000_01D_30S_CLK.CLK.gz.csv
[06:15:53] [DEBUG] Cleaned up individual file: step_2_0_pairs_esa_final_ESA0OPSFIN_20242570000_01D_30S_CLK.CLK.gz.csv
[06:15:53] [INFO] Merging individual file: step_2_0_pairs_esa_final_ESA0OPSFIN_20240140000_01D_30S_CLK.CLK.gz.csv
[06:15:53] [DEBUG] Cleaned up individual file: step_2_0_pairs_esa_final_ESA0OPSFIN_20240140000_01D_30S_CLK.CLK.gz.csv
[06:15:53] [INFO] Merging individual file: step_2_0_pairs_esa_final_ESA0OPSFIN_20251010000_01D_30S_CLK.CLK.gz.csv
[06:15:53] [DEBUG] Cleaned up individual file: step_2_0_pairs_esa_final_ESA0OPSFIN_20251010000_01D_30S_CLK.CLK.gz.csv
[06:15:53] [INFO] Merging individual file: step_2_0_pairs_esa_final_ESA0OPSFIN_20241100000_01D_30S_CLK.CLK.gz.csv
[06:15:53] [DEBUG] Cleaned up individual file: step_2_0_pairs_esa_final_ESA0OPSFIN_20241100000_01D_30S_CLK.CLK.gz.csv
[06:15:53] [INFO] Merging individual file: step_2_0_pairs_esa_final_ESA0OPSFIN_20240550000_01D_30S_CLK.CLK.gz.csv
[06:15:53] [DEBUG] Cleaned up individual file: step_2_0_pairs_esa_final_ESA0OPSFIN_20240550000_01D_30S_CLK.CLK.gz.csv
[06:15:53] [INFO] Merging individual file: step_2_0_pairs_esa_final_ESA0OPSFIN_20231410000_01D_30S_CLK.CLK.gz.csv
[06:15:53] [DEBUG] Cleaned up individual file: step_2_0_pairs_esa_final_ESA0OPSFIN_20231410000_01D_30S_CLK.CLK.gz.csv
[06:15:53] [INFO] Merging individual file: step_2_0_pairs_esa_final_ESA0OPSFIN_20233510000_01D_30S_CLK.CLK.gz.csv
[06:15:54] [DEBUG] Cleaned up individual file: step_2_0_pairs_esa_final_ESA0OPSFIN_20233510000_01D_30S_CLK.CLK.gz.csv
[06:15:54] [INFO] Merging individual file: step_2_0_pairs_esa_final_ESA0OPSFIN_20242060000_01D_30S_CLK.CLK.gz.csv
[06:15:54] [DEBUG] Cleaned up individual file: step_2_0_pairs_esa_final_ESA0OPSFIN_20242060000_01D_30S_CLK.CLK.gz.csv
[06:15:54] [INFO] Merging individual file: step_2_0_pairs_esa_final_ESA0OPSFIN_20240420000_01D_30S_CLK.CLK.gz.csv
[06:15:54] [DEBUG] Cleaned up individual file: step_2_0_pairs_esa_final_ESA0OPSFIN_20240420000_01D_30S_CLK.CLK.gz.csv
[06:15:54] [INFO] Merging individual file: step_2_0_pairs_esa_final_ESA0OPSFIN_20231770000_01D_30S_CLK.CLK.gz.csv
[06:15:54] [DEBUG] Cleaned up individual file: step_2_0_pairs_esa_final_ESA0OPSFIN_20231770000_01D_30S_CLK.CLK.gz.csv
[06:15:54] [INFO] Merging individual file: step_2_0_pairs_esa_final_ESA0OPSFIN_20250860000_01D_30S_CLK.CLK.gz.csv
[06:15:54] [DEBUG] Cleaned up individual file: step_2_0_pairs_esa_final_ESA0OPSFIN_20250860000_01D_30S_CLK.CLK.gz.csv
[06:15:54] [INFO] Merging individual file: step_2_0_pairs_esa_final_ESA0OPSFIN_20250500000_01D_30S_CLK.CLK.gz.csv
[06:15:54] [DEBUG] Cleaned up individual file: step_2_0_pairs_esa_final_ESA0OPSFIN_20250500000_01D_30S_CLK.CLK.gz.csv
[06:15:54] [INFO] Merging individual file: step_2_0_pairs_esa_final_ESA0OPSFIN_20232560000_01D_30S_CLK.CLK.gz.csv
[06:15:54] [DEBUG] Cleaned up individual file: step_2_0_pairs_esa_final_ESA0OPSFIN_20232560000_01D_30S_CLK.CLK.gz.csv
[06:15:54] [INFO] Merging individual file: step_2_0_pairs_esa_final_ESA0OPSFIN_20230350000_01D_30S_CLK.CLK.gz.csv
[06:15:54] [DEBUG] Cleaned up individual file: step_2_0_pairs_esa_final_ESA0OPSFIN_20230350000_01D_30S_CLK.CLK.gz.csv
[06:15:54] [INFO] Merging individual file: step_2_0_pairs_esa_final_ESA0OPSFIN_20230980000_01D_30S_CLK.CLK.gz.csv
[06:15:54] [DEBUG] Cleaned up individual file: step_2_0_pairs_esa_final_ESA0OPSFIN_20230980000_01D_30S_CLK.CLK.gz.csv
[06:15:54] [INFO] Merging individual file: step_2_0_pairs_esa_final_ESA0OPSFIN_20250300000_01D_30S_CLK.CLK.gz.csv
[06:15:54] [DEBUG] Cleaned up individual file: step_2_0_pairs_esa_final_ESA0OPSFIN_20250300000_01D_30S_CLK.CLK.gz.csv
[06:15:54] [INFO] Merging individual file: step_2_0_pairs_esa_final_ESA0OPSFIN_20250750000_01D_30S_CLK.CLK.gz.csv
[06:15:54] [DEBUG] Cleaned up individual file: step_2_0_pairs_esa_final_ESA0OPSFIN_20250750000_01D_30S_CLK.CLK.gz.csv
[06:15:54] [INFO] Merging individual file: step_2_0_pairs_esa_final_ESA0OPSFIN_20243470000_01D_30S_CLK.CLK.gz.csv
[06:15:54] [DEBUG] Cleaned up individual file: step_2_0_pairs_esa_final_ESA0OPSFIN_20243470000_01D_30S_CLK.CLK.gz.csv
[06:15:54] [INFO] Merging individual file: step_2_0_pairs_esa_final_ESA0OPSFIN_20250090000_01D_30S_CLK.CLK.gz.csv
[06:15:54] [DEBUG] Cleaned up individual file: step_2_0_pairs_esa_final_ESA0OPSFIN_20250090000_01D_30S_CLK.CLK.gz.csv
[06:15:54] [INFO] Merging individual file: step_2_0_pairs_esa_final_ESA0OPSFIN_20241010000_01D_30S_CLK.CLK.gz.csv
[06:15:55] [DEBUG] Cleaned up individual file: step_2_0_pairs_esa_final_ESA0OPSFIN_20241010000_01D_30S_CLK.CLK.gz.csv
[06:15:55] [INFO] Merging individual file: step_2_0_pairs_esa_final_ESA0OPSFIN_20241000000_01D_30S_CLK.CLK.gz.csv
[06:15:55] [DEBUG] Cleaned up individual file: step_2_0_pairs_esa_final_ESA0OPSFIN_20241000000_01D_30S_CLK.CLK.gz.csv
[06:15:55] [INFO] Merging individual file: step_2_0_pairs_esa_final_ESA0OPSFIN_20230460000_01D_30S_CLK.CLK.gz.csv
[06:15:55] [DEBUG] Cleaned up individual file: step_2_0_pairs_esa_final_ESA0OPSFIN_20230460000_01D_30S_CLK.CLK.gz.csv
[06:15:55] [INFO] Merging individual file: step_2_0_pairs_esa_final_ESA0OPSFIN_20233220000_01D_30S_CLK.CLK.gz.csv
[06:15:55] [DEBUG] Cleaned up individual file: step_2_0_pairs_esa_final_ESA0OPSFIN_20233220000_01D_30S_CLK.CLK.gz.csv
[06:15:55] [INFO] Merging individual file: step_2_0_pairs_esa_final_ESA0OPSFIN_20250370000_01D_30S_CLK.CLK.gz.csv
[06:15:55] [DEBUG] Cleaned up individual file: step_2_0_pairs_esa_final_ESA0OPSFIN_20250370000_01D_30S_CLK.CLK.gz.csv
[06:15:55] [INFO] Merging individual file: step_2_0_pairs_esa_final_ESA0OPSFIN_20230380000_01D_30S_CLK.CLK.gz.csv
[06:15:55] [DEBUG] Cleaned up individual file: step_2_0_pairs_esa_final_ESA0OPSFIN_20230380000_01D_30S_CLK.CLK.gz.csv
[06:15:55] [INFO] Merging individual file: step_2_0_pairs_esa_final_ESA0OPSFIN_20233270000_01D_30S_CLK.CLK.gz.csv
[06:15:55] [DEBUG] Cleaned up individual file: step_2_0_pairs_esa_final_ESA0OPSFIN_20233270000_01D_30S_CLK.CLK.gz.csv
[06:15:55] [INFO] Merging individual file: step_2_0_pairs_esa_final_ESA0OPSFIN_20242140000_01D_30S_CLK.CLK.gz.csv
[06:15:55] [DEBUG] Cleaned up individual file: step_2_0_pairs_esa_final_ESA0OPSFIN_20242140000_01D_30S_CLK.CLK.gz.csv
[06:15:55] [INFO] Merging individual file: step_2_0_pairs_esa_final_ESA0OPSFIN_20243170000_01D_30S_CLK.CLK.gz.csv
[06:15:55] [DEBUG] Cleaned up individual file: step_2_0_pairs_esa_final_ESA0OPSFIN_20243170000_01D_30S_CLK.CLK.gz.csv
[06:15:55] [INFO] Merging individual file: step_2_0_pairs_esa_final_ESA0OPSFIN_20240980000_01D_30S_CLK.CLK.gz.csv
[06:15:55] [DEBUG] Cleaned up individual file: step_2_0_pairs_esa_final_ESA0OPSFIN_20240980000_01D_30S_CLK.CLK.gz.csv
[06:15:55] [INFO] Merging individual file: step_2_0_pairs_esa_final_ESA0OPSFIN_20241480000_01D_30S_CLK.CLK.gz.csv
[06:15:55] [DEBUG] Cleaned up individual file: step_2_0_pairs_esa_final_ESA0OPSFIN_20241480000_01D_30S_CLK.CLK.gz.csv
[06:15:55] [INFO] Merging individual file: step_2_0_pairs_esa_final_ESA0OPSFIN_20240020000_01D_30S_CLK.CLK.gz.csv
[06:15:55] [DEBUG] Cleaned up individual file: step_2_0_pairs_esa_final_ESA0OPSFIN_20240020000_01D_30S_CLK.CLK.gz.csv
[06:15:55] [INFO] Merging individual file: step_2_0_pairs_esa_final_ESA0OPSFIN_20230820000_01D_30S_CLK.CLK.gz.csv
[06:15:55] [DEBUG] Cleaned up individual file: step_2_0_pairs_esa_final_ESA0OPSFIN_20230820000_01D_30S_CLK.CLK.gz.csv
[06:15:55] [INFO] Merging individual file: step_2_0_pairs_esa_final_ESA0OPSFIN_20242040000_01D_30S_CLK.CLK.gz.csv
[06:15:55] [DEBUG] Cleaned up individual file: step_2_0_pairs_esa_final_ESA0OPSFIN_20242040000_01D_30S_CLK.CLK.gz.csv
[06:15:55] [INFO] Merging individual file: step_2_0_pairs_esa_final_ESA0OPSFIN_20251130000_01D_30S_CLK.CLK.gz.csv
[06:15:56] [DEBUG] Cleaned up individual file: step_2_0_pairs_esa_final_ESA0OPSFIN_20251130000_01D_30S_CLK.CLK.gz.csv
[06:15:56] [INFO] Merging individual file: step_2_0_pairs_esa_final_ESA0OPSFIN_20231140000_01D_30S_CLK.CLK.gz.csv
[06:15:56] [DEBUG] Cleaned up individual file: step_2_0_pairs_esa_final_ESA0OPSFIN_20231140000_01D_30S_CLK.CLK.gz.csv
[06:15:56] [INFO] Merging individual file: step_2_0_pairs_esa_final_ESA0OPSFIN_20232290000_01D_30S_CLK.CLK.gz.csv
[06:15:56] [DEBUG] Cleaned up individual file: step_2_0_pairs_esa_final_ESA0OPSFIN_20232290000_01D_30S_CLK.CLK.gz.csv
[06:15:56] [INFO] Merging individual file: step_2_0_pairs_esa_final_ESA0OPSFIN_20241580000_01D_30S_CLK.CLK.gz.csv
[06:15:56] [DEBUG] Cleaned up individual file: step_2_0_pairs_esa_final_ESA0OPSFIN_20241580000_01D_30S_CLK.CLK.gz.csv
[06:15:56] [INFO] Merging individual file: step_2_0_pairs_esa_final_ESA0OPSFIN_20241180000_01D_30S_CLK.CLK.gz.csv
[06:15:56] [DEBUG] Cleaned up individual file: step_2_0_pairs_esa_final_ESA0OPSFIN_20241180000_01D_30S_CLK.CLK.gz.csv
[06:15:56] [INFO] Merging individual file: step_2_0_pairs_esa_final_ESA0OPSFIN_20233040000_01D_30S_CLK.CLK.gz.csv
[06:15:56] [DEBUG] Cleaned up individual file: step_2_0_pairs_esa_final_ESA0OPSFIN_20233040000_01D_30S_CLK.CLK.gz.csv
[06:15:56] [INFO] Merging individual file: step_2_0_pairs_esa_final_ESA0OPSFIN_20231710000_01D_30S_CLK.CLK.gz.csv
[06:15:56] [DEBUG] Cleaned up individual file: step_2_0_pairs_esa_final_ESA0OPSFIN_20231710000_01D_30S_CLK.CLK.gz.csv
[06:15:56] [INFO] Merging individual file: step_2_0_pairs_esa_final_ESA0OPSFIN_20241790000_01D_30S_CLK.CLK.gz.csv
[06:15:56] [DEBUG] Cleaned up individual file: step_2_0_pairs_esa_final_ESA0OPSFIN_20241790000_01D_30S_CLK.CLK.gz.csv
[06:15:56] [INFO] Merging individual file: step_2_0_pairs_esa_final_ESA0OPSFIN_20232430000_01D_30S_CLK.CLK.gz.csv
[06:15:56] [DEBUG] Cleaned up individual file: step_2_0_pairs_esa_final_ESA0OPSFIN_20232430000_01D_30S_CLK.CLK.gz.csv
[06:15:56] [INFO] Merging individual file: step_2_0_pairs_esa_final_ESA0OPSFIN_20232110000_01D_30S_CLK.CLK.gz.csv
[06:15:56] [DEBUG] Cleaned up individual file: step_2_0_pairs_esa_final_ESA0OPSFIN_20232110000_01D_30S_CLK.CLK.gz.csv
[06:15:56] [INFO] Merging individual file: step_2_0_pairs_esa_final_ESA0OPSFIN_20241610000_01D_30S_CLK.CLK.gz.csv
[06:15:56] [DEBUG] Cleaned up individual file: step_2_0_pairs_esa_final_ESA0OPSFIN_20241610000_01D_30S_CLK.CLK.gz.csv
[06:15:56] [INFO] Merging individual file: step_2_0_pairs_esa_final_ESA0OPSFIN_20241370000_01D_30S_CLK.CLK.gz.csv
[06:15:56] [DEBUG] Cleaned up individual file: step_2_0_pairs_esa_final_ESA0OPSFIN_20241370000_01D_30S_CLK.CLK.gz.csv
[06:15:56] [INFO] Merging individual file: step_2_0_pairs_esa_final_ESA0OPSFIN_20231830000_01D_30S_CLK.CLK.gz.csv
[06:15:56] [DEBUG] Cleaned up individual file: step_2_0_pairs_esa_final_ESA0OPSFIN_20231830000_01D_30S_CLK.CLK.gz.csv
[06:15:56] [INFO] Merging individual file: step_2_0_pairs_esa_final_ESA0OPSFIN_20240560000_01D_30S_CLK.CLK.gz.csv
[06:15:56] [DEBUG] Cleaned up individual file: step_2_0_pairs_esa_final_ESA0OPSFIN_20240560000_01D_30S_CLK.CLK.gz.csv
[06:15:56] [INFO] Merging individual file: step_2_0_pairs_esa_final_ESA0OPSFIN_20250120000_01D_30S_CLK.CLK.gz.csv
[06:15:57] [DEBUG] Cleaned up individual file: step_2_0_pairs_esa_final_ESA0OPSFIN_20250120000_01D_30S_CLK.CLK.gz.csv
[06:15:57] [INFO] Merging individual file: step_2_0_pairs_esa_final_ESA0OPSFIN_20233160000_01D_30S_CLK.CLK.gz.csv
[06:15:57] [DEBUG] Cleaned up individual file: step_2_0_pairs_esa_final_ESA0OPSFIN_20233160000_01D_30S_CLK.CLK.gz.csv
[06:15:57] [INFO] Merging individual file: step_2_0_pairs_esa_final_ESA0OPSFIN_20232980000_01D_30S_CLK.CLK.gz.csv
[06:15:57] [DEBUG] Cleaned up individual file: step_2_0_pairs_esa_final_ESA0OPSFIN_20232980000_01D_30S_CLK.CLK.gz.csv
[06:15:57] [INFO] Merging individual file: step_2_0_pairs_esa_final_ESA0OPSFIN_20242070000_01D_30S_CLK.CLK.gz.csv
[06:15:57] [DEBUG] Cleaned up individual file: step_2_0_pairs_esa_final_ESA0OPSFIN_20242070000_01D_30S_CLK.CLK.gz.csv
[06:15:57] [INFO] Merging individual file: step_2_0_pairs_esa_final_ESA0OPSFIN_20240230000_01D_30S_CLK.CLK.gz.csv
[06:15:57] [DEBUG] Cleaned up individual file: step_2_0_pairs_esa_final_ESA0OPSFIN_20240230000_01D_30S_CLK.CLK.gz.csv
[06:15:57] [INFO] Merging individual file: step_2_0_pairs_esa_final_ESA0OPSFIN_20232310000_01D_30S_CLK.CLK.gz.csv
[06:15:57] [DEBUG] Cleaned up individual file: step_2_0_pairs_esa_final_ESA0OPSFIN_20232310000_01D_30S_CLK.CLK.gz.csv
[06:15:57] [INFO] Merging individual file: step_2_0_pairs_esa_final_ESA0OPSFIN_20242330000_01D_30S_CLK.CLK.gz.csv
[06:15:57] [DEBUG] Cleaned up individual file: step_2_0_pairs_esa_final_ESA0OPSFIN_20242330000_01D_30S_CLK.CLK.gz.csv
[06:15:57] [INFO] Merging individual file: step_2_0_pairs_esa_final_ESA0OPSFIN_20233400000_01D_30S_CLK.CLK.gz.csv
[06:15:57] [DEBUG] Cleaned up individual file: step_2_0_pairs_esa_final_ESA0OPSFIN_20233400000_01D_30S_CLK.CLK.gz.csv
[06:15:57] [INFO] Merging individual file: step_2_0_pairs_esa_final_ESA0OPSFIN_20240970000_01D_30S_CLK.CLK.gz.csv
[06:15:57] [DEBUG] Cleaned up individual file: step_2_0_pairs_esa_final_ESA0OPSFIN_20240970000_01D_30S_CLK.CLK.gz.csv
[06:15:57] [INFO] Merging individual file: step_2_0_pairs_esa_final_ESA0OPSFIN_20233470000_01D_30S_CLK.CLK.gz.csv
[06:15:57] [DEBUG] Cleaned up individual file: step_2_0_pairs_esa_final_ESA0OPSFIN_20233470000_01D_30S_CLK.CLK.gz.csv
[06:15:57] [INFO] Merging individual file: step_2_0_pairs_esa_final_ESA0OPSFIN_20251700000_01D_30S_CLK.CLK.gz.csv
[06:15:57] [DEBUG] Cleaned up individual file: step_2_0_pairs_esa_final_ESA0OPSFIN_20251700000_01D_30S_CLK.CLK.gz.csv
[06:15:57] [INFO] Merging individual file: step_2_0_pairs_esa_final_ESA0OPSFIN_20243640000_01D_30S_CLK.CLK.gz.csv
[06:15:57] [DEBUG] Cleaned up individual file: step_2_0_pairs_esa_final_ESA0OPSFIN_20243640000_01D_30S_CLK.CLK.gz.csv
[06:15:57] [INFO] Merging individual file: step_2_0_pairs_esa_final_ESA0OPSFIN_20240960000_01D_30S_CLK.CLK.gz.csv
[06:15:57] [DEBUG] Cleaned up individual file: step_2_0_pairs_esa_final_ESA0OPSFIN_20240960000_01D_30S_CLK.CLK.gz.csv
[06:15:57] [INFO] Merging individual file: step_2_0_pairs_esa_final_ESA0OPSFIN_20232970000_01D_30S_CLK.CLK.gz.csv
[06:15:57] [DEBUG] Cleaned up individual file: step_2_0_pairs_esa_final_ESA0OPSFIN_20232970000_01D_30S_CLK.CLK.gz.csv
[06:15:57] [INFO] Merging individual file: step_2_0_pairs_esa_final_ESA0OPSFIN_20240530000_01D_30S_CLK.CLK.gz.csv
[06:15:58] [DEBUG] Cleaned up individual file: step_2_0_pairs_esa_final_ESA0OPSFIN_20240530000_01D_30S_CLK.CLK.gz.csv
[06:15:58] [INFO] Merging individual file: step_2_0_pairs_esa_final_ESA0OPSFIN_20251350000_01D_30S_CLK.CLK.gz.csv
[06:15:58] [DEBUG] Cleaned up individual file: step_2_0_pairs_esa_final_ESA0OPSFIN_20251350000_01D_30S_CLK.CLK.gz.csv
[06:15:58] [INFO] Merging individual file: step_2_0_pairs_esa_final_ESA0OPSFIN_20230780000_01D_30S_CLK.CLK.gz.csv
[06:15:58] [DEBUG] Cleaned up individual file: step_2_0_pairs_esa_final_ESA0OPSFIN_20230780000_01D_30S_CLK.CLK.gz.csv
[06:15:58] [INFO] Merging individual file: step_2_0_pairs_esa_final_ESA0OPSFIN_20243050000_01D_30S_CLK.CLK.gz.csv
[06:15:58] [DEBUG] Cleaned up individual file: step_2_0_pairs_esa_final_ESA0OPSFIN_20243050000_01D_30S_CLK.CLK.gz.csv
[06:15:58] [INFO] Merging individual file: step_2_0_pairs_esa_final_ESA0OPSFIN_20230720000_01D_30S_CLK.CLK.gz.csv
[06:15:58] [DEBUG] Cleaned up individual file: step_2_0_pairs_esa_final_ESA0OPSFIN_20230720000_01D_30S_CLK.CLK.gz.csv
[06:15:58] [INFO] Merging individual file: step_2_0_pairs_esa_final_ESA0OPSFIN_20242690000_01D_30S_CLK.CLK.gz.csv
[06:15:58] [DEBUG] Cleaned up individual file: step_2_0_pairs_esa_final_ESA0OPSFIN_20242690000_01D_30S_CLK.CLK.gz.csv
[06:15:58] [INFO] Merging individual file: step_2_0_pairs_esa_final_ESA0OPSFIN_20232420000_01D_30S_CLK.CLK.gz.csv
[06:15:58] [DEBUG] Cleaned up individual file: step_2_0_pairs_esa_final_ESA0OPSFIN_20232420000_01D_30S_CLK.CLK.gz.csv
[06:15:58] [INFO] Merging individual file: step_2_0_pairs_esa_final_ESA0OPSFIN_20242470000_01D_30S_CLK.CLK.gz.csv
[06:15:58] [DEBUG] Cleaned up individual file: step_2_0_pairs_esa_final_ESA0OPSFIN_20242470000_01D_30S_CLK.CLK.gz.csv
[06:15:58] [INFO] Merging individual file: step_2_0_pairs_esa_final_ESA0OPSFIN_20251640000_01D_30S_CLK.CLK.gz.csv
[06:15:58] [DEBUG] Cleaned up individual file: step_2_0_pairs_esa_final_ESA0OPSFIN_20251640000_01D_30S_CLK.CLK.gz.csv
[06:15:58] [INFO] Merging individual file: step_2_0_pairs_esa_final_ESA0OPSFIN_20242010000_01D_30S_CLK.CLK.gz.csv
[06:15:58] [DEBUG] Cleaned up individual file: step_2_0_pairs_esa_final_ESA0OPSFIN_20242010000_01D_30S_CLK.CLK.gz.csv
[06:15:58] [INFO] Merging individual file: step_2_0_pairs_esa_final_ESA0OPSFIN_20232130000_01D_30S_CLK.CLK.gz.csv
[06:15:58] [DEBUG] Cleaned up individual file: step_2_0_pairs_esa_final_ESA0OPSFIN_20232130000_01D_30S_CLK.CLK.gz.csv
[06:15:58] [INFO] Merging individual file: step_2_0_pairs_esa_final_ESA0OPSFIN_20230940000_01D_30S_CLK.CLK.gz.csv
[06:15:58] [DEBUG] Cleaned up individual file: step_2_0_pairs_esa_final_ESA0OPSFIN_20230940000_01D_30S_CLK.CLK.gz.csv
[06:15:58] [INFO] Merging individual file: step_2_0_pairs_esa_final_ESA0OPSFIN_20251160000_01D_30S_CLK.CLK.gz.csv
[06:15:58] [DEBUG] Cleaned up individual file: step_2_0_pairs_esa_final_ESA0OPSFIN_20251160000_01D_30S_CLK.CLK.gz.csv
[06:15:58] [INFO] Merging individual file: step_2_0_pairs_esa_final_ESA0OPSFIN_20242680000_01D_30S_CLK.CLK.gz.csv
[06:15:59] [DEBUG] Cleaned up individual file: step_2_0_pairs_esa_final_ESA0OPSFIN_20242680000_01D_30S_CLK.CLK.gz.csv
[06:15:59] [INFO] Merging individual file: step_2_0_pairs_esa_final_ESA0OPSFIN_20240210000_01D_30S_CLK.CLK.gz.csv
[06:15:59] [DEBUG] Cleaned up individual file: step_2_0_pairs_esa_final_ESA0OPSFIN_20240210000_01D_30S_CLK.CLK.gz.csv
[06:15:59] [INFO] Merging individual file: step_2_0_pairs_esa_final_ESA0OPSFIN_20250220000_01D_30S_CLK.CLK.gz.csv
[06:15:59] [DEBUG] Cleaned up individual file: step_2_0_pairs_esa_final_ESA0OPSFIN_20250220000_01D_30S_CLK.CLK.gz.csv
[06:15:59] [INFO] Merging individual file: step_2_0_pairs_esa_final_ESA0OPSFIN_20242510000_01D_30S_CLK.CLK.gz.csv
[06:15:59] [DEBUG] Cleaned up individual file: step_2_0_pairs_esa_final_ESA0OPSFIN_20242510000_01D_30S_CLK.CLK.gz.csv
[06:15:59] [INFO] Merging individual file: step_2_0_pairs_esa_final_ESA0OPSFIN_20241500000_01D_30S_CLK.CLK.gz.csv
[06:15:59] [DEBUG] Cleaned up individual file: step_2_0_pairs_esa_final_ESA0OPSFIN_20241500000_01D_30S_CLK.CLK.gz.csv
[06:15:59] [INFO] Merging individual file: step_2_0_pairs_esa_final_ESA0OPSFIN_20232660000_01D_30S_CLK.CLK.gz.csv
[06:15:59] [DEBUG] Cleaned up individual file: step_2_0_pairs_esa_final_ESA0OPSFIN_20232660000_01D_30S_CLK.CLK.gz.csv
[06:15:59] [INFO] Merging individual file: step_2_0_pairs_esa_final_ESA0OPSFIN_20231860000_01D_30S_CLK.CLK.gz.csv
[06:15:59] [DEBUG] Cleaned up individual file: step_2_0_pairs_esa_final_ESA0OPSFIN_20231860000_01D_30S_CLK.CLK.gz.csv
[06:15:59] [INFO] Merging individual file: step_2_0_pairs_esa_final_ESA0OPSFIN_20230250000_01D_30S_CLK.CLK.gz.csv
[06:15:59] [DEBUG] Cleaned up individual file: step_2_0_pairs_esa_final_ESA0OPSFIN_20230250000_01D_30S_CLK.CLK.gz.csv
[06:15:59] [INFO] Merging individual file: step_2_0_pairs_esa_final_ESA0OPSFIN_20243060000_01D_30S_CLK.CLK.gz.csv
[06:15:59] [DEBUG] Cleaned up individual file: step_2_0_pairs_esa_final_ESA0OPSFIN_20243060000_01D_30S_CLK.CLK.gz.csv
[06:15:59] [INFO] Merging individual file: step_2_0_pairs_esa_final_ESA0OPSFIN_20242970000_01D_30S_CLK.CLK.gz.csv
[06:15:59] [DEBUG] Cleaned up individual file: step_2_0_pairs_esa_final_ESA0OPSFIN_20242970000_01D_30S_CLK.CLK.gz.csv
[06:15:59] [INFO] Merging individual file: step_2_0_pairs_esa_final_ESA0OPSFIN_20241600000_01D_30S_CLK.CLK.gz.csv
[06:15:59] [DEBUG] Cleaned up individual file: step_2_0_pairs_esa_final_ESA0OPSFIN_20241600000_01D_30S_CLK.CLK.gz.csv
[06:15:59] [INFO] Merging individual file: step_2_0_pairs_esa_final_ESA0OPSFIN_20241090000_01D_30S_CLK.CLK.gz.csv
[06:15:59] [DEBUG] Cleaned up individual file: step_2_0_pairs_esa_final_ESA0OPSFIN_20241090000_01D_30S_CLK.CLK.gz.csv
[06:15:59] [INFO] Merging individual file: step_2_0_pairs_esa_final_ESA0OPSFIN_20251600000_01D_30S_CLK.CLK.gz.csv
[06:15:59] [DEBUG] Cleaned up individual file: step_2_0_pairs_esa_final_ESA0OPSFIN_20251600000_01D_30S_CLK.CLK.gz.csv
[06:15:59] [INFO] Merging individual file: step_2_0_pairs_esa_final_ESA0OPSFIN_20232270000_01D_30S_CLK.CLK.gz.csv
[06:15:59] [DEBUG] Cleaned up individual file: step_2_0_pairs_esa_final_ESA0OPSFIN_20232270000_01D_30S_CLK.CLK.gz.csv
[06:15:59] [INFO] Merging individual file: step_2_0_pairs_esa_final_ESA0OPSFIN_20231780000_01D_30S_CLK.CLK.gz.csv
[06:16:00] [DEBUG] Cleaned up individual file: step_2_0_pairs_esa_final_ESA0OPSFIN_20231780000_01D_30S_CLK.CLK.gz.csv
[06:16:00] [INFO] Merging individual file: step_2_0_pairs_esa_final_ESA0OPSFIN_20230990000_01D_30S_CLK.CLK.gz.csv
[06:16:00] [DEBUG] Cleaned up individual file: step_2_0_pairs_esa_final_ESA0OPSFIN_20230990000_01D_30S_CLK.CLK.gz.csv
[06:16:00] [INFO] Merging individual file: step_2_0_pairs_esa_final_ESA0OPSFIN_20251230000_01D_30S_CLK.CLK.gz.csv
[06:16:00] [DEBUG] Cleaned up individual file: step_2_0_pairs_esa_final_ESA0OPSFIN_20251230000_01D_30S_CLK.CLK.gz.csv
[06:16:00] [INFO] Merging individual file: step_2_0_pairs_esa_final_ESA0OPSFIN_20230660000_01D_30S_CLK.CLK.gz.csv
[06:16:00] [DEBUG] Cleaned up individual file: step_2_0_pairs_esa_final_ESA0OPSFIN_20230660000_01D_30S_CLK.CLK.gz.csv
[06:16:00] [INFO] Merging individual file: step_2_0_pairs_esa_final_ESA0OPSFIN_20230880000_01D_30S_CLK.CLK.gz.csv
[06:16:00] [DEBUG] Cleaned up individual file: step_2_0_pairs_esa_final_ESA0OPSFIN_20230880000_01D_30S_CLK.CLK.gz.csv
[06:16:00] [INFO] Merging individual file: step_2_0_pairs_esa_final_ESA0OPSFIN_20232640000_01D_30S_CLK.CLK.gz.csv
[06:16:00] [DEBUG] Cleaned up individual file: step_2_0_pairs_esa_final_ESA0OPSFIN_20232640000_01D_30S_CLK.CLK.gz.csv
[06:16:00] [INFO] Merging individual file: step_2_0_pairs_esa_final_ESA0OPSFIN_20233330000_01D_30S_CLK.CLK.gz.csv
[06:16:00] [DEBUG] Cleaned up individual file: step_2_0_pairs_esa_final_ESA0OPSFIN_20233330000_01D_30S_CLK.CLK.gz.csv
[06:16:00] [INFO] Merging individual file: step_2_0_pairs_esa_final_ESA0OPSFIN_20233570000_01D_30S_CLK.CLK.gz.csv
[06:16:00] [DEBUG] Cleaned up individual file: step_2_0_pairs_esa_final_ESA0OPSFIN_20233570000_01D_30S_CLK.CLK.gz.csv
[06:16:00] [INFO] Merging individual file: step_2_0_pairs_esa_final_ESA0OPSFIN_20240360000_01D_30S_CLK.CLK.gz.csv
[06:16:00] [DEBUG] Cleaned up individual file: step_2_0_pairs_esa_final_ESA0OPSFIN_20240360000_01D_30S_CLK.CLK.gz.csv
[06:16:00] [INFO] Merging individual file: step_2_0_pairs_esa_final_ESA0OPSFIN_20232460000_01D_30S_CLK.CLK.gz.csv
[06:16:00] [DEBUG] Cleaned up individual file: step_2_0_pairs_esa_final_ESA0OPSFIN_20232460000_01D_30S_CLK.CLK.gz.csv
[06:16:00] [INFO] Merging individual file: step_2_0_pairs_esa_final_ESA0OPSFIN_20233010000_01D_30S_CLK.CLK.gz.csv
[06:16:00] [DEBUG] Cleaned up individual file: step_2_0_pairs_esa_final_ESA0OPSFIN_20233010000_01D_30S_CLK.CLK.gz.csv
[06:16:00] [INFO] Merging individual file: step_2_0_pairs_esa_final_ESA0OPSFIN_20232360000_01D_30S_CLK.CLK.gz.csv
[06:16:00] [DEBUG] Cleaned up individual file: step_2_0_pairs_esa_final_ESA0OPSFIN_20232360000_01D_30S_CLK.CLK.gz.csv
[06:16:00] [INFO] Merging individual file: step_2_0_pairs_esa_final_ESA0OPSFIN_20242240000_01D_30S_CLK.CLK.gz.csv
[06:16:00] [DEBUG] Cleaned up individual file: step_2_0_pairs_esa_final_ESA0OPSFIN_20242240000_01D_30S_CLK.CLK.gz.csv
[06:16:00] [INFO] Merging individual file: step_2_0_pairs_esa_final_ESA0OPSFIN_20242820000_01D_30S_CLK.CLK.gz.csv
[06:16:00] [DEBUG] Cleaned up individual file: step_2_0_pairs_esa_final_ESA0OPSFIN_20242820000_01D_30S_CLK.CLK.gz.csv
[06:16:00] [INFO] Merging individual file: step_2_0_pairs_esa_final_ESA0OPSFIN_20242960000_01D_30S_CLK.CLK.gz.csv
[06:16:01] [DEBUG] Cleaned up individual file: step_2_0_pairs_esa_final_ESA0OPSFIN_20242960000_01D_30S_CLK.CLK.gz.csv
[06:16:01] [INFO] Merging individual file: step_2_0_pairs_esa_final_ESA0OPSFIN_20243020000_01D_30S_CLK.CLK.gz.csv
[06:16:01] [DEBUG] Cleaned up individual file: step_2_0_pairs_esa_final_ESA0OPSFIN_20243020000_01D_30S_CLK.CLK.gz.csv
[06:16:01] [INFO] Merging individual file: step_2_0_pairs_esa_final_ESA0OPSFIN_20241470000_01D_30S_CLK.CLK.gz.csv
[06:16:01] [DEBUG] Cleaned up individual file: step_2_0_pairs_esa_final_ESA0OPSFIN_20241470000_01D_30S_CLK.CLK.gz.csv
[06:16:01] [INFO] Merging individual file: step_2_0_pairs_esa_final_ESA0OPSFIN_20233070000_01D_30S_CLK.CLK.gz.csv
[06:16:01] [DEBUG] Cleaned up individual file: step_2_0_pairs_esa_final_ESA0OPSFIN_20233070000_01D_30S_CLK.CLK.gz.csv
[06:16:01] [INFO] Merging individual file: step_2_0_pairs_esa_final_ESA0OPSFIN_20232090000_01D_30S_CLK.CLK.gz.csv
[06:16:01] [DEBUG] Cleaned up individual file: step_2_0_pairs_esa_final_ESA0OPSFIN_20232090000_01D_30S_CLK.CLK.gz.csv
[06:16:01] [INFO] Merging individual file: step_2_0_pairs_esa_final_ESA0OPSFIN_20251360000_01D_30S_CLK.CLK.gz.csv
[06:16:01] [DEBUG] Cleaned up individual file: step_2_0_pairs_esa_final_ESA0OPSFIN_20251360000_01D_30S_CLK.CLK.gz.csv
[06:16:01] [INFO] Merging individual file: step_2_0_pairs_esa_final_ESA0OPSFIN_20230540000_01D_30S_CLK.CLK.gz.csv
[06:16:01] [DEBUG] Cleaned up individual file: step_2_0_pairs_esa_final_ESA0OPSFIN_20230540000_01D_30S_CLK.CLK.gz.csv
[06:16:01] [INFO] Merging individual file: step_2_0_pairs_esa_final_ESA0OPSFIN_20250840000_01D_30S_CLK.CLK.gz.csv
[06:16:01] [DEBUG] Cleaned up individual file: step_2_0_pairs_esa_final_ESA0OPSFIN_20250840000_01D_30S_CLK.CLK.gz.csv
[06:16:01] [INFO] Merging individual file: step_2_0_pairs_esa_final_ESA0OPSFIN_20251450000_01D_30S_CLK.CLK.gz.csv
[06:16:01] [DEBUG] Cleaned up individual file: step_2_0_pairs_esa_final_ESA0OPSFIN_20251450000_01D_30S_CLK.CLK.gz.csv
[06:16:01] [INFO] Merging individual file: step_2_0_pairs_esa_final_ESA0OPSFIN_20232250000_01D_30S_CLK.CLK.gz.csv
[06:16:01] [DEBUG] Cleaned up individual file: step_2_0_pairs_esa_final_ESA0OPSFIN_20232250000_01D_30S_CLK.CLK.gz.csv
[06:16:01] [INFO] Merging individual file: step_2_0_pairs_esa_final_ESA0OPSFIN_20231170000_01D_30S_CLK.CLK.gz.csv
[06:16:01] [DEBUG] Cleaned up individual file: step_2_0_pairs_esa_final_ESA0OPSFIN_20231170000_01D_30S_CLK.CLK.gz.csv
[06:16:01] [INFO] Merging individual file: step_2_0_pairs_esa_final_ESA0OPSFIN_20231370000_01D_30S_CLK.CLK.gz.csv
[06:16:01] [DEBUG] Cleaned up individual file: step_2_0_pairs_esa_final_ESA0OPSFIN_20231370000_01D_30S_CLK.CLK.gz.csv
[06:16:01] [INFO] Merging individual file: step_2_0_pairs_esa_final_ESA0OPSFIN_20240320000_01D_30S_CLK.CLK.gz.csv
[06:16:01] [DEBUG] Cleaned up individual file: step_2_0_pairs_esa_final_ESA0OPSFIN_20240320000_01D_30S_CLK.CLK.gz.csv
[06:16:01] [INFO] Merging individual file: step_2_0_pairs_esa_final_ESA0OPSFIN_20240340000_01D_30S_CLK.CLK.gz.csv
[06:16:02] [DEBUG] Cleaned up individual file: step_2_0_pairs_esa_final_ESA0OPSFIN_20240340000_01D_30S_CLK.CLK.gz.csv
[06:16:02] [INFO] Merging individual file: step_2_0_pairs_esa_final_ESA0OPSFIN_20232410000_01D_30S_CLK.CLK.gz.csv
[06:16:02] [DEBUG] Cleaned up individual file: step_2_0_pairs_esa_final_ESA0OPSFIN_20232410000_01D_30S_CLK.CLK.gz.csv
[06:16:02] [INFO] Merging individual file: step_2_0_pairs_esa_final_ESA0OPSFIN_20250200000_01D_30S_CLK.CLK.gz.csv
[06:16:02] [DEBUG] Cleaned up individual file: step_2_0_pairs_esa_final_ESA0OPSFIN_20250200000_01D_30S_CLK.CLK.gz.csv
[06:16:02] [INFO] Merging individual file: step_2_0_pairs_esa_final_ESA0OPSFIN_20240080000_01D_30S_CLK.CLK.gz.csv
[06:16:02] [DEBUG] Cleaned up individual file: step_2_0_pairs_esa_final_ESA0OPSFIN_20240080000_01D_30S_CLK.CLK.gz.csv
[06:16:02] [INFO] Merging individual file: step_2_0_pairs_esa_final_ESA0OPSFIN_20240920000_01D_30S_CLK.CLK.gz.csv
[06:16:02] [DEBUG] Cleaned up individual file: step_2_0_pairs_esa_final_ESA0OPSFIN_20240920000_01D_30S_CLK.CLK.gz.csv
[06:16:02] [INFO] Merging individual file: step_2_0_pairs_esa_final_ESA0OPSFIN_20240910000_01D_30S_CLK.CLK.gz.csv
[06:16:02] [DEBUG] Cleaned up individual file: step_2_0_pairs_esa_final_ESA0OPSFIN_20240910000_01D_30S_CLK.CLK.gz.csv
[06:16:02] [INFO] Merging individual file: step_2_0_pairs_esa_final_ESA0OPSFIN_20232070000_01D_30S_CLK.CLK.gz.csv
[06:16:02] [DEBUG] Cleaned up individual file: step_2_0_pairs_esa_final_ESA0OPSFIN_20232070000_01D_30S_CLK.CLK.gz.csv
[06:16:02] [INFO] Merging individual file: step_2_0_pairs_esa_final_ESA0OPSFIN_20243280000_01D_30S_CLK.CLK.gz.csv
[06:16:02] [DEBUG] Cleaned up individual file: step_2_0_pairs_esa_final_ESA0OPSFIN_20243280000_01D_30S_CLK.CLK.gz.csv
[06:16:02] [INFO] Merging individual file: step_2_0_pairs_esa_final_ESA0OPSFIN_20241930000_01D_30S_CLK.CLK.gz.csv
[06:16:02] [DEBUG] Cleaned up individual file: step_2_0_pairs_esa_final_ESA0OPSFIN_20241930000_01D_30S_CLK.CLK.gz.csv
[06:16:02] [INFO] Merging individual file: step_2_0_pairs_esa_final_ESA0OPSFIN_20230610000_01D_30S_CLK.CLK.gz.csv
[06:16:02] [DEBUG] Cleaned up individual file: step_2_0_pairs_esa_final_ESA0OPSFIN_20230610000_01D_30S_CLK.CLK.gz.csv
[06:16:02] [INFO] Merging individual file: step_2_0_pairs_esa_final_ESA0OPSFIN_20243130000_01D_30S_CLK.CLK.gz.csv
[06:16:02] [DEBUG] Cleaned up individual file: step_2_0_pairs_esa_final_ESA0OPSFIN_20243130000_01D_30S_CLK.CLK.gz.csv
[06:16:02] [INFO] Merging individual file: step_2_0_pairs_esa_final_ESA0OPSFIN_20232170000_01D_30S_CLK.CLK.gz.csv
[06:16:02] [DEBUG] Cleaned up individual file: step_2_0_pairs_esa_final_ESA0OPSFIN_20232170000_01D_30S_CLK.CLK.gz.csv
[06:16:02] [INFO] Merging individual file: step_2_0_pairs_esa_final_ESA0OPSFIN_20230450000_01D_30S_CLK.CLK.gz.csv
[06:16:02] [DEBUG] Cleaned up individual file: step_2_0_pairs_esa_final_ESA0OPSFIN_20230450000_01D_30S_CLK.CLK.gz.csv
[06:16:02] [INFO] Merging individual file: step_2_0_pairs_esa_final_ESA0OPSFIN_20232780000_01D_30S_CLK.CLK.gz.csv
[06:16:02] [DEBUG] Cleaned up individual file: step_2_0_pairs_esa_final_ESA0OPSFIN_20232780000_01D_30S_CLK.CLK.gz.csv
[06:16:02] [INFO] Merging individual file: step_2_0_pairs_esa_final_ESA0OPSFIN_20230370000_01D_30S_CLK.CLK.gz.csv
[06:16:03] [DEBUG] Cleaned up individual file: step_2_0_pairs_esa_final_ESA0OPSFIN_20230370000_01D_30S_CLK.CLK.gz.csv
[06:16:03] [INFO] Merging individual file: step_2_0_pairs_esa_final_ESA0OPSFIN_20243220000_01D_30S_CLK.CLK.gz.csv
[06:16:03] [DEBUG] Cleaned up individual file: step_2_0_pairs_esa_final_ESA0OPSFIN_20243220000_01D_30S_CLK.CLK.gz.csv
[06:16:03] [INFO] Merging individual file: step_2_0_pairs_esa_final_ESA0OPSFIN_20251190000_01D_30S_CLK.CLK.gz.csv
[06:16:03] [DEBUG] Cleaned up individual file: step_2_0_pairs_esa_final_ESA0OPSFIN_20251190000_01D_30S_CLK.CLK.gz.csv
[06:16:03] [INFO] Merging individual file: step_2_0_pairs_esa_final_ESA0OPSFIN_20241720000_01D_30S_CLK.CLK.gz.csv
[06:16:03] [DEBUG] Cleaned up individual file: step_2_0_pairs_esa_final_ESA0OPSFIN_20241720000_01D_30S_CLK.CLK.gz.csv
[06:16:03] [INFO] Merging individual file: step_2_0_pairs_esa_final_ESA0OPSFIN_20251620000_01D_30S_CLK.CLK.gz.csv
[06:16:03] [DEBUG] Cleaned up individual file: step_2_0_pairs_esa_final_ESA0OPSFIN_20251620000_01D_30S_CLK.CLK.gz.csv
[06:16:03] [INFO] Merging individual file: step_2_0_pairs_esa_final_ESA0OPSFIN_20241710000_01D_30S_CLK.CLK.gz.csv
[06:16:03] [DEBUG] Cleaned up individual file: step_2_0_pairs_esa_final_ESA0OPSFIN_20241710000_01D_30S_CLK.CLK.gz.csv
[06:16:03] [INFO] Merging individual file: step_2_0_pairs_esa_final_ESA0OPSFIN_20231060000_01D_30S_CLK.CLK.gz.csv
[06:16:03] [DEBUG] Cleaned up individual file: step_2_0_pairs_esa_final_ESA0OPSFIN_20231060000_01D_30S_CLK.CLK.gz.csv
[06:16:03] [INFO] Merging individual file: step_2_0_pairs_esa_final_ESA0OPSFIN_20250020000_01D_30S_CLK.CLK.gz.csv
[06:16:03] [DEBUG] Cleaned up individual file: step_2_0_pairs_esa_final_ESA0OPSFIN_20250020000_01D_30S_CLK.CLK.gz.csv
[06:16:03] [INFO] Merging individual file: step_2_0_pairs_esa_final_ESA0OPSFIN_20240820000_01D_30S_CLK.CLK.gz.csv
[06:16:03] [DEBUG] Cleaned up individual file: step_2_0_pairs_esa_final_ESA0OPSFIN_20240820000_01D_30S_CLK.CLK.gz.csv
[06:16:03] [INFO] Merging individual file: step_2_0_pairs_esa_final_ESA0OPSFIN_20251420000_01D_30S_CLK.CLK.gz.csv
[06:16:03] [DEBUG] Cleaned up individual file: step_2_0_pairs_esa_final_ESA0OPSFIN_20251420000_01D_30S_CLK.CLK.gz.csv
[06:16:03] [INFO] Merging individual file: step_2_0_pairs_esa_final_ESA0OPSFIN_20231870000_01D_30S_CLK.CLK.gz.csv
[06:16:03] [DEBUG] Cleaned up individual file: step_2_0_pairs_esa_final_ESA0OPSFIN_20231870000_01D_30S_CLK.CLK.gz.csv
[06:16:03] [INFO] Merging individual file: step_2_0_pairs_esa_final_ESA0OPSFIN_20231320000_01D_30S_CLK.CLK.gz.csv
[06:16:03] [DEBUG] Cleaned up individual file: step_2_0_pairs_esa_final_ESA0OPSFIN_20231320000_01D_30S_CLK.CLK.gz.csv
[06:16:03] [INFO] Merging individual file: step_2_0_pairs_esa_final_ESA0OPSFIN_20250910000_01D_30S_CLK.CLK.gz.csv
[06:16:03] [DEBUG] Cleaned up individual file: step_2_0_pairs_esa_final_ESA0OPSFIN_20250910000_01D_30S_CLK.CLK.gz.csv
[06:16:03] [INFO] Merging individual file: step_2_0_pairs_esa_final_ESA0OPSFIN_20251070000_01D_30S_CLK.CLK.gz.csv
[06:16:04] [DEBUG] Cleaned up individual file: step_2_0_pairs_esa_final_ESA0OPSFIN_20251070000_01D_30S_CLK.CLK.gz.csv
[06:16:04] [INFO] Merging individual file: step_2_0_pairs_esa_final_ESA0OPSFIN_20231640000_01D_30S_CLK.CLK.gz.csv
[06:16:04] [DEBUG] Cleaned up individual file: step_2_0_pairs_esa_final_ESA0OPSFIN_20231640000_01D_30S_CLK.CLK.gz.csv
[06:16:04] [INFO] Merging individual file: step_2_0_pairs_esa_final_ESA0OPSFIN_20240040000_01D_30S_CLK.CLK.gz.csv
[06:16:04] [DEBUG] Cleaned up individual file: step_2_0_pairs_esa_final_ESA0OPSFIN_20240040000_01D_30S_CLK.CLK.gz.csv
[06:16:04] [INFO] Merging individual file: step_2_0_pairs_esa_final_ESA0OPSFIN_20232890000_01D_30S_CLK.CLK.gz.csv
[06:16:04] [DEBUG] Cleaned up individual file: step_2_0_pairs_esa_final_ESA0OPSFIN_20232890000_01D_30S_CLK.CLK.gz.csv
[06:16:04] [INFO] Merging individual file: step_2_0_pairs_esa_final_ESA0OPSFIN_20243460000_01D_30S_CLK.CLK.gz.csv
[06:16:04] [DEBUG] Cleaned up individual file: step_2_0_pairs_esa_final_ESA0OPSFIN_20243460000_01D_30S_CLK.CLK.gz.csv
[06:16:04] [INFO] Merging individual file: step_2_0_pairs_esa_final_ESA0OPSFIN_20250870000_01D_30S_CLK.CLK.gz.csv
[06:16:04] [DEBUG] Cleaned up individual file: step_2_0_pairs_esa_final_ESA0OPSFIN_20250870000_01D_30S_CLK.CLK.gz.csv
[06:16:04] [INFO] Merging individual file: step_2_0_pairs_esa_final_ESA0OPSFIN_20250270000_01D_30S_CLK.CLK.gz.csv
[06:16:04] [DEBUG] Cleaned up individual file: step_2_0_pairs_esa_final_ESA0OPSFIN_20250270000_01D_30S_CLK.CLK.gz.csv
[06:16:04] [INFO] Merging individual file: step_2_0_pairs_esa_final_ESA0OPSFIN_20242440000_01D_30S_CLK.CLK.gz.csv
[06:16:04] [DEBUG] Cleaned up individual file: step_2_0_pairs_esa_final_ESA0OPSFIN_20242440000_01D_30S_CLK.CLK.gz.csv
[06:16:04] [INFO] Merging individual file: step_2_0_pairs_esa_final_ESA0OPSFIN_20232630000_01D_30S_CLK.CLK.gz.csv
[06:16:04] [DEBUG] Cleaned up individual file: step_2_0_pairs_esa_final_ESA0OPSFIN_20232630000_01D_30S_CLK.CLK.gz.csv
[06:16:04] [INFO] Merging individual file: step_2_0_pairs_esa_final_ESA0OPSFIN_20251320000_01D_30S_CLK.CLK.gz.csv
[06:16:04] [DEBUG] Cleaned up individual file: step_2_0_pairs_esa_final_ESA0OPSFIN_20251320000_01D_30S_CLK.CLK.gz.csv
[06:16:04] [INFO] Merging individual file: step_2_0_pairs_esa_final_ESA0OPSFIN_20243180000_01D_30S_CLK.CLK.gz.csv
[06:16:04] [DEBUG] Cleaned up individual file: step_2_0_pairs_esa_final_ESA0OPSFIN_20243180000_01D_30S_CLK.CLK.gz.csv
[06:16:04] [INFO] Merging individual file: step_2_0_pairs_esa_final_ESA0OPSFIN_20250850000_01D_30S_CLK.CLK.gz.csv
[06:16:04] [DEBUG] Cleaned up individual file: step_2_0_pairs_esa_final_ESA0OPSFIN_20250850000_01D_30S_CLK.CLK.gz.csv
[06:16:04] [INFO] Merging individual file: step_2_0_pairs_esa_final_ESA0OPSFIN_20243570000_01D_30S_CLK.CLK.gz.csv
[06:16:04] [DEBUG] Cleaned up individual file: step_2_0_pairs_esa_final_ESA0OPSFIN_20243570000_01D_30S_CLK.CLK.gz.csv
[06:16:04] [INFO] Merging individual file: step_2_0_pairs_esa_final_ESA0OPSFIN_20241970000_01D_30S_CLK.CLK.gz.csv
[06:16:05] [DEBUG] Cleaned up individual file: step_2_0_pairs_esa_final_ESA0OPSFIN_20241970000_01D_30S_CLK.CLK.gz.csv
[06:16:05] [INFO] Merging individual file: step_2_0_pairs_esa_final_ESA0OPSFIN_20250440000_01D_30S_CLK.CLK.gz.csv
[06:16:05] [DEBUG] Cleaned up individual file: step_2_0_pairs_esa_final_ESA0OPSFIN_20250440000_01D_30S_CLK.CLK.gz.csv
[06:16:05] [INFO] Merging individual file: step_2_0_pairs_esa_final_ESA0OPSFIN_20250060000_01D_30S_CLK.CLK.gz.csv
[06:16:05] [DEBUG] Cleaned up individual file: step_2_0_pairs_esa_final_ESA0OPSFIN_20250060000_01D_30S_CLK.CLK.gz.csv
[06:16:05] [INFO] Merging individual file: step_2_0_pairs_esa_final_ESA0OPSFIN_20240110000_01D_30S_CLK.CLK.gz.csv
[06:16:05] [DEBUG] Cleaned up individual file: step_2_0_pairs_esa_final_ESA0OPSFIN_20240110000_01D_30S_CLK.CLK.gz.csv
[06:16:05] [INFO] Merging individual file: step_2_0_pairs_esa_final_ESA0OPSFIN_20243620000_01D_30S_CLK.CLK.gz.csv
[06:16:05] [DEBUG] Cleaned up individual file: step_2_0_pairs_esa_final_ESA0OPSFIN_20243620000_01D_30S_CLK.CLK.gz.csv
[06:16:05] [INFO] Merging individual file: step_2_0_pairs_esa_final_ESA0OPSFIN_20243000000_01D_30S_CLK.CLK.gz.csv
[06:16:05] [DEBUG] Cleaned up individual file: step_2_0_pairs_esa_final_ESA0OPSFIN_20243000000_01D_30S_CLK.CLK.gz.csv
[06:16:05] [INFO] Merging individual file: step_2_0_pairs_esa_final_ESA0OPSFIN_20250620000_01D_30S_CLK.CLK.gz.csv
[06:16:05] [DEBUG] Cleaned up individual file: step_2_0_pairs_esa_final_ESA0OPSFIN_20250620000_01D_30S_CLK.CLK.gz.csv
[06:16:05] [INFO] Merging individual file: step_2_0_pairs_esa_final_ESA0OPSFIN_20243630000_01D_30S_CLK.CLK.gz.csv
[06:16:05] [DEBUG] Cleaned up individual file: step_2_0_pairs_esa_final_ESA0OPSFIN_20243630000_01D_30S_CLK.CLK.gz.csv
[06:16:05] [INFO] Merging individual file: step_2_0_pairs_esa_final_ESA0OPSFIN_20250590000_01D_30S_CLK.CLK.gz.csv
[06:16:05] [DEBUG] Cleaned up individual file: step_2_0_pairs_esa_final_ESA0OPSFIN_20250590000_01D_30S_CLK.CLK.gz.csv
[06:16:05] [INFO] Merging individual file: step_2_0_pairs_esa_final_ESA0OPSFIN_20243300000_01D_30S_CLK.CLK.gz.csv
[06:16:05] [DEBUG] Cleaned up individual file: step_2_0_pairs_esa_final_ESA0OPSFIN_20243300000_01D_30S_CLK.CLK.gz.csv
[06:16:05] [INFO] Merging individual file: step_2_0_pairs_esa_final_ESA0OPSFIN_20240750000_01D_30S_CLK.CLK.gz.csv
[06:16:05] [DEBUG] Cleaned up individual file: step_2_0_pairs_esa_final_ESA0OPSFIN_20240750000_01D_30S_CLK.CLK.gz.csv
[06:16:05] [INFO] Merging individual file: step_2_0_pairs_esa_final_ESA0OPSFIN_20251500000_01D_30S_CLK.CLK.gz.csv
[06:16:05] [DEBUG] Cleaned up individual file: step_2_0_pairs_esa_final_ESA0OPSFIN_20251500000_01D_30S_CLK.CLK.gz.csv
[06:16:05] [INFO] Merging individual file: step_2_0_pairs_esa_final_ESA0OPSFIN_20242720000_01D_30S_CLK.CLK.gz.csv
[06:16:05] [DEBUG] Cleaned up individual file: step_2_0_pairs_esa_final_ESA0OPSFIN_20242720000_01D_30S_CLK.CLK.gz.csv
[06:16:05] [INFO] Merging individual file: step_2_0_pairs_esa_final_ESA0OPSFIN_20241590000_01D_30S_CLK.CLK.gz.csv
[06:16:06] [DEBUG] Cleaned up individual file: step_2_0_pairs_esa_final_ESA0OPSFIN_20241590000_01D_30S_CLK.CLK.gz.csv
[06:16:06] [INFO] Merging individual file: step_2_0_pairs_esa_final_ESA0OPSFIN_20242380000_01D_30S_CLK.CLK.gz.csv
[06:16:06] [DEBUG] Cleaned up individual file: step_2_0_pairs_esa_final_ESA0OPSFIN_20242380000_01D_30S_CLK.CLK.gz.csv
[06:16:06] [INFO] Merging individual file: step_2_0_pairs_esa_final_ESA0OPSFIN_20241840000_01D_30S_CLK.CLK.gz.csv
[06:16:06] [DEBUG] Cleaned up individual file: step_2_0_pairs_esa_final_ESA0OPSFIN_20241840000_01D_30S_CLK.CLK.gz.csv
[06:16:06] [INFO] Merging individual file: step_2_0_pairs_esa_final_ESA0OPSFIN_20251590000_01D_30S_CLK.CLK.gz.csv
[06:16:06] [DEBUG] Cleaned up individual file: step_2_0_pairs_esa_final_ESA0OPSFIN_20251590000_01D_30S_CLK.CLK.gz.csv
[06:16:06] [INFO] Merging individual file: step_2_0_pairs_esa_final_ESA0OPSFIN_20251100000_01D_30S_CLK.CLK.gz.csv
[06:16:06] [DEBUG] Cleaned up individual file: step_2_0_pairs_esa_final_ESA0OPSFIN_20251100000_01D_30S_CLK.CLK.gz.csv
[06:16:06] [INFO] Merging individual file: step_2_0_pairs_esa_final_ESA0OPSFIN_20251650000_01D_30S_CLK.CLK.gz.csv
[06:16:06] [DEBUG] Cleaned up individual file: step_2_0_pairs_esa_final_ESA0OPSFIN_20251650000_01D_30S_CLK.CLK.gz.csv
[06:16:06] [INFO] Merging individual file: step_2_0_pairs_esa_final_ESA0OPSFIN_20241570000_01D_30S_CLK.CLK.gz.csv
[06:16:06] [DEBUG] Cleaned up individual file: step_2_0_pairs_esa_final_ESA0OPSFIN_20241570000_01D_30S_CLK.CLK.gz.csv
[06:16:06] [INFO] Merging individual file: step_2_0_pairs_esa_final_ESA0OPSFIN_20240870000_01D_30S_CLK.CLK.gz.csv
[06:16:06] [DEBUG] Cleaned up individual file: step_2_0_pairs_esa_final_ESA0OPSFIN_20240870000_01D_30S_CLK.CLK.gz.csv
[06:16:06] [INFO] Merging individual file: step_2_0_pairs_esa_final_ESA0OPSFIN_20251460000_01D_30S_CLK.CLK.gz.csv
[06:16:06] [DEBUG] Cleaned up individual file: step_2_0_pairs_esa_final_ESA0OPSFIN_20251460000_01D_30S_CLK.CLK.gz.csv
[06:16:06] [INFO] Merging individual file: step_2_0_pairs_esa_final_ESA0OPSFIN_20230710000_01D_30S_CLK.CLK.gz.csv
[06:16:06] [DEBUG] Cleaned up individual file: step_2_0_pairs_esa_final_ESA0OPSFIN_20230710000_01D_30S_CLK.CLK.gz.csv
[06:16:06] [INFO] Merging individual file: step_2_0_pairs_esa_final_ESA0OPSFIN_20231400000_01D_30S_CLK.CLK.gz.csv
[06:16:06] [DEBUG] Cleaned up individual file: step_2_0_pairs_esa_final_ESA0OPSFIN_20231400000_01D_30S_CLK.CLK.gz.csv
[06:16:06] [INFO] Merging individual file: step_2_0_pairs_esa_final_ESA0OPSFIN_20251030000_01D_30S_CLK.CLK.gz.csv
[06:16:06] [DEBUG] Cleaned up individual file: step_2_0_pairs_esa_final_ESA0OPSFIN_20251030000_01D_30S_CLK.CLK.gz.csv
[06:16:06] [INFO] Merging individual file: step_2_0_pairs_esa_final_ESA0OPSFIN_20250970000_01D_30S_CLK.CLK.gz.csv
[06:16:07] [DEBUG] Cleaned up individual file: step_2_0_pairs_esa_final_ESA0OPSFIN_20250970000_01D_30S_CLK.CLK.gz.csv
[06:16:07] [INFO] Merging individual file: step_2_0_pairs_esa_final_ESA0OPSFIN_20232260000_01D_30S_CLK.CLK.gz.csv
[06:16:07] [DEBUG] Cleaned up individual file: step_2_0_pairs_esa_final_ESA0OPSFIN_20232260000_01D_30S_CLK.CLK.gz.csv
[06:16:07] [INFO] Merging individual file: step_2_0_pairs_esa_final_ESA0OPSFIN_20242050000_01D_30S_CLK.CLK.gz.csv
[06:16:07] [DEBUG] Cleaned up individual file: step_2_0_pairs_esa_final_ESA0OPSFIN_20242050000_01D_30S_CLK.CLK.gz.csv
[06:16:07] [INFO] Merging individual file: step_2_0_pairs_esa_final_ESA0OPSFIN_20241690000_01D_30S_CLK.CLK.gz.csv
[06:16:07] [DEBUG] Cleaned up individual file: step_2_0_pairs_esa_final_ESA0OPSFIN_20241690000_01D_30S_CLK.CLK.gz.csv
[06:16:07] [INFO] Merging individual file: step_2_0_pairs_esa_final_ESA0OPSFIN_20243450000_01D_30S_CLK.CLK.gz.csv
[06:16:07] [DEBUG] Cleaned up individual file: step_2_0_pairs_esa_final_ESA0OPSFIN_20243450000_01D_30S_CLK.CLK.gz.csv
[06:16:07] [INFO] Merging individual file: step_2_0_pairs_esa_final_ESA0OPSFIN_20232450000_01D_30S_CLK.CLK.gz.csv
[06:16:07] [DEBUG] Cleaned up individual file: step_2_0_pairs_esa_final_ESA0OPSFIN_20232450000_01D_30S_CLK.CLK.gz.csv
[06:16:07] [INFO] Merging individual file: step_2_0_pairs_esa_final_ESA0OPSFIN_20250170000_01D_30S_CLK.CLK.gz.csv
[06:16:07] [DEBUG] Cleaned up individual file: step_2_0_pairs_esa_final_ESA0OPSFIN_20250170000_01D_30S_CLK.CLK.gz.csv
[06:16:07] [INFO] Merging individual file: step_2_0_pairs_esa_final_ESA0OPSFIN_20233450000_01D_30S_CLK.CLK.gz.csv
[06:16:07] [DEBUG] Cleaned up individual file: step_2_0_pairs_esa_final_ESA0OPSFIN_20233450000_01D_30S_CLK.CLK.gz.csv
[06:16:07] [INFO] Merging individual file: step_2_0_pairs_esa_final_ESA0OPSFIN_20232390000_01D_30S_CLK.CLK.gz.csv
[06:16:07] [DEBUG] Cleaned up individual file: step_2_0_pairs_esa_final_ESA0OPSFIN_20232390000_01D_30S_CLK.CLK.gz.csv
[06:16:07] [INFO] Merging individual file: step_2_0_pairs_esa_final_ESA0OPSFIN_20230150000_01D_30S_CLK.CLK.gz.csv
[06:16:07] [DEBUG] Cleaned up individual file: step_2_0_pairs_esa_final_ESA0OPSFIN_20230150000_01D_30S_CLK.CLK.gz.csv
[06:16:07] [INFO] Merging individual file: step_2_0_pairs_esa_final_ESA0OPSFIN_20233580000_01D_30S_CLK.CLK.gz.csv
[06:16:07] [DEBUG] Cleaned up individual file: step_2_0_pairs_esa_final_ESA0OPSFIN_20233580000_01D_30S_CLK.CLK.gz.csv
[06:16:07] [INFO] Merging individual file: step_2_0_pairs_esa_final_ESA0OPSFIN_20231690000_01D_30S_CLK.CLK.gz.csv
[06:16:07] [DEBUG] Cleaned up individual file: step_2_0_pairs_esa_final_ESA0OPSFIN_20231690000_01D_30S_CLK.CLK.gz.csv
[06:16:07] [INFO] Merging individual file: step_2_0_pairs_esa_final_ESA0OPSFIN_20250100000_01D_30S_CLK.CLK.gz.csv
[06:16:07] [DEBUG] Cleaned up individual file: step_2_0_pairs_esa_final_ESA0OPSFIN_20250100000_01D_30S_CLK.CLK.gz.csv
[06:16:07] [INFO] Merging individual file: step_2_0_pairs_esa_final_ESA0OPSFIN_20231810000_01D_30S_CLK.CLK.gz.csv
[06:16:07] [DEBUG] Cleaned up individual file: step_2_0_pairs_esa_final_ESA0OPSFIN_20231810000_01D_30S_CLK.CLK.gz.csv
[06:16:07] [INFO] Merging individual file: step_2_0_pairs_esa_final_ESA0OPSFIN_20251050000_01D_30S_CLK.CLK.gz.csv
[06:16:08] [DEBUG] Cleaned up individual file: step_2_0_pairs_esa_final_ESA0OPSFIN_20251050000_01D_30S_CLK.CLK.gz.csv
[06:16:08] [INFO] Merging individual file: step_2_0_pairs_esa_final_ESA0OPSFIN_20232700000_01D_30S_CLK.CLK.gz.csv
[06:16:08] [DEBUG] Cleaned up individual file: step_2_0_pairs_esa_final_ESA0OPSFIN_20232700000_01D_30S_CLK.CLK.gz.csv
[06:16:08] [INFO] Merging individual file: step_2_0_pairs_esa_final_ESA0OPSFIN_20230520000_01D_30S_CLK.CLK.gz.csv
[06:16:08] [DEBUG] Cleaned up individual file: step_2_0_pairs_esa_final_ESA0OPSFIN_20230520000_01D_30S_CLK.CLK.gz.csv
[06:16:08] [INFO] Merging individual file: step_2_0_pairs_esa_final_ESA0OPSFIN_20251080000_01D_30S_CLK.CLK.gz.csv
[06:16:08] [DEBUG] Cleaned up individual file: step_2_0_pairs_esa_final_ESA0OPSFIN_20251080000_01D_30S_CLK.CLK.gz.csv
[06:16:08] [INFO] Merging individual file: step_2_0_pairs_esa_final_ESA0OPSFIN_20251610000_01D_30S_CLK.CLK.gz.csv
[06:16:08] [DEBUG] Cleaned up individual file: step_2_0_pairs_esa_final_ESA0OPSFIN_20251610000_01D_30S_CLK.CLK.gz.csv
[06:16:08] [INFO] Merging individual file: step_2_0_pairs_esa_final_ESA0OPSFIN_20231050000_01D_30S_CLK.CLK.gz.csv
[06:16:08] [DEBUG] Cleaned up individual file: step_2_0_pairs_esa_final_ESA0OPSFIN_20231050000_01D_30S_CLK.CLK.gz.csv
[06:16:08] [INFO] Merging individual file: step_2_0_pairs_esa_final_ESA0OPSFIN_20250570000_01D_30S_CLK.CLK.gz.csv
[06:16:08] [DEBUG] Cleaned up individual file: step_2_0_pairs_esa_final_ESA0OPSFIN_20250570000_01D_30S_CLK.CLK.gz.csv
[06:16:08] [INFO] Merging individual file: step_2_0_pairs_esa_final_ESA0OPSFIN_20242180000_01D_30S_CLK.CLK.gz.csv
[06:16:08] [DEBUG] Cleaned up individual file: step_2_0_pairs_esa_final_ESA0OPSFIN_20242180000_01D_30S_CLK.CLK.gz.csv
[06:16:08] [INFO] Merging individual file: step_2_0_pairs_esa_final_ESA0OPSFIN_20251800000_01D_30S_CLK.CLK.gz.csv
[06:16:08] [DEBUG] Cleaned up individual file: step_2_0_pairs_esa_final_ESA0OPSFIN_20251800000_01D_30S_CLK.CLK.gz.csv
[06:16:08] [INFO] Merging individual file: step_2_0_pairs_esa_final_ESA0OPSFIN_20231390000_01D_30S_CLK.CLK.gz.csv
[06:16:08] [DEBUG] Cleaned up individual file: step_2_0_pairs_esa_final_ESA0OPSFIN_20231390000_01D_30S_CLK.CLK.gz.csv
[06:16:08] [INFO] Merging individual file: step_2_0_pairs_esa_final_ESA0OPSFIN_20231700000_01D_30S_CLK.CLK.gz.csv
[06:16:08] [DEBUG] Cleaned up individual file: step_2_0_pairs_esa_final_ESA0OPSFIN_20231700000_01D_30S_CLK.CLK.gz.csv
[06:16:08] [INFO] Merging individual file: step_2_0_pairs_esa_final_ESA0OPSFIN_20232820000_01D_30S_CLK.CLK.gz.csv
[06:16:08] [DEBUG] Cleaned up individual file: step_2_0_pairs_esa_final_ESA0OPSFIN_20232820000_01D_30S_CLK.CLK.gz.csv
[06:16:08] [INFO] Merging individual file: step_2_0_pairs_esa_final_ESA0OPSFIN_20233520000_01D_30S_CLK.CLK.gz.csv
[06:16:09] [DEBUG] Cleaned up individual file: step_2_0_pairs_esa_final_ESA0OPSFIN_20233520000_01D_30S_CLK.CLK.gz.csv
[06:16:09] [INFO] Merging individual file: step_2_0_pairs_esa_final_ESA0OPSFIN_20233210000_01D_30S_CLK.CLK.gz.csv
[06:16:09] [DEBUG] Cleaned up individual file: step_2_0_pairs_esa_final_ESA0OPSFIN_20233210000_01D_30S_CLK.CLK.gz.csv
[06:16:09] [INFO] Merging individual file: step_2_0_pairs_esa_final_ESA0OPSFIN_20241230000_01D_30S_CLK.CLK.gz.csv
[06:16:09] [DEBUG] Cleaned up individual file: step_2_0_pairs_esa_final_ESA0OPSFIN_20241230000_01D_30S_CLK.CLK.gz.csv
[06:16:09] [INFO] Merging individual file: step_2_0_pairs_esa_final_ESA0OPSFIN_20231010000_01D_30S_CLK.CLK.gz.csv
[06:16:09] [DEBUG] Cleaned up individual file: step_2_0_pairs_esa_final_ESA0OPSFIN_20231010000_01D_30S_CLK.CLK.gz.csv
[06:16:09] [INFO] Merging individual file: step_2_0_pairs_esa_final_ESA0OPSFIN_20242280000_01D_30S_CLK.CLK.gz.csv
[06:16:09] [DEBUG] Cleaned up individual file: step_2_0_pairs_esa_final_ESA0OPSFIN_20242280000_01D_30S_CLK.CLK.gz.csv
[06:16:09] [INFO] Merging individual file: step_2_0_pairs_esa_final_ESA0OPSFIN_20233460000_01D_30S_CLK.CLK.gz.csv
[06:16:09] [DEBUG] Cleaned up individual file: step_2_0_pairs_esa_final_ESA0OPSFIN_20233460000_01D_30S_CLK.CLK.gz.csv
[06:16:09] [INFO] Merging individual file: step_2_0_pairs_esa_final_ESA0OPSFIN_20241850000_01D_30S_CLK.CLK.gz.csv
[06:16:09] [DEBUG] Cleaned up individual file: step_2_0_pairs_esa_final_ESA0OPSFIN_20241850000_01D_30S_CLK.CLK.gz.csv
[06:16:09] [INFO] Merging individual file: step_2_0_pairs_esa_final_ESA0OPSFIN_20233140000_01D_30S_CLK.CLK.gz.csv
[06:16:09] [DEBUG] Cleaned up individual file: step_2_0_pairs_esa_final_ESA0OPSFIN_20233140000_01D_30S_CLK.CLK.gz.csv
[06:16:09] [INFO] Merging individual file: step_2_0_pairs_esa_final_ESA0OPSFIN_20242370000_01D_30S_CLK.CLK.gz.csv
[06:16:09] [DEBUG] Cleaned up individual file: step_2_0_pairs_esa_final_ESA0OPSFIN_20242370000_01D_30S_CLK.CLK.gz.csv
[06:16:09] [INFO] Merging individual file: step_2_0_pairs_esa_final_ESA0OPSFIN_20241550000_01D_30S_CLK.CLK.gz.csv
[06:16:09] [DEBUG] Cleaned up individual file: step_2_0_pairs_esa_final_ESA0OPSFIN_20241550000_01D_30S_CLK.CLK.gz.csv
[06:16:09] [INFO] Merging individual file: step_2_0_pairs_esa_final_ESA0OPSFIN_20231150000_01D_30S_CLK.CLK.gz.csv
[06:16:09] [DEBUG] Cleaned up individual file: step_2_0_pairs_esa_final_ESA0OPSFIN_20231150000_01D_30S_CLK.CLK.gz.csv
[06:16:09] [INFO] Merging individual file: step_2_0_pairs_esa_final_ESA0OPSFIN_20231450000_01D_30S_CLK.CLK.gz.csv
[06:16:09] [DEBUG] Cleaned up individual file: step_2_0_pairs_esa_final_ESA0OPSFIN_20231450000_01D_30S_CLK.CLK.gz.csv
[06:16:09] [INFO] Merging individual file: step_2_0_pairs_esa_final_ESA0OPSFIN_20240620000_01D_30S_CLK.CLK.gz.csv
[06:16:09] [DEBUG] Cleaned up individual file: step_2_0_pairs_esa_final_ESA0OPSFIN_20240620000_01D_30S_CLK.CLK.gz.csv
[06:16:09] [INFO] Merging individual file: step_2_0_pairs_esa_final_ESA0OPSFIN_20232540000_01D_30S_CLK.CLK.gz.csv
[06:16:09] [DEBUG] Cleaned up individual file: step_2_0_pairs_esa_final_ESA0OPSFIN_20232540000_01D_30S_CLK.CLK.gz.csv
[06:16:09] [INFO] Merging individual file: step_2_0_pairs_esa_final_ESA0OPSFIN_20251260000_01D_30S_CLK.CLK.gz.csv
[06:16:10] [DEBUG] Cleaned up individual file: step_2_0_pairs_esa_final_ESA0OPSFIN_20251260000_01D_30S_CLK.CLK.gz.csv
[06:16:10] [INFO] Merging individual file: step_2_0_pairs_esa_final_ESA0OPSFIN_20230630000_01D_30S_CLK.CLK.gz.csv
[06:16:10] [DEBUG] Cleaned up individual file: step_2_0_pairs_esa_final_ESA0OPSFIN_20230630000_01D_30S_CLK.CLK.gz.csv
[06:16:10] [INFO] Merging individual file: step_2_0_pairs_esa_final_ESA0OPSFIN_20240660000_01D_30S_CLK.CLK.gz.csv
[06:16:10] [DEBUG] Cleaned up individual file: step_2_0_pairs_esa_final_ESA0OPSFIN_20240660000_01D_30S_CLK.CLK.gz.csv
[06:16:10] [INFO] Merging individual file: step_2_0_pairs_esa_final_ESA0OPSFIN_20233440000_01D_30S_CLK.CLK.gz.csv
[06:16:10] [DEBUG] Cleaned up individual file: step_2_0_pairs_esa_final_ESA0OPSFIN_20233440000_01D_30S_CLK.CLK.gz.csv
[06:16:10] [SUCCESS] Consolidated pair data saved: /mnt/data/results/outputs/step_2_0_pairs_consolidated_esa_final.csv (10,809,084 pairs)
[06:16:10] [SUCCESS] Merged 0 temp files and 912 individual files into consolidated output
[06:16:10] [INFO] Running bootstrap (5000 iterations) for CI with improved stability
[06:16:10] [INFO] Bootstrap chunk 1/97: 40 successful fits
[06:16:10] [INFO] Bootstrap chunk 2/97: 42 successful fits
[06:16:10] [INFO] Bootstrap chunk 3/97: 40 successful fits
[06:16:10] [INFO] Bootstrap chunk 4/97: 41 successful fits
[06:16:11] [INFO] Bootstrap chunk 5/97: 43 successful fits
[06:16:11] [INFO] Bootstrap chunk 6/97: 35 successful fits
[06:16:11] [INFO] Bootstrap chunk 7/97: 37 successful fits
[06:16:11] [INFO] Bootstrap chunk 8/97: 37 successful fits
[06:16:11] [INFO] Bootstrap chunk 9/97: 39 successful fits
[06:16:12] [INFO] Bootstrap chunk 10/97: 40 successful fits
[06:16:12] [INFO] Bootstrap chunk 11/97: 36 successful fits
[06:16:12] [INFO] Bootstrap chunk 12/97: 38 successful fits
[06:16:12] [INFO] Bootstrap chunk 13/97: 35 successful fits
[06:16:12] [INFO] Bootstrap chunk 14/97: 35 successful fits
[06:16:13] [INFO] Bootstrap chunk 15/97: 43 successful fits
[06:16:13] [INFO] Bootstrap chunk 16/97: 39 successful fits
[06:16:13] [INFO] Bootstrap chunk 17/97: 40 successful fits
[06:16:13] [INFO] Bootstrap chunk 18/97: 43 successful fits
[06:16:14] [INFO] Bootstrap chunk 19/97: 33 successful fits
[06:16:14] [INFO] Bootstrap chunk 20/97: 39 successful fits
[06:16:14] [INFO] Bootstrap chunk 21/97: 45 successful fits
[06:16:14] [INFO] Bootstrap chunk 22/97: 42 successful fits
[06:16:14] [INFO] Bootstrap chunk 23/97: 41 successful fits
[06:16:15] [INFO] Bootstrap chunk 24/97: 34 successful fits
[06:16:15] [INFO] Bootstrap chunk 25/97: 34 successful fits
[06:16:15] [INFO] Bootstrap chunk 26/97: 35 successful fits
[06:16:15] [INFO] Bootstrap chunk 27/97: 37 successful fits
[06:16:15] [INFO] Bootstrap chunk 28/97: 36 successful fits
[06:16:16] [INFO] Bootstrap chunk 29/97: 35 successful fits
[06:16:16] [INFO] Bootstrap chunk 30/97: 33 successful fits
[06:16:16] [INFO] Bootstrap chunk 31/97: 32 successful fits
[06:16:16] [INFO] Bootstrap chunk 32/97: 38 successful fits
[06:16:16] [INFO] Bootstrap chunk 33/97: 39 successful fits
[06:16:17] [INFO] Bootstrap chunk 34/97: 34 successful fits
[06:16:17] [INFO] Bootstrap chunk 35/97: 44 successful fits
[06:16:17] [INFO] Bootstrap chunk 36/97: 40 successful fits
[06:16:17] [INFO] Bootstrap chunk 37/97: 38 successful fits
[06:16:17] [INFO] Bootstrap chunk 38/97: 37 successful fits
[06:16:18] [INFO] Bootstrap chunk 39/97: 38 successful fits
[06:16:18] [INFO] Bootstrap chunk 40/97: 40 successful fits
[06:16:18] [INFO] Bootstrap chunk 41/97: 36 successful fits
[06:16:18] [INFO] Bootstrap chunk 42/97: 37 successful fits
[06:16:18] [INFO] Bootstrap chunk 43/97: 43 successful fits
[06:16:19] [INFO] Bootstrap chunk 44/97: 44 successful fits
[06:16:19] [INFO] Bootstrap chunk 45/97: 42 successful fits
[06:16:19] [INFO] Bootstrap chunk 46/97: 36 successful fits
[06:16:19] [INFO] Bootstrap chunk 47/97: 40 successful fits
[06:16:19] [INFO] Bootstrap chunk 48/97: 34 successful fits
[06:16:20] [INFO] Bootstrap chunk 49/97: 41 successful fits
[06:16:20] [INFO] Bootstrap chunk 50/97: 36 successful fits
[06:16:20] [INFO] Bootstrap chunk 51/97: 36 successful fits
[06:16:20] [INFO] Bootstrap chunk 52/97: 45 successful fits
[06:16:20] [INFO] Bootstrap chunk 53/97: 45 successful fits
[06:16:21] [INFO] Bootstrap chunk 54/97: 35 successful fits
[06:16:21] [INFO] Bootstrap chunk 55/97: 38 successful fits
[06:16:21] [INFO] Bootstrap chunk 56/97: 41 successful fits
[06:16:21] [INFO] Bootstrap chunk 57/97: 37 successful fits
[06:16:21] [INFO] Bootstrap chunk 58/97: 39 successful fits
[06:16:22] [INFO] Bootstrap chunk 59/97: 37 successful fits
[06:16:22] [INFO] Bootstrap chunk 60/97: 38 successful fits
[06:16:22] [INFO] Bootstrap chunk 61/97: 38 successful fits
[06:16:22] [INFO] Bootstrap chunk 62/97: 37 successful fits
[06:16:22] [INFO] Bootstrap chunk 63/97: 37 successful fits
[06:16:23] [INFO] Bootstrap chunk 64/97: 40 successful fits
[06:16:23] [INFO] Bootstrap chunk 65/97: 39 successful fits
[06:16:23] [INFO] Bootstrap chunk 66/97: 38 successful fits
[06:16:23] [INFO] Bootstrap chunk 67/97: 37 successful fits
[06:16:23] [INFO] Bootstrap chunk 68/97: 38 successful fits
[06:16:24] [INFO] Bootstrap chunk 69/97: 33 successful fits
[06:16:24] [INFO] Bootstrap chunk 70/97: 43 successful fits
[06:16:24] [INFO] Bootstrap chunk 71/97: 36 successful fits
[06:16:24] [INFO] Bootstrap chunk 72/97: 39 successful fits
[06:16:24] [INFO] Bootstrap chunk 73/97: 37 successful fits
[06:16:25] [INFO] Bootstrap chunk 74/97: 38 successful fits
[06:16:25] [INFO] Bootstrap chunk 75/97: 42 successful fits
[06:16:25] [INFO] Bootstrap chunk 76/97: 36 successful fits
[06:16:25] [INFO] Bootstrap chunk 77/97: 36 successful fits
[06:16:25] [INFO] Bootstrap chunk 78/97: 35 successful fits
[06:16:26] [INFO] Bootstrap chunk 79/97: 35 successful fits
[06:16:26] [INFO] Bootstrap chunk 80/97: 33 successful fits
[06:16:26] [INFO] Bootstrap chunk 81/97: 44 successful fits
[06:16:26] [INFO] Bootstrap chunk 82/97: 41 successful fits
[06:16:26] [INFO] Bootstrap chunk 83/97: 35 successful fits
[06:16:27] [INFO] Bootstrap chunk 84/97: 37 successful fits
[06:16:27] [INFO] Bootstrap chunk 85/97: 29 successful fits
[06:16:27] [INFO] Bootstrap chunk 86/97: 42 successful fits
[06:16:27] [INFO] Bootstrap chunk 87/97: 40 successful fits
[06:16:27] [INFO] Bootstrap chunk 88/97: 37 successful fits
[06:16:28] [INFO] Bootstrap chunk 89/97: 29 successful fits
[06:16:28] [INFO] Bootstrap chunk 90/97: 37 successful fits
[06:16:28] [INFO] Bootstrap chunk 91/97: 31 successful fits
[06:16:28] [INFO] Bootstrap chunk 92/97: 33 successful fits
[06:16:28] [INFO] Bootstrap chunk 93/97: 35 successful fits
[06:16:29] [INFO] Bootstrap chunk 94/97: 34 successful fits
[06:16:29] [INFO] Bootstrap chunk 95/97: 34 successful fits
[06:16:29] [INFO] Bootstrap chunk 96/97: 33 successful fits
[06:16:29] [INFO] Bootstrap chunk 97/97: 7 successful fits
[06:16:29] [SUCCESS] Bootstrap completed: 3632/5000 successful (72.6%)
[06:16:29] [SUCCESS] Bootstrap CI computed
[06:16:29] [SUCCESS] Results saved: /mnt/data/results/outputs/step_2_0_correlation_esa_final.json
[06:16:29] [INFO] 
[06:16:29] [INFO] ================================================================================
[06:16:29] [INFO] CORRELATION ANALYSIS COMPLETE
[06:16:29] [INFO] ================================================================================
[06:16:29] [SUCCESS] TEP-GNSS CORRELATION ANALYSIS RESULTS
[06:16:29] [INFO] ==================================================
[06:16:29] [INFO]   Center: CODE
[06:16:29] [INFO]   Model: Exponential (R²=0.920)
[06:16:29] [INFO]   Correlation length (λ): 4548.6 ± 863.9 km
[06:16:29] [INFO]   Amplitude (A): 1.138e-01 ± 6.692e-03
[06:16:29] [INFO]   Offset (C₀): -2.133e-02 ± 6.422e-03
[06:16:29] [INFO]   Exponential model λ: 4548.6 km (R²=0.920)
[06:16:29] [INFO]   TEP Interpretation: TEP-consistent (Signal: Strong)
[06:16:29] [INFO] 
[06:16:29] [INFO]   Center: IGS_COMBINED
[06:16:29] [INFO]   Model: Matérn (ν=1.5) (R²=0.968)
[06:16:29] [INFO]   Correlation length (λ): 3394.6 ± 209.6 km
[06:16:29] [INFO]   Amplitude (A): 1.521e-01 ± 6.299e-03
[06:16:29] [INFO]   Offset (C₀): -1.283e-02 ± 2.632e-03
[06:16:29] [INFO]   Exponential model λ: 3763.6 km (R²=0.966)
[06:16:29] [INFO]   TEP Interpretation: TEP-consistent (Signal: Strong)
[06:16:29] [INFO] 
[06:16:29] [INFO]   Center: ESA_FINAL
[06:16:29] [INFO]   Model: Exponential (R²=0.970)
[06:16:29] [INFO]   Correlation length (λ): 3329.8 ± 309.1 km
[06:16:29] [INFO]   Amplitude (A): 2.497e-01 ± 1.221e-02
[06:16:29] [INFO]   Offset (C₀): -2.473e-02 ± 4.399e-03
[06:16:29] [INFO]   Exponential model λ: 3329.8 km (R²=0.970)
[06:16:29] [INFO]   TEP Interpretation: TEP-consistent (Signal: Strong)
[06:16:29] [INFO] 
[06:16:29] [INFO] Overall execution time: 3708.4 seconds
[06:16:29] [SUCCESS] Overall summary saved to /mnt/data/results/outputs/step_2_0_correlation_analysis_summary.json
[06:16:29] [SUCCESS] 
TEP Correlation Analysis completed successfully.
[06:16:29] [INFO] Ready for aggregate geospatial data (Step 2.1)
[06:16:32] [SUCCESS] Provenance snapshot updated
