[06:05:03] [INFO] 
[06:05:03] [INFO] ================================================================================
[06:05:03] [INFO] TEP GNSS Analysis Package v0.13
[06:05:03] [INFO] ================================================================================
[06:05:03] [INFO] 
[06:05:03] [INFO] 
[06:05:03] [INFO] ================================================================================
[06:05:03] [INFO] TEP GNSS Analysis Package v0.13 - STEP 2.1: Data Quality & Transparency Analysis
[06:05:03] [INFO] ================================================================================
[06:05:03] [INFO] 
[06:05:03] [INFO] Analyzing quality-filtered data from Step 2.0 for transparency and validation
[06:05:03] [INFO] Configured distance outlier thresholds: < 1.0km or > 20000.0km
[06:05:03] [INFO] Found 3 consolidated data files from Step 2.0.
[06:05:03] [SUCCESS] Using FIXED consolidated data (Step 2.0 consolidation bug has been resolved)
[06:05:03] [INFO] Loaded 766 station coordinates for analysis
[06:05:03] [PROCESS] Processing analysis center: CODE (1 files)
[06:05:03] [PROCESS] Concatenating individual CSV files...
[06:05:25] [INFO] Initial data loaded: 39,068,753 records
[06:05:27] [INFO] After coordinate filtering: 39,068,753 records
[06:05:30] [WARNING] Removed 21,679 distance outliers (< 1.0km or > 20000.0km) for CODE
[06:05:30] [INFO] Calculating azimuth...
[06:05:35] [INFO] Calculating longitude and local time differences...
[06:09:08] [SUCCESS] Saved enriched data for CODE to /Users/matthewsmawfield/www/TEP-GNSS/data/processed/step_2_1_geospatial_code.csv
[06:09:08] [PROCESS] Performing comprehensive data analysis on full dataset...
[06:09:08] [INFO] Analyzing 39,047,074 records (no sampling - full transparency)
[06:09:08] [PROCESS] Generating comprehensive analytical metadata...
[06:09:08] [PROCESS] Generating comprehensive analytical metadata for CODE...
[06:09:29] [PROCESS] Analyzing data quality and pair retention...
[06:09:29] [PROCESS] Analyzing filtering and exclusions for CODE...
[06:09:31] [PROCESS] Analyzing pair-level filtering and exclusions...
[06:09:31] [PROCESS] Analyzing pair-level filtering for CODE...
[06:09:32] [PROCESS] Analyzing temporal coverage...
[06:09:32] [PROCESS] Analyzing temporal coverage for CODE...
[06:09:45] [PROCESS] Analyzing data quality metrics...
[06:09:45] [PROCESS] Analyzing data quality metrics for CODE...
[06:09:53] [PROCESS] Analyzing temporal gaps and data density...
[06:09:53] [PROCESS] Analyzing temporal gaps and coverage for CODE...
[06:10:30] [PROCESS] Performing validation and outlier detection...
[06:10:30] [PROCESS] Performing validation and outlier detection for CODE...
[06:15:45] [PROCESS] Analyzing station coverage...
[06:15:45] [PROCESS] Analyzing station coverage for CODE...
[06:15:52] [PROCESS] Calculating per-station metrics (all stations)...
[06:15:52] [PROCESS] Analyzing per-station metrics for CODE (all stations)...
[06:27:10] [SUCCESS] DataFrame shape: (39047074, 17)
[06:27:10] [PROCESS] Processing analysis center: IGS_COMBINED (1 files)
[06:27:10] [PROCESS] Concatenating individual CSV files...
[06:27:19] [INFO] Initial data loaded: 12,879,379 records
[06:27:20] [INFO] After coordinate filtering: 12,879,379 records
[06:27:20] [WARNING] Removed 4,633 distance outliers (< 1.0km or > 20000.0km) for IGS_COMBINED
[06:27:20] [INFO] Calculating azimuth...
[06:27:21] [INFO] Calculating longitude and local time differences...
[06:28:29] [SUCCESS] Saved enriched data for IGS_COMBINED to /Users/matthewsmawfield/www/TEP-GNSS/data/processed/step_2_1_geospatial_igs_combined.csv
[06:28:29] [PROCESS] Performing comprehensive data analysis on full dataset...
[06:28:29] [INFO] Analyzing 12,874,746 records (no sampling - full transparency)
[06:28:29] [PROCESS] Generating comprehensive analytical metadata...
[06:28:29] [PROCESS] Generating comprehensive analytical metadata for IGS_COMBINED...
[06:28:34] [PROCESS] Analyzing data quality and pair retention...
[06:28:34] [PROCESS] Analyzing filtering and exclusions for IGS_COMBINED...
[06:28:34] [PROCESS] Analyzing pair-level filtering and exclusions...
[06:28:34] [PROCESS] Analyzing pair-level filtering for IGS_COMBINED...
[06:28:34] [PROCESS] Analyzing temporal coverage...
[06:28:34] [PROCESS] Analyzing temporal coverage for IGS_COMBINED...
[06:28:37] [PROCESS] Analyzing data quality metrics...
[06:28:37] [PROCESS] Analyzing data quality metrics for IGS_COMBINED...
[06:28:39] [PROCESS] Analyzing temporal gaps and data density...
[06:28:39] [PROCESS] Analyzing temporal gaps and coverage for IGS_COMBINED...
[06:28:51] [PROCESS] Performing validation and outlier detection...
[06:28:51] [PROCESS] Performing validation and outlier detection for IGS_COMBINED...
[06:30:04] [PROCESS] Analyzing station coverage...
[06:30:04] [PROCESS] Analyzing station coverage for IGS_COMBINED...
[06:30:06] [PROCESS] Calculating per-station metrics (all stations)...
[06:30:06] [PROCESS] Analyzing per-station metrics for IGS_COMBINED (all stations)...
[06:33:32] [SUCCESS] DataFrame shape: (12874746, 17)
[06:33:32] [PROCESS] Processing analysis center: ESA_FINAL (1 files)
[06:33:32] [PROCESS] Concatenating individual CSV files...
[06:33:36] [INFO] Initial data loaded: 8,762,249 records
[06:33:37] [INFO] After coordinate filtering: 8,762,249 records
[06:33:37] [INFO] Calculating azimuth...
[06:33:38] [INFO] Calculating longitude and local time differences...
[06:34:24] [SUCCESS] Saved enriched data for ESA_FINAL to /Users/matthewsmawfield/www/TEP-GNSS/data/processed/step_2_1_geospatial_esa_final.csv
[06:34:24] [PROCESS] Performing comprehensive data analysis on full dataset...
[06:34:24] [INFO] Analyzing 8,762,249 records (no sampling - full transparency)
[06:34:24] [PROCESS] Generating comprehensive analytical metadata...
[06:34:24] [PROCESS] Generating comprehensive analytical metadata for ESA_FINAL...
[06:34:28] [PROCESS] Analyzing data quality and pair retention...
[06:34:28] [PROCESS] Analyzing filtering and exclusions for ESA_FINAL...
[06:34:28] [PROCESS] Analyzing pair-level filtering and exclusions...
[06:34:28] [PROCESS] Analyzing pair-level filtering for ESA_FINAL...
[06:34:28] [PROCESS] Analyzing temporal coverage...
[06:34:28] [PROCESS] Analyzing temporal coverage for ESA_FINAL...
[06:34:30] [PROCESS] Analyzing data quality metrics...
[06:34:30] [PROCESS] Analyzing data quality metrics for ESA_FINAL...
[06:34:32] [PROCESS] Analyzing temporal gaps and data density...
[06:34:32] [PROCESS] Analyzing temporal gaps and coverage for ESA_FINAL...
[06:34:38] [PROCESS] Performing validation and outlier detection...
[06:34:38] [PROCESS] Performing validation and outlier detection for ESA_FINAL...
[06:35:27] [PROCESS] Analyzing station coverage...
[06:35:27] [PROCESS] Analyzing station coverage for ESA_FINAL...
[06:35:28] [PROCESS] Calculating per-station metrics (all stations)...
[06:35:28] [PROCESS] Analyzing per-station metrics for ESA_FINAL (all stations)...
[06:37:36] [SUCCESS] DataFrame shape: (8762249, 17)
[06:37:36] [PROCESS] Performing inter-analysis-center comparison...
[06:37:36] [PROCESS] Performing inter-AC comparison...
[06:37:36] [PROCESS] Performing station overlap analysis...
[06:37:36] [PROCESS] Analyzing station overlap across all analysis centers...
[06:37:36] [PROCESS] Generating analyst-focused metrics...
[06:37:36] [PROCESS] Generating analyst-focused metrics for issue identification...
[06:37:36] [SUCCESS] Summary output saved: /Users/matthewsmawfield/www/TEP-GNSS/results/outputs/step_2_1_geospatial_processing.json
[06:37:36] [SUCCESS] Detailed logs available in step_2_1_aggregate_geospatial_data.log
[06:37:36] [SUCCESS] ✓ No data quality warnings detected
[06:37:36] [PROCESS] Creating station distances file for validation steps...
[06:37:36] [INFO] Loaded 766 station coordinates
[06:37:36] [INFO] Sampling 300 stations from 766 for distance calculation
[06:37:36] [PROCESS] Calculating 44,850 station pair distances...
[06:37:36] [INFO]   Progress: 10,000/44,850 pairs
[06:37:36] [INFO]   Progress: 20,000/44,850 pairs
[06:37:37] [INFO]   Progress: 30,000/44,850 pairs
[06:37:37] [INFO]   Progress: 40,000/44,850 pairs
[06:37:37] [SUCCESS] Station distances file created: /Users/matthewsmawfield/www/TEP-GNSS/data/processed/step_2_1_station_distances.csv
[06:37:37] [SUCCESS] Total station pairs: 44,850
[06:37:37] [INFO] 
[06:37:37] [INFO] ================================================================================
[06:37:37] [INFO] STEP 2.1 COMPLETE
[06:37:37] [INFO] ================================================================================
[06:37:37] [INFO] 
[19:05:28] [INFO] 
[19:05:28] [INFO] ================================================================================
[19:05:28] [INFO] TEP GNSS Analysis Package v0.13
[19:05:28] [INFO] ================================================================================
[19:05:28] [INFO] 
[19:05:28] [INFO] 
[19:05:28] [INFO] ================================================================================
[19:05:28] [INFO] TEP GNSS Analysis Package v0.13 - STEP 2.1: Data Quality & Transparency Analysis
[19:05:28] [INFO] ================================================================================
[19:05:28] [INFO] 
[19:05:28] [INFO] Analyzing quality-filtered data from Step 2.0 for transparency and validation
[19:05:28] [INFO] Configured distance outlier thresholds: < 1.0km or > 20000.0km
[19:05:28] [INFO] Found 3 consolidated data files from Step 2.0.
[19:05:28] [SUCCESS] Using FIXED consolidated data (Step 2.0 consolidation bug has been resolved)
[19:05:28] [INFO] Loaded 766 station coordinates for analysis
[19:05:28] [PROCESS] Processing analysis center: CODE (1 files)
[19:05:28] [INFO] Processed file already exists: /Users/matthewsmawfield/www/TEP-GNSS/data/processed/step_2_1_geospatial_code.csv
[19:05:28] [INFO] Loading existing processed data for analysis...
[19:06:20] [SUCCESS] Loaded existing processed data: 39,047,074 records
[19:06:20] [SUCCESS] Using existing processed data: 39,047,074 records
[19:06:20] [PROCESS] Performing comprehensive data analysis on full dataset...
[19:06:20] [INFO] Analyzing 39,047,074 records (no sampling - full transparency)
[19:06:20] [PROCESS] Generating comprehensive analytical metadata...
[19:06:20] [PROCESS] Generating comprehensive analytical metadata for CODE...
[19:07:09] [PROCESS] Analyzing data quality and pair retention...
[19:07:10] [PROCESS] Analyzing filtering and exclusions for CODE...
[19:07:16] [PROCESS] Analyzing pair-level filtering and exclusions...
[19:07:16] [PROCESS] Analyzing pair-level filtering for CODE...
[19:07:33] [PROCESS] Analyzing temporal coverage...
[19:07:33] [PROCESS] Analyzing temporal coverage for CODE...
[19:08:44] [PROCESS] Analyzing data quality metrics...
[19:08:44] [PROCESS] Analyzing data quality metrics for CODE...
[19:11:01] [PROCESS] Analyzing temporal gaps and data density...
[19:11:01] [PROCESS] Analyzing temporal gaps and coverage for CODE...
[19:13:33] [PROCESS] Performing validation and outlier detection...
[19:13:33] [PROCESS] Performing validation and outlier detection for CODE...
[19:22:20] [PROCESS] Analyzing station coverage...
[19:37:34] [INFO] 
[19:37:34] [INFO] ================================================================================
[19:37:34] [INFO] TEP GNSS Analysis Package v0.13
[19:37:34] [INFO] ================================================================================
[19:37:34] [INFO] 
[19:37:34] [INFO] 
[19:37:34] [INFO] ================================================================================
[19:37:34] [INFO] TEP GNSS Analysis Package v0.13 - STEP 2.1: Data Quality & Transparency Analysis
[19:37:34] [INFO] ================================================================================
[19:37:34] [INFO] 
[19:37:34] [INFO] Analyzing quality-filtered data from Step 2.0 for transparency and validation
[19:37:34] [INFO] Configured distance outlier thresholds: < 1.0km or > 20000.0km
[19:37:34] [INFO] Found 3 consolidated data files from Step 2.0.
[19:37:34] [SUCCESS] Using FIXED consolidated data (Step 2.0 consolidation bug has been resolved)
[19:37:34] [INFO] Loaded 766 station coordinates for analysis
[19:37:34] [PROCESS] Processing analysis center: CODE (1 files)
[19:37:34] [INFO] Processed file already exists: /Users/matthewsmawfield/www/TEP-GNSS/data/processed/step_2_1_geospatial_code.csv
[19:37:34] [INFO] Loading existing processed data for analysis...
[19:37:34] [INFO] Large file detected (5387.1 MB), using chunked loading...
[19:37:34] [DEBUG] Loaded 10 chunks...
[19:37:34] [DEBUG] Loaded 20 chunks...
[19:37:35] [DEBUG] Loaded 30 chunks...
[19:37:35] [DEBUG] Loaded 40 chunks...
[19:37:35] [DEBUG] Loaded 50 chunks...
[19:37:35] [DEBUG] Loaded 60 chunks...
[19:37:35] [DEBUG] Loaded 70 chunks...
[19:37:36] [DEBUG] Loaded 80 chunks...
[19:37:36] [DEBUG] Loaded 90 chunks...
[19:37:36] [DEBUG] Loaded 100 chunks...
[19:37:36] [DEBUG] Loaded 110 chunks...
[19:37:36] [DEBUG] Loaded 120 chunks...
[19:37:37] [DEBUG] Loaded 130 chunks...
[19:37:37] [DEBUG] Loaded 140 chunks...
[19:37:37] [DEBUG] Loaded 150 chunks...
[19:37:37] [DEBUG] Loaded 160 chunks...
[19:37:37] [DEBUG] Loaded 170 chunks...
[19:37:37] [DEBUG] Loaded 180 chunks...
[19:37:38] [DEBUG] Loaded 190 chunks...
[19:37:38] [DEBUG] Loaded 200 chunks...
[19:37:38] [DEBUG] Loaded 210 chunks...
[19:37:38] [DEBUG] Loaded 220 chunks...
[19:37:38] [DEBUG] Loaded 230 chunks...
[19:37:39] [DEBUG] Loaded 240 chunks...
[19:37:39] [DEBUG] Loaded 250 chunks...
[19:37:39] [DEBUG] Loaded 260 chunks...
[19:37:39] [DEBUG] Loaded 270 chunks...
[19:37:39] [DEBUG] Loaded 280 chunks...
[19:37:40] [DEBUG] Loaded 290 chunks...
[19:37:40] [DEBUG] Loaded 300 chunks...
[19:37:40] [DEBUG] Loaded 310 chunks...
[19:37:40] [DEBUG] Loaded 320 chunks...
[19:37:40] [DEBUG] Loaded 330 chunks...
[19:37:41] [DEBUG] Loaded 340 chunks...
[19:37:41] [DEBUG] Loaded 350 chunks...
[19:37:41] [DEBUG] Loaded 360 chunks...
[19:37:41] [DEBUG] Loaded 370 chunks...
[19:37:41] [DEBUG] Loaded 380 chunks...
[19:37:41] [DEBUG] Loaded 390 chunks...
[19:37:42] [DEBUG] Loaded 400 chunks...
[19:37:42] [DEBUG] Loaded 410 chunks...
[19:37:42] [DEBUG] Loaded 420 chunks...
[19:37:42] [DEBUG] Loaded 430 chunks...
[19:37:42] [DEBUG] Loaded 440 chunks...
[19:37:43] [DEBUG] Loaded 450 chunks...
[19:37:43] [DEBUG] Loaded 460 chunks...
[19:37:43] [DEBUG] Loaded 470 chunks...
[19:37:43] [DEBUG] Loaded 480 chunks...
[19:37:43] [DEBUG] Loaded 490 chunks...
[19:37:44] [DEBUG] Loaded 500 chunks...
[19:37:44] [DEBUG] Loaded 510 chunks...
[19:37:44] [DEBUG] Loaded 520 chunks...
[19:37:44] [DEBUG] Loaded 530 chunks...
[19:37:44] [DEBUG] Loaded 540 chunks...
[19:37:44] [DEBUG] Loaded 550 chunks...
[19:37:45] [DEBUG] Loaded 560 chunks...
[19:37:45] [DEBUG] Loaded 570 chunks...
[19:37:45] [DEBUG] Loaded 580 chunks...
[19:37:45] [DEBUG] Loaded 590 chunks...
[19:37:45] [DEBUG] Loaded 600 chunks...
[19:37:46] [DEBUG] Loaded 610 chunks...
[19:37:46] [DEBUG] Loaded 620 chunks...
[19:37:46] [DEBUG] Loaded 630 chunks...
[19:37:46] [DEBUG] Loaded 640 chunks...
[19:37:46] [DEBUG] Loaded 650 chunks...
[19:37:47] [DEBUG] Loaded 660 chunks...
[19:37:47] [DEBUG] Loaded 670 chunks...
[19:37:47] [DEBUG] Loaded 680 chunks...
[19:37:47] [DEBUG] Loaded 690 chunks...
[19:37:47] [DEBUG] Loaded 700 chunks...
[19:37:48] [DEBUG] Loaded 710 chunks...
[19:37:48] [DEBUG] Loaded 720 chunks...
[19:37:48] [DEBUG] Loaded 730 chunks...
[19:37:48] [DEBUG] Loaded 740 chunks...
[19:37:48] [DEBUG] Loaded 750 chunks...
[19:37:48] [DEBUG] Loaded 760 chunks...
[19:37:49] [DEBUG] Loaded 770 chunks...
[19:37:49] [DEBUG] Loaded 780 chunks...
[19:37:49] [DEBUG] Loaded 790 chunks...
[19:37:49] [DEBUG] Loaded 800 chunks...
[19:37:49] [DEBUG] Loaded 810 chunks...
[19:37:50] [DEBUG] Loaded 820 chunks...
[19:37:50] [DEBUG] Loaded 830 chunks...
[19:37:50] [DEBUG] Loaded 840 chunks...
[19:37:50] [DEBUG] Loaded 850 chunks...
[19:37:50] [DEBUG] Loaded 860 chunks...
[19:37:51] [DEBUG] Loaded 870 chunks...
[19:37:51] [DEBUG] Loaded 880 chunks...
[19:37:51] [DEBUG] Loaded 890 chunks...
[19:37:51] [DEBUG] Loaded 900 chunks...
[19:37:51] [DEBUG] Loaded 910 chunks...
[19:37:52] [DEBUG] Loaded 920 chunks...
[19:37:52] [DEBUG] Loaded 930 chunks...
[19:37:52] [DEBUG] Loaded 940 chunks...
[19:37:52] [DEBUG] Loaded 950 chunks...
[19:37:52] [DEBUG] Loaded 960 chunks...
[19:37:53] [DEBUG] Loaded 970 chunks...
[19:37:53] [DEBUG] Loaded 980 chunks...
[19:37:53] [DEBUG] Loaded 990 chunks...
[19:37:53] [DEBUG] Loaded 1000 chunks...
[19:37:53] [DEBUG] Loaded 1010 chunks...
[19:37:53] [DEBUG] Loaded 1020 chunks...
[19:37:54] [DEBUG] Loaded 1030 chunks...
[19:37:54] [DEBUG] Loaded 1040 chunks...
[19:37:54] [DEBUG] Loaded 1050 chunks...
[19:37:54] [DEBUG] Loaded 1060 chunks...
[19:37:54] [DEBUG] Loaded 1070 chunks...
[19:37:55] [DEBUG] Loaded 1080 chunks...
[19:37:55] [DEBUG] Loaded 1090 chunks...
[19:37:55] [DEBUG] Loaded 1100 chunks...
[19:37:55] [DEBUG] Loaded 1110 chunks...
[19:37:55] [DEBUG] Loaded 1120 chunks...
[19:37:56] [DEBUG] Loaded 1130 chunks...
[19:37:56] [DEBUG] Loaded 1140 chunks...
[19:37:56] [DEBUG] Loaded 1150 chunks...
[19:37:56] [DEBUG] Loaded 1160 chunks...
[19:37:56] [DEBUG] Loaded 1170 chunks...
[19:37:57] [DEBUG] Loaded 1180 chunks...
[19:37:57] [DEBUG] Loaded 1190 chunks...
[19:37:57] [DEBUG] Loaded 1200 chunks...
[19:37:57] [DEBUG] Loaded 1210 chunks...
[19:37:57] [DEBUG] Loaded 1220 chunks...
[19:37:57] [DEBUG] Loaded 1230 chunks...
[19:37:58] [DEBUG] Loaded 1240 chunks...
[19:37:58] [DEBUG] Loaded 1250 chunks...
[19:37:58] [DEBUG] Loaded 1260 chunks...
[19:37:58] [DEBUG] Loaded 1270 chunks...
[19:37:58] [DEBUG] Loaded 1280 chunks...
[19:37:59] [DEBUG] Loaded 1290 chunks...
[19:37:59] [DEBUG] Loaded 1300 chunks...
[19:37:59] [DEBUG] Loaded 1310 chunks...
[19:37:59] [DEBUG] Loaded 1320 chunks...
[19:37:59] [DEBUG] Loaded 1330 chunks...
[19:38:00] [DEBUG] Loaded 1340 chunks...
[19:38:00] [DEBUG] Loaded 1350 chunks...
[19:38:00] [DEBUG] Loaded 1360 chunks...
[19:38:00] [DEBUG] Loaded 1370 chunks...
[19:38:00] [DEBUG] Loaded 1380 chunks...
[19:38:01] [DEBUG] Loaded 1390 chunks...
[19:38:01] [DEBUG] Loaded 1400 chunks...
[19:38:01] [DEBUG] Loaded 1410 chunks...
[19:38:01] [DEBUG] Loaded 1420 chunks...
[19:38:01] [DEBUG] Loaded 1430 chunks...
[19:38:02] [DEBUG] Loaded 1440 chunks...
[19:38:02] [DEBUG] Loaded 1450 chunks...
[19:38:02] [DEBUG] Loaded 1460 chunks...
[19:38:02] [DEBUG] Loaded 1470 chunks...
[19:38:02] [DEBUG] Loaded 1480 chunks...
[19:38:03] [DEBUG] Loaded 1490 chunks...
[19:38:03] [DEBUG] Loaded 1500 chunks...
[19:38:03] [DEBUG] Loaded 1510 chunks...
[19:38:03] [DEBUG] Loaded 1520 chunks...
[19:38:03] [DEBUG] Loaded 1530 chunks...
[19:38:04] [DEBUG] Loaded 1540 chunks...
[19:38:04] [DEBUG] Loaded 1550 chunks...
[19:38:04] [DEBUG] Loaded 1560 chunks...
[19:38:06] [SUCCESS] Loaded existing processed data: 39,047,074 records
[19:38:06] [SUCCESS] Using existing processed data: 39,047,074 records
[19:38:06] [PROCESS] Performing comprehensive data analysis on full dataset...
[19:38:06] [INFO] Analyzing 39,047,074 records (no sampling - full transparency)
[19:38:06] [WARNING] High memory usage detected in Before comprehensive analysis for code: 5420.92 MB
[19:38:06] [DEBUG] Memory cleanup: RSS=5420.92 MB, VMS=44499.35 MB
[19:38:06] [PROCESS] Generating comprehensive analytical metadata...
[19:38:06] [PROCESS] Generating comprehensive analytical metadata for CODE...
[19:38:27] [DEBUG] Memory cleanup: RSS=7712.52 MB, VMS=45804.31 MB
[19:38:27] [PROCESS] Analyzing data quality and pair retention...
[19:38:27] [PROCESS] Analyzing filtering and exclusions for CODE...
[19:38:28] [DEBUG] Memory cleanup: RSS=7714.10 MB, VMS=45804.32 MB
[19:38:28] [PROCESS] Analyzing pair-level filtering and exclusions...
[19:38:28] [PROCESS] Analyzing pair-level filtering for CODE...
[19:38:30] [DEBUG] Memory cleanup: RSS=7717.34 MB, VMS=45804.32 MB
[19:38:30] [PROCESS] Analyzing temporal coverage...
[19:38:30] [PROCESS] Analyzing temporal coverage for CODE...
[19:38:41] [DEBUG] Memory cleanup: RSS=10578.37 MB, VMS=48664.68 MB
[19:38:41] [PROCESS] Analyzing data quality metrics...
[19:38:41] [PROCESS] Analyzing data quality metrics for CODE...
[19:38:48] [DEBUG] Memory cleanup: RSS=10690.09 MB, VMS=48664.68 MB
[19:38:48] [PROCESS] Analyzing temporal gaps and data density...
[19:38:48] [PROCESS] Analyzing temporal gaps and coverage for CODE...
[19:39:24] [DEBUG] Memory cleanup: RSS=10692.46 MB, VMS=48665.43 MB
[19:39:24] [PROCESS] Performing validation and outlier detection...
[19:39:24] [PROCESS] Performing validation and outlier detection for CODE...
[19:44:48] [INFO] 
[19:44:48] [INFO] ================================================================================
[19:44:48] [INFO] TEP GNSS Analysis Package v0.13
[19:44:48] [INFO] ================================================================================
[19:44:48] [INFO] 
[19:44:48] [INFO] 
[19:44:48] [INFO] ================================================================================
[19:44:48] [INFO] TEP GNSS Analysis Package v0.13 - STEP 2.1: Data Quality & Transparency Analysis
[19:44:48] [INFO] ================================================================================
[19:44:48] [INFO] 
[19:44:48] [INFO] Analyzing quality-filtered data from Step 2.0 for transparency and validation
[19:44:48] [INFO] Configured distance outlier thresholds: < 1.0km or > 20000.0km
[19:44:48] [INFO] Found 3 consolidated data files from Step 2.0.
[19:44:48] [SUCCESS] Using FIXED consolidated data (Step 2.0 consolidation bug has been resolved)
[19:44:48] [INFO] Loaded 766 station coordinates for analysis
[19:44:48] [PROCESS] Processing analysis center: CODE (1 files)
[19:44:48] [INFO] Processed file already exists: /Users/matthewsmawfield/www/TEP-GNSS/data/processed/step_2_1_geospatial_code.csv
[19:44:48] [INFO] Loading existing processed data for analysis...
[19:44:48] [INFO] Large file detected (5387.1 MB), using chunked loading...
[19:44:48] [INFO] Estimated total chunks to load: ~4519
[19:44:48] [DEBUG] Loaded 10 chunks...
[19:44:48] [DEBUG] Loaded 20 chunks...
[19:44:48] [DEBUG] Loaded 30 chunks...
[19:44:48] [DEBUG] Loaded 40 chunks...
[19:44:49] [DEBUG] Loaded 50 chunks...
[19:44:49] [DEBUG] Loaded 60 chunks...
[19:44:49] [DEBUG] Loaded 70 chunks...
[19:44:49] [DEBUG] Loaded 80 chunks...
[19:44:49] [DEBUG] Loaded 90 chunks...
[19:44:50] [DEBUG] Loaded 100 chunks...
[19:44:50] [DEBUG] Loaded 110 chunks...
[19:44:50] [DEBUG] Loaded 120 chunks...
[19:44:50] [DEBUG] Loaded 130 chunks...
[19:44:50] [DEBUG] Loaded 140 chunks...
[19:44:51] [DEBUG] Loaded 150 chunks...
[19:44:51] [DEBUG] Loaded 160 chunks...
[19:44:51] [DEBUG] Loaded 170 chunks...
[19:44:51] [DEBUG] Loaded 180 chunks...
[19:44:51] [DEBUG] Loaded 190 chunks...
[19:44:52] [DEBUG] Loaded 200 chunks...
[19:44:52] [DEBUG] Loaded 210 chunks...
[19:44:52] [DEBUG] Loaded 220 chunks...
[19:44:52] [DEBUG] Loaded 230 chunks...
[19:44:54] [INFO] 
[19:44:54] [INFO] ================================================================================
[19:44:54] [INFO] TEP GNSS Analysis Package v0.13
[19:44:54] [INFO] ================================================================================
[19:44:54] [INFO] 
[19:44:54] [INFO] 
[19:44:54] [INFO] ================================================================================
[19:44:54] [INFO] TEP GNSS Analysis Package v0.13 - STEP 2.1: Data Quality & Transparency Analysis
[19:44:54] [INFO] ================================================================================
[19:44:54] [INFO] 
[19:44:54] [INFO] Analyzing quality-filtered data from Step 2.0 for transparency and validation
[19:44:54] [INFO] Configured distance outlier thresholds: < 1.0km or > 20000.0km
[19:44:54] [INFO] Found 3 consolidated data files from Step 2.0.
[19:44:54] [SUCCESS] Using FIXED consolidated data (Step 2.0 consolidation bug has been resolved)
[19:44:54] [INFO] Loaded 766 station coordinates for analysis
[19:44:54] [PROCESS] Processing analysis center: CODE (1 files)
[19:44:54] [INFO] Processed file already exists: /Users/matthewsmawfield/www/TEP-GNSS/data/processed/step_2_1_geospatial_code.csv
[19:44:54] [INFO] Loading existing processed data for analysis...
[19:44:54] [INFO] Large file detected (5387.1 MB), using chunked loading...
[19:44:54] [INFO] Estimated total chunks to load: ~4519
[19:44:55] [DEBUG] Loaded 10 chunks...
[19:44:55] [DEBUG] Loaded 20 chunks...
[19:44:55] [DEBUG] Loaded 30 chunks...
[19:44:55] [DEBUG] Loaded 40 chunks...
[19:44:55] [DEBUG] Loaded 50 chunks...
[19:45:01] [INFO] 
[19:45:01] [INFO] ================================================================================
[19:45:01] [INFO] TEP GNSS Analysis Package v0.13
[19:45:01] [INFO] ================================================================================
[19:45:01] [INFO] 
[19:45:01] [INFO] 
[19:45:01] [INFO] ================================================================================
[19:45:01] [INFO] TEP GNSS Analysis Package v0.13 - STEP 2.1: Data Quality & Transparency Analysis
[19:45:01] [INFO] ================================================================================
[19:45:01] [INFO] 
[19:45:01] [INFO] Analyzing quality-filtered data from Step 2.0 for transparency and validation
[19:45:01] [INFO] Configured distance outlier thresholds: < 1.0km or > 20000.0km
[19:45:01] [INFO] Found 3 consolidated data files from Step 2.0.
[19:45:01] [SUCCESS] Using FIXED consolidated data (Step 2.0 consolidation bug has been resolved)
[19:45:01] [INFO] Loaded 766 station coordinates for analysis
[19:45:01] [PROCESS] Processing analysis center: CODE (1 files)
[19:45:01] [INFO] Processed file already exists: /Users/matthewsmawfield/www/TEP-GNSS/data/processed/step_2_1_geospatial_code.csv
[19:45:01] [INFO] Loading existing processed data for analysis...
[19:45:01] [INFO] Large file detected (5387.1 MB), using chunked loading...
[19:45:01] [INFO] Estimated total chunks to load: ~4519
[19:45:01] [DEBUG] Loaded 10 chunks...
[19:45:01] [DEBUG] Loaded 20 chunks...
[19:45:01] [DEBUG] Loaded 30 chunks...
[19:45:02] [DEBUG] Loaded 40 chunks...
[19:45:02] [DEBUG] Loaded 50 chunks...
[19:45:02] [DEBUG] Loaded 60 chunks...
[19:45:02] [DEBUG] Loaded 70 chunks...
[19:45:03] [DEBUG] Loaded 80 chunks...
[19:45:03] [DEBUG] Loaded 90 chunks...
[19:45:03] [DEBUG] Loaded 100 chunks...
[19:45:03] [DEBUG] Loaded 110 chunks...
[19:45:03] [DEBUG] Loaded 120 chunks...
[19:45:04] [DEBUG] Loaded 130 chunks...
[19:45:04] [DEBUG] Loaded 140 chunks...
[19:45:04] [DEBUG] Loaded 150 chunks...
[19:45:04] [DEBUG] Loaded 160 chunks...
[19:45:05] [DEBUG] Loaded 170 chunks...
[19:45:05] [DEBUG] Loaded 180 chunks...
[19:45:05] [DEBUG] Loaded 190 chunks...
[19:45:05] [DEBUG] Loaded 200 chunks...
[19:45:06] [DEBUG] Loaded 210 chunks...
[19:45:06] [DEBUG] Loaded 220 chunks...
[19:45:06] [DEBUG] Loaded 230 chunks...
[19:45:06] [DEBUG] Loaded 240 chunks...
[19:45:06] [DEBUG] Loaded 250 chunks...
[19:45:07] [DEBUG] Loaded 260 chunks...
[19:45:07] [DEBUG] Loaded 270 chunks...
[19:45:07] [DEBUG] Loaded 280 chunks...
[19:45:07] [DEBUG] Loaded 290 chunks...
[19:45:08] [DEBUG] Loaded 300 chunks...
[19:45:08] [DEBUG] Loaded 310 chunks...
[19:45:08] [DEBUG] Loaded 320 chunks...
[19:45:08] [DEBUG] Loaded 330 chunks...
[19:45:09] [DEBUG] Loaded 340 chunks...
[19:45:09] [DEBUG] Loaded 350 chunks...
[19:45:09] [DEBUG] Loaded 360 chunks...
[19:45:09] [DEBUG] Loaded 370 chunks...
[19:45:09] [DEBUG] Loaded 380 chunks...
[19:45:10] [DEBUG] Loaded 390 chunks...
[19:45:10] [DEBUG] Loaded 400 chunks...
[19:45:10] [DEBUG] Loaded 410 chunks...
[19:45:10] [DEBUG] Loaded 420 chunks...
[19:45:11] [DEBUG] Loaded 430 chunks...
[19:45:11] [DEBUG] Loaded 440 chunks...
[19:45:11] [DEBUG] Loaded 450 chunks...
[19:45:11] [DEBUG] Loaded 460 chunks...
[19:45:12] [DEBUG] Loaded 470 chunks...
[19:45:12] [DEBUG] Loaded 480 chunks...
[19:45:12] [DEBUG] Loaded 490 chunks...
[19:45:12] [DEBUG] Loaded 500 chunks...
[19:45:12] [DEBUG] Loaded 510 chunks...
[19:45:13] [DEBUG] Loaded 520 chunks...
[19:45:13] [DEBUG] Loaded 530 chunks...
[19:45:13] [DEBUG] Loaded 540 chunks...
[19:45:13] [DEBUG] Loaded 550 chunks...
[19:45:14] [DEBUG] Loaded 560 chunks...
[19:45:14] [DEBUG] Loaded 570 chunks...
[19:45:14] [DEBUG] Loaded 580 chunks...
[19:45:14] [DEBUG] Loaded 590 chunks...
[19:45:14] [DEBUG] Loaded 600 chunks...
[19:45:15] [DEBUG] Loaded 610 chunks...
[19:45:15] [DEBUG] Loaded 620 chunks...
[19:45:15] [DEBUG] Loaded 630 chunks...
[19:45:15] [DEBUG] Loaded 640 chunks...
[19:45:16] [DEBUG] Loaded 650 chunks...
[19:45:16] [DEBUG] Loaded 660 chunks...
[19:45:16] [DEBUG] Loaded 670 chunks...
[19:45:16] [DEBUG] Loaded 680 chunks...
[19:45:17] [DEBUG] Loaded 690 chunks...
[19:45:17] [DEBUG] Loaded 700 chunks...
[19:45:17] [DEBUG] Loaded 710 chunks...
[19:45:17] [DEBUG] Loaded 720 chunks...
[19:45:18] [DEBUG] Loaded 730 chunks...
[19:45:18] [DEBUG] Loaded 740 chunks...
[19:45:18] [DEBUG] Loaded 750 chunks...
[19:45:18] [DEBUG] Loaded 760 chunks...
[19:45:18] [DEBUG] Loaded 770 chunks...
[19:45:19] [DEBUG] Loaded 780 chunks...
[19:45:19] [DEBUG] Loaded 790 chunks...
[19:45:19] [DEBUG] Loaded 800 chunks...
[19:45:19] [DEBUG] Loaded 810 chunks...
[19:45:20] [DEBUG] Loaded 820 chunks...
[19:45:20] [DEBUG] Loaded 830 chunks...
[19:45:20] [DEBUG] Loaded 840 chunks...
[19:45:20] [DEBUG] Loaded 850 chunks...
[19:45:20] [DEBUG] Loaded 860 chunks...
[19:45:21] [DEBUG] Loaded 870 chunks...
[19:45:21] [DEBUG] Loaded 880 chunks...
[19:45:21] [DEBUG] Loaded 890 chunks...
[19:45:21] [DEBUG] Loaded 900 chunks...
[19:45:22] [DEBUG] Loaded 910 chunks...
[19:45:22] [DEBUG] Loaded 920 chunks...
[19:45:22] [DEBUG] Loaded 930 chunks...
[19:45:22] [DEBUG] Loaded 940 chunks...
[19:45:23] [DEBUG] Loaded 950 chunks...
[19:45:23] [DEBUG] Loaded 960 chunks...
[19:45:23] [DEBUG] Loaded 970 chunks...
[19:45:23] [DEBUG] Loaded 980 chunks...
[19:45:23] [DEBUG] Loaded 990 chunks...
[19:45:24] [DEBUG] Loaded 1000 chunks...
[19:45:24] [DEBUG] Loaded 1010 chunks...
[19:45:24] [DEBUG] Loaded 1020 chunks...
[19:45:24] [DEBUG] Loaded 1030 chunks...
[19:45:25] [DEBUG] Loaded 1040 chunks...
[19:45:25] [DEBUG] Loaded 1050 chunks...
[19:45:25] [DEBUG] Loaded 1060 chunks...
[19:45:25] [DEBUG] Loaded 1070 chunks...
[19:45:25] [DEBUG] Loaded 1080 chunks...
[19:45:26] [DEBUG] Loaded 1090 chunks...
[19:45:26] [DEBUG] Loaded 1100 chunks...
[19:45:26] [DEBUG] Loaded 1110 chunks...
[19:45:26] [DEBUG] Loaded 1120 chunks...
[19:45:27] [DEBUG] Loaded 1130 chunks...
[19:45:27] [DEBUG] Loaded 1140 chunks...
[19:45:27] [DEBUG] Loaded 1150 chunks...
[19:45:27] [DEBUG] Loaded 1160 chunks...
[19:45:27] [DEBUG] Loaded 1170 chunks...
[19:45:28] [DEBUG] Loaded 1180 chunks...
[19:45:28] [DEBUG] Loaded 1190 chunks...
[19:45:28] [DEBUG] Loaded 1200 chunks...
[19:45:28] [DEBUG] Loaded 1210 chunks...
[19:45:29] [DEBUG] Loaded 1220 chunks...
[19:45:29] [DEBUG] Loaded 1230 chunks...
[19:45:29] [DEBUG] Loaded 1240 chunks...
[19:45:29] [DEBUG] Loaded 1250 chunks...
[19:45:29] [DEBUG] Loaded 1260 chunks...
[19:45:30] [DEBUG] Loaded 1270 chunks...
[19:45:30] [DEBUG] Loaded 1280 chunks...
[19:45:30] [DEBUG] Loaded 1290 chunks...
[19:45:30] [DEBUG] Loaded 1300 chunks...
[19:45:31] [DEBUG] Loaded 1310 chunks...
[19:45:31] [DEBUG] Loaded 1320 chunks...
[19:45:31] [DEBUG] Loaded 1330 chunks...
[19:45:31] [DEBUG] Loaded 1340 chunks...
[19:45:31] [DEBUG] Loaded 1350 chunks...
[19:45:32] [DEBUG] Loaded 1360 chunks...
[19:45:32] [DEBUG] Loaded 1370 chunks...
[19:45:32] [DEBUG] Loaded 1380 chunks...
[19:45:32] [DEBUG] Loaded 1390 chunks...
[19:45:33] [DEBUG] Loaded 1400 chunks...
[19:45:33] [DEBUG] Loaded 1410 chunks...
[19:45:33] [DEBUG] Loaded 1420 chunks...
[19:45:33] [DEBUG] Loaded 1430 chunks...
[19:45:33] [DEBUG] Loaded 1440 chunks...
[19:45:34] [DEBUG] Loaded 1450 chunks...
[19:45:34] [DEBUG] Loaded 1460 chunks...
[19:45:34] [DEBUG] Loaded 1470 chunks...
[19:45:34] [DEBUG] Loaded 1480 chunks...
[19:45:35] [DEBUG] Loaded 1490 chunks...
[19:45:35] [DEBUG] Loaded 1500 chunks...
[19:45:35] [DEBUG] Loaded 1510 chunks...
[19:45:35] [DEBUG] Loaded 1520 chunks...
[19:45:35] [DEBUG] Loaded 1530 chunks...
[19:45:36] [DEBUG] Loaded 1540 chunks...
[19:45:36] [DEBUG] Loaded 1550 chunks...
[19:45:36] [DEBUG] Loaded 1560 chunks...
[19:45:36] [INFO] Completed loading 1562 chunks, consolidating data...
[19:45:37] [SUCCESS] Loaded existing processed data: 39,047,074 records
[19:45:37] [SUCCESS] Using existing processed data: 39,047,074 records
[19:45:37] [PROCESS] Performing comprehensive data analysis on full dataset...
[19:45:37] [INFO] Analyzing 39,047,074 records (no sampling - full transparency)
[19:45:37] [WARNING] High memory usage detected in Before comprehensive analysis for code: 6853.50 MB
[19:45:37] [DEBUG] Memory cleanup: RSS=6853.50 MB (actual usage), VMS=44244.06 MB (virtual memory)
[19:45:37] [PROCESS] Generating comprehensive analytical metadata...
[19:45:37] [INFO]   → Computing station statistics and distance analysis...
[19:45:37] [PROCESS] Generating comprehensive analytical metadata for CODE...
[19:45:57] [DEBUG] Memory cleanup: RSS=7401.73 MB (actual usage), VMS=45421.03 MB (virtual memory)
[19:45:57] [PROCESS] Analyzing data quality and pair retention...
[19:45:57] [INFO]   → Computing filtering statistics and pair retention metrics...
[19:45:57] [PROCESS] Analyzing filtering and exclusions for CODE...
[19:45:58] [DEBUG] Memory cleanup: RSS=7403.40 MB (actual usage), VMS=45421.03 MB (virtual memory)
[19:45:58] [PROCESS] Analyzing pair-level filtering and exclusions...
[19:45:58] [INFO]   → Analyzing pair-level filtering effects and exclusions...
[19:45:58] [PROCESS] Analyzing pair-level filtering for CODE...
[19:46:00] [DEBUG] Memory cleanup: RSS=7406.71 MB (actual usage), VMS=45421.03 MB (virtual memory)
[19:46:00] [PROCESS] Analyzing temporal coverage...
[19:46:00] [INFO]   → Computing temporal distribution and coverage patterns...
[19:46:00] [PROCESS] Analyzing temporal coverage for CODE...
[19:46:10] [DEBUG] Memory cleanup: RSS=10267.73 MB (actual usage), VMS=48281.64 MB (virtual memory)
[19:46:10] [PROCESS] Analyzing data quality metrics...
[19:46:10] [INFO]   → Computing coherence statistics and quality indicators...
[19:46:10] [PROCESS] Analyzing data quality metrics for CODE...
[19:46:17] [DEBUG] Memory cleanup: RSS=10379.49 MB (actual usage), VMS=48356.12 MB (virtual memory)
[19:46:17] [PROCESS] Analyzing temporal gaps and data density...
[19:46:17] [INFO]   → Computing temporal gaps, data density, and coverage patterns...
[19:46:17] [PROCESS] Analyzing temporal gaps and coverage for CODE...
[19:46:53] [DEBUG] Memory cleanup: RSS=10392.43 MB (actual usage), VMS=48356.88 MB (virtual memory)
[19:46:53] [PROCESS] Performing validation and outlier detection...
[19:46:53] [INFO]   → Detecting duplicates, outliers, and validating data integrity...
[19:46:53] [PROCESS] Performing validation and outlier detection for CODE...
[19:47:05] [INFO] 
[19:47:05] [INFO] ================================================================================
[19:47:05] [INFO] TEP GNSS Analysis Package v0.13
[19:47:05] [INFO] ================================================================================
[19:47:05] [INFO] 
[19:47:05] [INFO] 
[19:47:05] [INFO] ================================================================================
[19:47:05] [INFO] TEP GNSS Analysis Package v0.13 - STEP 2.1: Data Quality & Transparency Analysis
[19:47:05] [INFO] ================================================================================
[19:47:05] [INFO] 
[19:47:05] [INFO] Analyzing quality-filtered data from Step 2.0 for transparency and validation
[19:47:05] [INFO] Configured distance outlier thresholds: < 1.0km or > 20000.0km
[19:47:05] [INFO] Found 3 consolidated data files from Step 2.0.
[19:48:43] [INFO] 
[19:48:43] [INFO] ================================================================================
[19:48:43] [INFO] TEP GNSS Analysis Package v0.13
[19:48:43] [INFO] ================================================================================
[19:48:43] [INFO] 
[19:48:43] [INFO] 
[19:48:43] [INFO] ================================================================================
[19:48:43] [INFO] TEP GNSS Analysis Package v0.13 - STEP 2.1: Data Quality & Transparency Analysis
[19:48:43] [INFO] ================================================================================
[19:48:43] [INFO] 
[19:48:43] [INFO] Analyzing quality-filtered data from Step 2.0 for transparency and validation
[19:48:43] [INFO] Configured distance outlier thresholds: < 1.0km or > 20000.0km
[19:48:43] [INFO] Found 3 consolidated data files from Step 2.0.
[19:48:43] [SUCCESS] Using FIXED consolidated data (Step 2.0 consolidation bug has been resolved)
[19:48:43] [INFO] Loaded 766 station coordinates for analysis
[19:48:43] [PROCESS] Processing analysis center: CODE (1 files)
[19:48:43] [INFO] Processed file already exists: /Users/matthewsmawfield/www/TEP-GNSS/data/processed/step_2_1_geospatial_code.csv
[19:48:43] [INFO] Loading existing processed data for analysis...
[19:48:43] [INFO] Large file detected (5387.1 MB), using chunked loading...
[19:48:43] [INFO] Estimated total chunks to load: ~1595
[19:48:44] [DEBUG] Loaded 10 chunks...
[19:48:44] [DEBUG] Loaded 20 chunks...
[19:48:44] [DEBUG] Loaded 30 chunks...
[19:48:44] [DEBUG] Loaded 40 chunks...
[19:48:44] [DEBUG] Loaded 50 chunks...
[19:48:45] [DEBUG] Loaded 60 chunks...
[19:48:45] [DEBUG] Loaded 70 chunks...
[19:48:45] [DEBUG] Loaded 80 chunks...
[19:48:45] [DEBUG] Loaded 90 chunks...
[19:48:46] [DEBUG] Loaded 100 chunks...
[19:48:46] [DEBUG] Loaded 110 chunks...
[19:48:46] [WARNING] Failed to load existing file: [Errno 32] Broken pipe. Reprocessing...
[19:49:06] [INFO] 
[19:49:06] [INFO] ================================================================================
[19:49:06] [INFO] TEP GNSS Analysis Package v0.13
[19:49:06] [INFO] ================================================================================
[19:49:06] [INFO] 
[19:49:06] [INFO] 
[19:49:06] [INFO] ================================================================================
[19:49:06] [INFO] TEP GNSS Analysis Package v0.13 - STEP 2.1: Data Quality & Transparency Analysis
[19:49:06] [INFO] ================================================================================
[19:49:06] [INFO] 
[19:49:06] [INFO] Analyzing quality-filtered data from Step 2.0 for transparency and validation
[19:49:06] [INFO] Configured distance outlier thresholds: < 1.0km or > 20000.0km
[19:49:06] [INFO] Found 3 consolidated data files from Step 2.0.
[19:49:06] [SUCCESS] Using FIXED consolidated data (Step 2.0 consolidation bug has been resolved)
[19:49:06] [INFO] Loaded 766 station coordinates for analysis
[19:49:06] [PROCESS] Processing analysis center: CODE (1 files)
[19:49:06] [INFO] Processed file already exists: /Users/matthewsmawfield/www/TEP-GNSS/data/processed/step_2_1_geospatial_code.csv
[19:49:06] [INFO] Loading existing processed data for analysis...
[19:49:06] [INFO] Large file detected (5387.1 MB), using chunked loading...
[19:49:06] [INFO] Estimated total chunks to load: ~1595
[19:49:06] [DEBUG] Loaded 10 chunks...
[19:49:06] [DEBUG] Loaded 20 chunks...
[19:49:06] [DEBUG] Loaded 30 chunks...
[19:49:06] [DEBUG] Loaded 40 chunks...
[19:49:07] [DEBUG] Loaded 50 chunks...
[19:49:07] [DEBUG] Loaded 60 chunks...
[19:49:07] [DEBUG] Loaded 70 chunks...
[19:49:07] [DEBUG] Loaded 80 chunks...
[19:49:07] [DEBUG] Loaded 90 chunks...
[19:49:08] [DEBUG] Loaded 100 chunks...
[19:49:08] [DEBUG] Loaded 110 chunks...
[19:49:08] [DEBUG] Loaded 120 chunks...
[19:49:08] [DEBUG] Loaded 130 chunks...
[19:49:08] [DEBUG] Loaded 140 chunks...
[19:49:09] [DEBUG] Loaded 150 chunks...
[19:49:09] [DEBUG] Loaded 160 chunks...
[19:49:09] [DEBUG] Loaded 170 chunks...
[19:49:09] [DEBUG] Loaded 180 chunks...
[19:49:09] [DEBUG] Loaded 190 chunks...
[19:49:09] [DEBUG] Loaded 200 chunks...
[19:49:10] [DEBUG] Loaded 210 chunks...
[19:49:10] [DEBUG] Loaded 220 chunks...
[19:49:10] [DEBUG] Loaded 230 chunks...
[19:49:10] [DEBUG] Loaded 240 chunks...
[19:49:10] [DEBUG] Loaded 250 chunks...
[19:49:11] [DEBUG] Loaded 260 chunks...
[19:49:11] [DEBUG] Loaded 270 chunks...
[19:49:11] [DEBUG] Loaded 280 chunks...
[19:49:11] [DEBUG] Loaded 290 chunks...
[19:49:11] [DEBUG] Loaded 300 chunks...
[19:49:12] [DEBUG] Loaded 310 chunks...
[19:49:12] [DEBUG] Loaded 320 chunks...
[19:49:12] [DEBUG] Loaded 330 chunks...
[19:49:12] [DEBUG] Loaded 340 chunks...
[19:49:12] [DEBUG] Loaded 350 chunks...
[19:49:13] [DEBUG] Loaded 360 chunks...
[19:49:13] [DEBUG] Loaded 370 chunks...
[19:49:13] [DEBUG] Loaded 380 chunks...
[19:49:13] [DEBUG] Loaded 390 chunks...
[19:49:13] [DEBUG] Loaded 400 chunks...
[19:49:14] [DEBUG] Loaded 410 chunks...
[19:49:14] [DEBUG] Loaded 420 chunks...
[19:49:14] [DEBUG] Loaded 430 chunks...
[19:49:14] [DEBUG] Loaded 440 chunks...
[19:49:14] [DEBUG] Loaded 450 chunks...
[19:49:14] [DEBUG] Loaded 460 chunks...
[19:49:15] [DEBUG] Loaded 470 chunks...
[19:49:15] [DEBUG] Loaded 480 chunks...
[19:49:15] [DEBUG] Loaded 490 chunks...
[19:49:15] [DEBUG] Loaded 500 chunks...
[19:49:15] [DEBUG] Loaded 510 chunks...
[19:49:16] [DEBUG] Loaded 520 chunks...
[19:49:16] [DEBUG] Loaded 530 chunks...
[19:49:16] [DEBUG] Loaded 540 chunks...
[19:49:16] [DEBUG] Loaded 550 chunks...
[19:49:16] [DEBUG] Loaded 560 chunks...
[19:49:17] [DEBUG] Loaded 570 chunks...
[19:49:17] [DEBUG] Loaded 580 chunks...
[19:49:17] [DEBUG] Loaded 590 chunks...
[19:49:17] [DEBUG] Loaded 600 chunks...
[19:49:17] [DEBUG] Loaded 610 chunks...
[19:49:17] [DEBUG] Loaded 620 chunks...
[19:49:18] [DEBUG] Loaded 630 chunks...
[19:49:18] [DEBUG] Loaded 640 chunks...
[19:49:18] [DEBUG] Loaded 650 chunks...
[19:49:18] [DEBUG] Loaded 660 chunks...
[19:49:18] [DEBUG] Loaded 670 chunks...
[19:49:19] [DEBUG] Loaded 680 chunks...
[19:49:19] [DEBUG] Loaded 690 chunks...
[19:49:19] [DEBUG] Loaded 700 chunks...
[19:49:19] [DEBUG] Loaded 710 chunks...
[19:49:19] [DEBUG] Loaded 720 chunks...
[19:49:20] [DEBUG] Loaded 730 chunks...
[19:49:20] [DEBUG] Loaded 740 chunks...
[19:49:20] [DEBUG] Loaded 750 chunks...
[19:49:20] [DEBUG] Loaded 760 chunks...
[19:49:20] [DEBUG] Loaded 770 chunks...
[19:49:20] [DEBUG] Loaded 780 chunks...
[19:49:21] [DEBUG] Loaded 790 chunks...
[19:49:21] [DEBUG] Loaded 800 chunks...
[19:49:21] [DEBUG] Loaded 810 chunks...
[19:49:21] [DEBUG] Loaded 820 chunks...
[19:49:21] [DEBUG] Loaded 830 chunks...
[19:49:22] [DEBUG] Loaded 840 chunks...
[19:49:22] [DEBUG] Loaded 850 chunks...
[19:49:22] [DEBUG] Loaded 860 chunks...
[19:49:22] [DEBUG] Loaded 870 chunks...
[19:49:22] [DEBUG] Loaded 880 chunks...
[19:49:23] [DEBUG] Loaded 890 chunks...
[19:49:23] [DEBUG] Loaded 900 chunks...
[19:49:23] [DEBUG] Loaded 910 chunks...
[19:49:23] [DEBUG] Loaded 920 chunks...
[19:49:23] [DEBUG] Loaded 930 chunks...
[19:49:23] [DEBUG] Loaded 940 chunks...
[19:49:24] [DEBUG] Loaded 950 chunks...
[19:49:24] [DEBUG] Loaded 960 chunks...
[19:49:24] [DEBUG] Loaded 970 chunks...
[19:49:24] [DEBUG] Loaded 980 chunks...
[19:49:24] [DEBUG] Loaded 990 chunks...
[19:49:25] [DEBUG] Loaded 1000 chunks...
[19:49:25] [DEBUG] Loaded 1010 chunks...
[19:49:25] [DEBUG] Loaded 1020 chunks...
[19:49:25] [DEBUG] Loaded 1030 chunks...
[19:49:25] [DEBUG] Loaded 1040 chunks...
[19:49:25] [DEBUG] Loaded 1050 chunks...
[19:49:26] [DEBUG] Loaded 1060 chunks...
[19:49:26] [DEBUG] Loaded 1070 chunks...
[19:49:26] [DEBUG] Loaded 1080 chunks...
[19:49:26] [DEBUG] Loaded 1090 chunks...
[19:49:26] [DEBUG] Loaded 1100 chunks...
[19:49:27] [DEBUG] Loaded 1110 chunks...
[19:49:27] [DEBUG] Loaded 1120 chunks...
[19:49:27] [DEBUG] Loaded 1130 chunks...
[19:49:27] [DEBUG] Loaded 1140 chunks...
[19:49:27] [DEBUG] Loaded 1150 chunks...
[19:49:28] [DEBUG] Loaded 1160 chunks...
[19:49:28] [DEBUG] Loaded 1170 chunks...
[19:49:28] [DEBUG] Loaded 1180 chunks...
[19:49:28] [DEBUG] Loaded 1190 chunks...
[19:49:28] [DEBUG] Loaded 1200 chunks...
[19:49:28] [DEBUG] Loaded 1210 chunks...
[19:49:29] [DEBUG] Loaded 1220 chunks...
[19:49:29] [DEBUG] Loaded 1230 chunks...
[19:49:29] [DEBUG] Loaded 1240 chunks...
[19:49:29] [DEBUG] Loaded 1250 chunks...
[19:49:29] [DEBUG] Loaded 1260 chunks...
[19:49:30] [DEBUG] Loaded 1270 chunks...
[19:49:30] [DEBUG] Loaded 1280 chunks...
[19:49:30] [DEBUG] Loaded 1290 chunks...
[19:49:30] [DEBUG] Loaded 1300 chunks...
[19:49:30] [DEBUG] Loaded 1310 chunks...
[19:49:31] [DEBUG] Loaded 1320 chunks...
[19:49:31] [DEBUG] Loaded 1330 chunks...
[19:49:31] [DEBUG] Loaded 1340 chunks...
[19:49:31] [DEBUG] Loaded 1350 chunks...
[19:49:31] [DEBUG] Loaded 1360 chunks...
[19:49:31] [DEBUG] Loaded 1370 chunks...
[19:49:32] [DEBUG] Loaded 1380 chunks...
[19:49:32] [DEBUG] Loaded 1390 chunks...
[19:49:32] [DEBUG] Loaded 1400 chunks...
[19:49:32] [DEBUG] Loaded 1410 chunks...
[19:49:32] [DEBUG] Loaded 1420 chunks...
[19:49:33] [DEBUG] Loaded 1430 chunks...
[19:49:33] [DEBUG] Loaded 1440 chunks...
[19:49:33] [DEBUG] Loaded 1450 chunks...
[19:49:33] [DEBUG] Loaded 1460 chunks...
[19:49:33] [DEBUG] Loaded 1470 chunks...
[19:49:34] [DEBUG] Loaded 1480 chunks...
[19:49:34] [DEBUG] Loaded 1490 chunks...
[19:49:34] [DEBUG] Loaded 1500 chunks...
[19:49:34] [DEBUG] Loaded 1510 chunks...
[19:49:34] [DEBUG] Loaded 1520 chunks...
[19:49:34] [DEBUG] Loaded 1530 chunks...
[19:49:35] [DEBUG] Loaded 1540 chunks...
[19:49:35] [DEBUG] Loaded 1550 chunks...
[19:49:35] [DEBUG] Loaded 1560 chunks...
[19:49:35] [INFO] Completed loading 1562 chunks, consolidating data...
[19:49:36] [SUCCESS] Loaded existing processed data: 39,047,074 records
[19:49:36] [SUCCESS] Using existing processed data: 39,047,074 records
[19:49:36] [PROCESS] Performing comprehensive data analysis on full dataset...
[19:49:36] [INFO] Analyzing 39,047,074 records (no sampling - full transparency)
[19:49:36] [INFO] Memory usage: 6200.97 MB - performing cleanup
[19:49:36] [DEBUG] Memory cleanup: RSS=6200.97 MB (actual usage), VMS=43858.81 MB (virtual memory)
[19:49:36] [PROCESS] Generating comprehensive analytical metadata...
[19:49:36] [INFO]   → Computing station statistics and distance analysis...
[19:49:36] [PROCESS] Generating comprehensive analytical metadata for CODE...
[19:49:57] [DEBUG] Memory cleanup: RSS=7312.57 MB (actual usage), VMS=45291.77 MB (virtual memory)
[19:49:57] [PROCESS] Analyzing data quality and pair retention...
[19:49:57] [INFO]   → Computing filtering statistics and pair retention metrics...
[19:49:57] [PROCESS] Analyzing filtering and exclusions for CODE...
[19:49:59] [INFO]   → Found 345 unique stations in 39,047,074 records
[19:49:59] [INFO]   → Station coverage: 343 included, 423 excluded from 766 total
[19:49:59] [DEBUG] Memory cleanup: RSS=7314.14 MB (actual usage), VMS=45291.78 MB (virtual memory)
[19:49:59] [PROCESS] Analyzing pair-level filtering and exclusions...
[19:49:59] [INFO]   → Analyzing pair-level filtering effects and exclusions...
[19:49:59] [PROCESS] Analyzing pair-level filtering for CODE...
[19:50:00] [DEBUG] Memory cleanup: RSS=7317.37 MB (actual usage), VMS=45291.78 MB (virtual memory)
[19:50:00] [PROCESS] Analyzing temporal coverage...
[19:50:00] [INFO]   → Computing temporal distribution and coverage patterns...
[19:50:00] [PROCESS] Analyzing temporal coverage for CODE...
[19:50:01] [INFO]   → Date range: 2023-01-01T00:00:00 to 2025-06-30T00:00:00 (911 days, 912 unique dates)
[19:50:11] [DEBUG] Memory cleanup: RSS=10178.68 MB (actual usage), VMS=48152.64 MB (virtual memory)
[19:50:11] [PROCESS] Analyzing data quality metrics...
[19:50:11] [INFO]   → Computing coherence statistics and quality indicators...
[19:50:11] [PROCESS] Analyzing data quality metrics for CODE...
[19:50:12] [INFO]   → Plateau phase range: -3.142 to 3.142 (mean: -0.000)
[19:50:18] [DEBUG] Memory cleanup: RSS=10290.45 MB (actual usage), VMS=48152.64 MB (virtual memory)
[19:50:18] [PROCESS] Analyzing temporal gaps and data density...
[19:50:18] [INFO]   → Computing temporal gaps, data density, and coverage patterns...
[19:50:18] [PROCESS] Analyzing temporal gaps and coverage for CODE...
[19:50:19] [INFO]   → Analyzing 912 unique dates, 0 missing dates
[19:50:54] [DEBUG] Memory cleanup: RSS=10292.67 MB (actual usage), VMS=48153.64 MB (virtual memory)
[19:50:54] [PROCESS] Performing validation and outlier detection...
[19:50:54] [INFO]   → Detecting duplicates, outliers, and validating data integrity...
[19:50:54] [PROCESS] Performing validation and outlier detection for CODE...
[19:50:58] [INFO] 
[19:50:58] [INFO] ================================================================================
[19:50:58] [INFO] TEP GNSS Analysis Package v0.13
[19:50:58] [INFO] ================================================================================
[19:50:58] [INFO] 
[19:50:58] [INFO] 
[19:50:58] [INFO] ================================================================================
[19:50:58] [INFO] TEP GNSS Analysis Package v0.13 - STEP 2.1: Data Quality & Transparency Analysis
[19:50:58] [INFO] ================================================================================
[19:50:58] [INFO] 
[19:50:58] [INFO] Analyzing quality-filtered data from Step 2.0 for transparency and validation
[19:50:58] [INFO] Configured distance outlier thresholds: < 1.0km or > 20000.0km
[19:50:58] [INFO] Found 3 consolidated data files from Step 2.0.
[19:50:58] [SUCCESS] Using FIXED consolidated data (Step 2.0 consolidation bug has been resolved)
[19:50:58] [INFO] Loaded 766 station coordinates for analysis
[19:50:58] [PROCESS] Processing analysis center: CODE (1 files)
[19:50:58] [INFO] Processed file already exists: /Users/matthewsmawfield/www/TEP-GNSS/data/processed/step_2_1_geospatial_code.csv
[19:50:58] [INFO] Loading existing processed data for analysis...
[19:50:58] [INFO] Large file detected (5387.1 MB), using chunked loading...
[19:50:58] [INFO] Estimated total chunks to load: ~1595
[19:50:58] [DEBUG] Loaded 10 chunks...
[19:50:58] [DEBUG] Loaded 20 chunks...
[19:50:59] [DEBUG] Loaded 30 chunks...
[19:50:59] [DEBUG] Loaded 40 chunks...
[19:50:59] [DEBUG] Loaded 50 chunks...
[19:50:59] [DEBUG] Loaded 60 chunks...
[19:50:59] [DEBUG] Loaded 70 chunks...
[19:51:00] [DEBUG] Loaded 80 chunks...
[19:51:00] [DEBUG] Loaded 90 chunks...
[19:51:00] [DEBUG] Loaded 100 chunks...
[19:51:00] [DEBUG] Loaded 110 chunks...
[19:51:00] [DEBUG] Loaded 120 chunks...
[19:51:00] [DEBUG] Loaded 130 chunks...
[19:51:01] [DEBUG] Loaded 140 chunks...
[19:51:01] [DEBUG] Loaded 150 chunks...
[19:51:01] [DEBUG] Loaded 160 chunks...
[19:51:01] [DEBUG] Loaded 170 chunks...
[19:51:01] [DEBUG] Loaded 180 chunks...
[19:51:02] [DEBUG] Loaded 190 chunks...
[19:51:02] [DEBUG] Loaded 200 chunks...
[19:51:02] [DEBUG] Loaded 210 chunks...
[19:51:02] [DEBUG] Loaded 220 chunks...
[19:51:02] [DEBUG] Loaded 230 chunks...
[19:51:03] [DEBUG] Loaded 240 chunks...
[19:51:03] [DEBUG] Loaded 250 chunks...
[19:51:03] [DEBUG] Loaded 260 chunks...
[19:51:03] [DEBUG] Loaded 270 chunks...
[19:51:03] [DEBUG] Loaded 280 chunks...
[19:51:04] [DEBUG] Loaded 290 chunks...
[19:51:04] [DEBUG] Loaded 300 chunks...
[19:51:04] [DEBUG] Loaded 310 chunks...
[19:51:04] [DEBUG] Loaded 320 chunks...
[19:51:04] [DEBUG] Loaded 330 chunks...
[19:51:04] [DEBUG] Loaded 340 chunks...
[19:51:05] [DEBUG] Loaded 350 chunks...
[19:51:05] [DEBUG] Loaded 360 chunks...
[19:51:05] [DEBUG] Loaded 370 chunks...
[19:51:05] [DEBUG] Loaded 380 chunks...
[19:51:05] [DEBUG] Loaded 390 chunks...
[19:51:06] [DEBUG] Loaded 400 chunks...
[19:51:06] [DEBUG] Loaded 410 chunks...
[19:51:06] [DEBUG] Loaded 420 chunks...
[19:51:06] [DEBUG] Loaded 430 chunks...
[19:51:06] [DEBUG] Loaded 440 chunks...
[19:51:07] [DEBUG] Loaded 450 chunks...
[19:51:07] [DEBUG] Loaded 460 chunks...
[19:51:07] [DEBUG] Loaded 470 chunks...
[19:51:07] [DEBUG] Loaded 480 chunks...
[19:51:07] [DEBUG] Loaded 490 chunks...
[19:51:07] [DEBUG] Loaded 500 chunks...
[19:51:08] [DEBUG] Loaded 510 chunks...
[19:51:08] [DEBUG] Loaded 520 chunks...
[19:51:08] [DEBUG] Loaded 530 chunks...
[19:51:08] [DEBUG] Loaded 540 chunks...
[19:51:08] [DEBUG] Loaded 550 chunks...
[19:51:09] [DEBUG] Loaded 560 chunks...
[19:51:09] [DEBUG] Loaded 570 chunks...
[19:51:09] [DEBUG] Loaded 580 chunks...
[19:51:09] [DEBUG] Loaded 590 chunks...
[19:51:09] [DEBUG] Loaded 600 chunks...
[19:51:10] [DEBUG] Loaded 610 chunks...
[19:51:10] [DEBUG] Loaded 620 chunks...
[19:51:10] [DEBUG] Loaded 630 chunks...
[19:51:10] [DEBUG] Loaded 640 chunks...
[19:51:10] [DEBUG] Loaded 650 chunks...
[19:51:11] [DEBUG] Loaded 660 chunks...
[19:51:11] [DEBUG] Loaded 670 chunks...
[19:51:11] [DEBUG] Loaded 680 chunks...
[19:51:11] [DEBUG] Loaded 690 chunks...
[19:51:11] [DEBUG] Loaded 700 chunks...
[19:51:11] [DEBUG] Loaded 710 chunks...
[19:51:12] [DEBUG] Loaded 720 chunks...
[19:51:12] [DEBUG] Loaded 730 chunks...
[19:51:12] [DEBUG] Loaded 740 chunks...
[19:51:12] [DEBUG] Loaded 750 chunks...
[19:51:12] [DEBUG] Loaded 760 chunks...
[19:51:13] [DEBUG] Loaded 770 chunks...
[19:51:13] [DEBUG] Loaded 780 chunks...
[19:51:13] [DEBUG] Loaded 790 chunks...
[19:51:13] [DEBUG] Loaded 800 chunks...
[19:51:13] [DEBUG] Loaded 810 chunks...
[19:51:14] [DEBUG] Loaded 820 chunks...
[19:51:14] [DEBUG] Loaded 830 chunks...
[19:51:14] [DEBUG] Loaded 840 chunks...
[19:51:14] [DEBUG] Loaded 850 chunks...
[19:51:14] [DEBUG] Loaded 860 chunks...
[19:51:15] [DEBUG] Loaded 870 chunks...
[19:51:15] [DEBUG] Loaded 880 chunks...
[19:51:15] [DEBUG] Loaded 890 chunks...
[19:51:15] [DEBUG] Loaded 900 chunks...
[19:51:15] [DEBUG] Loaded 910 chunks...
[19:51:16] [DEBUG] Loaded 920 chunks...
[19:51:16] [DEBUG] Loaded 930 chunks...
[19:51:16] [DEBUG] Loaded 940 chunks...
[19:51:16] [DEBUG] Loaded 950 chunks...
[19:51:16] [DEBUG] Loaded 960 chunks...
[19:51:17] [DEBUG] Loaded 970 chunks...
[19:51:17] [DEBUG] Loaded 980 chunks...
[19:51:17] [DEBUG] Loaded 990 chunks...
[19:51:17] [DEBUG] Loaded 1000 chunks...
[19:51:17] [DEBUG] Loaded 1010 chunks...
[19:51:18] [DEBUG] Loaded 1020 chunks...
[19:51:18] [DEBUG] Loaded 1030 chunks...
[19:51:18] [DEBUG] Loaded 1040 chunks...
[19:51:18] [DEBUG] Loaded 1050 chunks...
[19:51:18] [DEBUG] Loaded 1060 chunks...
[19:51:19] [DEBUG] Loaded 1070 chunks...
[19:51:19] [DEBUG] Loaded 1080 chunks...
[19:51:19] [DEBUG] Loaded 1090 chunks...
[19:51:19] [DEBUG] Loaded 1100 chunks...
[19:51:19] [DEBUG] Loaded 1110 chunks...
[19:51:19] [DEBUG] Loaded 1120 chunks...
[19:51:20] [DEBUG] Loaded 1130 chunks...
[19:51:20] [DEBUG] Loaded 1140 chunks...
[19:51:20] [DEBUG] Loaded 1150 chunks...
[19:51:20] [DEBUG] Loaded 1160 chunks...
[19:51:20] [DEBUG] Loaded 1170 chunks...
[19:51:21] [DEBUG] Loaded 1180 chunks...
[19:51:21] [DEBUG] Loaded 1190 chunks...
[19:51:21] [DEBUG] Loaded 1200 chunks...
[19:51:21] [DEBUG] Loaded 1210 chunks...
[19:51:21] [DEBUG] Loaded 1220 chunks...
[19:51:22] [DEBUG] Loaded 1230 chunks...
[19:51:22] [DEBUG] Loaded 1240 chunks...
[19:51:22] [DEBUG] Loaded 1250 chunks...
[19:51:22] [DEBUG] Loaded 1260 chunks...
[19:51:22] [DEBUG] Loaded 1270 chunks...
[19:51:23] [DEBUG] Loaded 1280 chunks...
[19:51:23] [DEBUG] Loaded 1290 chunks...
[19:51:23] [DEBUG] Loaded 1300 chunks...
[19:51:23] [DEBUG] Loaded 1310 chunks...
[19:51:23] [DEBUG] Loaded 1320 chunks...
[19:51:24] [DEBUG] Loaded 1330 chunks...
[19:51:24] [DEBUG] Loaded 1340 chunks...
[19:51:24] [DEBUG] Loaded 1350 chunks...
[19:51:24] [DEBUG] Loaded 1360 chunks...
[19:51:24] [DEBUG] Loaded 1370 chunks...
[19:51:25] [DEBUG] Loaded 1380 chunks...
[19:51:25] [DEBUG] Loaded 1390 chunks...
[19:51:25] [DEBUG] Loaded 1400 chunks...
[19:51:25] [DEBUG] Loaded 1410 chunks...
[19:51:25] [DEBUG] Loaded 1420 chunks...
[19:51:26] [DEBUG] Loaded 1430 chunks...
[19:51:26] [DEBUG] Loaded 1440 chunks...
[19:51:26] [DEBUG] Loaded 1450 chunks...
[19:51:26] [DEBUG] Loaded 1460 chunks...
[19:51:26] [DEBUG] Loaded 1470 chunks...
[19:51:27] [DEBUG] Loaded 1480 chunks...
[19:51:27] [DEBUG] Loaded 1490 chunks...
[19:51:27] [DEBUG] Loaded 1500 chunks...
[19:51:27] [DEBUG] Loaded 1510 chunks...
[19:51:27] [DEBUG] Loaded 1520 chunks...
[19:51:28] [DEBUG] Loaded 1530 chunks...
[19:51:28] [DEBUG] Loaded 1540 chunks...
[19:51:28] [DEBUG] Loaded 1550 chunks...
[19:51:28] [DEBUG] Loaded 1560 chunks...
[19:51:28] [INFO] Completed loading 1562 chunks, consolidating data...
[19:51:29] [SUCCESS] Loaded existing processed data: 39,047,074 records
[19:51:29] [SUCCESS] Using existing processed data: 39,047,074 records
[19:51:29] [PROCESS] Performing comprehensive data analysis on full dataset...
[19:51:29] [INFO] Analyzing 39,047,074 records (no sampling - full transparency)
[19:51:29] [INFO] Memory usage: 6445.83 MB - performing cleanup
[19:51:29] [DEBUG] Memory cleanup: RSS=6445.83 MB (actual usage), VMS=43987.06 MB (virtual memory)
[19:51:29] [PROCESS] Generating comprehensive analytical metadata...
[19:51:29] [INFO]   → Computing station statistics and distance analysis...
[19:51:29] [PROCESS] Generating comprehensive analytical metadata for CODE...
[19:51:51] [DEBUG] Memory cleanup: RSS=7280.37 MB (actual usage), VMS=45420.03 MB (virtual memory)
[19:51:51] [PROCESS] Analyzing data quality and pair retention...
[19:51:51] [INFO]   → Computing filtering statistics and pair retention metrics...
[19:51:51] [PROCESS] Analyzing filtering and exclusions for CODE...
[19:51:53] [INFO]   → Found 345 unique stations in 39,047,074 records
[19:51:53] [INFO]   → Station coverage: 343 included, 423 excluded from 766 total
[19:51:53] [DEBUG] Memory cleanup: RSS=7281.91 MB (actual usage), VMS=45420.03 MB (virtual memory)
[19:51:53] [PROCESS] Analyzing pair-level filtering and exclusions...
[19:51:53] [INFO]   → Analyzing pair-level filtering effects and exclusions...
[19:51:53] [PROCESS] Analyzing pair-level filtering for CODE...
[19:51:55] [DEBUG] Memory cleanup: RSS=7285.17 MB (actual usage), VMS=45420.03 MB (virtual memory)
[19:51:55] [PROCESS] Analyzing temporal coverage...
[19:51:55] [INFO]   → Computing temporal distribution and coverage patterns...
[19:51:55] [PROCESS] Analyzing temporal coverage for CODE...
[19:51:55] [INFO]   → Date range: 2023-01-01T00:00:00 to 2025-06-30T00:00:00 (911 days, 912 unique dates)
[19:52:06] [DEBUG] Memory cleanup: RSS=10146.50 MB (actual usage), VMS=48280.64 MB (virtual memory)
[19:52:06] [PROCESS] Analyzing data quality metrics...
[19:52:06] [INFO]   → Computing coherence statistics and quality indicators...
[19:52:06] [PROCESS] Analyzing data quality metrics for CODE...
[19:52:07] [INFO]   → Plateau phase range: -3.142 to 3.142 (mean: -0.000)
[19:52:13] [DEBUG] Memory cleanup: RSS=10258.27 MB (actual usage), VMS=48280.64 MB (virtual memory)
[19:52:13] [PROCESS] Analyzing temporal gaps and data density...
[19:52:13] [INFO]   → Computing temporal gaps, data density, and coverage patterns...
[19:52:13] [PROCESS] Analyzing temporal gaps and coverage for CODE...
[19:52:14] [INFO]   → Analyzing 912 unique dates, 0 missing dates
[19:52:48] [DEBUG] Memory cleanup: RSS=10266.95 MB (actual usage), VMS=48281.39 MB (virtual memory)
[19:52:48] [PROCESS] Performing validation and outlier detection...
[19:52:48] [INFO]   → Detecting duplicates, outliers, and validating data integrity...
[19:52:48] [PROCESS] Performing validation and outlier detection for CODE...
[19:52:54] [INFO]   → Found 0 duplicate pairs (0.00%)
[19:52:54] [INFO]   → Distance outliers: 0 very short (<1.0km), 0 very long (>20000.0km)
[19:55:53] [INFO] 
[19:55:53] [INFO] ================================================================================
[19:55:53] [INFO] TEP GNSS Analysis Package v0.13
[19:55:53] [INFO] ================================================================================
[19:55:53] [INFO] 
[19:55:53] [INFO] 
[19:55:53] [INFO] ================================================================================
[19:55:53] [INFO] TEP GNSS Analysis Package v0.13 - STEP 2.1: Data Quality & Transparency Analysis
[19:55:53] [INFO] ================================================================================
[19:55:53] [INFO] 
[19:55:53] [INFO] Analyzing quality-filtered data from Step 2.0 for transparency and validation
[19:55:53] [INFO] Configured distance outlier thresholds: < 1.0km or > 20000.0km
[19:55:53] [INFO] Found 3 consolidated data files from Step 2.0.
[19:55:53] [SUCCESS] Using FIXED consolidated data (Step 2.0 consolidation bug has been resolved)
[19:55:53] [INFO] Loaded 766 station coordinates for analysis
[19:55:53] [PROCESS] Processing analysis center: CODE (1 files)
[19:55:53] [INFO] Processed file already exists: /Users/matthewsmawfield/www/TEP-GNSS/data/processed/step_2_1_geospatial_code.csv
[19:55:53] [INFO] Loading existing processed data for analysis...
[19:55:53] [INFO] Large file detected (5387.1 MB), using chunked loading...
[19:55:53] [INFO] Estimated total chunks to load: ~1595
[19:55:53] [DEBUG] Loaded 10 chunks...
[19:55:53] [DEBUG] Loaded 20 chunks...
[19:55:53] [DEBUG] Loaded 30 chunks...
[19:55:54] [DEBUG] Loaded 40 chunks...
[19:55:54] [DEBUG] Loaded 50 chunks...
[19:55:54] [DEBUG] Loaded 60 chunks...
[19:55:54] [DEBUG] Loaded 70 chunks...
[19:55:55] [DEBUG] Loaded 80 chunks...
[19:55:55] [DEBUG] Loaded 90 chunks...
[19:55:55] [DEBUG] Loaded 100 chunks...
[19:55:55] [DEBUG] Loaded 110 chunks...
[19:55:55] [WARNING] Failed to load existing file: [Errno 32] Broken pipe. Reprocessing...
[19:56:23] [INFO] 
[19:56:23] [INFO] ================================================================================
[19:56:23] [INFO] TEP GNSS Analysis Package v0.13
[19:56:23] [INFO] ================================================================================
[19:56:23] [INFO] 
[19:56:23] [INFO] 
[19:56:23] [INFO] ================================================================================
[19:56:23] [INFO] TEP GNSS Analysis Package v0.13 - STEP 2.1: Data Quality & Transparency Analysis
[19:56:23] [INFO] ================================================================================
[19:56:23] [INFO] 
[19:56:23] [INFO] Analyzing quality-filtered data from Step 2.0 for transparency and validation
[19:56:23] [INFO] Configured distance outlier thresholds: < 1.0km or > 20000.0km
[19:56:23] [INFO] Found 3 consolidated data files from Step 2.0.
[19:56:23] [SUCCESS] Using FIXED consolidated data (Step 2.0 consolidation bug has been resolved)
[19:56:23] [INFO] Loaded 766 station coordinates for analysis
[19:56:23] [PROCESS] Processing analysis center: CODE (1 files)
[19:56:23] [INFO] Processed file already exists: /Users/matthewsmawfield/www/TEP-GNSS/data/processed/step_2_1_geospatial_code.csv
[19:56:23] [INFO] Loading existing processed data for analysis...
[19:56:23] [INFO] Large file detected (5387.1 MB), using chunked loading...
[19:56:23] [INFO] Estimated total chunks to load: ~1595
[19:56:24] [DEBUG] Loaded 10 chunks...
[19:56:24] [DEBUG] Loaded 20 chunks...
[19:56:24] [DEBUG] Loaded 30 chunks...
[19:56:24] [DEBUG] Loaded 40 chunks...
[19:56:24] [DEBUG] Loaded 50 chunks...
[19:56:25] [DEBUG] Loaded 60 chunks...
[19:56:25] [DEBUG] Loaded 70 chunks...
[19:56:25] [DEBUG] Loaded 80 chunks...
[19:56:25] [DEBUG] Loaded 90 chunks...
[19:56:25] [DEBUG] Loaded 100 chunks...
[19:56:25] [DEBUG] Loaded 110 chunks...
[19:56:26] [DEBUG] Loaded 120 chunks...
[19:56:26] [DEBUG] Loaded 130 chunks...
[19:56:26] [DEBUG] Loaded 140 chunks...
[19:56:26] [DEBUG] Loaded 150 chunks...
[19:56:26] [DEBUG] Loaded 160 chunks...
[19:56:27] [DEBUG] Loaded 170 chunks...
[19:56:27] [DEBUG] Loaded 180 chunks...
[19:56:27] [DEBUG] Loaded 190 chunks...
[19:56:27] [DEBUG] Loaded 200 chunks...
[19:56:27] [DEBUG] Loaded 210 chunks...
[19:56:28] [DEBUG] Loaded 220 chunks...
[19:56:28] [DEBUG] Loaded 230 chunks...
[19:56:28] [DEBUG] Loaded 240 chunks...
[19:56:28] [DEBUG] Loaded 250 chunks...
[19:56:28] [DEBUG] Loaded 260 chunks...
[19:56:28] [DEBUG] Loaded 270 chunks...
[19:56:29] [DEBUG] Loaded 280 chunks...
[19:56:29] [DEBUG] Loaded 290 chunks...
[19:56:29] [DEBUG] Loaded 300 chunks...
[19:56:29] [DEBUG] Loaded 310 chunks...
[19:56:29] [DEBUG] Loaded 320 chunks...
[19:56:30] [DEBUG] Loaded 330 chunks...
[19:56:30] [DEBUG] Loaded 340 chunks...
[19:56:30] [DEBUG] Loaded 350 chunks...
[19:56:30] [DEBUG] Loaded 360 chunks...
[19:56:30] [DEBUG] Loaded 370 chunks...
[19:56:30] [DEBUG] Loaded 380 chunks...
[19:56:31] [DEBUG] Loaded 390 chunks...
[19:56:31] [DEBUG] Loaded 400 chunks...
[19:56:31] [DEBUG] Loaded 410 chunks...
[19:56:31] [DEBUG] Loaded 420 chunks...
[19:56:31] [DEBUG] Loaded 430 chunks...
[19:56:32] [DEBUG] Loaded 440 chunks...
[19:56:32] [DEBUG] Loaded 450 chunks...
[19:56:32] [DEBUG] Loaded 460 chunks...
[19:56:32] [DEBUG] Loaded 470 chunks...
[19:56:32] [DEBUG] Loaded 480 chunks...
[19:56:33] [DEBUG] Loaded 490 chunks...
[19:56:33] [DEBUG] Loaded 500 chunks...
[19:56:33] [DEBUG] Loaded 510 chunks...
[19:56:33] [DEBUG] Loaded 520 chunks...
[19:56:33] [DEBUG] Loaded 530 chunks...
[19:56:33] [DEBUG] Loaded 540 chunks...
[19:56:34] [DEBUG] Loaded 550 chunks...
[19:56:34] [DEBUG] Loaded 560 chunks...
[19:56:34] [DEBUG] Loaded 570 chunks...
[19:56:34] [DEBUG] Loaded 580 chunks...
[19:56:34] [DEBUG] Loaded 590 chunks...
[19:56:35] [DEBUG] Loaded 600 chunks...
[19:56:35] [DEBUG] Loaded 610 chunks...
[19:56:35] [DEBUG] Loaded 620 chunks...
[19:56:35] [DEBUG] Loaded 630 chunks...
[19:56:35] [DEBUG] Loaded 640 chunks...
[19:56:36] [DEBUG] Loaded 650 chunks...
[19:56:36] [DEBUG] Loaded 660 chunks...
[19:56:36] [DEBUG] Loaded 670 chunks...
[19:56:36] [DEBUG] Loaded 680 chunks...
[19:56:36] [DEBUG] Loaded 690 chunks...
[19:56:36] [DEBUG] Loaded 700 chunks...
[19:56:37] [DEBUG] Loaded 710 chunks...
[19:56:37] [DEBUG] Loaded 720 chunks...
[19:56:37] [DEBUG] Loaded 730 chunks...
[19:56:37] [DEBUG] Loaded 740 chunks...
[19:56:37] [DEBUG] Loaded 750 chunks...
[19:56:38] [DEBUG] Loaded 760 chunks...
[19:56:38] [DEBUG] Loaded 770 chunks...
[19:56:38] [DEBUG] Loaded 780 chunks...
[19:56:38] [DEBUG] Loaded 790 chunks...
[19:56:38] [DEBUG] Loaded 800 chunks...
[19:56:39] [DEBUG] Loaded 810 chunks...
[19:56:39] [DEBUG] Loaded 820 chunks...
[19:56:39] [DEBUG] Loaded 830 chunks...
[19:56:39] [DEBUG] Loaded 840 chunks...
[19:56:39] [DEBUG] Loaded 850 chunks...
[19:56:39] [DEBUG] Loaded 860 chunks...
[19:56:40] [DEBUG] Loaded 870 chunks...
[19:56:40] [DEBUG] Loaded 880 chunks...
[19:56:40] [DEBUG] Loaded 890 chunks...
[19:56:40] [DEBUG] Loaded 900 chunks...
[19:56:40] [DEBUG] Loaded 910 chunks...
[19:56:41] [DEBUG] Loaded 920 chunks...
[19:56:41] [DEBUG] Loaded 930 chunks...
[19:56:41] [DEBUG] Loaded 940 chunks...
[19:56:41] [DEBUG] Loaded 950 chunks...
[19:56:41] [DEBUG] Loaded 960 chunks...
[19:56:42] [DEBUG] Loaded 970 chunks...
[19:56:42] [DEBUG] Loaded 980 chunks...
[19:56:42] [DEBUG] Loaded 990 chunks...
[19:56:42] [DEBUG] Loaded 1000 chunks...
[19:56:42] [DEBUG] Loaded 1010 chunks...
[19:56:42] [DEBUG] Loaded 1020 chunks...
[19:56:43] [DEBUG] Loaded 1030 chunks...
[19:56:43] [DEBUG] Loaded 1040 chunks...
[19:56:43] [DEBUG] Loaded 1050 chunks...
[19:56:43] [DEBUG] Loaded 1060 chunks...
[19:56:43] [DEBUG] Loaded 1070 chunks...
[19:56:44] [DEBUG] Loaded 1080 chunks...
[19:56:44] [DEBUG] Loaded 1090 chunks...
[19:56:44] [DEBUG] Loaded 1100 chunks...
[19:56:44] [DEBUG] Loaded 1110 chunks...
[19:56:44] [DEBUG] Loaded 1120 chunks...
[19:56:45] [DEBUG] Loaded 1130 chunks...
[19:56:45] [DEBUG] Loaded 1140 chunks...
[19:56:45] [DEBUG] Loaded 1150 chunks...
[19:56:45] [DEBUG] Loaded 1160 chunks...
[19:56:45] [DEBUG] Loaded 1170 chunks...
[19:56:45] [DEBUG] Loaded 1180 chunks...
[19:56:46] [DEBUG] Loaded 1190 chunks...
[19:56:46] [DEBUG] Loaded 1200 chunks...
[19:56:46] [DEBUG] Loaded 1210 chunks...
[19:56:46] [DEBUG] Loaded 1220 chunks...
[19:56:46] [DEBUG] Loaded 1230 chunks...
[19:56:47] [DEBUG] Loaded 1240 chunks...
[19:56:47] [DEBUG] Loaded 1250 chunks...
[19:56:47] [DEBUG] Loaded 1260 chunks...
[19:56:47] [DEBUG] Loaded 1270 chunks...
[19:56:47] [DEBUG] Loaded 1280 chunks...
[19:56:48] [DEBUG] Loaded 1290 chunks...
[19:56:48] [DEBUG] Loaded 1300 chunks...
[19:56:48] [DEBUG] Loaded 1310 chunks...
[19:56:48] [DEBUG] Loaded 1320 chunks...
[19:56:48] [DEBUG] Loaded 1330 chunks...
[19:56:48] [DEBUG] Loaded 1340 chunks...
[19:56:49] [DEBUG] Loaded 1350 chunks...
[19:56:49] [DEBUG] Loaded 1360 chunks...
[19:56:49] [DEBUG] Loaded 1370 chunks...
[19:56:49] [DEBUG] Loaded 1380 chunks...
[19:56:49] [DEBUG] Loaded 1390 chunks...
[19:56:50] [DEBUG] Loaded 1400 chunks...
[19:56:50] [DEBUG] Loaded 1410 chunks...
[19:56:50] [DEBUG] Loaded 1420 chunks...
[19:56:50] [DEBUG] Loaded 1430 chunks...
[19:56:50] [DEBUG] Loaded 1440 chunks...
[19:56:50] [DEBUG] Loaded 1450 chunks...
[19:56:51] [DEBUG] Loaded 1460 chunks...
[19:56:51] [DEBUG] Loaded 1470 chunks...
[19:56:51] [DEBUG] Loaded 1480 chunks...
[19:56:51] [DEBUG] Loaded 1490 chunks...
[19:56:51] [DEBUG] Loaded 1500 chunks...
[19:56:52] [DEBUG] Loaded 1510 chunks...
[19:56:52] [DEBUG] Loaded 1520 chunks...
[19:56:52] [DEBUG] Loaded 1530 chunks...
[19:56:52] [DEBUG] Loaded 1540 chunks...
[19:56:52] [DEBUG] Loaded 1550 chunks...
[19:56:53] [DEBUG] Loaded 1560 chunks...
[19:56:53] [INFO] Completed loading 1562 chunks, consolidating data...
[19:56:54] [SUCCESS] Loaded existing processed data: 39,047,074 records
[19:56:54] [SUCCESS] Using existing processed data: 39,047,074 records
[19:56:54] [PROCESS] Performing comprehensive data analysis on full dataset...
[19:56:54] [INFO] Analyzing 39,047,074 records (no sampling - full transparency)
[19:56:54] [INFO] Memory usage: 6205.91 MB - performing cleanup
[19:56:54] [DEBUG] Memory cleanup: RSS=6205.91 MB (actual usage), VMS=43575.85 MB (virtual memory)
[19:56:54] [PROCESS] Generating comprehensive analytical metadata...
[19:56:54] [INFO]   → Computing station statistics and distance analysis...
[19:56:54] [PROCESS] Generating comprehensive analytical metadata for CODE...
[19:57:13] [DEBUG] Memory cleanup: RSS=7021.43 MB (actual usage), VMS=44957.20 MB (virtual memory)
[19:57:13] [PROCESS] Analyzing data quality and pair retention...
[19:57:13] [INFO]   → Computing filtering statistics and pair retention metrics...
[19:57:13] [PROCESS] Analyzing data coverage against global station database for CODE...
[19:57:15] [INFO]   → Found 345 unique stations in 39,047,074 records
[19:57:15] [INFO]   → Station coverage: 343 stations in data, 423 stations in global database but not in this AC's data
[19:57:15] [DEBUG] Memory cleanup: RSS=7023.01 MB (actual usage), VMS=44957.21 MB (virtual memory)
[19:57:15] [PROCESS] Analyzing pair-level filtering and exclusions...
[19:57:15] [INFO]   → Analyzing pair-level filtering effects and exclusions...
[19:57:15] [PROCESS] Analyzing pair-level filtering for CODE...
[19:57:16] [DEBUG] Memory cleanup: RSS=7026.24 MB (actual usage), VMS=44957.21 MB (virtual memory)
[19:57:16] [PROCESS] Analyzing temporal coverage...
[19:57:16] [INFO]   → Computing temporal distribution and coverage patterns...
[19:57:16] [PROCESS] Analyzing temporal coverage for CODE...
[19:57:17] [INFO]   → Date range: 2023-01-01T00:00:00 to 2025-06-30T00:00:00 (911 days, 912 unique dates)
[19:57:27] [DEBUG] Memory cleanup: RSS=9898.17 MB (actual usage), VMS=47818.07 MB (virtual memory)
[19:57:27] [PROCESS] Analyzing data quality metrics...
[19:57:27] [INFO]   → Computing coherence statistics and quality indicators...
[19:57:27] [PROCESS] Analyzing data quality metrics for CODE...
[19:57:27] [INFO]   → Plateau phase range: -3.142 to 3.142 (mean: -0.000)
[19:57:33] [DEBUG] Memory cleanup: RSS=10009.93 MB (actual usage), VMS=47818.07 MB (virtual memory)
[19:57:33] [PROCESS] Analyzing temporal gaps and data density...
[19:57:33] [INFO]   → Computing temporal gaps, data density, and coverage patterns...
[19:57:33] [PROCESS] Analyzing temporal gaps and coverage for CODE...
[19:57:34] [INFO]   → Analyzing 912 unique dates, 0 missing dates
[19:58:09] [DEBUG] Memory cleanup: RSS=10031.34 MB (actual usage), VMS=47838.07 MB (virtual memory)
[19:58:09] [PROCESS] Performing validation and outlier detection...
[19:58:09] [INFO]   → Detecting duplicates, outliers, and validating data integrity...
[19:58:09] [PROCESS] Performing validation and outlier detection for CODE...
[19:58:14] [INFO]   → Found 0 duplicate pairs (0.00%)
[19:58:14] [INFO]   → Distance outliers: 0 very short (<1.0km), 0 very long (>20000.0km)
[20:01:00] [INFO] 
[20:01:00] [INFO] ================================================================================
[20:01:00] [INFO] TEP GNSS Analysis Package v0.13
[20:01:00] [INFO] ================================================================================
[20:01:00] [INFO] 
[20:01:00] [INFO] 
[20:01:00] [INFO] ================================================================================
[20:01:00] [INFO] TEP GNSS Analysis Package v0.13 - STEP 2.1: Data Quality & Transparency Analysis
[20:01:00] [INFO] ================================================================================
[20:01:00] [INFO] 
[20:01:00] [INFO] Analyzing quality-filtered data from Step 2.0 for transparency and validation
[20:01:00] [INFO] Configured distance outlier thresholds: < 1.0km or > 20000.0km
[20:01:00] [INFO] Found 3 consolidated data files from Step 2.0.
[20:01:00] [SUCCESS] Using FIXED consolidated data (Step 2.0 consolidation bug has been resolved)
[20:01:00] [INFO] Loaded 766 station coordinates for analysis
[20:01:00] [PROCESS] Processing analysis center: CODE (1 files)
[20:01:00] [INFO] Processed file already exists: /Users/matthewsmawfield/www/TEP-GNSS/data/processed/step_2_1_geospatial_code.csv
[20:01:00] [INFO] Loading existing processed data for analysis...
[20:01:00] [INFO] Large file detected (5387.1 MB), using chunked loading...
[20:01:00] [INFO] Estimated total chunks to load: ~1595
[20:01:00] [DEBUG] Loaded 10 chunks...
[20:01:01] [DEBUG] Loaded 20 chunks...
[20:01:01] [DEBUG] Loaded 30 chunks...
[20:01:01] [DEBUG] Loaded 40 chunks...
[20:01:01] [DEBUG] Loaded 50 chunks...
[20:01:01] [DEBUG] Loaded 60 chunks...
[20:01:02] [DEBUG] Loaded 70 chunks...
[20:01:02] [DEBUG] Loaded 80 chunks...
[20:01:02] [DEBUG] Loaded 90 chunks...
[20:01:02] [DEBUG] Loaded 100 chunks...
[20:01:02] [DEBUG] Loaded 110 chunks...
[20:01:03] [DEBUG] Loaded 120 chunks...
[20:01:03] [DEBUG] Loaded 130 chunks...
[20:01:03] [DEBUG] Loaded 140 chunks...
[20:01:03] [DEBUG] Loaded 150 chunks...
[20:01:03] [DEBUG] Loaded 160 chunks...
[20:01:04] [DEBUG] Loaded 170 chunks...
[20:01:04] [DEBUG] Loaded 180 chunks...
[20:01:04] [DEBUG] Loaded 190 chunks...
[20:01:04] [DEBUG] Loaded 200 chunks...
[20:01:04] [DEBUG] Loaded 210 chunks...
[20:01:05] [DEBUG] Loaded 220 chunks...
[20:01:05] [DEBUG] Loaded 230 chunks...
[20:01:05] [DEBUG] Loaded 240 chunks...
[20:01:05] [DEBUG] Loaded 250 chunks...
[20:01:05] [DEBUG] Loaded 260 chunks...
[20:01:06] [DEBUG] Loaded 270 chunks...
[20:01:06] [DEBUG] Loaded 280 chunks...
[20:01:06] [DEBUG] Loaded 290 chunks...
[20:01:06] [DEBUG] Loaded 300 chunks...
[20:01:06] [DEBUG] Loaded 310 chunks...
[20:01:07] [DEBUG] Loaded 320 chunks...
[20:01:07] [DEBUG] Loaded 330 chunks...
[20:01:07] [DEBUG] Loaded 340 chunks...
[20:01:07] [DEBUG] Loaded 350 chunks...
[20:01:07] [DEBUG] Loaded 360 chunks...
[20:01:08] [DEBUG] Loaded 370 chunks...
[20:01:08] [DEBUG] Loaded 380 chunks...
[20:01:08] [DEBUG] Loaded 390 chunks...
[20:01:08] [DEBUG] Loaded 400 chunks...
[20:01:08] [DEBUG] Loaded 410 chunks...
[20:01:08] [DEBUG] Loaded 420 chunks...
[20:01:09] [DEBUG] Loaded 430 chunks...
[20:01:09] [DEBUG] Loaded 440 chunks...
[20:01:09] [DEBUG] Loaded 450 chunks...
[20:01:09] [DEBUG] Loaded 460 chunks...
[20:01:09] [DEBUG] Loaded 470 chunks...
[20:01:10] [DEBUG] Loaded 480 chunks...
[20:01:10] [DEBUG] Loaded 490 chunks...
[20:01:10] [DEBUG] Loaded 500 chunks...
[20:01:10] [DEBUG] Loaded 510 chunks...
[20:01:10] [DEBUG] Loaded 520 chunks...
[20:01:11] [DEBUG] Loaded 530 chunks...
[20:01:11] [DEBUG] Loaded 540 chunks...
[20:01:11] [DEBUG] Loaded 550 chunks...
[20:01:11] [DEBUG] Loaded 560 chunks...
[20:01:11] [DEBUG] Loaded 570 chunks...
[20:01:12] [DEBUG] Loaded 580 chunks...
[20:01:12] [DEBUG] Loaded 590 chunks...
[20:01:12] [DEBUG] Loaded 600 chunks...
[20:01:12] [DEBUG] Loaded 610 chunks...
[20:01:12] [DEBUG] Loaded 620 chunks...
[20:01:12] [DEBUG] Loaded 630 chunks...
[20:01:13] [DEBUG] Loaded 640 chunks...
[20:01:13] [DEBUG] Loaded 650 chunks...
[20:01:13] [DEBUG] Loaded 660 chunks...
[20:01:13] [DEBUG] Loaded 670 chunks...
[20:01:13] [DEBUG] Loaded 680 chunks...
[20:01:14] [DEBUG] Loaded 690 chunks...
[20:01:14] [DEBUG] Loaded 700 chunks...
[20:01:14] [DEBUG] Loaded 710 chunks...
[20:01:14] [DEBUG] Loaded 720 chunks...
[20:01:14] [DEBUG] Loaded 730 chunks...
[20:01:15] [DEBUG] Loaded 740 chunks...
[20:01:15] [DEBUG] Loaded 750 chunks...
[20:01:15] [DEBUG] Loaded 760 chunks...
[20:01:15] [DEBUG] Loaded 770 chunks...
[20:01:15] [DEBUG] Loaded 780 chunks...
[20:01:16] [DEBUG] Loaded 790 chunks...
[20:01:16] [DEBUG] Loaded 800 chunks...
[20:01:16] [DEBUG] Loaded 810 chunks...
[20:01:16] [DEBUG] Loaded 820 chunks...
[20:01:16] [DEBUG] Loaded 830 chunks...
[20:01:17] [DEBUG] Loaded 840 chunks...
[20:01:17] [DEBUG] Loaded 850 chunks...
[20:01:17] [DEBUG] Loaded 860 chunks...
[20:01:17] [DEBUG] Loaded 870 chunks...
[20:01:17] [DEBUG] Loaded 880 chunks...
[20:01:18] [DEBUG] Loaded 890 chunks...
[20:01:18] [DEBUG] Loaded 900 chunks...
[20:01:18] [DEBUG] Loaded 910 chunks...
[20:01:18] [DEBUG] Loaded 920 chunks...
[20:01:18] [DEBUG] Loaded 930 chunks...
[20:01:19] [DEBUG] Loaded 940 chunks...
[20:01:19] [DEBUG] Loaded 950 chunks...
[20:01:19] [DEBUG] Loaded 960 chunks...
[20:01:19] [DEBUG] Loaded 970 chunks...
[20:01:19] [DEBUG] Loaded 980 chunks...
[20:01:19] [DEBUG] Loaded 990 chunks...
[20:01:20] [DEBUG] Loaded 1000 chunks...
[20:01:20] [DEBUG] Loaded 1010 chunks...
[20:01:20] [DEBUG] Loaded 1020 chunks...
[20:01:20] [DEBUG] Loaded 1030 chunks...
[20:01:20] [DEBUG] Loaded 1040 chunks...
[20:01:21] [DEBUG] Loaded 1050 chunks...
[20:01:21] [DEBUG] Loaded 1060 chunks...
[20:01:21] [DEBUG] Loaded 1070 chunks...
[20:01:21] [DEBUG] Loaded 1080 chunks...
[20:01:21] [DEBUG] Loaded 1090 chunks...
[20:01:22] [DEBUG] Loaded 1100 chunks...
[20:01:22] [DEBUG] Loaded 1110 chunks...
[20:01:22] [DEBUG] Loaded 1120 chunks...
[20:01:22] [DEBUG] Loaded 1130 chunks...
[20:01:22] [DEBUG] Loaded 1140 chunks...
[20:01:23] [DEBUG] Loaded 1150 chunks...
[20:01:23] [DEBUG] Loaded 1160 chunks...
[20:01:23] [DEBUG] Loaded 1170 chunks...
[20:01:23] [DEBUG] Loaded 1180 chunks...
[20:01:23] [DEBUG] Loaded 1190 chunks...
[20:01:24] [DEBUG] Loaded 1200 chunks...
[20:01:24] [DEBUG] Loaded 1210 chunks...
[20:01:24] [DEBUG] Loaded 1220 chunks...
[20:01:24] [DEBUG] Loaded 1230 chunks...
[20:01:24] [DEBUG] Loaded 1240 chunks...
[20:01:25] [DEBUG] Loaded 1250 chunks...
[20:01:25] [DEBUG] Loaded 1260 chunks...
[20:01:25] [DEBUG] Loaded 1270 chunks...
[20:01:25] [DEBUG] Loaded 1280 chunks...
[20:01:25] [DEBUG] Loaded 1290 chunks...
[20:01:26] [DEBUG] Loaded 1300 chunks...
[20:01:26] [DEBUG] Loaded 1310 chunks...
[20:01:26] [DEBUG] Loaded 1320 chunks...
[20:01:26] [DEBUG] Loaded 1330 chunks...
[20:01:26] [DEBUG] Loaded 1340 chunks...
[20:01:27] [DEBUG] Loaded 1350 chunks...
[20:01:27] [DEBUG] Loaded 1360 chunks...
[20:01:27] [DEBUG] Loaded 1370 chunks...
[20:01:27] [DEBUG] Loaded 1380 chunks...
[20:01:27] [DEBUG] Loaded 1390 chunks...
[20:01:27] [DEBUG] Loaded 1400 chunks...
[20:01:28] [DEBUG] Loaded 1410 chunks...
[20:01:28] [DEBUG] Loaded 1420 chunks...
[20:01:28] [DEBUG] Loaded 1430 chunks...
[20:01:28] [DEBUG] Loaded 1440 chunks...
[20:01:29] [DEBUG] Loaded 1450 chunks...
[20:01:29] [DEBUG] Loaded 1460 chunks...
[20:01:29] [DEBUG] Loaded 1470 chunks...
[20:01:29] [DEBUG] Loaded 1480 chunks...
[20:01:29] [DEBUG] Loaded 1490 chunks...
[20:01:30] [DEBUG] Loaded 1500 chunks...
[20:01:30] [DEBUG] Loaded 1510 chunks...
[20:01:30] [DEBUG] Loaded 1520 chunks...
[20:01:30] [DEBUG] Loaded 1530 chunks...
[20:01:30] [DEBUG] Loaded 1540 chunks...
[20:01:31] [DEBUG] Loaded 1550 chunks...
[20:01:31] [DEBUG] Loaded 1560 chunks...
[20:01:31] [INFO] Completed loading 1562 chunks, consolidating data...
[20:01:32] [SUCCESS] Loaded existing processed data: 39,047,074 records
[20:01:32] [SUCCESS] Using existing processed data: 39,047,074 records
[20:01:32] [PROCESS] Performing comprehensive data analysis on full dataset...
[20:01:32] [INFO] Analyzing 39,047,074 records (no sampling - full transparency)
[20:01:32] [INFO] Memory usage: 6580.66 MB - performing cleanup
[20:01:32] [DEBUG] Memory cleanup: RSS=6580.66 MB (actual usage), VMS=44236.06 MB (virtual memory)
[20:01:32] [PROCESS] Generating comprehensive analytical metadata...
[20:01:32] [INFO]   → Computing station statistics and distance analysis...
[20:01:32] [PROCESS] Generating comprehensive analytical metadata for CODE...
[20:01:53] [DEBUG] Memory cleanup: RSS=7344.79 MB (actual usage), VMS=45413.03 MB (virtual memory)
[20:01:53] [PROCESS] Analyzing data quality and pair retention...
[20:01:53] [INFO]   → Computing filtering statistics and pair retention metrics...
[20:01:53] [PROCESS] Analyzing data coverage against global station database for CODE...
[20:01:55] [INFO]   → Found 345 unique stations in 39,047,074 records
[20:01:55] [INFO]   → Station coverage: 343 stations in data, 423 stations in global database but not in this AC's data
[20:01:55] [DEBUG] Memory cleanup: RSS=7346.37 MB (actual usage), VMS=45413.03 MB (virtual memory)
[20:01:55] [PROCESS] Analyzing pair-level filtering and exclusions...
[20:01:55] [INFO]   → Analyzing pair-level filtering effects and exclusions...
[20:01:55] [PROCESS] Analyzing pair-level filtering for CODE...
[20:01:57] [DEBUG] Memory cleanup: RSS=7349.46 MB (actual usage), VMS=45413.03 MB (virtual memory)
[20:01:57] [PROCESS] Analyzing temporal coverage...
[20:01:57] [INFO]   → Computing temporal distribution and coverage patterns...
[20:01:57] [PROCESS] Analyzing temporal coverage for CODE...
[20:01:58] [INFO]   → Date range: 2023-01-01T00:00:00 to 2025-06-30T00:00:00 (911 days, 912 unique dates)
[20:02:08] [DEBUG] Memory cleanup: RSS=10212.73 MB (actual usage), VMS=48273.64 MB (virtual memory)
[20:02:08] [PROCESS] Analyzing data quality metrics...
[20:02:08] [INFO]   → Computing coherence statistics and quality indicators...
[20:02:08] [PROCESS] Analyzing data quality metrics for CODE...
[20:02:09] [INFO]   → Plateau phase range: -3.142 to 3.142 (mean: -0.000)
[20:02:15] [DEBUG] Memory cleanup: RSS=10324.49 MB (actual usage), VMS=48348.12 MB (virtual memory)
[20:02:15] [PROCESS] Analyzing temporal gaps and data density...
[20:02:15] [INFO]   → Computing temporal gaps, data density, and coverage patterns...
[20:02:15] [PROCESS] Analyzing temporal gaps and coverage for CODE...
[20:02:16] [INFO]   → Analyzing 912 unique dates, 0 missing dates
[20:02:51] [DEBUG] Memory cleanup: RSS=10345.59 MB (actual usage), VMS=48348.88 MB (virtual memory)
[20:02:51] [PROCESS] Performing validation and outlier detection...
[20:02:51] [INFO]   → Detecting duplicates, outliers, and validating data integrity...
[20:02:51] [PROCESS] Performing validation and outlier detection for CODE...
[20:02:57] [INFO]   → Found 0 duplicate pairs (0.00%)
[20:02:57] [INFO]   → Distance outliers: 0 very short (<1.0km), 0 very long (>20000.0km)
[20:05:06] [INFO] 
[20:05:06] [INFO] ================================================================================
[20:05:06] [INFO] TEP GNSS Analysis Package v0.13
[20:05:06] [INFO] ================================================================================
[20:05:06] [INFO] 
[20:05:06] [INFO] 
[20:05:06] [INFO] ================================================================================
[20:05:06] [INFO] TEP GNSS Analysis Package v0.13 - STEP 2.1: Data Quality & Transparency Analysis
[20:05:06] [INFO] ================================================================================
[20:05:06] [INFO] 
[20:05:06] [INFO] Analyzing quality-filtered data from Step 2.0 for transparency and validation
[20:05:06] [INFO] Configured distance outlier thresholds: < 1.0km or > 20000.0km
[20:05:06] [INFO] Found 3 consolidated data files from Step 2.0.
[20:05:06] [SUCCESS] Using FIXED consolidated data (Step 2.0 consolidation bug has been resolved)
[20:05:06] [INFO] Loaded 766 station coordinates for analysis
[20:05:06] [PROCESS] Processing analysis center: CODE (1 files)
[20:05:06] [INFO] Processed file already exists: /Users/matthewsmawfield/www/TEP-GNSS/data/processed/step_2_1_geospatial_code.csv
[20:05:06] [INFO] Loading existing processed data for analysis...
[20:05:06] [INFO] Large file detected (5387.1 MB), using chunked loading...
[20:05:07] [INFO] Estimated total chunks to load: ~1595
[20:05:07] [DEBUG] Loaded 10 chunks...
[20:05:07] [DEBUG] Loaded 20 chunks...
[20:05:07] [DEBUG] Loaded 30 chunks...
[20:05:07] [DEBUG] Loaded 40 chunks...
[20:05:08] [DEBUG] Loaded 50 chunks...
[20:05:08] [DEBUG] Loaded 60 chunks...
[20:05:08] [DEBUG] Loaded 70 chunks...
[20:05:08] [DEBUG] Loaded 80 chunks...
[20:05:08] [DEBUG] Loaded 90 chunks...
[20:05:09] [DEBUG] Loaded 100 chunks...
[20:05:09] [DEBUG] Loaded 110 chunks...
[20:05:09] [DEBUG] Loaded 120 chunks...
[20:05:09] [DEBUG] Loaded 130 chunks...
[20:05:10] [DEBUG] Loaded 140 chunks...
[20:05:10] [DEBUG] Loaded 150 chunks...
[20:05:10] [DEBUG] Loaded 160 chunks...
[20:05:10] [DEBUG] Loaded 170 chunks...
[20:05:10] [DEBUG] Loaded 180 chunks...
[20:05:11] [DEBUG] Loaded 190 chunks...
[20:05:11] [DEBUG] Loaded 200 chunks...
[20:05:11] [DEBUG] Loaded 210 chunks...
[20:05:11] [DEBUG] Loaded 220 chunks...
[20:05:11] [DEBUG] Loaded 230 chunks...
[20:05:12] [DEBUG] Loaded 240 chunks...
[20:05:12] [DEBUG] Loaded 250 chunks...
[20:05:12] [DEBUG] Loaded 260 chunks...
[20:05:12] [DEBUG] Loaded 270 chunks...
[20:05:13] [DEBUG] Loaded 280 chunks...
[20:05:13] [DEBUG] Loaded 290 chunks...
[20:05:13] [DEBUG] Loaded 300 chunks...
[20:05:13] [DEBUG] Loaded 310 chunks...
[20:05:13] [DEBUG] Loaded 320 chunks...
[20:05:14] [DEBUG] Loaded 330 chunks...
[20:05:14] [DEBUG] Loaded 340 chunks...
[20:05:14] [DEBUG] Loaded 350 chunks...
[20:05:14] [DEBUG] Loaded 360 chunks...
[20:05:14] [DEBUG] Loaded 370 chunks...
[20:05:15] [DEBUG] Loaded 380 chunks...
[20:05:15] [DEBUG] Loaded 390 chunks...
[20:05:15] [DEBUG] Loaded 400 chunks...
[20:05:15] [DEBUG] Loaded 410 chunks...
[20:05:16] [DEBUG] Loaded 420 chunks...
[20:05:16] [DEBUG] Loaded 430 chunks...
[20:05:16] [DEBUG] Loaded 440 chunks...
[20:05:16] [DEBUG] Loaded 450 chunks...
[20:05:16] [DEBUG] Loaded 460 chunks...
[20:05:17] [DEBUG] Loaded 470 chunks...
[20:05:17] [DEBUG] Loaded 480 chunks...
[20:05:17] [DEBUG] Loaded 490 chunks...
[20:05:17] [DEBUG] Loaded 500 chunks...
[20:05:17] [DEBUG] Loaded 510 chunks...
[20:05:18] [DEBUG] Loaded 520 chunks...
[20:05:18] [DEBUG] Loaded 530 chunks...
[20:05:18] [DEBUG] Loaded 540 chunks...
[20:05:18] [DEBUG] Loaded 550 chunks...
[20:05:19] [DEBUG] Loaded 560 chunks...
[20:05:19] [DEBUG] Loaded 570 chunks...
[20:05:19] [DEBUG] Loaded 580 chunks...
[20:05:19] [DEBUG] Loaded 590 chunks...
[20:05:19] [DEBUG] Loaded 600 chunks...
[20:05:20] [DEBUG] Loaded 610 chunks...
[20:05:20] [DEBUG] Loaded 620 chunks...
[20:05:20] [DEBUG] Loaded 630 chunks...
[20:05:20] [DEBUG] Loaded 640 chunks...
[20:05:20] [DEBUG] Loaded 650 chunks...
[20:05:21] [DEBUG] Loaded 660 chunks...
[20:05:21] [DEBUG] Loaded 670 chunks...
[20:05:21] [DEBUG] Loaded 680 chunks...
[20:05:21] [DEBUG] Loaded 690 chunks...
[20:05:22] [DEBUG] Loaded 700 chunks...
[20:05:22] [DEBUG] Loaded 710 chunks...
[20:05:22] [DEBUG] Loaded 720 chunks...
[20:05:22] [DEBUG] Loaded 730 chunks...
[20:05:22] [DEBUG] Loaded 740 chunks...
[20:05:23] [DEBUG] Loaded 750 chunks...
[20:05:23] [DEBUG] Loaded 760 chunks...
[20:05:23] [DEBUG] Loaded 770 chunks...
[20:05:23] [DEBUG] Loaded 780 chunks...
[20:05:23] [DEBUG] Loaded 790 chunks...
[20:05:24] [DEBUG] Loaded 800 chunks...
[20:05:24] [DEBUG] Loaded 810 chunks...
[20:05:24] [DEBUG] Loaded 820 chunks...
[20:05:24] [DEBUG] Loaded 830 chunks...
[20:05:25] [DEBUG] Loaded 840 chunks...
[20:05:25] [DEBUG] Loaded 850 chunks...
[20:05:25] [DEBUG] Loaded 860 chunks...
[20:05:25] [DEBUG] Loaded 870 chunks...
[20:05:25] [DEBUG] Loaded 880 chunks...
[20:05:26] [DEBUG] Loaded 890 chunks...
[20:05:26] [DEBUG] Loaded 900 chunks...
[20:05:26] [DEBUG] Loaded 910 chunks...
[20:05:26] [DEBUG] Loaded 920 chunks...
[20:05:27] [DEBUG] Loaded 930 chunks...
[20:05:27] [DEBUG] Loaded 940 chunks...
[20:05:27] [DEBUG] Loaded 950 chunks...
[20:05:27] [DEBUG] Loaded 960 chunks...
[20:05:27] [DEBUG] Loaded 970 chunks...
[20:05:28] [DEBUG] Loaded 980 chunks...
[20:05:28] [DEBUG] Loaded 990 chunks...
[20:05:28] [DEBUG] Loaded 1000 chunks...
[20:05:28] [DEBUG] Loaded 1010 chunks...
[20:05:29] [DEBUG] Loaded 1020 chunks...
[20:05:29] [DEBUG] Loaded 1030 chunks...
[20:05:29] [DEBUG] Loaded 1040 chunks...
[20:05:29] [DEBUG] Loaded 1050 chunks...
[20:05:29] [DEBUG] Loaded 1060 chunks...
[20:05:30] [DEBUG] Loaded 1070 chunks...
[20:05:30] [DEBUG] Loaded 1080 chunks...
[20:05:30] [DEBUG] Loaded 1090 chunks...
[20:05:30] [DEBUG] Loaded 1100 chunks...
[20:05:30] [DEBUG] Loaded 1110 chunks...
[20:05:31] [DEBUG] Loaded 1120 chunks...
[20:05:31] [DEBUG] Loaded 1130 chunks...
[20:05:31] [DEBUG] Loaded 1140 chunks...
[20:05:31] [DEBUG] Loaded 1150 chunks...
[20:05:31] [DEBUG] Loaded 1160 chunks...
[20:05:32] [DEBUG] Loaded 1170 chunks...
[20:05:32] [DEBUG] Loaded 1180 chunks...
[20:05:32] [DEBUG] Loaded 1190 chunks...
[20:05:32] [DEBUG] Loaded 1200 chunks...
[20:05:32] [DEBUG] Loaded 1210 chunks...
[20:05:33] [DEBUG] Loaded 1220 chunks...
[20:05:33] [DEBUG] Loaded 1230 chunks...
[20:05:33] [DEBUG] Loaded 1240 chunks...
[20:05:33] [DEBUG] Loaded 1250 chunks...
[20:05:33] [DEBUG] Loaded 1260 chunks...
[20:05:34] [DEBUG] Loaded 1270 chunks...
[20:05:34] [DEBUG] Loaded 1280 chunks...
[20:05:34] [DEBUG] Loaded 1290 chunks...
[20:05:34] [DEBUG] Loaded 1300 chunks...
[20:05:35] [DEBUG] Loaded 1310 chunks...
[20:05:35] [DEBUG] Loaded 1320 chunks...
[20:05:35] [DEBUG] Loaded 1330 chunks...
[20:05:35] [DEBUG] Loaded 1340 chunks...
[20:05:35] [DEBUG] Loaded 1350 chunks...
[20:05:36] [DEBUG] Loaded 1360 chunks...
[20:05:36] [DEBUG] Loaded 1370 chunks...
[20:05:36] [DEBUG] Loaded 1380 chunks...
[20:05:36] [DEBUG] Loaded 1390 chunks...
[20:05:36] [DEBUG] Loaded 1400 chunks...
[20:05:37] [DEBUG] Loaded 1410 chunks...
[20:05:37] [DEBUG] Loaded 1420 chunks...
[20:05:37] [DEBUG] Loaded 1430 chunks...
[20:05:37] [DEBUG] Loaded 1440 chunks...
[20:05:37] [DEBUG] Loaded 1450 chunks...
[20:05:38] [DEBUG] Loaded 1460 chunks...
[20:05:38] [DEBUG] Loaded 1470 chunks...
[20:05:38] [DEBUG] Loaded 1480 chunks...
[20:05:38] [DEBUG] Loaded 1490 chunks...
[20:05:38] [DEBUG] Loaded 1500 chunks...
[20:05:39] [DEBUG] Loaded 1510 chunks...
[20:05:39] [DEBUG] Loaded 1520 chunks...
[20:05:39] [DEBUG] Loaded 1530 chunks...
[20:05:39] [DEBUG] Loaded 1540 chunks...
[20:05:40] [DEBUG] Loaded 1550 chunks...
[20:05:40] [DEBUG] Loaded 1560 chunks...
[20:05:40] [INFO] Completed loading 1562 chunks, consolidating data...
[20:05:41] [SUCCESS] Loaded existing processed data: 39,047,074 records
[20:05:41] [SUCCESS] Using existing processed data: 39,047,074 records
[20:05:41] [PROCESS] Performing comprehensive data analysis on full dataset...
[20:05:41] [INFO] Analyzing 39,047,074 records (no sampling - full transparency)
[20:05:41] [INFO] Memory usage: 6828.83 MB - performing cleanup
[20:05:41] [DEBUG] Memory cleanup: RSS=6828.83 MB (actual usage), VMS=44499.27 MB (virtual memory)
[20:05:41] [PROCESS] Generating comprehensive analytical metadata...
[20:05:41] [INFO]   → Computing station statistics and distance analysis...
[20:05:41] [PROCESS] Generating comprehensive analytical metadata for CODE...
[20:06:00] [DEBUG] Memory cleanup: RSS=7812.44 MB (actual usage), VMS=45548.23 MB (virtual memory)
[20:06:00] [PROCESS] Analyzing data quality and pair retention...
[20:06:00] [INFO]   → Computing filtering statistics and pair retention metrics...
[20:06:00] [PROCESS] Analyzing data coverage against global station database for CODE...
[20:06:02] [INFO]   → Found 345 unique stations in 39,047,074 records
[20:06:02] [INFO]   → Station coverage: 343 stations in data, 423 stations in global database but not in this AC's data
[20:06:02] [DEBUG] Memory cleanup: RSS=7814.04 MB (actual usage), VMS=45548.23 MB (virtual memory)
[20:06:02] [PROCESS] Analyzing pair-level filtering and exclusions...
[20:06:02] [INFO]   → Analyzing pair-level filtering effects and exclusions...
[20:06:02] [PROCESS] Analyzing pair-level filtering for CODE...
[20:06:03] [DEBUG] Memory cleanup: RSS=7817.27 MB (actual usage), VMS=45548.23 MB (virtual memory)
[20:06:03] [PROCESS] Analyzing temporal coverage...
[20:06:03] [INFO]   → Computing temporal distribution and coverage patterns...
[20:06:03] [PROCESS] Analyzing temporal coverage for CODE...
[20:06:04] [INFO]   → Date range: 2023-01-01T00:00:00 to 2025-06-30T00:00:00 (911 days, 912 unique dates)
[20:06:14] [DEBUG] Memory cleanup: RSS=10678.63 MB (actual usage), VMS=48409.09 MB (virtual memory)
[20:06:14] [PROCESS] Analyzing data quality metrics...
[20:06:14] [INFO]   → Computing coherence statistics and quality indicators...
[20:06:14] [PROCESS] Analyzing data quality metrics for CODE...
[20:06:17] [INFO]   → Plateau phase range: -3.142 to 3.142 (mean: -0.000)
[20:06:17] [WARNING]   → WARNING: Plateau phase hits exact ±π boundaries (phase wrapping limits)
[20:06:23] [DEBUG] Memory cleanup: RSS=11088.32 MB (actual usage), VMS=48781.73 MB (virtual memory)
[20:06:23] [PROCESS] Analyzing temporal gaps and data density...
[20:06:23] [INFO]   → Computing temporal gaps, data density, and coverage patterns...
[20:06:23] [PROCESS] Analyzing temporal gaps and coverage for CODE...
[20:06:24] [INFO]   → Analyzing 912 unique dates, 0 missing dates
[20:07:00] [DEBUG] Memory cleanup: RSS=6544.66 MB (actual usage), VMS=48782.48 MB (virtual memory)
[20:07:00] [PROCESS] Performing validation and outlier detection...
[20:07:00] [INFO]   → Detecting duplicates, outliers, and validating data integrity...
[20:07:00] [PROCESS] Performing validation and outlier detection for CODE...
[20:07:06] [INFO]   → Found 0 duplicate pairs (0.00%)
[20:07:06] [INFO]   → Distance outliers: 0 very short (<1.0km), 0 very long (>20000.0km)
[20:07:16] [INFO] 
[20:07:16] [INFO] ================================================================================
[20:07:16] [INFO] TEP GNSS Analysis Package v0.13
[20:07:16] [INFO] ================================================================================
[20:07:16] [INFO] 
[20:07:16] [INFO] 
[20:07:16] [INFO] ================================================================================
[20:07:16] [INFO] TEP GNSS Analysis Package v0.13 - STEP 2.1: Data Quality & Transparency Analysis
[20:07:16] [INFO] ================================================================================
[20:07:16] [INFO] 
[20:07:16] [INFO] Analyzing quality-filtered data from Step 2.0 for transparency and validation
[20:07:16] [INFO] Configured distance outlier thresholds: < 1.0km or > 20000.0km
[20:07:16] [INFO] Found 3 consolidated data files from Step 2.0.
[20:07:16] [SUCCESS] Using FIXED consolidated data (Step 2.0 consolidation bug has been resolved)
[20:07:16] [INFO] Loaded 766 station coordinates for analysis
[20:07:16] [PROCESS] Processing analysis center: CODE (1 files)
[20:07:16] [INFO] Processed file already exists: /Users/matthewsmawfield/www/TEP-GNSS/data/processed/step_2_1_geospatial_code.csv
[20:07:16] [INFO] Loading existing processed data for analysis...
[20:07:16] [INFO] Large file detected (5387.1 MB), using chunked loading...
[20:07:16] [INFO] Estimated total chunks to load: ~1595
[20:07:16] [DEBUG] Loaded 10 chunks...
[20:07:16] [DEBUG] Loaded 20 chunks...
[20:07:16] [DEBUG] Loaded 30 chunks...
[20:07:17] [DEBUG] Loaded 40 chunks...
[20:07:17] [DEBUG] Loaded 50 chunks...
[20:07:17] [DEBUG] Loaded 60 chunks...
[20:07:18] [DEBUG] Loaded 70 chunks...
[20:07:18] [DEBUG] Loaded 80 chunks...
[20:07:18] [DEBUG] Loaded 90 chunks...
[20:07:18] [DEBUG] Loaded 100 chunks...
[20:07:19] [DEBUG] Loaded 110 chunks...
[20:07:19] [DEBUG] Loaded 120 chunks...
[20:07:19] [DEBUG] Loaded 130 chunks...
[20:07:19] [DEBUG] Loaded 140 chunks...
[20:07:20] [DEBUG] Loaded 150 chunks...
[20:07:20] [DEBUG] Loaded 160 chunks...
[20:07:20] [DEBUG] Loaded 170 chunks...
[20:07:20] [DEBUG] Loaded 180 chunks...
[20:07:21] [DEBUG] Loaded 190 chunks...
[20:07:21] [DEBUG] Loaded 200 chunks...
[20:07:21] [DEBUG] Loaded 210 chunks...
[20:07:21] [DEBUG] Loaded 220 chunks...
[20:07:22] [DEBUG] Loaded 230 chunks...
[20:07:22] [DEBUG] Loaded 240 chunks...
[20:07:22] [DEBUG] Loaded 250 chunks...
[20:07:22] [DEBUG] Loaded 260 chunks...
[20:07:22] [DEBUG] Loaded 270 chunks...
[20:07:23] [DEBUG] Loaded 280 chunks...
[20:07:23] [DEBUG] Loaded 290 chunks...
[20:07:23] [DEBUG] Loaded 300 chunks...
[20:07:23] [DEBUG] Loaded 310 chunks...
[20:07:24] [DEBUG] Loaded 320 chunks...
[20:07:24] [DEBUG] Loaded 330 chunks...
[20:07:24] [DEBUG] Loaded 340 chunks...
[20:07:24] [DEBUG] Loaded 350 chunks...
[20:07:25] [DEBUG] Loaded 360 chunks...
[20:07:25] [DEBUG] Loaded 370 chunks...
[20:07:25] [DEBUG] Loaded 380 chunks...
[20:07:25] [DEBUG] Loaded 390 chunks...
[20:07:26] [DEBUG] Loaded 400 chunks...
[20:07:26] [DEBUG] Loaded 410 chunks...
[20:07:26] [DEBUG] Loaded 420 chunks...
[20:07:26] [DEBUG] Loaded 430 chunks...
[20:07:27] [DEBUG] Loaded 440 chunks...
[20:07:27] [DEBUG] Loaded 450 chunks...
[20:07:27] [DEBUG] Loaded 460 chunks...
[20:07:27] [DEBUG] Loaded 470 chunks...
[20:07:28] [DEBUG] Loaded 480 chunks...
[20:07:28] [DEBUG] Loaded 490 chunks...
[20:07:28] [DEBUG] Loaded 500 chunks...
[20:07:28] [DEBUG] Loaded 510 chunks...
[20:07:29] [DEBUG] Loaded 520 chunks...
[20:07:29] [DEBUG] Loaded 530 chunks...
[20:07:29] [DEBUG] Loaded 540 chunks...
[20:07:29] [DEBUG] Loaded 550 chunks...
[20:07:29] [DEBUG] Loaded 560 chunks...
[20:07:30] [DEBUG] Loaded 570 chunks...
[20:07:30] [DEBUG] Loaded 580 chunks...
[20:07:30] [DEBUG] Loaded 590 chunks...
[20:07:30] [DEBUG] Loaded 600 chunks...
[20:07:31] [DEBUG] Loaded 610 chunks...
[20:07:31] [DEBUG] Loaded 620 chunks...
[20:07:31] [DEBUG] Loaded 630 chunks...
[20:07:31] [DEBUG] Loaded 640 chunks...
[20:07:31] [DEBUG] Loaded 650 chunks...
[20:07:32] [DEBUG] Loaded 660 chunks...
[20:07:32] [DEBUG] Loaded 670 chunks...
[20:07:32] [DEBUG] Loaded 680 chunks...
[20:07:32] [DEBUG] Loaded 690 chunks...
[20:07:33] [DEBUG] Loaded 700 chunks...
[20:07:33] [DEBUG] Loaded 710 chunks...
[20:07:33] [DEBUG] Loaded 720 chunks...
[20:07:33] [DEBUG] Loaded 730 chunks...
[20:07:33] [DEBUG] Loaded 740 chunks...
[20:07:34] [DEBUG] Loaded 750 chunks...
[20:07:34] [DEBUG] Loaded 760 chunks...
[20:07:34] [DEBUG] Loaded 770 chunks...
[20:07:34] [DEBUG] Loaded 780 chunks...
[20:07:34] [DEBUG] Loaded 790 chunks...
[20:07:35] [DEBUG] Loaded 800 chunks...
[20:07:35] [DEBUG] Loaded 810 chunks...
[20:07:35] [DEBUG] Loaded 820 chunks...
[20:07:35] [DEBUG] Loaded 830 chunks...
[20:07:35] [DEBUG] Loaded 840 chunks...
[20:07:36] [DEBUG] Loaded 850 chunks...
[20:07:36] [DEBUG] Loaded 860 chunks...
[20:07:36] [DEBUG] Loaded 870 chunks...
[20:07:36] [DEBUG] Loaded 880 chunks...
[20:07:36] [WARNING] Failed to load existing file: Error tokenizing data. C error: Calling read(nbytes) on source failed. Try engine='python'.. Reprocessing...
[20:07:36] [PROCESS] Concatenating individual CSV files...
[20:07:37] [WARNING] Failed to load /Users/matthewsmawfield/www/TEP-GNSS/results/outputs/step_2_0_pairs_consolidated_code.csv: Failed to parse CSV file /Users/matthewsmawfield/www/TEP-GNSS/results/outputs/step_2_0_pairs_consolidated_code.csv: Error tokenizing data. C error: Calling read(nbytes) on source failed. Try engine='python'.
[20:07:37] [WARNING] No valid files found for CODE. Skipping.
[20:07:37] [PROCESS] Processing analysis center: IGS_COMBINED (1 files)
[20:07:37] [INFO] Processed file already exists: /Users/matthewsmawfield/www/TEP-GNSS/data/processed/step_2_1_geospatial_igs_combined.csv
[20:07:37] [INFO] Loading existing processed data for analysis...
[20:07:37] [INFO] Large file detected (1660.6 MB), using chunked loading...
[20:07:37] [INFO] Estimated total chunks to load: ~533
[20:13:38] [DEBUG] Memory cleanup: RSS=1842.19 MB (actual usage), VMS=48296.52 MB (virtual memory)
[20:13:38] [PROCESS] Analyzing station coverage...
[20:13:38] [INFO]   → Computing station inclusion/exclusion statistics...
[20:13:38] [PROCESS] Analyzing station coverage for CODE...
[20:13:45] [PROCESS] Calculating per-station metrics (all stations)...
[20:13:45] [INFO]   → Computing per-station pair counts and temporal coverage...
[20:13:45] [PROCESS] Analyzing per-station metrics for CODE (all stations)...
