{
  "analysis_center": "code",
  "files_processed": 476,
  "total_pairs": 21353647,
  "valid_bins": 38,
  "exponential_fit": {
    "amplitude": 0.11803414630493748,
    "lambda_km": 4725.239599053083,
    "offset": -0.022196234713046676,
    "amplitude_error": 0.00600621306933609,
    "lambda_error": 783.1868152962466,
    "offset_error": 0.005972321424710546,
    "r_squared": 0.341629000458044
  },
  "tep_assessment": {
    "is_consistent": true,
    "lambda_in_range": true,
    "r_squared_sufficient": true
  },
  "data_summary": {
    "distance_range_km": [
      0.0545945359733036,
      19937.31652345648
    ],
    "coherence_range": [
      -0.9999999999999992,
      1.0
    ],
    "mean_coherence": 0.006976606129623919
  }
}